23	Homo sapiens	2020-06-07	Afghanistan	B.1.9	EPI_ISL_1000999
23	Homo sapiens	2020-06-02	Afghanistan	B.1	EPI_ISL_1001000
22	Homo sapiens	2020-05-30	Afghanistan	B.1	EPI_ISL_1001002
24	Homo sapiens	2020-06-13	Afghanistan	B.1.9	EPI_ISL_1001004
56	Homo sapiens	2021-01-21	Afghanistan	B.1.36	EPI_ISL_1034755
56	Homo sapiens	2021-01-21	Afghanistan	B.1.36	EPI_ISL_1034757
56	Homo sapiens	2021-01-21	Afghanistan	B.1.36	EPI_ISL_1034758
56	Homo sapiens	2021-01-21	Afghanistan	B.1.36	EPI_ISL_1034759
23	Homo sapiens	2020-06-06	Afghanistan	B.1	EPI_ISL_1034760
56	Homo sapiens	2021-01-21	Afghanistan	B.1.36	EPI_ISL_1046791
56	Homo sapiens	2021-01-21	Afghanistan	B.1.36	EPI_ISL_1046792
56	Homo sapiens	2021-01-21	Afghanistan	B.1.36	EPI_ISL_1046793
56	Homo sapiens	2021-01-21	Afghanistan	B.1.36	EPI_ISL_1034756
74	Homo sapiens	2021-05-29	Afghanistan	B.1.1.7	EPI_ISL_4572792
74	Homo sapiens	2021-05-24	Afghanistan	B.1.617.2	EPI_ISL_4572808
73	Homo sapiens	2021-05-23	Afghanistan	B.1.1.7	EPI_ISL_4583429
73	Homo sapiens	2021-05-21	Afghanistan	B.1.1.7	EPI_ISL_4572763
73	Homo sapiens	2021-05-21	Afghanistan	B.1.617.2	EPI_ISL_4572807
73	Homo sapiens	2021-05-21	Afghanistan	B.1.1.7	EPI_ISL_4583417
73	Homo sapiens	2021-05-21	Afghanistan	B.1.1.7	EPI_ISL_4583424
73	Homo sapiens	2021-05-17	Afghanistan	B.1.1.7	EPI_ISL_4583390
73	Homo sapiens	2021-05-17	Afghanistan	B.1.1.7	EPI_ISL_4583400
73	Homo sapiens	2021-05-17	Afghanistan	B.1.1.7	EPI_ISL_4583409
73	Homo sapiens	2021-05-17	Afghanistan	B.1.1.7	EPI_ISL_4583436
73	Homo sapiens	2021-05-17	Afghanistan	B.1.1.7	EPI_ISL_4583444
73	Homo sapiens	2021-05-17	Afghanistan	B.1.1.7	EPI_ISL_4583455
73	Homo sapiens	2021-05-17	Afghanistan	B.1.1.7	EPI_ISL_4583464
72	Homo sapiens	2021-05-15	Afghanistan	B.1.1.7	EPI_ISL_4572755
72	Homo sapiens	2021-05-15	Afghanistan	B.1.1.7	EPI_ISL_4572756
72	Homo sapiens	2021-05-15	Afghanistan	B.1.1.7	EPI_ISL_4572757
72	Homo sapiens	2021-05-15	Afghanistan	B.1.1.7	EPI_ISL_4572759
72	Homo sapiens	2021-05-15	Afghanistan	B.1.1.7	EPI_ISL_4572761
72	Homo sapiens	2021-05-15	Afghanistan	B.1.1.7	EPI_ISL_4572762
72	Homo sapiens	2021-05-15	Afghanistan	B.1.1.7	EPI_ISL_4572764
72	Homo sapiens	2021-05-15	Afghanistan	B.1.1.7	EPI_ISL_4572765
72	Homo sapiens	2021-05-14	Afghanistan	B.1.1.7	EPI_ISL_4572741
72	Homo sapiens	2021-05-14	Afghanistan	B.1.1.7	EPI_ISL_4572752
72	Homo sapiens	2021-05-14	Afghanistan	B.1.1.7	EPI_ISL_4572758
72	Homo sapiens	2021-05-14	Afghanistan	B.1.1.7	EPI_ISL_4572798
72	Homo sapiens	2021-05-10	Afghanistan	B.1.617.2	EPI_ISL_4572743
71	Homo sapiens	2021-05-08	Afghanistan	B.1.617.2	EPI_ISL_4572749
71	Homo sapiens	2021-05-08	Afghanistan	B.1.617.2	EPI_ISL_4572750
71	Homo sapiens	2021-05-08	Afghanistan	B.1.617.2	EPI_ISL_4572751
71	Homo sapiens	2021-05-08	Afghanistan	B.1.617.2	EPI_ISL_4572768
71	Homo sapiens	2021-05-08	Afghanistan	B.1.617.2	EPI_ISL_4572769
71	Homo sapiens	2021-05-08	Afghanistan	B.1.617.2	EPI_ISL_4572771
71	Homo sapiens	2021-05-08	Afghanistan	B.1.617.2	EPI_ISL_4572772
71	Homo sapiens	2021-05-08	Afghanistan	B.1.617.2	EPI_ISL_4572773
71	Homo sapiens	2021-05-08	Afghanistan	B.1.617.2	EPI_ISL_4572774
71	Homo sapiens	2021-05-08	Afghanistan	B.1.617.2	EPI_ISL_4572775
71	Homo sapiens	2021-05-08	Afghanistan	B.1.617.2	EPI_ISL_4572785
71	Homo sapiens	2021-05-08	Afghanistan	B.1.617.2	EPI_ISL_4572787
71	Homo sapiens	2021-05-08	Afghanistan	B.1.617.2	EPI_ISL_4572788
71	Homo sapiens	2021-05-08	Afghanistan	B.1.617.2	EPI_ISL_4572789
71	Homo sapiens	2021-05-07	Afghanistan	B.1.1.7	EPI_ISL_4572799
71	Homo sapiens	2021-05-07	Afghanistan	B.1.1.7	EPI_ISL_4572801
71	Homo sapiens	2021-05-07	Afghanistan	B.1.1.7	EPI_ISL_4572802
71	Homo sapiens	2021-05-06	Afghanistan	B.1.1.7	EPI_ISL_4572776
71	Homo sapiens	2021-05-05	Afghanistan	B.1.1.7	EPI_ISL_4572754
71	Homo sapiens	2021-05-04	Afghanistan	B.1.1.7	EPI_ISL_4572786
70	Homo sapiens	2021-04-26	Afghanistan	B.1.1.7	EPI_ISL_4572739
70	Homo sapiens	2021-04-26	Afghanistan	B.1.1.7	EPI_ISL_4572740
70	Homo sapiens	2021-04-26	Afghanistan	B.1.617.2	EPI_ISL_4572791
70	Homo sapiens	2021-04-26	Afghanistan	B.1.1.7	EPI_ISL_4572803
70	Homo sapiens	2021-04-26	Afghanistan	B.1.1.7	EPI_ISL_4572804
69	Homo sapiens	2021-04-21	Afghanistan	B.1.2	EPI_ISL_4572793
69	Homo sapiens	2021-04-20	Afghanistan	B.1.1.7	EPI_ISL_4572767
69	Homo sapiens	2021-04-20	Afghanistan	B.1.2	EPI_ISL_4572781
69	Homo sapiens	2021-04-19	Afghanistan	B.1.2	EPI_ISL_4572794
68	Homo sapiens	2021-04-15	Afghanistan	B.1.2	EPI_ISL_4572780
68	Homo sapiens	2021-04-12	Afghanistan	B.1.2	EPI_ISL_4572784
67	Homo sapiens	2021-04-10	Afghanistan	B.1.1.7	EPI_ISL_4572795
67	Homo sapiens	2021-04-10	Afghanistan	B.1.1.7	EPI_ISL_4572796
67	Homo sapiens	2021-04-10	Afghanistan	B.1.1.7	EPI_ISL_4572797
67	Homo sapiens	2021-04-10	Afghanistan	B.1.1.7	EPI_ISL_4583378
56	Homo sapiens	2021-01-21	Afghanistan	B.1.36	EPI_ISL_1039164
56	Homo sapiens	2021-01-21	Afghanistan	B.1.36	EPI_ISL_1039166
56	Homo sapiens	2021-01-21	Afghanistan	B.1.36	EPI_ISL_1039167
56	Homo sapiens	2021-01-21	Afghanistan	B.1.36	EPI_ISL_1039168
56	Homo sapiens	2021-01-21	Afghanistan	B.1.36	EPI_ISL_1039165
56	Homo sapiens	2021-01-21	Afghanistan	B.1.36	EPI_ISL_1039163
56	Homo sapiens	2021-01-21	Afghanistan	B.1.36	EPI_ISL_1039169
23	Homo sapiens	2020-06-06	Afghanistan	B.1	EPI_ISL_1039170
56	Homo sapiens	2021-01-21	Afghanistan	B.1.36	EPI_ISL_1038924
