27	Homo sapiens	2020-06-29	Algeria 	B.1.597	EPI_ISL_766861
26	Homo sapiens	2020-06-24	Algeria 	B.1.597	EPI_ISL_766862
25	Homo sapiens	2020-06-15	Algeria 	B.1.36	EPI_ISL_766863
29	Homo sapiens	2020-07-15	Algeria 	B.1.1	EPI_ISL_766864
25	Homo sapiens	2020-06-19	Algeria 	B.1.1	EPI_ISL_766865
25	Homo sapiens	2020-06-20	Algeria 	B.1.597	EPI_ISL_766866
25	Homo sapiens	2020-06-18	Algeria 	B.1.597	EPI_ISL_766867
24	Homo sapiens	2020-06-09	Algeria 	B.1.1	EPI_ISL_766869
25	Homo sapiens	2020-06-20	Algeria 	B.1.1	EPI_ISL_766871
25	Homo sapiens	2020-06-19	Algeria 	B.1	EPI_ISL_766872
26	Homo sapiens	2020-06-22	Algeria 	B.1	EPI_ISL_766873
25	Homo sapiens	2020-06-21	Algeria 	B.1	EPI_ISL_766874
25	Homo sapiens	2020-06-17	Algeria 	B.1	EPI_ISL_766875
75	Homo sapiens	2021-06-02	Algeria 	B.1.1.7	EPI_ISL_3718527
10	Homo sapiens	2020-03-08	Algeria 	B.1	EPI_ISL_418242
10	Homo sapiens	2020-03-02	Algeria 	B.1	EPI_ISL_418241
10	Homo sapiens	2020-03-02	Algeria 	B.1	EPI_ISL_420037
114	Homo sapiens	2022-02-28	Algeria 	BA.2	EPI_ISL_11290257
75	Homo sapiens	2021-05-31	Algeria 	B.1.1.7	EPI_ISL_11905508
72	Homo sapiens	2021-05-10	Algeria 	B.1.1.7	EPI_ISL_11905503
74	Homo sapiens	2021-05-27	Algeria 	B.1.1.7	EPI_ISL_11905498
60	Homo sapiens	2021-02-17	Algeria 	B.1.1.7	EPI_ISL_11905496
71	Homo sapiens	2021-05-03	Algeria 	B.1.1.7	EPI_ISL_11905501
75	Homo sapiens	2021-05-31	Algeria 	B.1.1.7	EPI_ISL_11905499
113	Homo sapiens	2022-02-27	Algeria 	BA.1.18	EPI_ISL_12042776
110	Homo sapiens	2022-02-06	Algeria 	BA.2	EPI_ISL_12043097
110	Homo sapiens	2022-02-06	Algeria 	BA.2	EPI_ISL_12043096
110	Homo sapiens	2022-02-06	Algeria 	BA.2	EPI_ISL_12043098
111	Homo sapiens	2022-02-07	Algeria 	BA.2	EPI_ISL_12043100
39	Homo sapiens	2020-09-21	Algeria 	B.1.1	EPI_ISL_12156730
18	Homo sapiens	2020-05-02	Algeria 	B.1	EPI_ISL_12156725
57	Homo sapiens	2021-01-25	Algeria 	B.1.1.317	EPI_ISL_12156745
70	Homo sapiens	2021-04-28	Algeria 	B.1.1.7	EPI_ISL_12156753
76	Homo sapiens	2021-06-13	Algeria 	B.1.1.7	EPI_ISL_12156757
40	Homo sapiens	2020-09-29	Algeria 	B.1.1	EPI_ISL_12156731
40	Homo sapiens	2020-10-01	Algeria 	B.1.1	EPI_ISL_12156732
38	Homo sapiens	2020-09-19	Algeria 	B.1.1	EPI_ISL_12156728
38	Homo sapiens	2020-09-20	Algeria 	B.1.356	EPI_ISL_12156729
20	Homo sapiens	2020-05-16	Algeria 	B.1.597	EPI_ISL_12156726
57	Homo sapiens	2021-01-25	Algeria 	B.1.1	EPI_ISL_12156744
40	Homo sapiens	2020-10-03	Algeria 	B.1.1	EPI_ISL_12156733
65	Homo sapiens	2021-03-22	Algeria 	R.1	EPI_ISL_12156749
48	Homo sapiens	2020-11-29	Algeria 	B.1.160	EPI_ISL_12156736
80	Homo sapiens	2021-07-06	Algeria 	B.1.1.7	EPI_ISL_12156759
90	Homo sapiens	2021-09-16	Algeria 	AY.109	EPI_ISL_12156763
70	Homo sapiens	2021-04-26	Algeria 	B.1.1.7	EPI_ISL_12156752
90	Homo sapiens	2021-09-13	Algeria 	B.1.617.2	EPI_ISL_12156762
80	Homo sapiens	2021-07-06	Algeria 	B.1.1.7	EPI_ISL_12156758
89	Homo sapiens	2021-09-07	Algeria 	AY.109	EPI_ISL_12156761
80	Homo sapiens	2021-07-07	Algeria 	B.1.617.2	EPI_ISL_12156760
70	Homo sapiens	2021-04-26	Algeria 	B.1.1.7	EPI_ISL_12156751
71	Homo sapiens	2021-05-09	Algeria 	B.1.1.7	EPI_ISL_12156755
53	Homo sapiens	2021-01-02	Algeria 	B.1.597	EPI_ISL_12180658
110	Homo sapiens	2022-02-02	Algeria 	BA.1.1	EPI_ISL_13956173
137	Homo sapiens	2022-08-13	Algeria 	BA.5	EPI_ISL_15349599
139	Homo sapiens	2022-08-22	Algeria 	BA.5.1	EPI_ISL_15349608
137	Homo sapiens	2022-08-14	Algeria 	BA.5.2	EPI_ISL_15349593
12	Homo sapiens	2020-03-19	Algeria 	B.1	EPI_ISL_15928047
13	Homo sapiens	2020-03-29	Algeria 	B.1.597	EPI_ISL_15928055
20	Homo sapiens	2020-05-14	Algeria 	B.1	EPI_ISL_15928067
27	Homo sapiens	2020-06-30	Algeria 	B.1.597	EPI_ISL_15928076
13	Homo sapiens	2020-03-27	Algeria 	B.1	EPI_ISL_15928051
13	Homo sapiens	2020-03-29	Algeria 	B.1	EPI_ISL_15928053
25	Homo sapiens	2020-06-19	Algeria 	B.1.1	EPI_ISL_15928071
13	Homo sapiens	2020-03-29	Algeria 	B.1	EPI_ISL_15928054
13	Homo sapiens	2020-03-27	Algeria 	B.1	EPI_ISL_15928052
18	Homo sapiens	2020-05-01	Algeria 	B.1.597	EPI_ISL_15928058
20	Homo sapiens	2020-05-15	Algeria 	B.1	EPI_ISL_15928066
20	Homo sapiens	2020-05-16	Algeria 	B.1	EPI_ISL_15928069
12	Homo sapiens	2020-03-19	Algeria 	B.1.597	EPI_ISL_15928046
20	Homo sapiens	2020-05-14	Algeria 	B.1.597	EPI_ISL_15928068
13	Homo sapiens	2020-03-24	Algeria 	B.1	EPI_ISL_15928049
49	Homo sapiens	2020-11-30	Algeria 	B.1.1.317	EPI_ISL_15928094
48	Homo sapiens	2020-11-29	Algeria 	B.1.1.317	EPI_ISL_15928093
48	Homo sapiens	2020-11-24	Algeria 	B.1	EPI_ISL_15928092
50	Homo sapiens	2020-12-07	Algeria 	B.1.1.409	EPI_ISL_15928097
50	Homo sapiens	2020-12-07	Algeria 	B.1.1	EPI_ISL_15928096
27	Homo sapiens	2020-07-05	Algeria 	B.1	EPI_ISL_15928078
27	Homo sapiens	2020-07-03	Algeria 	B.1.597	EPI_ISL_15928080
28	Homo sapiens	2020-07-06	Algeria 	B.1.597	EPI_ISL_15928081
38	Homo sapiens	2020-09-20	Algeria 	B.1.1	EPI_ISL_15928085
97	Homo sapiens	2021-11-02	Algeria 	AY.109	EPI_ISL_15928134
98	Homo sapiens	2021-11-10	Algeria 	AY.109	EPI_ISL_15928139
97	Homo sapiens	2021-11-04	Algeria 	AY.109	EPI_ISL_15928138
87	Homo sapiens	2021-08-26	Algeria 	AY.109	EPI_ISL_15928124
104	Homo sapiens	2021-12-23	Algeria 	AY.109	EPI_ISL_15928150
104	Homo sapiens	2021-12-26	Algeria 	AY.109	EPI_ISL_15928153
104	Homo sapiens	2021-12-23	Algeria 	AY.100	EPI_ISL_15928152
104	Homo sapiens	2021-12-23	Algeria 	AY.109	EPI_ISL_15928151
108	Homo sapiens	2022-01-21	Algeria 	BA.1.15	EPI_ISL_17222018
