11	Homo sapiens	2020-03-13	Andorra	B.1	EPI_ISL_539496
81	Homo sapiens	2021-07-13	Andorra	AY.73	EPI_ISL_3267068
80	Homo sapiens	2021-07-11	Andorra	AY.125	EPI_ISL_3267066
80	Homo sapiens	2021-07-08	Andorra	AY.42	EPI_ISL_3267067
80	Homo sapiens	2021-07-11	Andorra	AY.42	EPI_ISL_3384890
80	Homo sapiens	2021-07-09	Andorra	AY.125	EPI_ISL_3384891
80	Homo sapiens	2021-07-08	Andorra	AY.73	EPI_ISL_3384886
79	Homo sapiens	2021-07-02	Andorra	B.1.1.7	EPI_ISL_3384889
78	Homo sapiens	2021-06-25	Andorra	B.1.1.7	EPI_ISL_3384885
78	Homo sapiens	2021-06-25	Andorra	B.1.1.7	EPI_ISL_3384888
78	Homo sapiens	2021-06-25	Andorra	B.1.1.7	EPI_ISL_3384887
76	Homo sapiens	2021-06-09	Andorra	B.1.1.7	EPI_ISL_3384894
76	Homo sapiens	2021-06-07	Andorra	B.1.1.7	EPI_ISL_3384893
81	Homo sapiens	2021-07-17	Andorra	AY.43	EPI_ISL_3432485
81	Homo sapiens	2021-07-17	Andorra	AY.43	EPI_ISL_3452810
81	Homo sapiens	2021-07-15	Andorra	AY.125	EPI_ISL_3452811
81	Homo sapiens	2021-07-13	Andorra	AY.125	EPI_ISL_3432487
85	Homo sapiens	2021-08-09	Andorra	AY.43	EPI_ISL_4251906
82	Homo sapiens	2021-07-22	Andorra	AY.43	EPI_ISL_4251904
88	Homo sapiens	2021-09-02	Andorra	AY.43	EPI_ISL_4949311
87	Homo sapiens	2021-08-24	Andorra	AY.9.2	EPI_ISL_4949312
81	Homo sapiens	2021-07-18	Andorra	AY.43	EPI_ISL_4949309
93	Homo sapiens	2021-10-09	Andorra	AY.124	EPI_ISL_6125409
93	Homo sapiens	2021-10-07	Andorra	AY.124	EPI_ISL_6125410
94	Homo sapiens	2021-10-16	Andorra	AY.124	EPI_ISL_7589517
95	Homo sapiens	2021-10-22	Andorra	AY.124	EPI_ISL_7589518
100	Homo sapiens	2021-11-27	Andorra	AY.125	EPI_ISL_7934518
102	Homo sapiens	2021-12-12	Andorra	AY.125	EPI_ISL_8185538
102	Homo sapiens	2021-12-10	Andorra	AY.122	EPI_ISL_8185535
102	Homo sapiens	2021-12-10	Andorra	AY.125	EPI_ISL_8185534
102	Homo sapiens	2021-12-06	Andorra	AY.4	EPI_ISL_8185533
101	Homo sapiens	2021-12-04	Andorra	AY.125	EPI_ISL_8185529
101	Homo sapiens	2021-12-04	Andorra	AY.125	EPI_ISL_8185531
105	Homo sapiens	2021-12-29	Andorra	BA.1.17	EPI_ISL_9246210
105	Homo sapiens	2021-12-28	Andorra	BA.1.18	EPI_ISL_9246198
105	Homo sapiens	2021-12-27	Andorra	AY.125	EPI_ISL_9246200
105	Homo sapiens	2021-12-27	Andorra	AY.125	EPI_ISL_9246204
104	Homo sapiens	2021-12-26	Andorra	AY.125	EPI_ISL_9246192
104	Homo sapiens	2021-12-23	Andorra	AY.125	EPI_ISL_9246194
104	Homo sapiens	2021-12-22	Andorra	BA.1	EPI_ISL_9246207
104	Homo sapiens	2021-12-20	Andorra	AY.125	EPI_ISL_9246195
103	Homo sapiens	2021-12-17	Andorra	BA.1	EPI_ISL_9246189
102	Homo sapiens	2021-12-10	Andorra	AY.125	EPI_ISL_9246188
102	Homo sapiens	2021-12-10	Andorra	AY.43	EPI_ISL_9246187
104	Homo sapiens	2021-12-23	Andorra	AY.43	EPI_ISL_9274251
107	Homo sapiens	2022-01-10	Andorra	BA.1.17	EPI_ISL_9458606
106	Homo sapiens	2022-01-08	Andorra	BA.1	EPI_ISL_9458610
106	Homo sapiens	2022-01-08	Andorra	BA.1.17	EPI_ISL_9458611
106	Homo sapiens	2022-01-04	Andorra	BA.1.17	EPI_ISL_9458614
107	Homo sapiens	2022-01-11	Andorra	BA.1.17	EPI_ISL_10122610
109	Homo sapiens	2022-01-28	Andorra	BA.1.17	EPI_ISL_10122631
105	Homo sapiens	2022-01-02	Andorra	BA.1.17	EPI_ISL_10122603
105	Homo sapiens	2022-01-02	Andorra	BA.1.17	EPI_ISL_10122605
108	Homo sapiens	2022-01-20	Andorra	BA.1.1	EPI_ISL_10122617
106	Homo sapiens	2022-01-03	Andorra	BA.1.17	EPI_ISL_10122606
110	Homo sapiens	2022-02-06	Andorra	BA.1.18	EPI_ISL_11450479
114	Homo sapiens	2022-02-28	Andorra	BA.1.17	EPI_ISL_12349794
138	Homo sapiens	2022-08-17	Andorra	BA.5.2	EPI_ISL_15059942
140	Homo sapiens	2022-08-31	Andorra	BA.5.2.1	EPI_ISL_15059941
140	Homo sapiens	2022-08-29	Andorra	BA.5.1.23	EPI_ISL_15059938
140	Homo sapiens	2022-09-02	Andorra	BA.5.1	EPI_ISL_15249727
141	Homo sapiens	2022-09-11	Andorra	BA.5.1	EPI_ISL_15249725
145	Homo sapiens	2022-10-06	Andorra	BA.5.1	EPI_ISL_15727664
145	Homo sapiens	2022-10-08	Andorra	BA.5.2.1	EPI_ISL_15727667
145	Homo sapiens	2022-10-07	Andorra	BA.5.2.1	EPI_ISL_15727666
142	Homo sapiens	2022-09-14	Andorra	BE.1.1	EPI_ISL_15727658
150	Homo sapiens	2022-11-10	Andorra	BQ.1.5	EPI_ISL_16159375
157	Homo sapiens	2022-12-26	Andorra	DR.1	EPI_ISL_16600567
157	Homo sapiens	2022-12-27	Andorra	BQ.1.1.13	EPI_ISL_16600566
155	Homo sapiens	2022-12-17	Andorra	BQ.1.1.32	EPI_ISL_16600565
157	Homo sapiens	2022-12-27	Andorra	BQ.1.1.32	EPI_ISL_16600564
156	Homo sapiens	2022-12-22	Andorra	BQ.1.10	EPI_ISL_16600568
155	Homo sapiens	2022-12-17	Andorra	BQ.1.1	EPI_ISL_16600563
156	Homo sapiens	2022-12-25	Andorra	BQ.1.12	EPI_ISL_16600562
