121	Homo sapiens	2022-04-21	Antigua and Barbuda	BA.2.3	EPI_ISL_13454155
120	Homo sapiens	2022-04-14	Antigua and Barbuda	BA.2.36	EPI_ISL_13454167
120	Homo sapiens	2022-04-14	Antigua and Barbuda	BA.2.36	EPI_ISL_13454165
120	Homo sapiens	2022-04-14	Antigua and Barbuda	BA.2.3	EPI_ISL_13454164
120	Homo sapiens	2022-04-14	Antigua and Barbuda	BA.2.36	EPI_ISL_13454166
120	Homo sapiens	2022-04-14	Antigua and Barbuda	BA.2	EPI_ISL_13454163
121	Homo sapiens	2022-04-22	Antigua and Barbuda	BA.2.21	EPI_ISL_13454181
122	Homo sapiens	2022-04-26	Antigua and Barbuda	BA.2	EPI_ISL_13454159
121	Homo sapiens	2022-04-21	Antigua and Barbuda	BA.2.3	EPI_ISL_13454158
120	Homo sapiens	2022-04-14	Antigua and Barbuda	BA.2.36	EPI_ISL_13454183
121	Homo sapiens	2022-04-21	Antigua and Barbuda	BA.2	EPI_ISL_13454157
121	Homo sapiens	2022-04-21	Antigua and Barbuda	BA.2.3	EPI_ISL_13454156
122	Homo sapiens	2022-04-26	Antigua and Barbuda	BA.2	EPI_ISL_13454180
122	Homo sapiens	2022-04-26	Antigua and Barbuda	BA.2.21	EPI_ISL_13454179
121	Homo sapiens	2022-04-24	Antigua and Barbuda	BA.2	EPI_ISL_13454177
122	Homo sapiens	2022-04-26	Antigua and Barbuda	BA.2	EPI_ISL_13454182
121	Homo sapiens	2022-04-24	Antigua and Barbuda	BA.2.3.9	EPI_ISL_13454176
121	Homo sapiens	2022-04-21	Antigua and Barbuda	BA.2.21	EPI_ISL_13454175
121	Homo sapiens	2022-04-22	Antigua and Barbuda	BA.2.9	EPI_ISL_13454171
121	Homo sapiens	2022-04-22	Antigua and Barbuda	BA.2.9	EPI_ISL_13454174
121	Homo sapiens	2022-04-22	Antigua and Barbuda	BA.2	EPI_ISL_13454173
120	Homo sapiens	2022-04-14	Antigua and Barbuda	BA.2.36	EPI_ISL_13454168
121	Homo sapiens	2022-04-22	Antigua and Barbuda	BA.2.21	EPI_ISL_13454172
120	Homo sapiens	2022-04-14	Antigua and Barbuda	BA.2.36	EPI_ISL_13454169
124	Homo sapiens	2022-05-09	Antigua and Barbuda	BA.2	EPI_ISL_14499750
123	Homo sapiens	2022-05-07	Antigua and Barbuda	BA.2.36	EPI_ISL_14499744
124	Homo sapiens	2022-05-09	Antigua and Barbuda	BA.2.12.1	EPI_ISL_14499751
124	Homo sapiens	2022-05-09	Antigua and Barbuda	BA.2.3	EPI_ISL_14499753
123	Homo sapiens	2022-05-07	Antigua and Barbuda	BA.2	EPI_ISL_14499738
123	Homo sapiens	2022-05-07	Antigua and Barbuda	BA.2.21	EPI_ISL_14499739
123	Homo sapiens	2022-05-07	Antigua and Barbuda	BA.2	EPI_ISL_14499743
123	Homo sapiens	2022-05-05	Antigua and Barbuda	BA.2	EPI_ISL_14499741
124	Homo sapiens	2022-05-09	Antigua and Barbuda	BA.2.21	EPI_ISL_14499742
124	Homo sapiens	2022-05-09	Antigua and Barbuda	BA.2.9	EPI_ISL_14499746
124	Homo sapiens	2022-05-10	Antigua and Barbuda	BA.2.9	EPI_ISL_14499747
159	Homo sapiens	2023-01-10	Antigua and Barbuda	BQ.1.1	EPI_ISL_16913082
159	Homo sapiens	2023-01-13	Antigua and Barbuda	BQ.1.1.32	EPI_ISL_16913084
155	Homo sapiens	2022-12-18	Antigua and Barbuda	BQ.1.1	EPI_ISL_16913078
155	Homo sapiens	2022-12-14	Antigua and Barbuda	BQ.1.1	EPI_ISL_16913081
155	Homo sapiens	2022-12-14	Antigua and Barbuda	BQ.1.1	EPI_ISL_16913080
155	Homo sapiens	2022-12-16	Antigua and Barbuda	BQ.1.1	EPI_ISL_16913077
161	Homo sapiens	2023-01-24	Antigua and Barbuda	BQ.1.1	EPI_ISL_16913069
160	Homo sapiens	2023-01-18	Antigua and Barbuda	BQ.1.1	EPI_ISL_16913071
157	Homo sapiens	2022-12-30	Antigua and Barbuda	BQ.1.1.32	EPI_ISL_16913076
158	Homo sapiens	2023-01-05	Antigua and Barbuda	BQ.1.1.18	EPI_ISL_16913065
