124	Homo sapiens	2022-05-14	Barbados	BA.2.12.1	EPI_ISL_13446659
124	Homo sapiens	2022-05-11	Barbados	BA.2.18	EPI_ISL_13446655
123	Homo sapiens	2022-05-05	Barbados	BA.2	EPI_ISL_13446646
124	Homo sapiens	2022-05-13	Barbados	BA.2.8	EPI_ISL_13446657
124	Homo sapiens	2022-05-13	Barbados	BA.2.18	EPI_ISL_13446658
124	Homo sapiens	2022-05-12	Barbados	BA.2.56	EPI_ISL_13446656
123	Homo sapiens	2022-05-05	Barbados	BA.2.18	EPI_ISL_13446645
123	Homo sapiens	2022-05-07	Barbados	BA.2.18	EPI_ISL_13446649
124	Homo sapiens	2022-05-10	Barbados	BA.2.3	EPI_ISL_13446654
123	Homo sapiens	2022-05-08	Barbados	BA.2.8	EPI_ISL_13446650
124	Homo sapiens	2022-05-10	Barbados	BA.2	EPI_ISL_13446653
123	Homo sapiens	2022-05-08	Barbados	BA.2	EPI_ISL_13446651
123	Homo sapiens	2022-05-08	Barbados	BA.2.18	EPI_ISL_13446652
125	Homo sapiens	2022-05-19	Barbados	BA.2	EPI_ISL_14245378
130	Homo sapiens	2022-06-22	Barbados	BF.1	EPI_ISL_14245387
130	Homo sapiens	2022-06-22	Barbados	BF.1	EPI_ISL_14245381
130	Homo sapiens	2022-06-22	Barbados	BF.1	EPI_ISL_14245380
125	Homo sapiens	2022-05-18	Barbados	BA.2.8	EPI_ISL_14245375
131	Homo sapiens	2022-06-27	Barbados	BA.5.2.1	EPI_ISL_14245392
130	Homo sapiens	2022-06-22	Barbados	BF.1	EPI_ISL_14245379
130	Homo sapiens	2022-06-23	Barbados	BF.1	EPI_ISL_14245389
130	Homo sapiens	2022-06-22	Barbados	BF.1	EPI_ISL_14245388
130	Homo sapiens	2022-06-22	Barbados	BF.1	EPI_ISL_14245385
130	Homo sapiens	2022-06-22	Barbados	BF.1	EPI_ISL_14245383
130	Homo sapiens	2022-06-23	Barbados	BF.1	EPI_ISL_14245390
130	Homo sapiens	2022-06-22	Barbados	BF.1	EPI_ISL_14245386
130	Homo sapiens	2022-06-22	Barbados	BF.1	EPI_ISL_14245382
131	Homo sapiens	2022-07-01	Barbados	BA.5.2.1	EPI_ISL_14440647
130	Homo sapiens	2022-06-24	Barbados	BA.4.1	EPI_ISL_14440629
131	Homo sapiens	2022-06-30	Barbados	BA.5.1.30	EPI_ISL_14440646
131	Homo sapiens	2022-07-02	Barbados	BA.5.2.1	EPI_ISL_14440649
131	Homo sapiens	2022-07-01	Barbados	BF.1	EPI_ISL_14440648
131	Homo sapiens	2022-06-30	Barbados	BA.5.2.27	EPI_ISL_14440642
131	Homo sapiens	2022-06-30	Barbados	BA.5.2.1	EPI_ISL_14440644
131	Homo sapiens	2022-06-29	Barbados	BF.28	EPI_ISL_14440639
131	Homo sapiens	2022-06-29	Barbados	BA.5.8	EPI_ISL_14440638
131	Homo sapiens	2022-06-27	Barbados	BA.2.12.1	EPI_ISL_14440634
130	Homo sapiens	2022-06-24	Barbados	BA.2.8	EPI_ISL_14440630
131	Homo sapiens	2022-06-28	Barbados	BF.10	EPI_ISL_14440637
130	Homo sapiens	2022-06-26	Barbados	BA.2.18	EPI_ISL_14440631
131	Homo sapiens	2022-07-02	Barbados	BF.28	EPI_ISL_14440652
130	Homo sapiens	2022-06-26	Barbados	BE.1.1	EPI_ISL_14440632
131	Homo sapiens	2022-07-02	Barbados	BA.4.1	EPI_ISL_14440651
131	Homo sapiens	2022-07-02	Barbados	BA.5.8	EPI_ISL_14440650
135	Homo sapiens	2022-07-25	Barbados	BA.2.40.1	EPI_ISL_14823856
134	Homo sapiens	2022-07-24	Barbados	BA.5.2	EPI_ISL_14823849
135	Homo sapiens	2022-07-25	Barbados	BA.5.2.1	EPI_ISL_14823860
135	Homo sapiens	2022-07-25	Barbados	BA.5.2.33	EPI_ISL_14823859
135	Homo sapiens	2022-07-25	Barbados	BA.5.2	EPI_ISL_14823857
132	Homo sapiens	2022-07-08	Barbados	BA.2	EPI_ISL_14823833
133	Homo sapiens	2022-07-11	Barbados	BA.5.2.1	EPI_ISL_14823839
132	Homo sapiens	2022-07-09	Barbados	BA.5.2	EPI_ISL_14823838
132	Homo sapiens	2022-07-09	Barbados	BA.2.12.1	EPI_ISL_14823835
133	Homo sapiens	2022-07-12	Barbados	BF.4	EPI_ISL_14823842
133	Homo sapiens	2022-07-11	Barbados	BA.2.8	EPI_ISL_14823841
134	Homo sapiens	2022-07-21	Barbados	BA.2	EPI_ISL_14823845
134	Homo sapiens	2022-07-18	Barbados	BA.5.2.33	EPI_ISL_14823844
135	Homo sapiens	2022-07-25	Barbados	BA.5.2.1	EPI_ISL_14823851
135	Homo sapiens	2022-07-25	Barbados	BF.4	EPI_ISL_14823852
135	Homo sapiens	2022-07-25	Barbados	BA.5.2.33	EPI_ISL_14823854
133	Homo sapiens	2022-07-11	Barbados	BA.5.2.1	EPI_ISL_14823840
135	Homo sapiens	2022-07-25	Barbados	BA.2.12.1	EPI_ISL_14823853
134	Homo sapiens	2022-07-24	Barbados	BA.5.2.33	EPI_ISL_14823850
135	Homo sapiens	2022-07-25	Barbados	BA.2	EPI_ISL_14823855
139	Homo sapiens	2022-08-23	Barbados	BA.5.2.33	EPI_ISL_15288622
139	Homo sapiens	2022-08-23	Barbados	BA.5.2.33	EPI_ISL_15288623
139	Homo sapiens	2022-08-23	Barbados	BA.5.2.33	EPI_ISL_15288624
139	Homo sapiens	2022-08-23	Barbados	BA.5.2.1	EPI_ISL_15288621
139	Homo sapiens	2022-08-25	Barbados	BA.5.2.33	EPI_ISL_15288625
141	Homo sapiens	2022-09-08	Barbados	BA.5.1.23	EPI_ISL_15288630
145	Homo sapiens	2022-10-03	Barbados	BA.5.2	EPI_ISL_16080634
146	Homo sapiens	2022-10-15	Barbados	BF.26	EPI_ISL_16080641
147	Homo sapiens	2022-10-17	Barbados	BF.26	EPI_ISL_16080644
147	Homo sapiens	2022-10-17	Barbados	BA.5.2.1	EPI_ISL_16080643
145	Homo sapiens	2022-10-05	Barbados	BA.5.2.33	EPI_ISL_16080638
145	Homo sapiens	2022-10-03	Barbados	BE.1.1	EPI_ISL_16080636
145	Homo sapiens	2022-10-03	Barbados	BA.5.2	EPI_ISL_16080635
148	Homo sapiens	2022-10-25	Barbados	CE.1	EPI_ISL_16463826
148	Homo sapiens	2022-10-26	Barbados	BE.1.1.1	EPI_ISL_16463828
148	Homo sapiens	2022-10-26	Barbados	BQ.1	EPI_ISL_16463829
148	Homo sapiens	2022-10-29	Barbados	BA.5.2.33	EPI_ISL_16463830
151	Homo sapiens	2022-11-14	Barbados	BF.7.4	EPI_ISL_16833091
155	Homo sapiens	2022-12-17	Barbados	BQ.1.1	EPI_ISL_16833097
150	Homo sapiens	2022-11-08	Barbados	BQ.1.1	EPI_ISL_16833090
153	Homo sapiens	2022-12-02	Barbados	CE.1	EPI_ISL_16833094
149	Homo sapiens	2022-11-04	Barbados	BQ.1.1	EPI_ISL_16833089
159	Homo sapiens	2023-01-11	Barbados	BQ.1.2	EPI_ISL_16833107
159	Homo sapiens	2023-01-10	Barbados	BQ.1.1.18	EPI_ISL_16833105
158	Homo sapiens	2023-01-03	Barbados	BQ.1.1.32	EPI_ISL_16833101
162	Homo sapiens	2023-01-30	Barbados	BQ.1.1	EPI_ISL_17213720
161	Homo sapiens	2023-01-23	Barbados	BQ.1.1	EPI_ISL_17213716
160	Homo sapiens	2023-01-16	Barbados	BQ.1.1	EPI_ISL_17213708
159	Homo sapiens	2023-01-12	Barbados	BQ.1.1	EPI_ISL_17213704
159	Homo sapiens	2023-01-12	Barbados	BQ.1.1	EPI_ISL_17213703
