48	Homo sapiens	2020-11-24	Belarus	B.1	EPI_ISL_754232
44	Homo sapiens	2020-10-26	Belarus	B.1	EPI_ISL_860800
44	Homo sapiens	2020-10-26	Belarus	B.1.36	EPI_ISL_860801
45	Homo sapiens	2020-11-07	Belarus	B.1.164	EPI_ISL_860803
49	Homo sapiens	2020-11-30	Belarus	B.1.164	EPI_ISL_860804
45	Homo sapiens	2020-11-03	Belarus	B.1.1	EPI_ISL_860805
45	Homo sapiens	2020-11-06	Belarus	B.1.164	EPI_ISL_860807
45	Homo sapiens	2020-11-04	Belarus	B.1.164	EPI_ISL_860808
46	Homo sapiens	2020-11-09	Belarus	B.1	EPI_ISL_860809
45	Homo sapiens	2020-11-04	Belarus	B.1.36	EPI_ISL_860810
45	Homo sapiens	2020-11-04	Belarus	B.1.164	EPI_ISL_860811
45	Homo sapiens	2020-11-03	Belarus	B.1.36	EPI_ISL_860812
44	Homo sapiens	2020-10-30	Belarus	B.1.164	EPI_ISL_860814
44	Homo sapiens	2020-10-29	Belarus	B.1.36	EPI_ISL_860815
44	Homo sapiens	2020-10-26	Belarus	B.1.1	EPI_ISL_860816
44	Homo sapiens	2020-10-26	Belarus	B.1.1.422	EPI_ISL_860817
45	Homo sapiens	2020-11-07	Belarus	B.1.164	EPI_ISL_861456
43	Homo sapiens	2020-10-21	Belarus	B.1	EPI_ISL_861457
43	Homo sapiens	2020-10-23	Belarus	B.1	EPI_ISL_861458
50	Homo sapiens	2020-12-08	Belarus	B.1	EPI_ISL_933533
61	Homo sapiens	2021-02-26	Belarus	B.1	MW674675.1
56	Homo sapiens	2021-01-18	Belarus	B.1.1.374	EPI_ISL_1138899
57	Homo sapiens	2021-01-26	Belarus	B.1	EPI_ISL_1138983
61	Homo sapiens	2021-02-23	Belarus	B.1.1.7	EPI_ISL_1209407
61	Homo sapiens	2021-02-26	Belarus	B.1	EPI_ISL_1222766
61	Homo sapiens	2021-02-24	Belarus	B.1.1.7	EPI_ISL_1508895
65	Homo sapiens	2021-03-25	Belarus	C.36.3	EPI_ISL_1653933
65	Homo sapiens	2021-03-22	Belarus	B.1.525	EPI_ISL_2032231
61	Homo sapiens	2021-02-23	Belarus	B.1.1.7	EPI_ISL_2080973
68	Homo sapiens	2021-04-13	Belarus	B.1.1.374	EPI_ISL_2467938
62	Homo sapiens	2021-03-05	Belarus	B.1.466	EPI_ISL_2462401
62	Homo sapiens	2021-03-05	Belarus	B.1.466	EPI_ISL_3102583
74	Homo sapiens	2021-05-24	Belarus	AY.122	EPI_ISL_8038504
88	Homo sapiens	2021-09-03	Belarus	AY.122	EPI_ISL_9318129
88	Homo sapiens	2021-09-02	Belarus	AY.122	EPI_ISL_9318130
88	Homo sapiens	2021-09-01	Belarus	AY.122	EPI_ISL_9318139
88	Homo sapiens	2021-09-01	Belarus	AY.122	EPI_ISL_9318149
88	Homo sapiens	2021-08-31	Belarus	AY.122	EPI_ISL_9318154
87	Homo sapiens	2021-08-24	Belarus	AY.122	EPI_ISL_9318124
97	Homo sapiens	2021-11-02	Belarus	AY.127	EPI_ISL_10314619
91	Homo sapiens	2021-09-21	Belarus	AY.122	EPI_ISL_10314665
93	Homo sapiens	2021-10-05	Belarus	AY.122	EPI_ISL_10314657
104	Homo sapiens	2021-12-20	Belarus	AY.122	EPI_ISL_10314637
92	Homo sapiens	2021-09-27	Belarus	AY.122	EPI_ISL_10314629
92	Homo sapiens	2021-09-27	Belarus	AY.4	EPI_ISL_11063101
97	Homo sapiens	2021-11-05	Belarus	AY.122	EPI_ISL_11063110
97	Homo sapiens	2021-11-02	Belarus	AY.122	EPI_ISL_11063111
92	Homo sapiens	2021-09-30	Belarus	AY.122	EPI_ISL_11063103
97	Homo sapiens	2021-11-04	Belarus	AY.122	EPI_ISL_11063112
97	Homo sapiens	2021-11-02	Belarus	AY.122	EPI_ISL_11063107
91	Homo sapiens	2021-09-21	Belarus	AY.122	EPI_ISL_11063102
97	Homo sapiens	2021-11-04	Belarus	AY.122	EPI_ISL_11063105
97	Homo sapiens	2021-11-04	Belarus	AY.122	EPI_ISL_11063104
92	Homo sapiens	2021-09-27	Belarus	AY.122	EPI_ISL_11063100
97	Homo sapiens	2021-11-04	Belarus	AY.127	EPI_ISL_11063106
96	Homo sapiens	2021-10-31	Belarus	AY.122	EPI_ISL_11063109
97	Homo sapiens	2021-11-02	Belarus	AY.122	EPI_ISL_11063108
92	Homo sapiens	2021-09-28	Belarus	AY.122	EPI_ISL_11063099
90	Homo sapiens	2021-09-17	Belarus	B.1.1.294	EPI_ISL_11063098
84	Homo sapiens	2021-08-05	Belarus	B.1	EPI_ISL_11063097
23	Homo sapiens	2020-06-04	Belarus	B.1.1	EPI_ISL_11063121
23	Homo sapiens	2020-06-02	Belarus	B.1	EPI_ISL_11063120
22	Homo sapiens	2020-05-29	Belarus	B.1.164	EPI_ISL_11063113
23	Homo sapiens	2020-06-01	Belarus	B.1.36	EPI_ISL_11063117
23	Homo sapiens	2020-06-01	Belarus	B.1.164	EPI_ISL_11063118
22	Homo sapiens	2020-05-30	Belarus	B.1.164	EPI_ISL_11063114
22	Homo sapiens	2020-05-30	Belarus	B.1	EPI_ISL_11063115
23	Homo sapiens	2020-06-01	Belarus	B.1.1	EPI_ISL_11063119
