11	Homo sapiens	2020-03-15	Benin	B.1	EPI_ISL_476822
12	Homo sapiens	2020-03-17	Benin	B.1	EPI_ISL_476823
12	Homo sapiens	2020-03-17	Benin	B.1.356	EPI_ISL_476824
12	Homo sapiens	2020-03-19	Benin	A	EPI_ISL_476829
16	Homo sapiens	2020-04-15	Benin	A	EPI_ISL_476830
16	Homo sapiens	2020-04-15	Benin	A	EPI_ISL_476831
12	Homo sapiens	2020-03-17	Benin	A	EPI_ISL_476833
12	Homo sapiens	2020-03-17	Benin	B.1	MT653072.1
14	Homo sapiens	2020-04-04	Benin	B.1.356	MT653074.1
13	Homo sapiens	2020-03-25	Benin	B.1	MT653075.1
13	Homo sapiens	2020-03-27	Benin	B.1	MT653076.1
15	Homo sapiens	2020-04-06	Benin	B.1.356	MT653077.1
62	Homo sapiens	2021-03-02	Benin	B.1.1.7	EPI_ISL_2932578
62	Homo sapiens	2021-03-02	Benin	B.1.1.7	EPI_ISL_2932581
58	Homo sapiens	2021-02-04	Benin	B.1.1.7	EPI_ISL_2932566
58	Homo sapiens	2021-02-02	Benin	B.1.1.7	EPI_ISL_2932552
58	Homo sapiens	2021-02-01	Benin	B.1.1.7	EPI_ISL_2932551
58	Homo sapiens	2021-02-01	Benin	B.1.1.7	EPI_ISL_2932548
58	Homo sapiens	2021-02-01	Benin	L.3	EPI_ISL_2932547
57	Homo sapiens	2021-01-31	Benin	A.27	EPI_ISL_2932537
57	Homo sapiens	2021-01-31	Benin	B.1	EPI_ISL_2932538
62	Homo sapiens	2021-03-02	Benin	B.1.1.7	EPI_ISL_4567146
62	Homo sapiens	2021-03-02	Benin	B.1.1.318	EPI_ISL_4567157
58	Homo sapiens	2021-02-03	Benin	A.27	EPI_ISL_4567105
58	Homo sapiens	2021-02-03	Benin	B.1.1.7	EPI_ISL_4567114
58	Homo sapiens	2021-02-03	Benin	B.1.1.7	EPI_ISL_4567116
58	Homo sapiens	2021-02-03	Benin	A.27	EPI_ISL_4567118
58	Homo sapiens	2021-02-02	Benin	B.1.1.7	EPI_ISL_4567074
58	Homo sapiens	2021-02-02	Benin	B.1.1.7	EPI_ISL_4567076
58	Homo sapiens	2021-02-02	Benin	A.27	EPI_ISL_4567078
58	Homo sapiens	2021-02-02	Benin	B.1.1.7	EPI_ISL_4567080
58	Homo sapiens	2021-02-02	Benin	B.1.1.7	EPI_ISL_4567083
58	Homo sapiens	2021-02-02	Benin	B.1.1.7	EPI_ISL_4567089
58	Homo sapiens	2021-02-02	Benin	B.1.1.7	EPI_ISL_4567090
58	Homo sapiens	2021-02-02	Benin	A.27	EPI_ISL_4567096
58	Homo sapiens	2021-02-02	Benin	B.1.1.7	EPI_ISL_4567098
58	Homo sapiens	2021-02-01	Benin	A.27	EPI_ISL_4567048
58	Homo sapiens	2021-02-01	Benin	B.1.1.7	EPI_ISL_4567050
58	Homo sapiens	2021-02-01	Benin	B.1.1.7	EPI_ISL_4567054
58	Homo sapiens	2021-02-01	Benin	B.1.1.7	EPI_ISL_4567056
58	Homo sapiens	2021-02-01	Benin	B.1.1.7	EPI_ISL_4567061
57	Homo sapiens	2021-01-31	Benin	A.27	EPI_ISL_4567025
57	Homo sapiens	2021-01-31	Benin	B.1.1.7	EPI_ISL_4567031
57	Homo sapiens	2021-01-31	Benin	B.1.1.7	EPI_ISL_4567032
57	Homo sapiens	2021-01-31	Benin	A.27	EPI_ISL_4567034
57	Homo sapiens	2021-01-31	Benin	B.1.1.7	EPI_ISL_4567039
87	Homo sapiens	2021-08-25	Benin	AY.36	EPI_ISL_7139814
87	Homo sapiens	2021-08-25	Benin	B.1.617.2	EPI_ISL_7139815
87	Homo sapiens	2021-08-25	Benin	B.1.617.2	EPI_ISL_7139951
87	Homo sapiens	2021-08-25	Benin	AY.39	EPI_ISL_7140010
87	Homo sapiens	2021-08-24	Benin	B.1.617.2	EPI_ISL_7139935
87	Homo sapiens	2021-08-24	Benin	B.1.617.2	EPI_ISL_7139943
87	Homo sapiens	2021-08-24	Benin	B.1.617.2	EPI_ISL_7139946
87	Homo sapiens	2021-08-24	Benin	AY.122	EPI_ISL_7139948
87	Homo sapiens	2021-08-23	Benin	B.1.617.2	EPI_ISL_7139906
87	Homo sapiens	2021-08-23	Benin	AY.36	EPI_ISL_7139910
87	Homo sapiens	2021-08-23	Benin	AY.36	EPI_ISL_7139914
87	Homo sapiens	2021-08-23	Benin	AY.36	EPI_ISL_7139916
87	Homo sapiens	2021-08-23	Benin	AY.36	EPI_ISL_7139921
86	Homo sapiens	2021-08-19	Benin	B.1.617.2	EPI_ISL_7139901
86	Homo sapiens	2021-08-19	Benin	B.1.617.2	EPI_ISL_7139902
86	Homo sapiens	2021-08-18	Benin	AY.36	EPI_ISL_7139896
86	Homo sapiens	2021-08-18	Benin	AY.39	EPI_ISL_7140003
86	Homo sapiens	2021-08-17	Benin	AY.36	EPI_ISL_7139891
86	Homo sapiens	2021-08-17	Benin	AY.36	EPI_ISL_7139893
86	Homo sapiens	2021-08-17	Benin	B.1.617.2	EPI_ISL_7139894
86	Homo sapiens	2021-08-16	Benin	AY.122	EPI_ISL_7139854
86	Homo sapiens	2021-08-16	Benin	AY.36	EPI_ISL_7139856
85	Homo sapiens	2021-08-15	Benin	AY.122	EPI_ISL_7139852
85	Homo sapiens	2021-08-13	Benin	AY.34	EPI_ISL_7139851
85	Homo sapiens	2021-08-12	Benin	AY.109	EPI_ISL_7139883
85	Homo sapiens	2021-08-11	Benin	AY.36	EPI_ISL_7139842
85	Homo sapiens	2021-08-11	Benin	AY.34	EPI_ISL_7140045
85	Homo sapiens	2021-08-11	Benin	B.1.617.2	EPI_ISL_7140050
85	Homo sapiens	2021-08-11	Benin	AY.36	EPI_ISL_7140051
85	Homo sapiens	2021-08-10	Benin	AY.36	EPI_ISL_7139846
85	Homo sapiens	2021-08-10	Benin	AY.126	EPI_ISL_7139873
85	Homo sapiens	2021-08-10	Benin	AY.36	EPI_ISL_7140047
85	Homo sapiens	2021-08-09	Benin	AY.36	EPI_ISL_7139834
85	Homo sapiens	2021-08-09	Benin	AY.39	EPI_ISL_7139864
85	Homo sapiens	2021-08-09	Benin	B.1.617.2	EPI_ISL_7139870
85	Homo sapiens	2021-08-09	Benin	B.1.617.2	EPI_ISL_7139872
85	Homo sapiens	2021-08-09	Benin	AY.36	EPI_ISL_7140049
84	Homo sapiens	2021-08-08	Benin	AY.36	EPI_ISL_7139839
84	Homo sapiens	2021-08-06	Benin	B.1.617.2	EPI_ISL_7139830
84	Homo sapiens	2021-08-06	Benin	AY.36	EPI_ISL_7139840
84	Homo sapiens	2021-08-06	Benin	AY.36	EPI_ISL_7139841
84	Homo sapiens	2021-08-04	Benin	AY.36	EPI_ISL_7139828
84	Homo sapiens	2021-08-04	Benin	AY.36	EPI_ISL_7139829
84	Homo sapiens	2021-08-02	Benin	AY.36	EPI_ISL_7139821
84	Homo sapiens	2021-08-02	Benin	AY.36	EPI_ISL_7140034
83	Homo sapiens	2021-07-31	Benin	AY.39	EPI_ISL_7139823
83	Homo sapiens	2021-07-31	Benin	B.1.617.2	EPI_ISL_7139825
83	Homo sapiens	2021-07-27	Benin	AY.36	EPI_ISL_7139783
83	Homo sapiens	2021-07-26	Benin	AY.39	EPI_ISL_7139776
83	Homo sapiens	2021-07-26	Benin	AY.36	EPI_ISL_7139777
83	Homo sapiens	2021-07-26	Benin	AY.36	EPI_ISL_7139778
83	Homo sapiens	2021-07-26	Benin	AY.36	EPI_ISL_7139782
80	Homo sapiens	2021-07-09	Benin	AY.122	EPI_ISL_7139861
72	Homo sapiens	2021-05-11	Benin	B.1.525	EPI_ISL_7139995
72	Homo sapiens	2021-05-11	Benin	B.1.1.7	EPI_ISL_7139997
72	Homo sapiens	2021-05-11	Benin	B.1.1.7	EPI_ISL_7139998
71	Homo sapiens	2021-05-08	Benin	B.1.1.7	EPI_ISL_7139985
71	Homo sapiens	2021-05-08	Benin	B.1.525	EPI_ISL_7139988
66	Homo sapiens	2021-04-03	Benin	B.1.1.318	EPI_ISL_7140065
66	Homo sapiens	2021-04-01	Benin	B.1.525	EPI_ISL_7139757
66	Homo sapiens	2021-04-01	Benin	B.1	EPI_ISL_7139758
66	Homo sapiens	2021-04-01	Benin	B.1	EPI_ISL_7139760
66	Homo sapiens	2021-04-01	Benin	B.1.525	EPI_ISL_7139763
66	Homo sapiens	2021-04-01	Benin	B.1.525	EPI_ISL_7139764
66	Homo sapiens	2021-04-01	Benin	B.1.1.318	EPI_ISL_7139765
66	Homo sapiens	2021-04-01	Benin	B.1.1.7	EPI_ISL_7139766
66	Homo sapiens	2021-04-01	Benin	B.1.1.318	EPI_ISL_7139767
66	Homo sapiens	2021-04-01	Benin	B.1.1.318	EPI_ISL_7139768
66	Homo sapiens	2021-04-01	Benin	B.1.1.7	EPI_ISL_7139769
66	Homo sapiens	2021-04-01	Benin	B.1.1.318	EPI_ISL_7139773
66	Homo sapiens	2021-03-30	Benin	B.1.1.318	EPI_ISL_7139700
66	Homo sapiens	2021-03-30	Benin	B.1.525	EPI_ISL_7139701
66	Homo sapiens	2021-03-30	Benin	B.1.1.318	EPI_ISL_7139702
66	Homo sapiens	2021-03-30	Benin	B.1.1.318	EPI_ISL_7139712
66	Homo sapiens	2021-03-30	Benin	B.1.525	EPI_ISL_7139714
66	Homo sapiens	2021-03-30	Benin	B.1.525	EPI_ISL_7139715
66	Homo sapiens	2021-03-30	Benin	B.1.1.318	EPI_ISL_7139717
66	Homo sapiens	2021-03-30	Benin	B.1.1.318	EPI_ISL_7139720
66	Homo sapiens	2021-03-30	Benin	B.1.1.318	EPI_ISL_7139721
66	Homo sapiens	2021-03-30	Benin	B.1.1.318	EPI_ISL_7139722
66	Homo sapiens	2021-03-30	Benin	B.1.1.318	EPI_ISL_7139724
66	Homo sapiens	2021-03-30	Benin	B.1.351	EPI_ISL_7139725
66	Homo sapiens	2021-03-30	Benin	B.1.525	EPI_ISL_7139726
66	Homo sapiens	2021-03-30	Benin	B.1.525	EPI_ISL_7139728
66	Homo sapiens	2021-03-30	Benin	B.1.1.318	EPI_ISL_7139729
66	Homo sapiens	2021-03-30	Benin	B.1.525	EPI_ISL_7139732
66	Homo sapiens	2021-03-30	Benin	B.1.1.318	EPI_ISL_7139733
66	Homo sapiens	2021-03-30	Benin	B.1.1.318	EPI_ISL_7139734
66	Homo sapiens	2021-03-30	Benin	B.1.1.318	EPI_ISL_7139735
66	Homo sapiens	2021-03-30	Benin	B.1.525	EPI_ISL_7139736
66	Homo sapiens	2021-03-30	Benin	B.1.1.318	EPI_ISL_7139738
66	Homo sapiens	2021-03-30	Benin	B.1.525	EPI_ISL_7139739
66	Homo sapiens	2021-03-30	Benin	B.1.1.318	EPI_ISL_7139746
66	Homo sapiens	2021-03-30	Benin	B.1.1.318	EPI_ISL_7139747
66	Homo sapiens	2021-03-30	Benin	B.1.1.318	EPI_ISL_7139748
66	Homo sapiens	2021-03-30	Benin	B.1.1.318	EPI_ISL_7139749
66	Homo sapiens	2021-03-30	Benin	B.1.525	EPI_ISL_7139750
66	Homo sapiens	2021-03-30	Benin	B.1.525	EPI_ISL_7139751
66	Homo sapiens	2021-03-30	Benin	B.1.1.318	EPI_ISL_7139752
66	Homo sapiens	2021-03-30	Benin	B.1.1.318	EPI_ISL_7139753
66	Homo sapiens	2021-03-30	Benin	B.1.1.318	EPI_ISL_7139754
66	Homo sapiens	2021-03-30	Benin	B.1.1.318	EPI_ISL_7139755
66	Homo sapiens	2021-03-30	Benin	B.1.1.318	EPI_ISL_7139756
65	Homo sapiens	2021-03-28	Benin	B.1.351.5	EPI_ISL_7139688
65	Homo sapiens	2021-03-28	Benin	B.1.525	EPI_ISL_7139689
65	Homo sapiens	2021-03-26	Benin	B.1.525	EPI_ISL_7139668
65	Homo sapiens	2021-03-26	Benin	B.1.525	EPI_ISL_7139669
65	Homo sapiens	2021-03-26	Benin	B.1.1.318	EPI_ISL_7139671
65	Homo sapiens	2021-03-26	Benin	B.1.1.318	EPI_ISL_7139672
65	Homo sapiens	2021-03-26	Benin	B.1.1.318	EPI_ISL_7139673
65	Homo sapiens	2021-03-26	Benin	B.1.1.318	EPI_ISL_7139674
65	Homo sapiens	2021-03-26	Benin	B.1.1.318	EPI_ISL_7139682
65	Homo sapiens	2021-03-26	Benin	B.1.1.318	EPI_ISL_7139683
65	Homo sapiens	2021-03-26	Benin	Q.4	EPI_ISL_7139684
65	Homo sapiens	2021-03-26	Benin	B.1.1.318	EPI_ISL_7139685
65	Homo sapiens	2021-03-26	Benin	B.1.1.318	EPI_ISL_7139687
65	Homo sapiens	2021-03-25	Benin	B.1.525	EPI_ISL_7139640
65	Homo sapiens	2021-03-25	Benin	B.1.1.7	EPI_ISL_7139641
65	Homo sapiens	2021-03-25	Benin	B.1.1.7	EPI_ISL_7139642
65	Homo sapiens	2021-03-25	Benin	B.1.620	EPI_ISL_7139643
65	Homo sapiens	2021-03-25	Benin	B.1.1.7	EPI_ISL_7139645
65	Homo sapiens	2021-03-25	Benin	B.1.1.7	EPI_ISL_7139647
65	Homo sapiens	2021-03-25	Benin	B.1.525	EPI_ISL_7139649
65	Homo sapiens	2021-03-25	Benin	B.1.525	EPI_ISL_7139651
65	Homo sapiens	2021-03-25	Benin	B.1.1.318	EPI_ISL_7139653
65	Homo sapiens	2021-03-25	Benin	B.1.1.318	EPI_ISL_7139655
65	Homo sapiens	2021-03-25	Benin	B.1.1.318	EPI_ISL_7139665
65	Homo sapiens	2021-03-25	Benin	B.1.1.7	EPI_ISL_7139667
65	Homo sapiens	2021-03-23	Benin	B.1.1.318	EPI_ISL_7139604
65	Homo sapiens	2021-03-23	Benin	B.1.1.318	EPI_ISL_7139608
65	Homo sapiens	2021-03-23	Benin	B.1.1.318	EPI_ISL_7139609
65	Homo sapiens	2021-03-23	Benin	B.1.1.7	EPI_ISL_7139610
65	Homo sapiens	2021-03-23	Benin	B.1.525	EPI_ISL_7139615
65	Homo sapiens	2021-03-23	Benin	B.1.1.318	EPI_ISL_7139617
65	Homo sapiens	2021-03-23	Benin	B.1.1.318	EPI_ISL_7139618
65	Homo sapiens	2021-03-23	Benin	B.1.1.318	EPI_ISL_7139619
65	Homo sapiens	2021-03-23	Benin	B.1.1.318	EPI_ISL_7139620
65	Homo sapiens	2021-03-23	Benin	B.1.1.318	EPI_ISL_7139621
65	Homo sapiens	2021-03-23	Benin	R.1	EPI_ISL_7139622
65	Homo sapiens	2021-03-23	Benin	R.1	EPI_ISL_7139624
65	Homo sapiens	2021-03-23	Benin	R.1	EPI_ISL_7139625
65	Homo sapiens	2021-03-23	Benin	B.1.1.7	EPI_ISL_7139628
65	Homo sapiens	2021-03-23	Benin	B.1.525	EPI_ISL_7139629
65	Homo sapiens	2021-03-23	Benin	B.1.351	EPI_ISL_7139630
65	Homo sapiens	2021-03-23	Benin	B.1.1.7	EPI_ISL_7139632
65	Homo sapiens	2021-03-23	Benin	B.1.525	EPI_ISL_7139633
65	Homo sapiens	2021-03-23	Benin	B.1.525	EPI_ISL_7139634
65	Homo sapiens	2021-03-23	Benin	B.1.525	EPI_ISL_7139635
65	Homo sapiens	2021-03-23	Benin	B.1.1.318	EPI_ISL_7139636
65	Homo sapiens	2021-03-23	Benin	Q.4	EPI_ISL_7139637
62	Homo sapiens	2021-03-04	Benin	B.1.1.318	EPI_ISL_7139559
62	Homo sapiens	2021-03-04	Benin	B.1.1.318	EPI_ISL_7139562
62	Homo sapiens	2021-03-04	Benin	B.1.1.7	EPI_ISL_7139563
62	Homo sapiens	2021-03-04	Benin	B.1.1.318	EPI_ISL_7139564
62	Homo sapiens	2021-03-04	Benin	B.1.1.318	EPI_ISL_7139568
62	Homo sapiens	2021-03-04	Benin	B.1.1.318	EPI_ISL_7139573
62	Homo sapiens	2021-03-04	Benin	B.1.525	EPI_ISL_7139574
62	Homo sapiens	2021-03-04	Benin	B.1.1.318	EPI_ISL_7139575
62	Homo sapiens	2021-03-04	Benin	B.1.1.318	EPI_ISL_7139581
62	Homo sapiens	2021-03-04	Benin	B.1.1.7	EPI_ISL_7139583
62	Homo sapiens	2021-03-04	Benin	B.1.1.318	EPI_ISL_7139597
62	Homo sapiens	2021-03-04	Benin	B.1.1.318	EPI_ISL_7139598
62	Homo sapiens	2021-03-04	Benin	B.1.1.318	EPI_ISL_7139599
62	Homo sapiens	2021-03-04	Benin	B.1.525	EPI_ISL_7139600
61	Homo sapiens	2021-02-23	Benin	B.1.1.7	EPI_ISL_7139786
61	Homo sapiens	2021-02-23	Benin	B.1.1.7	EPI_ISL_7139791
61	Homo sapiens	2021-02-23	Benin	B.1.525	EPI_ISL_7139797
61	Homo sapiens	2021-02-23	Benin	B.1.1.7	EPI_ISL_7139799
61	Homo sapiens	2021-02-23	Benin	B.1.1.7	EPI_ISL_7139800
61	Homo sapiens	2021-02-23	Benin	B.1.1.7	EPI_ISL_7139802
61	Homo sapiens	2021-02-23	Benin	B.1.1.318	EPI_ISL_7139803
61	Homo sapiens	2021-02-23	Benin	B.1.1.7	EPI_ISL_7139805
61	Homo sapiens	2021-02-23	Benin	B.1.1.7	EPI_ISL_7139806
61	Homo sapiens	2021-02-23	Benin	B.1.1.7	EPI_ISL_7139808
61	Homo sapiens	2021-02-23	Benin	B.1.1.318	EPI_ISL_7139809
61	Homo sapiens	2021-02-23	Benin	B.1.1.318	EPI_ISL_7139810
61	Homo sapiens	2021-02-23	Benin	B.1.1.7	EPI_ISL_7139813
61	Homo sapiens	2021-02-22	Benin	B.1.1.318	EPI_ISL_7140055
61	Homo sapiens	2021-02-22	Benin	B.1.525	EPI_ISL_7140056
61	Homo sapiens	2021-02-22	Benin	B.1.1.7	EPI_ISL_7140058
61	Homo sapiens	2021-02-22	Benin	B.1.1.7	EPI_ISL_7140061
61	Homo sapiens	2021-02-22	Benin	B.1.1.318	EPI_ISL_7140062
12	Homo sapiens	2020-03-17	Benin	B.1	EPI_ISL_476834
104	Homo sapiens	2021-12-26	Benin	BA.1.1	EPI_ISL_14485419
104	Homo sapiens	2021-12-25	Benin	BA.1.1	EPI_ISL_14485517
103	Homo sapiens	2021-12-19	Benin	BA.1.1	EPI_ISL_14485510
105	Homo sapiens	2022-01-01	Benin	BA.1.1	EPI_ISL_14485513
105	Homo sapiens	2022-01-01	Benin	BA.1.1	EPI_ISL_14485425
105	Homo sapiens	2021-12-28	Benin	BA.1.1	EPI_ISL_14485500
103	Homo sapiens	2021-12-16	Benin	BA.1.1	EPI_ISL_14485483
104	Homo sapiens	2021-12-25	Benin	BA.1.1	EPI_ISL_14485493
104	Homo sapiens	2021-12-25	Benin	BA.1.15	EPI_ISL_14485499
103	Homo sapiens	2021-12-16	Benin	BA.1.1	EPI_ISL_14485438
105	Homo sapiens	2021-12-29	Benin	BA.1.1	EPI_ISL_14485434
103	Homo sapiens	2021-12-16	Benin	BA.1.1	EPI_ISL_14485440
104	Homo sapiens	2021-12-20	Benin	BA.1.1	EPI_ISL_14485445
105	Homo sapiens	2022-01-01	Benin	BA.1.17	EPI_ISL_14485450
104	Homo sapiens	2021-12-20	Benin	BA.1.1	EPI_ISL_14485455
105	Homo sapiens	2022-01-01	Benin	BA.1.1	EPI_ISL_14485599
103	Homo sapiens	2021-12-14	Benin	BA.1.21	EPI_ISL_14485551
105	Homo sapiens	2021-12-28	Benin	BA.1.1	EPI_ISL_14485554
105	Homo sapiens	2022-01-01	Benin	BA.1.1	EPI_ISL_14485679
104	Homo sapiens	2021-12-26	Benin	BA.1.14	EPI_ISL_14485562
106	Homo sapiens	2022-01-03	Benin	BA.1.1	EPI_ISL_14485680
106	Homo sapiens	2022-01-04	Benin	BA.1.1	EPI_ISL_14485681
103	Homo sapiens	2021-12-15	Benin	BA.1	EPI_ISL_14485574
104	Homo sapiens	2021-12-25	Benin	BA.1	EPI_ISL_14485692
104	Homo sapiens	2021-12-26	Benin	BA.1.1	EPI_ISL_14485585
105	Homo sapiens	2022-01-01	Benin	BA.1	EPI_ISL_14485586
105	Homo sapiens	2021-12-28	Benin	BA.1	EPI_ISL_14485588
104	Homo sapiens	2021-12-26	Benin	BA.1.1	EPI_ISL_14485593
105	Homo sapiens	2021-12-29	Benin	BA.1.1	EPI_ISL_14485646
103	Homo sapiens	2021-12-16	Benin	BA.1.1	EPI_ISL_14485525
103	Homo sapiens	2021-12-16	Benin	BA.1.1	EPI_ISL_14485647
105	Homo sapiens	2021-12-28	Benin	BA.1.1	EPI_ISL_14485527
104	Homo sapiens	2021-12-25	Benin	BA.1.1	EPI_ISL_14485531
105	Homo sapiens	2021-12-28	Benin	BA.1.1	EPI_ISL_14485532
105	Homo sapiens	2021-12-28	Benin	BA.1.1	EPI_ISL_14485653
104	Homo sapiens	2021-12-26	Benin	BA.1.1	EPI_ISL_14485669
105	Homo sapiens	2022-01-01	Benin	BA.1.1	EPI_ISL_14485549
105	Homo sapiens	2021-12-28	Benin	BA.1.1	EPI_ISL_14485666
105	Homo sapiens	2021-12-28	Benin	BA.1.1	EPI_ISL_14485667
103	Homo sapiens	2021-12-16	Benin	BA.1.18	EPI_ISL_14485773
104	Homo sapiens	2021-12-25	Benin	BA.1.1	EPI_ISL_14485724
106	Homo sapiens	2022-01-05	Benin	BA.1.1	EPI_ISL_14485736
103	Homo sapiens	2021-12-19	Benin	BA.1.15	EPI_ISL_14485738
104	Homo sapiens	2021-12-20	Benin	BA.1	EPI_ISL_14485733
105	Homo sapiens	2021-12-31	Benin	BA.1.1	EPI_ISL_14485744
103	Homo sapiens	2021-12-19	Benin	BA.1.1	EPI_ISL_14485802
100	Homo sapiens	2021-11-22	Benin	BA.1.14	OP537480.1
126	Homo sapiens	2022-05-23	Benin	BA.2	EPI_ISL_15939931
125	Homo sapiens	2022-05-21	Benin	BA.2	EPI_ISL_15939932
126	Homo sapiens	2022-05-23	Benin	BA.2	EPI_ISL_15939930
125	Homo sapiens	2022-05-16	Benin	BA.2.25	EPI_ISL_15939935
134	Homo sapiens	2022-07-21	Benin	BA.4	EPI_ISL_15939915
132	Homo sapiens	2022-07-05	Benin	BA.5.1	EPI_ISL_15939920
126	Homo sapiens	2022-05-27	Benin	BA.2	EPI_ISL_15939924
126	Homo sapiens	2022-05-24	Benin	BA.2	EPI_ISL_15939925
134	Homo sapiens	2022-07-20	Benin	BE.1.1.1	EPI_ISL_15939917
100	Homo sapiens	2021-11-22	Benin	BA.1.14	EPI_ISL_16014202
111	Homo sapiens	2022-02-07	Benin	BA.1.1	OQ788213.1
111	Homo sapiens	2022-02-07	Benin	BA.1.1	OQ788214.1
111	Homo sapiens	2022-02-07	Benin	BA.1.15	OQ788215.1
111	Homo sapiens	2022-02-09	Benin	BA.1.1	OQ788216.1
90	Homo sapiens	2021-09-17	Benin	AY.4	OQ788217.1
89	Homo sapiens	2021-09-07	Benin	B.1.617.2	OQ788218.1
91	Homo sapiens	2021-09-22	Benin	AY.44	OQ788219.1
93	Homo sapiens	2021-10-04	Benin	AY.36	OQ788220.1
68	Homo sapiens	2021-04-14	Benin	B.1.617.2	OQ788221.1
102	Homo sapiens	2021-12-06	Benin	AY.122	OQ788224.1
111	Homo sapiens	2022-02-10	Benin	BA.1.15	EPI_ISL_17425649
94	Homo sapiens	2021-10-14	Benin	B.1.617.2	EPI_ISL_17425672
