119	Homo sapiens	2022-04-04	Bhutan	BA.2	OP585606.1
119	Homo sapiens	2022-04-08	Bhutan	BA.2	OP585607.1
119	Homo sapiens	2022-04-09	Bhutan	BA.2.10	OP585608.1
122	Homo sapiens	2022-04-26	Bhutan	BA.2.10	OP585615.1
120	Homo sapiens	2022-04-14	Bhutan	BA.2.10	OP585616.1
122	Homo sapiens	2022-04-26	Bhutan	BA.2.10	OP585617.1
122	Homo sapiens	2022-04-25	Bhutan	BA.2.10	OP585619.1
120	Homo sapiens	2022-04-16	Bhutan	BA.2	OP585623.1
120	Homo sapiens	2022-04-16	Bhutan	BA.2.10	OP585627.1
120	Homo sapiens	2022-04-14	Bhutan	BA.2.10	OP585631.1
120	Homo sapiens	2022-04-16	Bhutan	BA.2.10	OP585632.1
32	Homo sapiens	2020-08-09	Bhutan	B.1.36	OK537985.1
49	Homo sapiens	2020-11-30	Bhutan	B.1	OK537986.1
69	Homo sapiens	2021-04-19	Bhutan	AY.31	OK537987.1
49	Homo sapiens	2020-11-30	Bhutan	B.1	OK537988.1
69	Homo sapiens	2021-04-20	Bhutan	AY.31	OK537989.1
33	Homo sapiens	2020-08-11	Bhutan	B.1.36	OK537990.1
52	Homo sapiens	2020-12-21	Bhutan	B.1	OK537991.1
69	Homo sapiens	2021-04-20	Bhutan	AY.31	OK537992.1
52	Homo sapiens	2020-12-21	Bhutan	B.1	OK537993.1
66	Homo sapiens	2021-03-31	Bhutan	B.1.351.3	OK537994.1
33	Homo sapiens	2020-08-11	Bhutan	B.1.36	OK537995.1
52	Homo sapiens	2020-12-22	Bhutan	B.1	OK537996.1
33	Homo sapiens	2020-08-15	Bhutan	B.1.36	OK537998.1
52	Homo sapiens	2020-12-22	Bhutan	B.1	OK537999.1
66	Homo sapiens	2021-03-31	Bhutan	B.1.351.3	OK538000.1
35	Homo sapiens	2020-08-24	Bhutan	B.1.36	OK538001.1
52	Homo sapiens	2020-12-22	Bhutan	B.1	OK538002.1
68	Homo sapiens	2021-04-12	Bhutan	AY.31	OK538003.1
35	Homo sapiens	2020-08-24	Bhutan	B.1.36	OK538004.1
52	Homo sapiens	2020-12-21	Bhutan	B.1	OK538005.1
71	Homo sapiens	2021-05-06	Bhutan	B.1.617.2	OK538006.1
35	Homo sapiens	2020-08-25	Bhutan	B.1.36	OK538007.1
52	Homo sapiens	2020-12-23	Bhutan	B.1	OK538008.1
69	Homo sapiens	2021-04-20	Bhutan	B.1.617.2	OK538009.1
53	Homo sapiens	2020-12-29	Bhutan	B.1	OK538010.1
70	Homo sapiens	2021-04-26	Bhutan	AY.71	OK538011.1
30	Homo sapiens	2020-07-26	Bhutan	B.1.441	OK538012.1
53	Homo sapiens	2020-12-29	Bhutan	B.1	OK538013.1
30	Homo sapiens	2020-07-25	Bhutan	B.1.441	OK538015.1
34	Homo sapiens	2020-08-21	Bhutan	B.1	OK538016.1
53	Homo sapiens	2020-12-29	Bhutan	B.1.617.2	OK538017.1
68	Homo sapiens	2021-04-16	Bhutan	B.1	OK538018.1
53	Homo sapiens	2020-12-29	Bhutan	B.1.617.2	OK538019.1
69	Homo sapiens	2021-04-24	Bhutan	B.1.36	OK538020.1
53	Homo sapiens	2020-12-30	Bhutan	B.1	OK538021.1
70	Homo sapiens	2021-04-26	Bhutan	B.1.617.2	OK538022.1
53	Homo sapiens	2020-12-31	Bhutan	B.1	OK538023.1
68	Homo sapiens	2021-04-16	Bhutan	B.1.617.2	OK538024.1
34	Homo sapiens	2020-08-17	Bhutan	B.1.36	OK538025.1
53	Homo sapiens	2021-01-01	Bhutan	B.1	OK538026.1
53	Homo sapiens	2021-01-02	Bhutan	B.1	OK538028.1
71	Homo sapiens	2021-05-03	Bhutan	B.1.617.2	OK538029.1
20	Homo sapiens	2020-05-13	Bhutan	B.1.428	OK538030.1
69	Homo sapiens	2021-04-21	Bhutan	B.1.617.2	OK538031.1
54	Homo sapiens	2021-01-04	Bhutan	B.1	OK538033.1
69	Homo sapiens	2021-04-19	Bhutan	B.1.617.2	OK538034.1
36	Homo sapiens	2020-09-06	Bhutan	B.1.36	OK538035.1
54	Homo sapiens	2021-01-04	Bhutan	B.1.1.216	OK538036.1
69	Homo sapiens	2021-04-20	Bhutan	B.1.617.2	OK538037.1
34	Homo sapiens	2020-08-18	Bhutan	B.1.36	OK538038.1
54	Homo sapiens	2021-01-04	Bhutan	B.1	OK538039.1
69	Homo sapiens	2021-04-23	Bhutan	B.1.617.2	OK538040.1
25	Homo sapiens	2020-06-19	Bhutan	B.1.36	OK538041.1
54	Homo sapiens	2021-01-05	Bhutan	B.1	OK538042.1
70	Homo sapiens	2021-04-28	Bhutan	B.1.617.2	OK538043.1
26	Homo sapiens	2020-06-22	Bhutan	B.1.36	OK538044.1
54	Homo sapiens	2021-01-05	Bhutan	B.1	OK538045.1
71	Homo sapiens	2021-05-05	Bhutan	B.1.617.2	OK538046.1
29	Homo sapiens	2020-07-19	Bhutan	B.1.1.216	OK538047.1
70	Homo sapiens	2021-04-30	Bhutan	B.1.617.2	OK538048.1
35	Homo sapiens	2020-08-24	Bhutan	B.1.36	OK538049.1
54	Homo sapiens	2021-01-06	Bhutan	B.1	OK538050.1
35	Homo sapiens	2020-08-24	Bhutan	B.1.36	OK538052.1
35	Homo sapiens	2020-08-24	Bhutan	B.1.36	OK538054.1
70	Homo sapiens	2021-04-30	Bhutan	B.1.617.2	OK538055.1
40	Homo sapiens	2020-10-04	Bhutan	B.1.1.216	OK538056.1
43	Homo sapiens	2020-10-20	Bhutan	B.1.177	OK538058.1
70	Homo sapiens	2021-04-27	Bhutan	B.1.617.2	OK538059.1
44	Homo sapiens	2020-10-29	Bhutan	B.1.1.216	OK538060.1
71	Homo sapiens	2021-05-04	Bhutan	B.1.617.2	OK538061.1
35	Homo sapiens	2020-08-27	Bhutan	B.1.36	OK538062.1
68	Homo sapiens	2021-04-16	Bhutan	B.1.617.2	EPI_ISL_16984350
53	Homo sapiens	2020-12-29	Bhutan	B.1	EPI_ISL_16984351
53	Homo sapiens	2020-12-29	Bhutan	B.1	EPI_ISL_16984349
69	Homo sapiens	2021-04-24	Bhutan	B.1.617.2	EPI_ISL_16984352
34	Homo sapiens	2020-08-21	Bhutan	B.1.36.18	EPI_ISL_16984353
