20	Homo sapiens	2020-05-12	Bolivia	B.1.600	EPI_ISL_837553
32	Homo sapiens	2020-08-03	Bolivia	B.1.1	EPI_ISL_837554
32	Homo sapiens	2020-08-03	Bolivia	B.1.600	EPI_ISL_837555
29	Homo sapiens	2020-07-15	Bolivia	B.1.600	EPI_ISL_837556
33	Homo sapiens	2020-08-12	Bolivia	B.1.600	EPI_ISL_837557
27	Homo sapiens	2020-07-03	Bolivia	B.1.1.33	EPI_ISL_837558
33	Homo sapiens	2020-08-11	Bolivia	B.1.1	EPI_ISL_837559
27	Homo sapiens	2020-07-03	Bolivia	B.1.1.33	EPI_ISL_837560
33	Homo sapiens	2020-08-12	Bolivia	B.1.600	EPI_ISL_837561
33	Homo sapiens	2020-08-12	Bolivia	B.1	EPI_ISL_837562
19	Homo sapiens	2020-05-10	Bolivia	B.1.600	EPI_ISL_837563
20	Homo sapiens	2020-05-16	Bolivia	B.1.600	EPI_ISL_837564
20	Homo sapiens	2020-05-12	Bolivia	B.1.600	EPI_ISL_837565
19	Homo sapiens	2020-05-08	Bolivia	B.1.1	EPI_ISL_837566
20	Homo sapiens	2020-05-16	Bolivia	B.1.1	EPI_ISL_837567
20	Homo sapiens	2020-05-15	Bolivia	B.1.600	EPI_ISL_837568
20	Homo sapiens	2020-05-16	Bolivia	B.1.600	EPI_ISL_837569
20	Homo sapiens	2020-05-11	Bolivia	B.1.600	EPI_ISL_837570
18	Homo sapiens	2020-04-27	Bolivia	B.1.600	EPI_ISL_837571
11	Homo sapiens	2020-03-11	Bolivia	B.1.1	EPI_ISL_837572
17	Homo sapiens	2020-04-20	Bolivia	B.1.600	EPI_ISL_837573
18	Homo sapiens	2020-05-01	Bolivia	B.1.1	EPI_ISL_837574
18	Homo sapiens	2020-05-01	Bolivia	B.1.600	EPI_ISL_837575
14	Homo sapiens	2020-03-31	Bolivia	A.5	EPI_ISL_837576
18	Homo sapiens	2020-04-28	Bolivia	B.1.600	EPI_ISL_837577
17	Homo sapiens	2020-04-25	Bolivia	B.1.600	EPI_ISL_837578
57	Homo sapiens	2021-01-28	Bolivia	B.1.1.348	EPI_ISL_1250842
65	Homo sapiens	2021-03-28	Bolivia	B.1.1	EPI_ISL_2274040
65	Homo sapiens	2021-03-27	Bolivia	B.1.1.348	EPI_ISL_2274036
65	Homo sapiens	2021-03-26	Bolivia	B.1.575	EPI_ISL_2274033
65	Homo sapiens	2021-03-26	Bolivia	P.1	EPI_ISL_2274035
65	Homo sapiens	2021-03-25	Bolivia	P.1	EPI_ISL_2274037
65	Homo sapiens	2021-03-24	Bolivia	P.1	EPI_ISL_2274030
65	Homo sapiens	2021-03-24	Bolivia	P.1	EPI_ISL_2274031
65	Homo sapiens	2021-03-24	Bolivia	P.1	EPI_ISL_2274032
65	Homo sapiens	2021-03-24	Bolivia	P.1	EPI_ISL_2274034
65	Homo sapiens	2021-03-23	Bolivia	P.1	EPI_ISL_2274039
64	Homo sapiens	2021-03-19	Bolivia	P.1	EPI_ISL_2274038
59	Homo sapiens	2021-02-09	Bolivia	B.1.1.348	EPI_ISL_2557426
55	Homo sapiens	2021-01-16	Bolivia	B.1.1.274	EPI_ISL_2557425
60	Homo sapiens	2021-02-20	Bolivia	P.1	EPI_ISL_5147005
60	Homo sapiens	2021-02-17	Bolivia	P.1.7.1	EPI_ISL_5147004
59	Homo sapiens	2021-02-11	Bolivia	B.1.416	EPI_ISL_5148039
59	Homo sapiens	2021-02-08	Bolivia	B.1.416	EPI_ISL_5148567
58	Homo sapiens	2021-02-07	Bolivia	P.1.7.1	EPI_ISL_5147031
58	Homo sapiens	2021-02-06	Bolivia	B.1.621	EPI_ISL_5147062
58	Homo sapiens	2021-02-03	Bolivia	C.37	EPI_ISL_5147113
57	Homo sapiens	2021-01-28	Bolivia	B.1.2	EPI_ISL_5148029
57	Homo sapiens	2021-01-25	Bolivia	B.1.600	EPI_ISL_5148021
56	Homo sapiens	2021-01-19	Bolivia	B.1.2	EPI_ISL_5148014
56	Homo sapiens	2021-01-18	Bolivia	B.1.416	EPI_ISL_5148557
55	Homo sapiens	2021-01-16	Bolivia	B.1.600	EPI_ISL_5147998
55	Homo sapiens	2021-01-16	Bolivia	B.1.1	EPI_ISL_5148007
55	Homo sapiens	2021-01-12	Bolivia	B.1.1	EPI_ISL_5148550
55	Homo sapiens	2021-01-11	Bolivia	B.1.600	EPI_ISL_5148541
54	Homo sapiens	2021-01-09	Bolivia	B.1.1	EPI_ISL_5147991
54	Homo sapiens	2021-01-05	Bolivia	B.1.600	EPI_ISL_5147984
54	Homo sapiens	2021-01-05	Bolivia	B.1.600	EPI_ISL_5148532
54	Homo sapiens	2021-01-04	Bolivia	B.1.600	EPI_ISL_5147973
53	Homo sapiens	2021-01-02	Bolivia	B.1.600	EPI_ISL_5148524
53	Homo sapiens	2020-12-30	Bolivia	B.1	EPI_ISL_5147070
53	Homo sapiens	2020-12-30	Bolivia	B.1.600	EPI_ISL_5148512
53	Homo sapiens	2020-12-29	Bolivia	B.1.1	EPI_ISL_5148501
53	Homo sapiens	2020-12-28	Bolivia	B.1.600	EPI_ISL_5148494
52	Homo sapiens	2020-12-24	Bolivia	N.3	EPI_ISL_5147969
52	Homo sapiens	2020-12-22	Bolivia	B.1.1	EPI_ISL_5147079
52	Homo sapiens	2020-12-22	Bolivia	B.1	EPI_ISL_5148473
52	Homo sapiens	2020-12-22	Bolivia	B.1.1	EPI_ISL_5148487
51	Homo sapiens	2020-12-19	Bolivia	B.1.1	EPI_ISL_5147962
51	Homo sapiens	2020-12-18	Bolivia	B.1.600	EPI_ISL_5148463
51	Homo sapiens	2020-12-16	Bolivia	B.1.600	EPI_ISL_5147063
50	Homo sapiens	2020-12-08	Bolivia	B.1.600	EPI_ISL_5147764
50	Homo sapiens	2020-12-08	Bolivia	B.1.1	EPI_ISL_5148439
50	Homo sapiens	2020-12-07	Bolivia	B.1.600	EPI_ISL_5147955
48	Homo sapiens	2020-11-25	Bolivia	B.1	EPI_ISL_5147658
48	Homo sapiens	2020-11-25	Bolivia	B.1.600	EPI_ISL_5147951
47	Homo sapiens	2020-11-21	Bolivia	B.1.600	EPI_ISL_5147061
47	Homo sapiens	2020-11-21	Bolivia	B.1.600	EPI_ISL_5147946
47	Homo sapiens	2020-11-19	Bolivia	B.1.600	EPI_ISL_5147939
47	Homo sapiens	2020-11-19	Bolivia	B.1.600	EPI_ISL_5148433
47	Homo sapiens	2020-11-16	Bolivia	B.1.600	EPI_ISL_5148422
46	Homo sapiens	2020-11-14	Bolivia	B.1.600	EPI_ISL_5147933
46	Homo sapiens	2020-11-12	Bolivia	B.1.600	EPI_ISL_5147922
43	Homo sapiens	2020-10-23	Bolivia	B.1	EPI_ISL_5147916
42	Homo sapiens	2020-10-17	Bolivia	B.1.1.348	EPI_ISL_5148416
42	Homo sapiens	2020-10-16	Bolivia	B.1.1.274	EPI_ISL_5148405
42	Homo sapiens	2020-10-12	Bolivia	B.1.1.274	EPI_ISL_5148395
41	Homo sapiens	2020-10-09	Bolivia	B.1.1.274	EPI_ISL_5148373
41	Homo sapiens	2020-10-08	Bolivia	B.1.1.274	EPI_ISL_5147908
41	Homo sapiens	2020-10-07	Bolivia	P.7	EPI_ISL_5148354
37	Homo sapiens	2020-09-09	Bolivia	B.1.1.274	EPI_ISL_5147898
37	Homo sapiens	2020-09-07	Bolivia	B.1.1.274	EPI_ISL_5147895
37	Homo sapiens	2020-09-07	Bolivia	B.1.1.274	EPI_ISL_5147897
36	Homo sapiens	2020-09-03	Bolivia	B.1.1.274	EPI_ISL_5147882
36	Homo sapiens	2020-09-03	Bolivia	P.2	EPI_ISL_5147887
36	Homo sapiens	2020-09-02	Bolivia	B.1.1.274	EPI_ISL_5148304
36	Homo sapiens	2020-09-02	Bolivia	B.1.1.274	EPI_ISL_5148315
36	Homo sapiens	2020-09-02	Bolivia	N.3	EPI_ISL_5148319
35	Homo sapiens	2020-08-29	Bolivia	B.1.1.274	EPI_ISL_5147876
35	Homo sapiens	2020-08-29	Bolivia	P.7	EPI_ISL_5148293
35	Homo sapiens	2020-08-25	Bolivia	B.1	EPI_ISL_5147644
33	Homo sapiens	2020-08-13	Bolivia	B.1.1.274	EPI_ISL_5148267
33	Homo sapiens	2020-08-10	Bolivia	B.1.1.274	EPI_ISL_5148252
32	Homo sapiens	2020-08-07	Bolivia	B.1	EPI_ISL_5147636
31	Homo sapiens	2020-07-28	Bolivia	B.1.1.274	EPI_ISL_5148241
30	Homo sapiens	2020-07-25	Bolivia	B.1	EPI_ISL_5147629
27	Homo sapiens	2020-07-01	Bolivia	N.3	EPI_ISL_5148210
26	Homo sapiens	2020-06-25	Bolivia	B.1.600	EPI_ISL_5147858
25	Homo sapiens	2020-06-18	Bolivia	B.1.600	EPI_ISL_5147843
25	Homo sapiens	2020-06-18	Bolivia	N.3	EPI_ISL_5147852
25	Homo sapiens	2020-06-16	Bolivia	B.1.600	EPI_ISL_5147822
25	Homo sapiens	2020-06-16	Bolivia	B.1.1	EPI_ISL_5147831
25	Homo sapiens	2020-06-16	Bolivia	B.1.600	EPI_ISL_5147837
25	Homo sapiens	2020-06-15	Bolivia	B.1.1	EPI_ISL_5147816
24	Homo sapiens	2020-06-14	Bolivia	B.1.600	EPI_ISL_5147754
24	Homo sapiens	2020-06-14	Bolivia	B.1.600	EPI_ISL_5147806
21	Homo sapiens	2020-05-22	Bolivia	B.1.600	EPI_ISL_5147796
21	Homo sapiens	2020-05-22	Bolivia	B.1.600	EPI_ISL_5148199
21	Homo sapiens	2020-05-21	Bolivia	B.1.600	EPI_ISL_5147791
21	Homo sapiens	2020-05-21	Bolivia	B.1.600	EPI_ISL_5148191
21	Homo sapiens	2020-05-20	Bolivia	B.1.600	EPI_ISL_5147786
21	Homo sapiens	2020-05-19	Bolivia	B.1.600	EPI_ISL_5147777
21	Homo sapiens	2020-05-19	Bolivia	B.1.600	EPI_ISL_5147782
21	Homo sapiens	2020-05-19	Bolivia	B.1.600	EPI_ISL_5148178
19	Homo sapiens	2020-05-09	Bolivia	B.1.600	EPI_ISL_5148160
97	Homo sapiens	2021-11-05	Bolivia	AY.44	EPI_ISL_8800584
97	Homo sapiens	2021-11-05	Bolivia	AY.44	EPI_ISL_8800585
97	Homo sapiens	2021-11-05	Bolivia	AY.44	EPI_ISL_8800586
97	Homo sapiens	2021-11-04	Bolivia	AY.44	EPI_ISL_8800583
96	Homo sapiens	2021-10-30	Bolivia	AY.25.1	EPI_ISL_8800579
96	Homo sapiens	2021-10-28	Bolivia	AY.42	EPI_ISL_8800578
96	Homo sapiens	2021-10-27	Bolivia	AY.42	EPI_ISL_8800577
95	Homo sapiens	2021-10-23	Bolivia	AY.42	EPI_ISL_8800572
94	Homo sapiens	2021-10-15	Bolivia	AY.42	EPI_ISL_8800569
94	Homo sapiens	2021-10-14	Bolivia	AY.25.1	EPI_ISL_8800568
93	Homo sapiens	2021-10-05	Bolivia	AY.25.1	EPI_ISL_8800566
93	Homo sapiens	2021-10-04	Bolivia	AY.25.1	EPI_ISL_8800565
92	Homo sapiens	2021-09-27	Bolivia	AY.25.1	EPI_ISL_8800588
90	Homo sapiens	2021-09-14	Bolivia	P.1	EPI_ISL_8800621
88	Homo sapiens	2021-08-31	Bolivia	P.1	EPI_ISL_8800645
86	Homo sapiens	2021-08-21	Bolivia	P.1	EPI_ISL_8800620
86	Homo sapiens	2021-08-18	Bolivia	B.1.621	EPI_ISL_8800596
85	Homo sapiens	2021-08-13	Bolivia	P.1	EPI_ISL_8800643
85	Homo sapiens	2021-08-09	Bolivia	B.1.621	EPI_ISL_8800594
85	Homo sapiens	2021-08-09	Bolivia	B.1.621	EPI_ISL_8800595
84	Homo sapiens	2021-08-02	Bolivia	B.1.621	EPI_ISL_8800593
83	Homo sapiens	2021-07-30	Bolivia	AY.26	EPI_ISL_8800558
83	Homo sapiens	2021-07-30	Bolivia	AY.26	EPI_ISL_8800559
83	Homo sapiens	2021-07-30	Bolivia	P.1	EPI_ISL_8800640
83	Homo sapiens	2021-07-30	Bolivia	P.1	EPI_ISL_8800641
82	Homo sapiens	2021-07-24	Bolivia	B.1.621	EPI_ISL_8800592
81	Homo sapiens	2021-07-16	Bolivia	B.1.621	EPI_ISL_8800591
81	Homo sapiens	2021-07-16	Bolivia	P.1	EPI_ISL_8800638
80	Homo sapiens	2021-07-08	Bolivia	P.1	EPI_ISL_8800615
79	Homo sapiens	2021-07-01	Bolivia	P.1	EPI_ISL_8800637
79	Homo sapiens	2021-06-30	Bolivia	P.1	EPI_ISL_8800635
78	Homo sapiens	2021-06-23	Bolivia	P.1	EPI_ISL_8800613
78	Homo sapiens	2021-06-22	Bolivia	C.37	EPI_ISL_8800589
78	Homo sapiens	2021-06-22	Bolivia	P.1	EPI_ISL_8800630
77	Homo sapiens	2021-06-18	Bolivia	P.1	EPI_ISL_8800629
77	Homo sapiens	2021-06-16	Bolivia	P.1	EPI_ISL_8800609
77	Homo sapiens	2021-06-15	Bolivia	P.1	EPI_ISL_8800608
77	Homo sapiens	2021-06-14	Bolivia	AY.122	EPI_ISL_8800557
76	Homo sapiens	2021-06-10	Bolivia	B.1.621	EPI_ISL_8800590
76	Homo sapiens	2021-06-07	Bolivia	P.1	EPI_ISL_8800604
76	Homo sapiens	2021-06-07	Bolivia	P.1	EPI_ISL_8800605
76	Homo sapiens	2021-06-07	Bolivia	P.1	EPI_ISL_8800606
75	Homo sapiens	2021-06-05	Bolivia	P.1	EPI_ISL_8800625
75	Homo sapiens	2021-06-04	Bolivia	P.1	EPI_ISL_8800624
75	Homo sapiens	2021-06-03	Bolivia	P.1	EPI_ISL_8800602
75	Homo sapiens	2021-06-03	Bolivia	P.1	EPI_ISL_8800623
75	Homo sapiens	2021-06-02	Bolivia	P.1	EPI_ISL_8800600
75	Homo sapiens	2021-06-02	Bolivia	P.1	EPI_ISL_8800601
75	Homo sapiens	2021-06-02	Bolivia	P.1	EPI_ISL_8800622
75	Homo sapiens	2021-06-01	Bolivia	P.1	EPI_ISL_8800599
74	Homo sapiens	2021-05-25	Bolivia	P.1	EPI_ISL_8800597
74	Homo sapiens	2021-05-25	Bolivia	P.1	EPI_ISL_8800603
73	Homo sapiens	2021-05-23	Bolivia	P.1	EPI_ISL_8800627
73	Homo sapiens	2021-05-21	Bolivia	P.1	EPI_ISL_8800607
73	Homo sapiens	2021-05-19	Bolivia	P.1	EPI_ISL_8800610
73	Homo sapiens	2021-05-17	Bolivia	P.1	EPI_ISL_8800612
72	Homo sapiens	2021-05-12	Bolivia	P.1	EPI_ISL_8800632
105	Homo sapiens	2021-12-30	Bolivia	BA.1.1	EPI_ISL_13845430
105	Homo sapiens	2021-12-31	Bolivia	BA.1.1	EPI_ISL_13845437
105	Homo sapiens	2021-12-30	Bolivia	BA.1.1	EPI_ISL_13845433
105	Homo sapiens	2022-01-02	Bolivia	BA.1.1	EPI_ISL_13845444
105	Homo sapiens	2021-12-29	Bolivia	BA.1.1	EPI_ISL_13845421
105	Homo sapiens	2021-12-29	Bolivia	BA.1.1	EPI_ISL_13845419
