12	Homo sapiens	2020-03-17	Bosnia and Herzegovina	B	EPI_ISL_462450
12	Homo sapiens	2020-03-19	Bosnia and Herzegovina	B.1	EPI_ISL_462451
12	Homo sapiens	2020-03-19	Bosnia and Herzegovina	B.1	EPI_ISL_462452
12	Homo sapiens	2020-03-20	Bosnia and Herzegovina	B.1	EPI_ISL_462453
12	Homo sapiens	2020-03-20	Bosnia and Herzegovina	B.1	EPI_ISL_462454
12	Homo sapiens	2020-03-20	Bosnia and Herzegovina	B.1	EPI_ISL_462455
12	Homo sapiens	2020-03-20	Bosnia and Herzegovina	B.1	EPI_ISL_462456
12	Homo sapiens	2020-03-20	Bosnia and Herzegovina	B.1	EPI_ISL_462457
12	Homo sapiens	2020-03-21	Bosnia and Herzegovina	B.1	EPI_ISL_462458
12	Homo sapiens	2020-03-21	Bosnia and Herzegovina	B.1	EPI_ISL_462459
12	Homo sapiens	2020-03-22	Bosnia and Herzegovina	B.1	EPI_ISL_462460
15	Homo sapiens	2020-04-11	Bosnia and Herzegovina	B.1	EPI_ISL_462461
13	Homo sapiens	2020-03-23	Bosnia and Herzegovina	B.1	EPI_ISL_462462
13	Homo sapiens	2020-03-25	Bosnia and Herzegovina	B.1	EPI_ISL_462463
13	Homo sapiens	2020-03-25	Bosnia and Herzegovina	B.1.1.438	EPI_ISL_462464
13	Homo sapiens	2020-03-25	Bosnia and Herzegovina	B.1	EPI_ISL_462465
17	Homo sapiens	2020-04-21	Bosnia and Herzegovina	B.1	EPI_ISL_462466
13	Homo sapiens	2020-03-26	Bosnia and Herzegovina	B.1	EPI_ISL_462467
13	Homo sapiens	2020-03-27	Bosnia and Herzegovina	B.1	EPI_ISL_462468
13	Homo sapiens	2020-03-27	Bosnia and Herzegovina	B.1	EPI_ISL_462469
17	Homo sapiens	2020-04-22	Bosnia and Herzegovina	B.1.22	EPI_ISL_462470
13	Homo sapiens	2020-03-28	Bosnia and Herzegovina	B.1	EPI_ISL_462471
14	Homo sapiens	2020-04-01	Bosnia and Herzegovina	B.1	EPI_ISL_462472
13	Homo sapiens	2020-03-29	Bosnia and Herzegovina	B.1	EPI_ISL_462473
13	Homo sapiens	2020-03-29	Bosnia and Herzegovina	B.1	EPI_ISL_462474
14	Homo sapiens	2020-03-30	Bosnia and Herzegovina	B.1	EPI_ISL_462475
13	Homo sapiens	2020-03-29	Bosnia and Herzegovina	B.1	EPI_ISL_462476
22	Homo sapiens	2020-05-27	Bosnia and Herzegovina	B.1.1	EPI_ISL_462753
18	Homo sapiens	2020-04-29	Bosnia and Herzegovina	B.1.1	EPI_ISL_462990
22	Homo sapiens	2020-05-25	Bosnia and Herzegovina	B.1	EPI_ISL_463893
15	Homo sapiens	2020-04-08	Bosnia and Herzegovina	B.1	EPI_ISL_467300
47	Homo sapiens	2020-11-20	Bosnia and Herzegovina	B.1.258	EPI_ISL_722201
47	Homo sapiens	2020-11-20	Bosnia and Herzegovina	C.35	EPI_ISL_722209
55	Homo sapiens	2021-01-11	Bosnia and Herzegovina	B.1.36.1	EPI_ISL_910334
55	Homo sapiens	2021-01-11	Bosnia and Herzegovina	B.1	EPI_ISL_918407
54	Homo sapiens	2021-01-10	Bosnia and Herzegovina	B.1.258.17	EPI_ISL_922076
29	Homo sapiens	2020-07-15	Bosnia and Herzegovina	B.1.1.70	EPI_ISL_955142
38	Homo sapiens	2020-09-14	Bosnia and Herzegovina	B.1.1.39	EPI_ISL_955148
41	Homo sapiens	2020-10-06	Bosnia and Herzegovina	C.35	EPI_ISL_955150
44	Homo sapiens	2020-10-28	Bosnia and Herzegovina	B.1.1.70	EPI_ISL_955151
45	Homo sapiens	2020-11-04	Bosnia and Herzegovina	B.1.1	EPI_ISL_955155
48	Homo sapiens	2020-11-28	Bosnia and Herzegovina	B.1.258	EPI_ISL_955156
54	Homo sapiens	2021-01-05	Bosnia and Herzegovina	B.1.258	EPI_ISL_955184
54	Homo sapiens	2021-01-07	Bosnia and Herzegovina	B.1.36.1	EPI_ISL_955185
55	Homo sapiens	2021-01-16	Bosnia and Herzegovina	B.1.565	EPI_ISL_955187
54	Homo sapiens	2021-01-05	Bosnia and Herzegovina	B.1.36.1	EPI_ISL_955211
54	Homo sapiens	2021-01-10	Bosnia and Herzegovina	B.1	EPI_ISL_959650
55	Homo sapiens	2021-01-11	Bosnia and Herzegovina	B.1	EPI_ISL_964882
56	Homo sapiens	2021-01-20	Bosnia and Herzegovina	B.1.565	EPI_ISL_1016508
52	Homo sapiens	2020-12-25	Bosnia and Herzegovina	B.1.1.7	EPI_ISL_1016690
55	Homo sapiens	2021-01-15	Bosnia and Herzegovina	B.1.160	EPI_ISL_1016822
55	Homo sapiens	2021-01-16	Bosnia and Herzegovina	B.1.565	EPI_ISL_1016842
57	Homo sapiens	2021-01-28	Bosnia and Herzegovina	B.1.1.7	EPI_ISL_1016843
58	Homo sapiens	2021-02-04	Bosnia and Herzegovina	B.1.258.17	EPI_ISL_1016884
58	Homo sapiens	2021-02-05	Bosnia and Herzegovina	B.1.160	EPI_ISL_1016885
59	Homo sapiens	2021-02-09	Bosnia and Herzegovina	B.1.1.7	EPI_ISL_1016968
59	Homo sapiens	2021-02-09	Bosnia and Herzegovina	B.1.1.7	EPI_ISL_1016969
59	Homo sapiens	2021-02-11	Bosnia and Herzegovina	B.1.258	EPI_ISL_1016970
62	Homo sapiens	2021-03-07	Bosnia and Herzegovina	B.1.1.7	EPI_ISL_1240071
62	Homo sapiens	2021-03-07	Bosnia and Herzegovina	B.1.1.7	EPI_ISL_1240072
63	Homo sapiens	2021-03-08	Bosnia and Herzegovina	B.1.1.7	EPI_ISL_1240073
63	Homo sapiens	2021-03-08	Bosnia and Herzegovina	B.1.1.7	EPI_ISL_1240074
63	Homo sapiens	2021-03-08	Bosnia and Herzegovina	B.1.1.7	EPI_ISL_1240075
63	Homo sapiens	2021-03-08	Bosnia and Herzegovina	B.1.1.7	EPI_ISL_1240076
61	Homo sapiens	2021-02-24	Bosnia and Herzegovina	B.1.258	EPI_ISL_1300645
62	Homo sapiens	2021-03-04	Bosnia and Herzegovina	B.1.1.7	EPI_ISL_1300646
62	Homo sapiens	2021-03-07	Bosnia and Herzegovina	B.1.177.86	EPI_ISL_1300647
62	Homo sapiens	2021-03-07	Bosnia and Herzegovina	B.1.1.7	EPI_ISL_1300648
63	Homo sapiens	2021-03-08	Bosnia and Herzegovina	B.1.1.7	EPI_ISL_1300649
62	Homo sapiens	2021-03-03	Bosnia and Herzegovina	B.1.258.17	EPI_ISL_1300650
64	Homo sapiens	2021-03-15	Bosnia and Herzegovina	B.1.1.7	EPI_ISL_1300651
62	Homo sapiens	2021-03-03	Bosnia and Herzegovina	B.1.1.7	EPI_ISL_1300652
63	Homo sapiens	2021-03-08	Bosnia and Herzegovina	B.1.1.7	EPI_ISL_1300653
62	Homo sapiens	2021-03-04	Bosnia and Herzegovina	B.1.1.7	EPI_ISL_1300654
62	Homo sapiens	2021-03-04	Bosnia and Herzegovina	B.1.1.7	EPI_ISL_1300655
64	Homo sapiens	2021-03-15	Bosnia and Herzegovina	B.1.1.7	EPI_ISL_1300656
62	Homo sapiens	2021-03-07	Bosnia and Herzegovina	B.1.1.7	EPI_ISL_1300657
61	Homo sapiens	2021-02-25	Bosnia and Herzegovina	B.1.160	EPI_ISL_1300658
61	Homo sapiens	2021-02-24	Bosnia and Herzegovina	B.1.258	EPI_ISL_1300659
60	Homo sapiens	2021-02-21	Bosnia and Herzegovina	B.1.1.7	EPI_ISL_1653935
59	Homo sapiens	2021-02-09	Bosnia and Herzegovina	B.1.1.7	EPI_ISL_1655964
59	Homo sapiens	2021-02-11	Bosnia and Herzegovina	B.1.1.7	EPI_ISL_1731046
58	Homo sapiens	2021-02-07	Bosnia and Herzegovina	B.1.1.7	EPI_ISL_1731047
60	Homo sapiens	2021-02-18	Bosnia and Herzegovina	B.1.1.7	EPI_ISL_1731066
59	Homo sapiens	2021-02-11	Bosnia and Herzegovina	B.1.1.7	EPI_ISL_1731080
59	Homo sapiens	2021-02-08	Bosnia and Herzegovina	B.1	EPI_ISL_1731081
60	Homo sapiens	2021-02-17	Bosnia and Herzegovina	B.1.1.7	EPI_ISL_1704314
59	Homo sapiens	2021-02-08	Bosnia and Herzegovina	B.1.1.7	EPI_ISL_1704779
71	Homo sapiens	2021-05-05	Bosnia and Herzegovina	B.1.1.7	EPI_ISL_2029122
76	Homo sapiens	2021-06-13	Bosnia and Herzegovina	B.1.1.7	EPI_ISL_2708955
75	Homo sapiens	2021-05-31	Bosnia and Herzegovina	B.1.1.7	EPI_ISL_2708954
73	Homo sapiens	2021-05-19	Bosnia and Herzegovina	B.1.1.7	EPI_ISL_2709213
79	Homo sapiens	2021-06-29	Bosnia and Herzegovina	AY.122	EPI_ISL_2802200
79	Homo sapiens	2021-06-28	Bosnia and Herzegovina	P.1	EPI_ISL_2810027
79	Homo sapiens	2021-06-28	Bosnia and Herzegovina	AY.122	EPI_ISL_2800346
78	Homo sapiens	2021-06-21	Bosnia and Herzegovina	B.1.1.7	EPI_ISL_2790389
77	Homo sapiens	2021-06-16	Bosnia and Herzegovina	B.1.1.7	EPI_ISL_2790394
76	Homo sapiens	2021-06-12	Bosnia and Herzegovina	B.1.1.7	EPI_ISL_2800338
76	Homo sapiens	2021-06-11	Bosnia and Herzegovina	B.1.1.7	EPI_ISL_2790391
76	Homo sapiens	2021-06-09	Bosnia and Herzegovina	B.1.1.7	EPI_ISL_2790396
76	Homo sapiens	2021-06-08	Bosnia and Herzegovina	B.1.1.7	EPI_ISL_2790393
76	Homo sapiens	2021-06-08	Bosnia and Herzegovina	B.1.1.7	EPI_ISL_2790398
76	Homo sapiens	2021-06-07	Bosnia and Herzegovina	B.1.1.7	EPI_ISL_2790397
76	Homo sapiens	2021-06-07	Bosnia and Herzegovina	B.1.1.7	EPI_ISL_2790390
75	Homo sapiens	2021-06-04	Bosnia and Herzegovina	B.1.1.7	EPI_ISL_2790399
75	Homo sapiens	2021-06-04	Bosnia and Herzegovina	B.1.1.7	EPI_ISL_2790395
75	Homo sapiens	2021-06-04	Bosnia and Herzegovina	B.1.1.7	EPI_ISL_2790392
75	Homo sapiens	2021-06-04	Bosnia and Herzegovina	B.1.1.7	EPI_ISL_2790401
75	Homo sapiens	2021-06-03	Bosnia and Herzegovina	B.1.1.7	EPI_ISL_2790400
75	Homo sapiens	2021-06-01	Bosnia and Herzegovina	B.1.1.7	EPI_ISL_2800339
67	Homo sapiens	2021-04-08	Bosnia and Herzegovina	B.1.1.7	EPI_ISL_2790402
67	Homo sapiens	2021-04-08	Bosnia and Herzegovina	B.1.1.7	EPI_ISL_2790404
67	Homo sapiens	2021-04-08	Bosnia and Herzegovina	B.1.1.7	EPI_ISL_2790406
67	Homo sapiens	2021-04-08	Bosnia and Herzegovina	B.1.1.7	EPI_ISL_2790414
67	Homo sapiens	2021-04-08	Bosnia and Herzegovina	B.1.1.7	EPI_ISL_2790409
67	Homo sapiens	2021-04-08	Bosnia and Herzegovina	B.1.1.7	EPI_ISL_2790405
67	Homo sapiens	2021-04-08	Bosnia and Herzegovina	B.1.1.7	EPI_ISL_2790411
67	Homo sapiens	2021-04-08	Bosnia and Herzegovina	B.1.1.7	EPI_ISL_2790413
67	Homo sapiens	2021-04-08	Bosnia and Herzegovina	B.1.1.7	EPI_ISL_2790403
67	Homo sapiens	2021-04-08	Bosnia and Herzegovina	B.1.1.7	EPI_ISL_2790407
67	Homo sapiens	2021-04-07	Bosnia and Herzegovina	B.1.1.7	EPI_ISL_2790408
67	Homo sapiens	2021-04-07	Bosnia and Herzegovina	B.1.1.7	EPI_ISL_2790412
65	Homo sapiens	2021-03-26	Bosnia and Herzegovina	B.1.1.7	EPI_ISL_2790388
79	Homo sapiens	2021-06-28	Bosnia and Herzegovina	P.1.15	EPI_ISL_2820510
78	Homo sapiens	2021-06-25	Bosnia and Herzegovina	B.1	EPI_ISL_2820513
79	Homo sapiens	2021-06-28	Bosnia and Herzegovina	B.1.1.7	EPI_ISL_2854258
79	Homo sapiens	2021-07-03	Bosnia and Herzegovina	B.1.617.2	EPI_ISL_2938112
79	Homo sapiens	2021-07-02	Bosnia and Herzegovina	AY.122	EPI_ISL_2938104
79	Homo sapiens	2021-07-01	Bosnia and Herzegovina	AY.112	EPI_ISL_2938119
78	Homo sapiens	2021-06-25	Bosnia and Herzegovina	B.1.617.2	EPI_ISL_2938116
78	Homo sapiens	2021-06-23	Bosnia and Herzegovina	B.1.617.2	EPI_ISL_2938100
78	Homo sapiens	2021-06-23	Bosnia and Herzegovina	B.1.617.2	EPI_ISL_2938099
78	Homo sapiens	2021-06-23	Bosnia and Herzegovina	B.1.1.7	EPI_ISL_2938110
78	Homo sapiens	2021-06-22	Bosnia and Herzegovina	B.1.1.7	EPI_ISL_2938105
78	Homo sapiens	2021-06-21	Bosnia and Herzegovina	B.1.1.7	EPI_ISL_2938115
77	Homo sapiens	2021-06-20	Bosnia and Herzegovina	B.1.617.2	EPI_ISL_2938109
77	Homo sapiens	2021-06-18	Bosnia and Herzegovina	B.1.1.7	EPI_ISL_2938107
77	Homo sapiens	2021-06-18	Bosnia and Herzegovina	B.1.617.2	EPI_ISL_2938117
77	Homo sapiens	2021-06-18	Bosnia and Herzegovina	B.1.617.2	EPI_ISL_2938111
77	Homo sapiens	2021-06-17	Bosnia and Herzegovina	B.1.1.7	EPI_ISL_2938098
77	Homo sapiens	2021-06-17	Bosnia and Herzegovina	B.1.617.2	EPI_ISL_2938103
77	Homo sapiens	2021-06-17	Bosnia and Herzegovina	B.1.617.2	EPI_ISL_2938097
76	Homo sapiens	2021-06-11	Bosnia and Herzegovina	B.1.1.7	EPI_ISL_2938108
76	Homo sapiens	2021-06-10	Bosnia and Herzegovina	AZ.2	EPI_ISL_2938102
76	Homo sapiens	2021-06-08	Bosnia and Herzegovina	B.1.617.2	EPI_ISL_2938101
76	Homo sapiens	2021-06-08	Bosnia and Herzegovina	C.36.3	EPI_ISL_2938106
75	Homo sapiens	2021-06-06	Bosnia and Herzegovina	AZ.2	EPI_ISL_2938118
75	Homo sapiens	2021-06-06	Bosnia and Herzegovina	B.1.1.7	EPI_ISL_2938114
75	Homo sapiens	2021-06-04	Bosnia and Herzegovina	B.1.1.318	EPI_ISL_2938113
80	Homo sapiens	2021-07-07	Bosnia and Herzegovina	B.1.617.2	EPI_ISL_3082641
80	Homo sapiens	2021-07-06	Bosnia and Herzegovina	AY.122	EPI_ISL_3076941
80	Homo sapiens	2021-07-05	Bosnia and Herzegovina	P.1	EPI_ISL_3076939
80	Homo sapiens	2021-07-05	Bosnia and Herzegovina	B.1.617.2	EPI_ISL_3081716
80	Homo sapiens	2021-07-05	Bosnia and Herzegovina	AY.118	EPI_ISL_3082214
79	Homo sapiens	2021-07-04	Bosnia and Herzegovina	B.1.617.2	EPI_ISL_3076899
79	Homo sapiens	2021-07-02	Bosnia and Herzegovina	B.1.617.2	EPI_ISL_3076902
79	Homo sapiens	2021-07-02	Bosnia and Herzegovina	B.1.617.2	EPI_ISL_3076937
79	Homo sapiens	2021-07-01	Bosnia and Herzegovina	AY.50	EPI_ISL_3076900
79	Homo sapiens	2021-07-01	Bosnia and Herzegovina	AY.50	EPI_ISL_3076901
79	Homo sapiens	2021-06-28	Bosnia and Herzegovina	B.1.617.2	EPI_ISL_3076943
83	Homo sapiens	2021-07-26	Bosnia and Herzegovina	AY.43	EPI_ISL_3184309
83	Homo sapiens	2021-07-26	Bosnia and Herzegovina	AY.9.2	EPI_ISL_3184316
82	Homo sapiens	2021-07-22	Bosnia and Herzegovina	AY.86	EPI_ISL_3184312
82	Homo sapiens	2021-07-24	Bosnia and Herzegovina	AY.122	EPI_ISL_3184314
82	Homo sapiens	2021-07-22	Bosnia and Herzegovina	AY.122	EPI_ISL_3230739
82	Homo sapiens	2021-07-22	Bosnia and Herzegovina	AY.34	EPI_ISL_3230471
81	Homo sapiens	2021-07-15	Bosnia and Herzegovina	AY.45	EPI_ISL_3230255
55	Homo sapiens	2021-01-11	Bosnia and Herzegovina	B.1.146	EPI_ISL_910329
86	Homo sapiens	2021-08-16	Bosnia and Herzegovina	AY.43	EPI_ISL_4239933
85	Homo sapiens	2021-08-14	Bosnia and Herzegovina	AY.122	EPI_ISL_4239896
85	Homo sapiens	2021-08-14	Bosnia and Herzegovina	AY.43	EPI_ISL_4239906
85	Homo sapiens	2021-08-14	Bosnia and Herzegovina	AY.122	EPI_ISL_4239899
85	Homo sapiens	2021-08-13	Bosnia and Herzegovina	AY.46.6	EPI_ISL_4239939
85	Homo sapiens	2021-08-13	Bosnia and Herzegovina	AY.122	EPI_ISL_4239926
85	Homo sapiens	2021-08-12	Bosnia and Herzegovina	AY.122	EPI_ISL_4239962
84	Homo sapiens	2021-08-06	Bosnia and Herzegovina	AY.122	EPI_ISL_4239950
84	Homo sapiens	2021-08-06	Bosnia and Herzegovina	AY.122	EPI_ISL_4239943
84	Homo sapiens	2021-08-04	Bosnia and Herzegovina	AY.103	EPI_ISL_4239919
84	Homo sapiens	2021-08-02	Bosnia and Herzegovina	AY.7.2	EPI_ISL_4239929
83	Homo sapiens	2021-07-31	Bosnia and Herzegovina	AY.122	EPI_ISL_4239909
83	Homo sapiens	2021-07-29	Bosnia and Herzegovina	B.1.617.2	EPI_ISL_4239966
83	Homo sapiens	2021-07-28	Bosnia and Herzegovina	AY.42	EPI_ISL_4239958
82	Homo sapiens	2021-07-22	Bosnia and Herzegovina	AY.122	EPI_ISL_4239946
82	Homo sapiens	2021-07-21	Bosnia and Herzegovina	AY.122	EPI_ISL_4239923
82	Homo sapiens	2021-07-19	Bosnia and Herzegovina	AY.122	EPI_ISL_4239903
82	Homo sapiens	2021-07-19	Bosnia and Herzegovina	AY.122	EPI_ISL_4239916
81	Homo sapiens	2021-07-15	Bosnia and Herzegovina	AY.43	EPI_ISL_4239936
81	Homo sapiens	2021-07-12	Bosnia and Herzegovina	B.1.617.2	EPI_ISL_4239913
80	Homo sapiens	2021-07-09	Bosnia and Herzegovina	AY.118	EPI_ISL_4239954
79	Homo sapiens	2021-06-30	Bosnia and Herzegovina	AY.122	EPI_ISL_4239977
67	Homo sapiens	2021-04-05	Bosnia and Herzegovina	B.1.1.7	EPI_ISL_5258198
92	Homo sapiens	2021-09-30	Bosnia and Herzegovina	AY.43	EPI_ISL_5597431
93	Homo sapiens	2021-10-04	Bosnia and Herzegovina	AY.43	EPI_ISL_5734694
93	Homo sapiens	2021-10-04	Bosnia and Herzegovina	AY.43	EPI_ISL_5736459
92	Homo sapiens	2021-10-01	Bosnia and Herzegovina	AY.122	EPI_ISL_5713659
92	Homo sapiens	2021-10-01	Bosnia and Herzegovina	AY.43	EPI_ISL_5722759
93	Homo sapiens	2021-10-07	Bosnia and Herzegovina	AY.43	EPI_ISL_5822531
93	Homo sapiens	2021-10-07	Bosnia and Herzegovina	AY.43	EPI_ISL_5822534
93	Homo sapiens	2021-10-07	Bosnia and Herzegovina	AY.43	EPI_ISL_5822537
93	Homo sapiens	2021-10-07	Bosnia and Herzegovina	AY.43	EPI_ISL_5822538
93	Homo sapiens	2021-10-07	Bosnia and Herzegovina	AY.43	EPI_ISL_5822547
93	Homo sapiens	2021-10-07	Bosnia and Herzegovina	B.1.617.2	EPI_ISL_5822703
93	Homo sapiens	2021-10-07	Bosnia and Herzegovina	AY.43	EPI_ISL_5822709
93	Homo sapiens	2021-10-07	Bosnia and Herzegovina	B.1.617.2	EPI_ISL_5822710
93	Homo sapiens	2021-10-07	Bosnia and Herzegovina	AY.122	EPI_ISL_5823514
93	Homo sapiens	2021-10-05	Bosnia and Herzegovina	AY.98.1	EPI_ISL_5812898
93	Homo sapiens	2021-10-05	Bosnia and Herzegovina	AY.43	EPI_ISL_5814564
93	Homo sapiens	2021-10-05	Bosnia and Herzegovina	B.1.617.2	EPI_ISL_5815167
93	Homo sapiens	2021-10-05	Bosnia and Herzegovina	AY.43	EPI_ISL_5822080
93	Homo sapiens	2021-10-05	Bosnia and Herzegovina	AY.43	EPI_ISL_5822432
93	Homo sapiens	2021-10-05	Bosnia and Herzegovina	AY.43	EPI_ISL_5822445
93	Homo sapiens	2021-10-05	Bosnia and Herzegovina	AY.43	EPI_ISL_5822452
93	Homo sapiens	2021-10-04	Bosnia and Herzegovina	AY.43	EPI_ISL_5805972
93	Homo sapiens	2021-10-04	Bosnia and Herzegovina	AY.43	EPI_ISL_5807749
93	Homo sapiens	2021-10-04	Bosnia and Herzegovina	AY.43	EPI_ISL_5808544
94	Homo sapiens	2021-10-13	Bosnia and Herzegovina	AY.122	EPI_ISL_5885492
93	Homo sapiens	2021-10-07	Bosnia and Herzegovina	AY.98.1	EPI_ISL_5887286
93	Homo sapiens	2021-10-07	Bosnia and Herzegovina	AY.4.16	EPI_ISL_5887379
93	Homo sapiens	2021-10-07	Bosnia and Herzegovina	AY.43	EPI_ISL_5887580
93	Homo sapiens	2021-10-07	Bosnia and Herzegovina	AY.43	EPI_ISL_5887572
93	Homo sapiens	2021-10-07	Bosnia and Herzegovina	AY.43	EPI_ISL_5887413
93	Homo sapiens	2021-10-07	Bosnia and Herzegovina	AY.43	EPI_ISL_5887576
93	Homo sapiens	2021-10-07	Bosnia and Herzegovina	AY.43	EPI_ISL_5887692
93	Homo sapiens	2021-10-07	Bosnia and Herzegovina	AY.43	EPI_ISL_5887690
93	Homo sapiens	2021-10-06	Bosnia and Herzegovina	AY.43	EPI_ISL_5886778
93	Homo sapiens	2021-10-06	Bosnia and Herzegovina	AY.43	EPI_ISL_5886727
93	Homo sapiens	2021-10-06	Bosnia and Herzegovina	AY.98.1	EPI_ISL_5886023
93	Homo sapiens	2021-10-06	Bosnia and Herzegovina	AY.4.3	EPI_ISL_5886927
93	Homo sapiens	2021-10-06	Bosnia and Herzegovina	B.1.617.2	EPI_ISL_5886782
93	Homo sapiens	2021-10-06	Bosnia and Herzegovina	AY.122	EPI_ISL_5886786
93	Homo sapiens	2021-10-06	Bosnia and Herzegovina	AY.129	EPI_ISL_5887066
93	Homo sapiens	2021-10-06	Bosnia and Herzegovina	AY.43	EPI_ISL_5887110
93	Homo sapiens	2021-10-06	Bosnia and Herzegovina	AY.43	EPI_ISL_5887166
93	Homo sapiens	2021-10-08	Bosnia and Herzegovina	AY.122	EPI_ISL_6120656
93	Homo sapiens	2021-10-08	Bosnia and Herzegovina	B.1.617.2	EPI_ISL_6120663
94	Homo sapiens	2021-10-13	Bosnia and Herzegovina	AY.98.1	EPI_ISL_6121891
93	Homo sapiens	2021-10-09	Bosnia and Herzegovina	AY.43	EPI_ISL_6120914
94	Homo sapiens	2021-10-12	Bosnia and Herzegovina	AY.122	EPI_ISL_6120949
93	Homo sapiens	2021-10-10	Bosnia and Herzegovina	AY.4	EPI_ISL_6120937
94	Homo sapiens	2021-10-13	Bosnia and Herzegovina	AY.43	EPI_ISL_6121863
93	Homo sapiens	2021-10-08	Bosnia and Herzegovina	AY.43	EPI_ISL_6120654
93	Homo sapiens	2021-10-08	Bosnia and Herzegovina	AY.43	EPI_ISL_6120637
93	Homo sapiens	2021-10-06	Bosnia and Herzegovina	AY.43	EPI_ISL_6122478
94	Homo sapiens	2021-10-14	Bosnia and Herzegovina	AY.43	EPI_ISL_6121919
94	Homo sapiens	2021-10-14	Bosnia and Herzegovina	AY.43	EPI_ISL_6122427
94	Homo sapiens	2021-10-14	Bosnia and Herzegovina	AY.43	EPI_ISL_6122464
94	Homo sapiens	2021-10-14	Bosnia and Herzegovina	AY.43	EPI_ISL_6122421
94	Homo sapiens	2021-10-14	Bosnia and Herzegovina	AY.122	EPI_ISL_6122468
94	Homo sapiens	2021-10-14	Bosnia and Herzegovina	AY.43	EPI_ISL_6122471
94	Homo sapiens	2021-10-13	Bosnia and Herzegovina	AY.43	EPI_ISL_6121852
94	Homo sapiens	2021-10-13	Bosnia and Herzegovina	AY.43	EPI_ISL_6121861
94	Homo sapiens	2021-10-13	Bosnia and Herzegovina	AY.43	EPI_ISL_6121878
94	Homo sapiens	2021-10-13	Bosnia and Herzegovina	AY.46.6	EPI_ISL_6121879
94	Homo sapiens	2021-10-13	Bosnia and Herzegovina	AY.43	EPI_ISL_6121876
94	Homo sapiens	2021-10-13	Bosnia and Herzegovina	AY.43	EPI_ISL_6121888
94	Homo sapiens	2021-10-13	Bosnia and Herzegovina	AY.43	EPI_ISL_6121883
94	Homo sapiens	2021-10-13	Bosnia and Herzegovina	AY.122	EPI_ISL_6121894
94	Homo sapiens	2021-10-12	Bosnia and Herzegovina	AY.43	EPI_ISL_6120975
94	Homo sapiens	2021-10-12	Bosnia and Herzegovina	AY.98.1	EPI_ISL_6120953
94	Homo sapiens	2021-10-12	Bosnia and Herzegovina	AY.84	EPI_ISL_6120955
94	Homo sapiens	2021-10-12	Bosnia and Herzegovina	AY.43	EPI_ISL_6120979
94	Homo sapiens	2021-10-12	Bosnia and Herzegovina	AY.43	EPI_ISL_6120958
94	Homo sapiens	2021-10-12	Bosnia and Herzegovina	AY.43	EPI_ISL_6120980
94	Homo sapiens	2021-10-12	Bosnia and Herzegovina	AY.43	EPI_ISL_6120961
94	Homo sapiens	2021-10-12	Bosnia and Herzegovina	AY.43	EPI_ISL_6120966
94	Homo sapiens	2021-10-12	Bosnia and Herzegovina	AY.43	EPI_ISL_6120988
94	Homo sapiens	2021-10-12	Bosnia and Herzegovina	AY.43	EPI_ISL_6121845
94	Homo sapiens	2021-10-12	Bosnia and Herzegovina	AY.43	EPI_ISL_6121842
94	Homo sapiens	2021-10-11	Bosnia and Herzegovina	AY.43	EPI_ISL_6120947
93	Homo sapiens	2021-10-10	Bosnia and Herzegovina	AY.43	EPI_ISL_6120933
93	Homo sapiens	2021-10-10	Bosnia and Herzegovina	AY.118	EPI_ISL_6120935
93	Homo sapiens	2021-10-10	Bosnia and Herzegovina	AY.43	EPI_ISL_6120940
93	Homo sapiens	2021-10-10	Bosnia and Herzegovina	B.1.617.2	EPI_ISL_6120929
93	Homo sapiens	2021-10-10	Bosnia and Herzegovina	AY.43	EPI_ISL_6120926
93	Homo sapiens	2021-10-09	Bosnia and Herzegovina	AY.43	EPI_ISL_6120917
93	Homo sapiens	2021-10-09	Bosnia and Herzegovina	B.1.617.2	EPI_ISL_6120922
93	Homo sapiens	2021-10-09	Bosnia and Herzegovina	AY.43	EPI_ISL_6120718
93	Homo sapiens	2021-10-08	Bosnia and Herzegovina	AY.43	EPI_ISL_6061116
93	Homo sapiens	2021-10-08	Bosnia and Herzegovina	AY.43	EPI_ISL_6120668
93	Homo sapiens	2021-10-08	Bosnia and Herzegovina	AY.43	EPI_ISL_6120646
93	Homo sapiens	2021-10-08	Bosnia and Herzegovina	AY.43	EPI_ISL_6120661
93	Homo sapiens	2021-10-08	Bosnia and Herzegovina	AY.43	EPI_ISL_6120673
93	Homo sapiens	2021-10-08	Bosnia and Herzegovina	AY.43	EPI_ISL_6120640
93	Homo sapiens	2021-10-07	Bosnia and Herzegovina	B.1.617.2	EPI_ISL_6060082
93	Homo sapiens	2021-10-07	Bosnia and Herzegovina	B.1.617.2	EPI_ISL_6059477
93	Homo sapiens	2021-10-06	Bosnia and Herzegovina	AY.4.3	EPI_ISL_6122474
93	Homo sapiens	2021-10-08	Bosnia and Herzegovina	AY.98.1	EPI_ISL_6061369
94	Homo sapiens	2021-10-11	Bosnia and Herzegovina	AY.122	EPI_ISL_6120943
93	Homo sapiens	2021-10-08	Bosnia and Herzegovina	AY.122	EPI_ISL_6120633
95	Homo sapiens	2021-10-18	Bosnia and Herzegovina	AY.43	EPI_ISL_6263009
95	Homo sapiens	2021-10-18	Bosnia and Herzegovina	AY.46.6	EPI_ISL_6262994
95	Homo sapiens	2021-10-18	Bosnia and Herzegovina	AY.43	EPI_ISL_6262992
95	Homo sapiens	2021-10-18	Bosnia and Herzegovina	AY.43	EPI_ISL_6262989
94	Homo sapiens	2021-10-16	Bosnia and Herzegovina	AY.43	EPI_ISL_6262995
94	Homo sapiens	2021-10-15	Bosnia and Herzegovina	AY.43	EPI_ISL_6262990
94	Homo sapiens	2021-10-14	Bosnia and Herzegovina	B.1.617.2	EPI_ISL_6263021
94	Homo sapiens	2021-10-14	Bosnia and Herzegovina	AY.43	EPI_ISL_6263026
94	Homo sapiens	2021-10-13	Bosnia and Herzegovina	AY.43	EPI_ISL_6262988
93	Homo sapiens	2021-10-07	Bosnia and Herzegovina	AY.43	EPI_ISL_6263034
96	Homo sapiens	2021-10-27	Bosnia and Herzegovina	AY.122	EPI_ISL_6512760
96	Homo sapiens	2021-10-27	Bosnia and Herzegovina	AY.43	EPI_ISL_6512762
96	Homo sapiens	2021-10-27	Bosnia and Herzegovina	AY.98.1	EPI_ISL_6512769
96	Homo sapiens	2021-10-27	Bosnia and Herzegovina	AY.43	EPI_ISL_6512776
96	Homo sapiens	2021-10-26	Bosnia and Herzegovina	AY.43	EPI_ISL_6512765
96	Homo sapiens	2021-10-26	Bosnia and Herzegovina	AY.43	EPI_ISL_6512772
96	Homo sapiens	2021-10-26	Bosnia and Herzegovina	AY.43	EPI_ISL_6512783
96	Homo sapiens	2021-10-26	Bosnia and Herzegovina	AY.43	EPI_ISL_6512784
96	Homo sapiens	2021-10-25	Bosnia and Herzegovina	AY.46.6	EPI_ISL_6512739
96	Homo sapiens	2021-10-25	Bosnia and Herzegovina	B.1.617.2	EPI_ISL_6512749
96	Homo sapiens	2021-10-25	Bosnia and Herzegovina	AY.43	EPI_ISL_6512764
96	Homo sapiens	2021-10-25	Bosnia and Herzegovina	AY.43	EPI_ISL_6512767
96	Homo sapiens	2021-10-25	Bosnia and Herzegovina	AY.43	EPI_ISL_6512780
96	Homo sapiens	2021-10-25	Bosnia and Herzegovina	AY.122	EPI_ISL_6512782
96	Homo sapiens	2021-10-25	Bosnia and Herzegovina	AY.122	EPI_ISL_6512785
96	Homo sapiens	2021-10-25	Bosnia and Herzegovina	AY.43	EPI_ISL_6512786
96	Homo sapiens	2021-10-25	Bosnia and Herzegovina	AY.43	EPI_ISL_6512790
96	Homo sapiens	2021-10-25	Bosnia and Herzegovina	AY.43	EPI_ISL_6512791
96	Homo sapiens	2021-10-25	Bosnia and Herzegovina	AY.43	EPI_ISL_6512796
96	Homo sapiens	2021-10-25	Bosnia and Herzegovina	AY.4	EPI_ISL_6512798
96	Homo sapiens	2021-10-25	Bosnia and Herzegovina	AY.43	EPI_ISL_6512799
96	Homo sapiens	2021-10-25	Bosnia and Herzegovina	AY.43	EPI_ISL_6512800
96	Homo sapiens	2021-10-25	Bosnia and Herzegovina	AY.43	EPI_ISL_6512801
96	Homo sapiens	2021-10-25	Bosnia and Herzegovina	AY.4	EPI_ISL_6512804
95	Homo sapiens	2021-10-22	Bosnia and Herzegovina	AY.122	EPI_ISL_6512743
95	Homo sapiens	2021-10-22	Bosnia and Herzegovina	AY.43	EPI_ISL_6512747
95	Homo sapiens	2021-10-22	Bosnia and Herzegovina	AY.43	EPI_ISL_6512753
95	Homo sapiens	2021-10-22	Bosnia and Herzegovina	AY.43	EPI_ISL_6512754
95	Homo sapiens	2021-10-22	Bosnia and Herzegovina	AY.43	EPI_ISL_6512763
95	Homo sapiens	2021-10-22	Bosnia and Herzegovina	AY.43	EPI_ISL_6512768
95	Homo sapiens	2021-10-21	Bosnia and Herzegovina	AY.43	EPI_ISL_6512755
95	Homo sapiens	2021-10-21	Bosnia and Herzegovina	AY.122	EPI_ISL_6512787
95	Homo sapiens	2021-10-20	Bosnia and Herzegovina	AY.43	EPI_ISL_6512750
95	Homo sapiens	2021-10-20	Bosnia and Herzegovina	AY.118	EPI_ISL_6512774
95	Homo sapiens	2021-10-20	Bosnia and Herzegovina	AY.43	EPI_ISL_6512779
95	Homo sapiens	2021-10-20	Bosnia and Herzegovina	AY.122	EPI_ISL_6512821
94	Homo sapiens	2021-10-12	Bosnia and Herzegovina	B.1.617.2	EPI_ISL_6512808
94	Homo sapiens	2021-10-12	Bosnia and Herzegovina	AY.43	EPI_ISL_6512809
93	Homo sapiens	2021-10-10	Bosnia and Herzegovina	AY.43	EPI_ISL_6512807
93	Homo sapiens	2021-10-04	Bosnia and Herzegovina	AY.43	EPI_ISL_6512816
62	Homo sapiens	2021-03-02	Bosnia and Herzegovina	B.1.258	EPI_ISL_6949577
97	Homo sapiens	2021-11-04	Bosnia and Herzegovina	AY.43	EPI_ISL_7378171
97	Homo sapiens	2021-11-04	Bosnia and Herzegovina	AY.4.3	EPI_ISL_7378209
97	Homo sapiens	2021-11-03	Bosnia and Herzegovina	AY.43	EPI_ISL_7378172
97	Homo sapiens	2021-11-03	Bosnia and Herzegovina	AY.46.6	EPI_ISL_7378186
97	Homo sapiens	2021-11-03	Bosnia and Herzegovina	AY.43	EPI_ISL_7378195
97	Homo sapiens	2021-11-03	Bosnia and Herzegovina	AY.4.11	EPI_ISL_7378213
97	Homo sapiens	2021-11-02	Bosnia and Herzegovina	AY.43	EPI_ISL_7378170
97	Homo sapiens	2021-11-02	Bosnia and Herzegovina	AY.121	EPI_ISL_7378178
97	Homo sapiens	2021-11-02	Bosnia and Herzegovina	AY.46	EPI_ISL_7378180
97	Homo sapiens	2021-11-02	Bosnia and Herzegovina	AY.43	EPI_ISL_7378184
97	Homo sapiens	2021-11-02	Bosnia and Herzegovina	AY.43	EPI_ISL_7378201
96	Homo sapiens	2021-10-31	Bosnia and Herzegovina	AY.43	EPI_ISL_7378187
96	Homo sapiens	2021-10-31	Bosnia and Herzegovina	AY.43	EPI_ISL_7378194
96	Homo sapiens	2021-10-31	Bosnia and Herzegovina	AY.43	EPI_ISL_7378204
96	Homo sapiens	2021-10-30	Bosnia and Herzegovina	AY.43	EPI_ISL_7378190
96	Homo sapiens	2021-10-30	Bosnia and Herzegovina	AY.43	EPI_ISL_7378211
96	Homo sapiens	2021-10-29	Bosnia and Herzegovina	AY.43	EPI_ISL_7378173
96	Homo sapiens	2021-10-29	Bosnia and Herzegovina	B.1.617.2	EPI_ISL_7378200
96	Homo sapiens	2021-10-29	Bosnia and Herzegovina	AY.43	EPI_ISL_7378202
96	Homo sapiens	2021-10-29	Bosnia and Herzegovina	AY.43	EPI_ISL_7378212
96	Homo sapiens	2021-10-28	Bosnia and Herzegovina	AY.43	EPI_ISL_7378189
96	Homo sapiens	2021-10-28	Bosnia and Herzegovina	AY.43	EPI_ISL_7378203
101	Homo sapiens	2021-12-02	Bosnia and Herzegovina	AY.4.3	EPI_ISL_7547063
101	Homo sapiens	2021-12-02	Bosnia and Herzegovina	AY.4.3	EPI_ISL_7547062
105	Homo sapiens	2021-12-27	Bosnia and Herzegovina	AY.9.2	EPI_ISL_8479643
105	Homo sapiens	2021-12-27	Bosnia and Herzegovina	BA.1	EPI_ISL_8479657
105	Homo sapiens	2021-12-27	Bosnia and Herzegovina	BA.1	EPI_ISL_8479658
105	Homo sapiens	2021-12-27	Bosnia and Herzegovina	C.37	EPI_ISL_8479653
105	Homo sapiens	2021-12-27	Bosnia and Herzegovina	BA.1.1	EPI_ISL_8479659
105	Homo sapiens	2021-12-27	Bosnia and Herzegovina	AY.4	EPI_ISL_8479654
105	Homo sapiens	2021-12-27	Bosnia and Herzegovina	BA.1	EPI_ISL_8479656
105	Homo sapiens	2021-12-27	Bosnia and Herzegovina	AY.43	EPI_ISL_8479650
105	Homo sapiens	2021-12-27	Bosnia and Herzegovina	AY.43	EPI_ISL_8479655
105	Homo sapiens	2021-12-27	Bosnia and Herzegovina	AY.43	EPI_ISL_8479652
105	Homo sapiens	2021-12-27	Bosnia and Herzegovina	AY.43	EPI_ISL_8479651
105	Homo sapiens	2021-12-27	Bosnia and Herzegovina	BA.1.1	EPI_ISL_8479665
105	Homo sapiens	2021-12-27	Bosnia and Herzegovina	BA.1	EPI_ISL_8479664
105	Homo sapiens	2021-12-27	Bosnia and Herzegovina	BA.1.18	EPI_ISL_8479661
105	Homo sapiens	2021-12-27	Bosnia and Herzegovina	BA.1	EPI_ISL_8479660
105	Homo sapiens	2021-12-27	Bosnia and Herzegovina	BA.1.18	EPI_ISL_8479663
105	Homo sapiens	2021-12-27	Bosnia and Herzegovina	BA.1.1.1	EPI_ISL_8479662
105	Homo sapiens	2021-12-27	Bosnia and Herzegovina	AY.43	EPI_ISL_8479649
105	Homo sapiens	2021-12-27	Bosnia and Herzegovina	AY.43	EPI_ISL_8479647
105	Homo sapiens	2021-12-27	Bosnia and Herzegovina	AY.43	EPI_ISL_8479644
105	Homo sapiens	2021-12-27	Bosnia and Herzegovina	AY.4	EPI_ISL_8479646
105	Homo sapiens	2021-12-27	Bosnia and Herzegovina	AY.43	EPI_ISL_8479648
105	Homo sapiens	2021-12-27	Bosnia and Herzegovina	AY.43	EPI_ISL_8479645
110	Homo sapiens	2022-01-31	Bosnia and Herzegovina	BA.1.1	EPI_ISL_9594940
110	Homo sapiens	2022-01-31	Bosnia and Herzegovina	BA.1.1	EPI_ISL_9594941
110	Homo sapiens	2022-01-31	Bosnia and Herzegovina	BA.1.1	EPI_ISL_9594935
110	Homo sapiens	2022-01-31	Bosnia and Herzegovina	BA.1.1	EPI_ISL_9594943
109	Homo sapiens	2022-01-28	Bosnia and Herzegovina	BA.1.1	EPI_ISL_9594938
109	Homo sapiens	2022-01-28	Bosnia and Herzegovina	BA.1.1	EPI_ISL_9594936
109	Homo sapiens	2022-01-28	Bosnia and Herzegovina	BA.1.17	EPI_ISL_9594929
109	Homo sapiens	2022-01-27	Bosnia and Herzegovina	BA.2	EPI_ISL_9594928
109	Homo sapiens	2022-01-27	Bosnia and Herzegovina	BA.1.21	EPI_ISL_9594946
109	Homo sapiens	2022-01-27	Bosnia and Herzegovina	BA.1.1.1	EPI_ISL_9594944
109	Homo sapiens	2022-01-27	Bosnia and Herzegovina	BA.1.1	EPI_ISL_9594934
109	Homo sapiens	2022-01-27	Bosnia and Herzegovina	BA.1.1	EPI_ISL_9594933
109	Homo sapiens	2022-01-27	Bosnia and Herzegovina	BA.1.1	EPI_ISL_9594930
109	Homo sapiens	2022-01-25	Bosnia and Herzegovina	BA.1.17.2	EPI_ISL_9594937
109	Homo sapiens	2022-01-25	Bosnia and Herzegovina	BA.2	EPI_ISL_9594927
109	Homo sapiens	2022-01-25	Bosnia and Herzegovina	BA.1.1	EPI_ISL_9594931
102	Homo sapiens	2021-12-08	Bosnia and Herzegovina	AY.46.6	EPI_ISL_11402279
88	Homo sapiens	2021-09-02	Bosnia and Herzegovina	AY.98.1	EPI_ISL_11402264
102	Homo sapiens	2021-12-08	Bosnia and Herzegovina	AY.98.1	EPI_ISL_11402280
102	Homo sapiens	2021-12-06	Bosnia and Herzegovina	AY.43	EPI_ISL_11402278
102	Homo sapiens	2021-12-06	Bosnia and Herzegovina	AY.122	EPI_ISL_11402277
92	Homo sapiens	2021-09-27	Bosnia and Herzegovina	AY.43	EPI_ISL_11402269
98	Homo sapiens	2021-11-11	Bosnia and Herzegovina	AY.43	EPI_ISL_11402272
90	Homo sapiens	2021-09-15	Bosnia and Herzegovina	AY.125	EPI_ISL_11402267
102	Homo sapiens	2021-12-08	Bosnia and Herzegovina	AY.98.1	EPI_ISL_11402281
88	Homo sapiens	2021-09-03	Bosnia and Herzegovina	AY.98.1	EPI_ISL_11402266
88	Homo sapiens	2021-09-02	Bosnia and Herzegovina	AY.98.1	EPI_ISL_11402262
88	Homo sapiens	2021-09-02	Bosnia and Herzegovina	AY.98.1	EPI_ISL_11402263
110	Homo sapiens	2022-02-02	Bosnia and Herzegovina	BA.2	EPI_ISL_11402289
103	Homo sapiens	2021-12-13	Bosnia and Herzegovina	BA.1.1	EPI_ISL_11402284
110	Homo sapiens	2022-02-02	Bosnia and Herzegovina	AY.4	EPI_ISL_11402290
102	Homo sapiens	2021-12-06	Bosnia and Herzegovina	AY.41	EPI_ISL_11402275
105	Homo sapiens	2021-12-27	Bosnia and Herzegovina	BA.2	EPI_ISL_11402288
91	Homo sapiens	2021-09-21	Bosnia and Herzegovina	AY.43	EPI_ISL_11402268
113	Homo sapiens	2022-02-21	Bosnia and Herzegovina	AY.4	EPI_ISL_11402295
102	Homo sapiens	2021-12-08	Bosnia and Herzegovina	BA.1.17	EPI_ISL_11402282
103	Homo sapiens	2021-12-13	Bosnia and Herzegovina	BA.1.1	EPI_ISL_11402285
112	Homo sapiens	2022-02-16	Bosnia and Herzegovina	AY.43	EPI_ISL_11402294
103	Homo sapiens	2021-12-13	Bosnia and Herzegovina	BA.1	EPI_ISL_11402283
105	Homo sapiens	2021-12-27	Bosnia and Herzegovina	BA.1.1.1	EPI_ISL_11402287
110	Homo sapiens	2022-02-02	Bosnia and Herzegovina	AY.122	EPI_ISL_11402291
102	Homo sapiens	2021-12-06	Bosnia and Herzegovina	AY.43	EPI_ISL_11402274
110	Homo sapiens	2022-02-03	Bosnia and Herzegovina	AY.4	EPI_ISL_11402292
103	Homo sapiens	2021-12-13	Bosnia and Herzegovina	BA.1.17.2	EPI_ISL_11402286
115	Homo sapiens	2022-03-08	Bosnia and Herzegovina	BA.1	EPI_ISL_11402296
98	Homo sapiens	2021-11-09	Bosnia and Herzegovina	AY.122	EPI_ISL_11402271
110	Homo sapiens	2022-02-03	Bosnia and Herzegovina	AY.46.6	EPI_ISL_11402293
101	Homo sapiens	2021-12-02	Bosnia and Herzegovina	AY.98.1	EPI_ISL_11402273
102	Homo sapiens	2021-12-06	Bosnia and Herzegovina	AY.41	EPI_ISL_11402276
115	Homo sapiens	2022-03-11	Bosnia and Herzegovina	BA.1.18	EPI_ISL_11402297
102	Homo sapiens	2021-12-07	Bosnia and Herzegovina	AY.112	EPI_ISL_11403701
115	Homo sapiens	2022-03-13	Bosnia and Herzegovina	BA.2	EPI_ISL_11629385
114	Homo sapiens	2022-03-04	Bosnia and Herzegovina	BA.2.9	EPI_ISL_11629386
116	Homo sapiens	2022-03-16	Bosnia and Herzegovina	BA.1.1	EPI_ISL_11629387
114	Homo sapiens	2022-03-01	Bosnia and Herzegovina	BA.2	EPI_ISL_11629401
115	Homo sapiens	2022-03-13	Bosnia and Herzegovina	BA.2	EPI_ISL_11629398
112	Homo sapiens	2022-02-16	Bosnia and Herzegovina	BA.2	EPI_ISL_11629395
115	Homo sapiens	2022-03-07	Bosnia and Herzegovina	BA.2	EPI_ISL_11629396
114	Homo sapiens	2022-02-28	Bosnia and Herzegovina	BA.1.1	EPI_ISL_11629392
115	Homo sapiens	2022-03-10	Bosnia and Herzegovina	BA.2.9	EPI_ISL_11629393
115	Homo sapiens	2022-03-08	Bosnia and Herzegovina	BA.2	EPI_ISL_11629394
110	Homo sapiens	2022-02-03	Bosnia and Herzegovina	BA.2	EPI_ISL_11629380
116	Homo sapiens	2022-03-15	Bosnia and Herzegovina	BA.2.9	EPI_ISL_11629383
116	Homo sapiens	2022-03-14	Bosnia and Herzegovina	BA.2	EPI_ISL_11629399
116	Homo sapiens	2022-03-15	Bosnia and Herzegovina	BA.2	EPI_ISL_11629397
115	Homo sapiens	2022-03-08	Bosnia and Herzegovina	BA.1.1	EPI_ISL_11629382
113	Homo sapiens	2022-02-23	Bosnia and Herzegovina	BA.2	EPI_ISL_11629381
115	Homo sapiens	2022-03-13	Bosnia and Herzegovina	BA.2.9	EPI_ISL_11629388
115	Homo sapiens	2022-03-12	Bosnia and Herzegovina	BA.2	EPI_ISL_11629384
127	Homo sapiens	2022-05-31	Bosnia and Herzegovina	BA.2	EPI_ISL_13804563
126	Homo sapiens	2022-05-23	Bosnia and Herzegovina	BA.2	EPI_ISL_13804561
126	Homo sapiens	2022-05-23	Bosnia and Herzegovina	BA.2	EPI_ISL_13804572
131	Homo sapiens	2022-06-28	Bosnia and Herzegovina	BA.5.1	EPI_ISL_13804553
130	Homo sapiens	2022-06-23	Bosnia and Herzegovina	BA.5.1	EPI_ISL_13804559
127	Homo sapiens	2022-06-01	Bosnia and Herzegovina	BA.2	EPI_ISL_13804565
126	Homo sapiens	2022-05-25	Bosnia and Herzegovina	BA.2.9	EPI_ISL_13804567
127	Homo sapiens	2022-06-03	Bosnia and Herzegovina	BA.2.48	EPI_ISL_13804557
155	Homo sapiens	2022-12-12	Bosnia and Herzegovina	BQ.1.1	EPI_ISL_16940597
158	Homo sapiens	2023-01-02	Bosnia and Herzegovina	BA.5.2	EPI_ISL_16940604
137	Homo sapiens	2022-08-09	Bosnia and Herzegovina	BA.5.2	EPI_ISL_16940594
136	Homo sapiens	2022-08-02	Bosnia and Herzegovina	BA.5.2	EPI_ISL_16940593
152	Homo sapiens	2022-11-26	Bosnia and Herzegovina	BA.5.2	EPI_ISL_16940596
157	Homo sapiens	2022-12-26	Bosnia and Herzegovina	BQ.1.1.3	EPI_ISL_16940609
148	Homo sapiens	2022-10-27	Bosnia and Herzegovina	BQ.1.1.7	EPI_ISL_16940606
159	Homo sapiens	2023-01-14	Bosnia and Herzegovina	XBB.1.5	EPI_ISL_16940628
155	Homo sapiens	2022-12-15	Bosnia and Herzegovina	BQ.1.1	EPI_ISL_16940620
160	Homo sapiens	2023-01-18	Bosnia and Herzegovina	BN.1.5	EPI_ISL_16940625
160	Homo sapiens	2023-01-20	Bosnia and Herzegovina	BA.5.2.6	EPI_ISL_16940623
113	Homo sapiens	2022-02-21	Bosnia and Herzegovina	BF.7.6	EPI_ISL_16940621
160	Homo sapiens	2023-01-19	Bosnia and Herzegovina	BQ.1.1.15	EPI_ISL_16940624
156	Homo sapiens	2022-12-25	Bosnia and Herzegovina	BA.5.2.1	EPI_ISL_16940622
159	Homo sapiens	2023-01-10	Bosnia and Herzegovina	BQ.1.1.32	EPI_ISL_16940631
159	Homo sapiens	2023-01-11	Bosnia and Herzegovina	BF.14	EPI_ISL_16940629
160	Homo sapiens	2023-01-18	Bosnia and Herzegovina	BN.1.5	EPI_ISL_16940626
160	Homo sapiens	2023-01-17	Bosnia and Herzegovina	BQ.1.1.28	EPI_ISL_16940627
153	Homo sapiens	2022-12-03	Bosnia and Herzegovina	BF.14	EPI_ISL_16940613
156	Homo sapiens	2022-12-23	Bosnia and Herzegovina	BW.1	EPI_ISL_16940614
156	Homo sapiens	2022-12-20	Bosnia and Herzegovina	BQ.1.1.18	EPI_ISL_16940611
153	Homo sapiens	2022-12-03	Bosnia and Herzegovina	BF.14	EPI_ISL_16940612
153	Homo sapiens	2022-12-04	Bosnia and Herzegovina	BA.5.2.6	EPI_ISL_16940618
156	Homo sapiens	2022-12-23	Bosnia and Herzegovina	BF.14	EPI_ISL_16940615
160	Homo sapiens	2023-01-19	Bosnia and Herzegovina	BQ.1.1.32	EPI_ISL_16940616
155	Homo sapiens	2022-12-14	Bosnia and Herzegovina	BA.5.9	EPI_ISL_16940619
159	Homo sapiens	2023-01-10	Bosnia and Herzegovina	BQ.1.11	EPI_ISL_16940630
132	Homo sapiens	2022-07-05	Bosnia and Herzegovina	BA.5.2	EPI_ISL_16940632
140	Homo sapiens	2022-08-31	Bosnia and Herzegovina	BA.5.2.20	EPI_ISL_16940635
135	Homo sapiens	2022-07-25	Bosnia and Herzegovina	BA.5.2.1	EPI_ISL_16940633
136	Homo sapiens	2022-08-02	Bosnia and Herzegovina	BE.1.1	EPI_ISL_16940634
151	Homo sapiens	2022-11-17	Bosnia and Herzegovina	BA.5.1	EPI_ISL_16940607
157	Homo sapiens	2022-12-26	Bosnia and Herzegovina	BQ.1.18	EPI_ISL_16940602
154	Homo sapiens	2022-12-10	Bosnia and Herzegovina	BA.5.2.1	EPI_ISL_16940603
156	Homo sapiens	2022-12-21	Bosnia and Herzegovina	BF.7.6	EPI_ISL_16940600
156	Homo sapiens	2022-12-25	Bosnia and Herzegovina	BF.14	EPI_ISL_16940601
149	Homo sapiens	2022-11-05	Bosnia and Herzegovina	BA.5.1	EPI_ISL_16940608
148	Homo sapiens	2022-10-28	Bosnia and Herzegovina	BA.5.2.26	EPI_ISL_16940605
132	Homo sapiens	2022-07-08	Bosnia and Herzegovina	BA.5.2	EPI_ISL_16940592
150	Homo sapiens	2022-11-07	Bosnia and Herzegovina	BA.5.2.6	EPI_ISL_16940595
156	Homo sapiens	2022-12-21	Bosnia and Herzegovina	BA.5.2	EPI_ISL_16940598
155	Homo sapiens	2022-12-16	Bosnia and Herzegovina	BF.14	EPI_ISL_16940599
149	Homo sapiens	2022-11-03	Bosnia and Herzegovina	XBC.1	EPI_ISL_17068934
164	Homo sapiens	2023-02-17	Bosnia and Herzegovina	XBB.1.5	EPI_ISL_17179552
165	Homo sapiens	2023-02-20	Bosnia and Herzegovina	BN.1.3.1	EPI_ISL_17179551
165	Homo sapiens	2023-02-21	Bosnia and Herzegovina	XBB.1.5	EPI_ISL_17179553
164	Homo sapiens	2023-02-19	Bosnia and Herzegovina	XBB.1.5	EPI_ISL_17179550
165	Homo sapiens	2023-02-26	Bosnia and Herzegovina	BA.5.2.6	EPI_ISL_17179554
164	Homo sapiens	2023-02-13	Bosnia and Herzegovina	BQ.1.1.32	EPI_ISL_17179555
168	Homo sapiens	2023-03-15	Bosnia and Herzegovina	XBB.1.5	EPI_ISL_17300884
156	Homo sapiens	2022-12-21	Bosnia and Herzegovina	BF.7.6	EPI_ISL_17300871
155	Homo sapiens	2022-12-13	Bosnia and Herzegovina	CH.1.1.3	EPI_ISL_17300870
159	Homo sapiens	2023-01-11	Bosnia and Herzegovina	BQ.1.1.10	EPI_ISL_17300872
146	Homo sapiens	2022-10-10	Bosnia and Herzegovina	BF.7.13.2	EPI_ISL_17300867
162	Homo sapiens	2023-02-03	Bosnia and Herzegovina	BF.26	EPI_ISL_17300876
154	Homo sapiens	2022-12-06	Bosnia and Herzegovina	BA.5.2.6	EPI_ISL_17300869
164	Homo sapiens	2023-02-14	Bosnia and Herzegovina	XBB.1.9.1	EPI_ISL_17300878
