13	Homo sapiens	2020-03-28	Botswana 	B.1	EPI_ISL_560386
53	Homo sapiens	2020-12-31	Botswana 	B.1.1	EPI_ISL_1677700
52	Homo sapiens	2020-12-24	Botswana 	B.1.1.54	EPI_ISL_1677702
53	Homo sapiens	2020-12-31	Botswana 	B.1.1.54	EPI_ISL_1677705
53	Homo sapiens	2021-01-01	Botswana 	B.1.1.54	EPI_ISL_1677706
53	Homo sapiens	2021-01-03	Botswana 	B.1.1.54	EPI_ISL_1677709
85	Homo sapiens	2021-08-12	Botswana 	AY.45	EPI_ISL_3948468
88	Homo sapiens	2021-09-05	Botswana 	AY.45	EPI_ISL_4299821
88	Homo sapiens	2021-09-04	Botswana 	AY.46	EPI_ISL_4299794
88	Homo sapiens	2021-09-03	Botswana 	AY.46	EPI_ISL_4299788
88	Homo sapiens	2021-09-03	Botswana 	AY.46	EPI_ISL_4299787
88	Homo sapiens	2021-09-02	Botswana 	AY.46	EPI_ISL_4299824
83	Homo sapiens	2021-07-29	Botswana 	AY.91	EPI_ISL_4299795
88	Homo sapiens	2021-09-02	Botswana 	AY.46	EPI_ISL_4299802
92	Homo sapiens	2021-09-27	Botswana 	AY.45	EPI_ISL_5248612
91	Homo sapiens	2021-09-25	Botswana 	AY.127	EPI_ISL_5248614
91	Homo sapiens	2021-09-24	Botswana 	AY.46	EPI_ISL_5248615
91	Homo sapiens	2021-09-20	Botswana 	AY.46	EPI_ISL_5248579
90	Homo sapiens	2021-09-19	Botswana 	AY.45	EPI_ISL_5248561
90	Homo sapiens	2021-09-19	Botswana 	AY.116	EPI_ISL_5248564
90	Homo sapiens	2021-09-19	Botswana 	AY.46	EPI_ISL_5248578
90	Homo sapiens	2021-09-19	Botswana 	AY.116	EPI_ISL_5248600
90	Homo sapiens	2021-09-19	Botswana 	AY.116	EPI_ISL_5248603
90	Homo sapiens	2021-09-17	Botswana 	AY.116	EPI_ISL_5248607
90	Homo sapiens	2021-09-17	Botswana 	AY.116	EPI_ISL_5248604
90	Homo sapiens	2021-09-17	Botswana 	AY.116	EPI_ISL_5248605
90	Homo sapiens	2021-09-17	Botswana 	AY.116	EPI_ISL_5248609
90	Homo sapiens	2021-09-17	Botswana 	AY.46	EPI_ISL_5248611
90	Homo sapiens	2021-09-16	Botswana 	AY.46	EPI_ISL_5248602
90	Homo sapiens	2021-09-16	Botswana 	AY.46	EPI_ISL_5248595
90	Homo sapiens	2021-09-15	Botswana 	AY.116	EPI_ISL_5248608
89	Homo sapiens	2021-09-10	Botswana 	AY.46	EPI_ISL_5248559
89	Homo sapiens	2021-09-09	Botswana 	AY.116	EPI_ISL_5248555
89	Homo sapiens	2021-09-09	Botswana 	AY.116	EPI_ISL_5248558
89	Homo sapiens	2021-09-09	Botswana 	AY.46	EPI_ISL_5248546
89	Homo sapiens	2021-09-08	Botswana 	AY.116	EPI_ISL_5248557
89	Homo sapiens	2021-09-07	Botswana 	AY.45	EPI_ISL_5248556
89	Homo sapiens	2021-09-06	Botswana 	AY.116	EPI_ISL_5248535
98	Homo sapiens	2021-11-12	Botswana 	AY.46	EPI_ISL_6640880
98	Homo sapiens	2021-11-12	Botswana 	AY.46	EPI_ISL_6640885
98	Homo sapiens	2021-11-12	Botswana 	AY.46	EPI_ISL_6640886
98	Homo sapiens	2021-11-12	Botswana 	AY.46	EPI_ISL_6640887
98	Homo sapiens	2021-11-12	Botswana 	AY.46	EPI_ISL_6640888
98	Homo sapiens	2021-11-12	Botswana 	AY.116	EPI_ISL_6640897
98	Homo sapiens	2021-11-12	Botswana 	AY.46	EPI_ISL_6670245
98	Homo sapiens	2021-11-12	Botswana 	AY.46	EPI_ISL_6670247
98	Homo sapiens	2021-11-11	Botswana 	AY.116	EPI_ISL_6640876
98	Homo sapiens	2021-11-11	Botswana 	AY.46	EPI_ISL_6640877
98	Homo sapiens	2021-11-11	Botswana 	AY.46	EPI_ISL_6640889
98	Homo sapiens	2021-11-11	Botswana 	AY.46	EPI_ISL_6670243
98	Homo sapiens	2021-11-10	Botswana 	AY.46	EPI_ISL_6640873
98	Homo sapiens	2021-11-09	Botswana 	AY.46	EPI_ISL_6640874
98	Homo sapiens	2021-11-09	Botswana 	AY.46	EPI_ISL_6640875
98	Homo sapiens	2021-11-08	Botswana 	AY.46	EPI_ISL_6640847
98	Homo sapiens	2021-11-08	Botswana 	AY.46	EPI_ISL_6640870
98	Homo sapiens	2021-11-08	Botswana 	AY.46	EPI_ISL_6640871
98	Homo sapiens	2021-11-08	Botswana 	AY.46	EPI_ISL_6640872
97	Homo sapiens	2021-11-07	Botswana 	AY.46	EPI_ISL_6640865
97	Homo sapiens	2021-11-07	Botswana 	AY.46	EPI_ISL_6640866
97	Homo sapiens	2021-11-04	Botswana 	AY.116	EPI_ISL_6640824
97	Homo sapiens	2021-11-04	Botswana 	AY.116	EPI_ISL_6640840
97	Homo sapiens	2021-11-04	Botswana 	AY.46	EPI_ISL_6640841
97	Homo sapiens	2021-11-04	Botswana 	AY.46	EPI_ISL_6640842
97	Homo sapiens	2021-11-04	Botswana 	AY.116	EPI_ISL_6640843
97	Homo sapiens	2021-11-04	Botswana 	AY.46	EPI_ISL_6640846
97	Homo sapiens	2021-11-04	Botswana 	AY.46	EPI_ISL_6640868
97	Homo sapiens	2021-11-04	Botswana 	AY.46	EPI_ISL_6640879
97	Homo sapiens	2021-11-04	Botswana 	AY.46	EPI_ISL_6640883
97	Homo sapiens	2021-11-04	Botswana 	AY.46	EPI_ISL_6640899
97	Homo sapiens	2021-11-04	Botswana 	AY.46	EPI_ISL_6670249
97	Homo sapiens	2021-11-03	Botswana 	AY.116	EPI_ISL_6640823
97	Homo sapiens	2021-11-03	Botswana 	AY.116	EPI_ISL_6640826
97	Homo sapiens	2021-11-03	Botswana 	AY.46	EPI_ISL_6640828
97	Homo sapiens	2021-11-03	Botswana 	AY.46	EPI_ISL_6640830
97	Homo sapiens	2021-11-03	Botswana 	AY.46	EPI_ISL_6640832
97	Homo sapiens	2021-11-03	Botswana 	AY.46	EPI_ISL_6640834
97	Homo sapiens	2021-11-03	Botswana 	AY.46	EPI_ISL_6640836
97	Homo sapiens	2021-11-03	Botswana 	AY.46	EPI_ISL_6640838
97	Homo sapiens	2021-11-03	Botswana 	AY.112	EPI_ISL_6640845
97	Homo sapiens	2021-11-02	Botswana 	AY.46	EPI_ISL_6640827
97	Homo sapiens	2021-11-01	Botswana 	AY.46	EPI_ISL_6640825
97	Homo sapiens	2021-11-01	Botswana 	AY.46	EPI_ISL_6640829
97	Homo sapiens	2021-11-01	Botswana 	AY.46	EPI_ISL_6640831
97	Homo sapiens	2021-11-01	Botswana 	AY.46	EPI_ISL_6640833
97	Homo sapiens	2021-11-01	Botswana 	AY.46	EPI_ISL_6640835
97	Homo sapiens	2021-11-01	Botswana 	AY.46	EPI_ISL_6640878
97	Homo sapiens	2021-11-01	Botswana 	AY.46	EPI_ISL_6640881
97	Homo sapiens	2021-11-01	Botswana 	AY.46	EPI_ISL_6640898
96	Homo sapiens	2021-10-31	Botswana 	AY.46	EPI_ISL_6640837
96	Homo sapiens	2021-10-31	Botswana 	AY.46	EPI_ISL_6640839
96	Homo sapiens	2021-10-29	Botswana 	AY.46	EPI_ISL_6640890
96	Homo sapiens	2021-10-28	Botswana 	AY.46	EPI_ISL_6640867
96	Homo sapiens	2021-10-27	Botswana 	AY.46	EPI_ISL_6640852
96	Homo sapiens	2021-10-27	Botswana 	AY.46	EPI_ISL_6640855
96	Homo sapiens	2021-10-27	Botswana 	AY.46	EPI_ISL_6640869
96	Homo sapiens	2021-10-25	Botswana 	AY.46	EPI_ISL_6640856
96	Homo sapiens	2021-10-25	Botswana 	AY.46	EPI_ISL_6640891
96	Homo sapiens	2021-10-25	Botswana 	AY.46	EPI_ISL_6670034
95	Homo sapiens	2021-10-22	Botswana 	AY.46	EPI_ISL_6640849
95	Homo sapiens	2021-10-21	Botswana 	AY.46	EPI_ISL_6640893
95	Homo sapiens	2021-10-21	Botswana 	AY.46	EPI_ISL_6670202
95	Homo sapiens	2021-10-18	Botswana 	AY.46	EPI_ISL_6640882
94	Homo sapiens	2021-10-17	Botswana 	AY.46	EPI_ISL_6640853
94	Homo sapiens	2021-10-14	Botswana 	AY.46	EPI_ISL_6670250
94	Homo sapiens	2021-10-12	Botswana 	AY.46	EPI_ISL_6640862
94	Homo sapiens	2021-10-11	Botswana 	AY.46	EPI_ISL_6640894
94	Homo sapiens	2021-10-11	Botswana 	AY.46	EPI_ISL_6640895
94	Homo sapiens	2021-10-11	Botswana 	AY.46	EPI_ISL_6640896
93	Homo sapiens	2021-10-08	Botswana 	AY.46	EPI_ISL_6640884
93	Homo sapiens	2021-10-04	Botswana 	AY.46	EPI_ISL_6640844
82	Homo sapiens	2021-07-22	Botswana 	AY.46	EPI_ISL_6640854
82	Homo sapiens	2021-07-22	Botswana 	AY.46	EPI_ISL_6640857
82	Homo sapiens	2021-07-22	Botswana 	AY.46	EPI_ISL_6640861
82	Homo sapiens	2021-07-22	Botswana 	AY.46	EPI_ISL_6640863
82	Homo sapiens	2021-07-22	Botswana 	AY.45	EPI_ISL_6640914
82	Homo sapiens	2021-07-22	Botswana 	AY.46	EPI_ISL_6670252
82	Homo sapiens	2021-07-21	Botswana 	AY.45	EPI_ISL_6640848
82	Homo sapiens	2021-07-21	Botswana 	AY.46	EPI_ISL_6640858
82	Homo sapiens	2021-07-21	Botswana 	AY.46	EPI_ISL_6640859
82	Homo sapiens	2021-07-21	Botswana 	AY.116	EPI_ISL_6640860
82	Homo sapiens	2021-07-19	Botswana 	AY.46	EPI_ISL_6640851
82	Homo sapiens	2021-07-19	Botswana 	AY.46	EPI_ISL_6640864
100	Homo sapiens	2021-11-22	Botswana 	AY.46	EPI_ISL_7120786
100	Homo sapiens	2021-11-22	Botswana 	AY.46	EPI_ISL_7120793
99	Homo sapiens	2021-11-21	Botswana 	AY.46	EPI_ISL_7120897
99	Homo sapiens	2021-11-20	Botswana 	AY.46	EPI_ISL_7120921
99	Homo sapiens	2021-11-19	Botswana 	AY.46	EPI_ISL_7120928
99	Homo sapiens	2021-11-19	Botswana 	AY.46	EPI_ISL_7120937
99	Homo sapiens	2021-11-19	Botswana 	AY.46	EPI_ISL_7120942
99	Homo sapiens	2021-11-19	Botswana 	AY.46	EPI_ISL_7120957
99	Homo sapiens	2021-11-19	Botswana 	AY.46	EPI_ISL_7120884
99	Homo sapiens	2021-11-19	Botswana 	AY.46	EPI_ISL_7120887
99	Homo sapiens	2021-11-18	Botswana 	AY.46	EPI_ISL_7120759
99	Homo sapiens	2021-11-18	Botswana 	AY.46	EPI_ISL_7120765
99	Homo sapiens	2021-11-18	Botswana 	AY.46	EPI_ISL_7120815
99	Homo sapiens	2021-11-16	Botswana 	AY.116	EPI_ISL_7121243
99	Homo sapiens	2021-11-16	Botswana 	AY.46	EPI_ISL_7120750
99	Homo sapiens	2021-11-16	Botswana 	AY.46	EPI_ISL_7120825
99	Homo sapiens	2021-11-16	Botswana 	AY.116	EPI_ISL_7120731
99	Homo sapiens	2021-11-16	Botswana 	AY.4	EPI_ISL_7120868
99	Homo sapiens	2021-11-16	Botswana 	AY.46	EPI_ISL_7120874
99	Homo sapiens	2021-11-16	Botswana 	AY.46	EPI_ISL_7120879
99	Homo sapiens	2021-11-16	Botswana 	AY.46	EPI_ISL_7120880
99	Homo sapiens	2021-11-16	Botswana 	AY.116	EPI_ISL_7120739
99	Homo sapiens	2021-11-16	Botswana 	AY.46	EPI_ISL_7120747
99	Homo sapiens	2021-11-15	Botswana 	AY.46	EPI_ISL_7120801
99	Homo sapiens	2021-11-15	Botswana 	AY.46	EPI_ISL_7120806
99	Homo sapiens	2021-11-15	Botswana 	AY.46	EPI_ISL_7120829
99	Homo sapiens	2021-11-15	Botswana 	AY.116	EPI_ISL_7121249
99	Homo sapiens	2021-11-15	Botswana 	AY.46	EPI_ISL_7120835
99	Homo sapiens	2021-11-15	Botswana 	AY.46	EPI_ISL_7120845
99	Homo sapiens	2021-11-15	Botswana 	AY.46	EPI_ISL_7120851
99	Homo sapiens	2021-11-15	Botswana 	AY.46	EPI_ISL_7120860
98	Homo sapiens	2021-11-14	Botswana 	AY.4	EPI_ISL_7120712
98	Homo sapiens	2021-11-14	Botswana 	AY.116	EPI_ISL_7120776
98	Homo sapiens	2021-11-14	Botswana 	AY.46	EPI_ISL_7120881
98	Homo sapiens	2021-11-12	Botswana 	AY.46	EPI_ISL_7121033
98	Homo sapiens	2021-11-12	Botswana 	AY.46	EPI_ISL_7121043
98	Homo sapiens	2021-11-12	Botswana 	AY.46	EPI_ISL_7120720
98	Homo sapiens	2021-11-11	Botswana 	AY.46	EPI_ISL_7120990
98	Homo sapiens	2021-11-11	Botswana 	AY.46	EPI_ISL_7121023
98	Homo sapiens	2021-11-11	Botswana 	AY.46	EPI_ISL_7121056
98	Homo sapiens	2021-11-09	Botswana 	AY.46	EPI_ISL_7121016
98	Homo sapiens	2021-11-08	Botswana 	AY.46	EPI_ISL_7121026
98	Homo sapiens	2021-11-08	Botswana 	AY.116	EPI_ISL_7121262
96	Homo sapiens	2021-10-25	Botswana 	AY.116	EPI_ISL_7121255
95	Homo sapiens	2021-10-20	Botswana 	AY.46	EPI_ISL_7121008
95	Homo sapiens	2021-10-18	Botswana 	AY.46	EPI_ISL_7120726
95	Homo sapiens	2021-10-18	Botswana 	AY.46	EPI_ISL_7120883
94	Homo sapiens	2021-10-16	Botswana 	AY.116	EPI_ISL_7120882
82	Homo sapiens	2021-07-22	Botswana 	AY.46	EPI_ISL_7120983
100	Homo sapiens	2021-11-26	Botswana 	BA.1.17	EPI_ISL_7380512
100	Homo sapiens	2021-11-26	Botswana 	BA.1.17	EPI_ISL_7380515
99	Homo sapiens	2021-11-19	Botswana 	AY.46	EPI_ISL_7380505
98	Homo sapiens	2021-11-08	Botswana 	AY.46	EPI_ISL_7380506
95	Homo sapiens	2021-10-18	Botswana 	AY.116	EPI_ISL_7380504
100	Homo sapiens	2021-11-23	Botswana 	AY.46	EPI_ISL_7566329
102	Homo sapiens	2021-12-06	Botswana 	AY.116	EPI_ISL_7834534
95	Homo sapiens	2021-10-21	Botswana 	AY.116	EPI_ISL_9423112
95	Homo sapiens	2021-10-21	Botswana 	AY.116	EPI_ISL_9423125
95	Homo sapiens	2021-10-20	Botswana 	AY.46	EPI_ISL_9423115
95	Homo sapiens	2021-10-20	Botswana 	AY.46	EPI_ISL_9423118
95	Homo sapiens	2021-10-19	Botswana 	AY.46	EPI_ISL_9423123
95	Homo sapiens	2021-10-19	Botswana 	AY.46	EPI_ISL_9423127
95	Homo sapiens	2021-10-18	Botswana 	AY.46	EPI_ISL_9423108
92	Homo sapiens	2021-10-01	Botswana 	AY.46	EPI_ISL_9423111
74	Homo sapiens	2021-05-30	Botswana 	AY.116	EPI_ISL_12905502
131	Homo sapiens	2022-06-27	Botswana 	BA.4.1	EPI_ISL_13824647
102	Homo sapiens	2021-12-08	Botswana 	BA.1	EPI_ISL_14291738
102	Homo sapiens	2021-12-08	Botswana 	BA.1.18	EPI_ISL_14291740
102	Homo sapiens	2021-12-07	Botswana 	BA.1.1	EPI_ISL_14291753
102	Homo sapiens	2021-12-08	Botswana 	BA.1.18	EPI_ISL_14291735
102	Homo sapiens	2021-12-08	Botswana 	BA.1	EPI_ISL_14291749
102	Homo sapiens	2021-12-08	Botswana 	BA.1.18	EPI_ISL_14291730
101	Homo sapiens	2021-12-03	Botswana 	BA.1.1	EPI_ISL_14291771
102	Homo sapiens	2021-12-07	Botswana 	BA.1.18	EPI_ISL_14291750
101	Homo sapiens	2021-12-05	Botswana 	BA.1.18	EPI_ISL_14291767
102	Homo sapiens	2021-12-08	Botswana 	BA.1	EPI_ISL_14291737
102	Homo sapiens	2021-12-07	Botswana 	BA.1.1	EPI_ISL_14291757
101	Homo sapiens	2021-12-05	Botswana 	BA.1.18	EPI_ISL_14291776
102	Homo sapiens	2021-12-07	Botswana 	AY.46	EPI_ISL_15161570
109	Homo sapiens	2022-01-26	Botswana 	BA.1	EPI_ISL_15231540
109	Homo sapiens	2022-01-24	Botswana 	BA.1.1	EPI_ISL_15231542
85	Homo sapiens	2021-08-12	Botswana 	AY.46	EPI_ISL_16182327
