32	Homo sapiens	2020-08-07	Burkina Faso	A.19	EPI_ISL_660447
33	Homo sapiens	2020-08-14	Burkina Faso	A.19	EPI_ISL_660449
19	Homo sapiens	2020-05-08	Burkina Faso	A	EPI_ISL_660450
19	Homo sapiens	2020-05-10	Burkina Faso	A	EPI_ISL_660451
33	Homo sapiens	2020-08-14	Burkina Faso	A.19	EPI_ISL_660453
37	Homo sapiens	2020-09-12	Burkina Faso	A.21	EPI_ISL_660456
37	Homo sapiens	2020-09-11	Burkina Faso	B.1	EPI_ISL_660458
38	Homo sapiens	2020-09-16	Burkina Faso	A.21	EPI_ISL_660460
38	Homo sapiens	2020-09-16	Burkina Faso	A.19	EPI_ISL_660461
39	Homo sapiens	2020-09-21	Burkina Faso	A.21	EPI_ISL_660464
39	Homo sapiens	2020-09-24	Burkina Faso	B.1.1	EPI_ISL_660465
39	Homo sapiens	2020-09-25	Burkina Faso	A.21	EPI_ISL_660466
33	Homo sapiens	2020-08-14	Burkina Faso	B.1	EPI_ISL_660469
43	Homo sapiens	2020-10-24	Burkina Faso	B.1	EPI_ISL_660470
45	Homo sapiens	2020-11-03	Burkina Faso	A.21	EPI_ISL_660473
25	Homo sapiens	2020-06-21	Burkina Faso	A.19	EPI_ISL_660475
25	Homo sapiens	2020-06-21	Burkina Faso	A.19	EPI_ISL_660476
30	Homo sapiens	2020-07-23	Burkina Faso	A.19	EPI_ISL_660478
37	Homo sapiens	2020-09-09	Burkina Faso	A.19	EPI_ISL_660480
37	Homo sapiens	2020-09-11	Burkina Faso	A.19	EPI_ISL_660481
37	Homo sapiens	2020-09-11	Burkina Faso	A.19	EPI_ISL_660482
37	Homo sapiens	2020-09-11	Burkina Faso	A.19	EPI_ISL_660483
37	Homo sapiens	2020-09-11	Burkina Faso	A.19	EPI_ISL_660484
37	Homo sapiens	2020-09-11	Burkina Faso	A.19	EPI_ISL_660486
37	Homo sapiens	2020-09-11	Burkina Faso	A.19	EPI_ISL_660487
43	Homo sapiens	2020-10-19	Burkina Faso	A.19	EPI_ISL_660489
33	Homo sapiens	2020-08-12	Burkina Faso	B.1.388	EPI_ISL_660490
37	Homo sapiens	2020-09-09	Burkina Faso	B.1.388	EPI_ISL_660491
33	Homo sapiens	2020-08-13	Burkina Faso	B.1.1	EPI_ISL_660492
39	Homo sapiens	2020-09-21	Burkina Faso	B.1	EPI_ISL_1299495
40	Homo sapiens	2020-09-28	Burkina Faso	B.1.1.359	EPI_ISL_1299497
55	Homo sapiens	2021-01-16	Burkina Faso	B.1.1.7	EPI_ISL_2142725
55	Homo sapiens	2021-01-14	Burkina Faso	B.1	EPI_ISL_2178994
55	Homo sapiens	2021-01-14	Burkina Faso	B.1	EPI_ISL_2179051
55	Homo sapiens	2021-01-11	Burkina Faso	L.3	EPI_ISL_2142732
55	Homo sapiens	2021-01-11	Burkina Faso	A.21	EPI_ISL_2178993
55	Homo sapiens	2021-01-11	Burkina Faso	A.21	EPI_ISL_2179050
54	Homo sapiens	2021-01-08	Burkina Faso	B.1	EPI_ISL_2178989
54	Homo sapiens	2021-01-08	Burkina Faso	B.1	EPI_ISL_2179046
54	Homo sapiens	2021-01-07	Burkina Faso	B.1	EPI_ISL_2142728
54	Homo sapiens	2021-01-06	Burkina Faso	B.1	EPI_ISL_2142716
54	Homo sapiens	2021-01-06	Burkina Faso	B.1	EPI_ISL_2142722
54	Homo sapiens	2021-01-05	Burkina Faso	B.1	EPI_ISL_2142719
53	Homo sapiens	2021-01-02	Burkina Faso	B.1	EPI_ISL_2178983
53	Homo sapiens	2021-01-02	Burkina Faso	B.1	EPI_ISL_2179040
52	Homo sapiens	2020-12-25	Burkina Faso	B.1.1	EPI_ISL_2142709
59	Homo sapiens	2021-02-09	Burkina Faso	A.27	EPI_ISL_2227201
56	Homo sapiens	2021-01-18	Burkina Faso	A.21	EPI_ISL_2686354
53	Homo sapiens	2020-12-28	Burkina Faso	B.1	EPI_ISL_2686259
53	Homo sapiens	2020-12-28	Burkina Faso	B.1	EPI_ISL_2686262
52	Homo sapiens	2020-12-26	Burkina Faso	B.1	EPI_ISL_2686249
52	Homo sapiens	2020-12-26	Burkina Faso	B.1	EPI_ISL_2686250
52	Homo sapiens	2020-12-26	Burkina Faso	B.1	EPI_ISL_2686251
51	Homo sapiens	2020-12-14	Burkina Faso	B.1	EPI_ISL_2686349
49	Homo sapiens	2020-12-02	Burkina Faso	A.19	EPI_ISL_2686240
49	Homo sapiens	2020-12-02	Burkina Faso	A.19	EPI_ISL_2686241
49	Homo sapiens	2020-12-02	Burkina Faso	A.19	EPI_ISL_2686242
49	Homo sapiens	2020-12-02	Burkina Faso	A.19	EPI_ISL_2686244
49	Homo sapiens	2020-12-01	Burkina Faso	A.19	EPI_ISL_2686238
52	Homo sapiens	2020-12-26	Burkina Faso	A.21	EPI_ISL_2716622
56	Homo sapiens	2021-01-21	Burkina Faso	B.1	EPI_ISL_2142713
69	Homo sapiens	2021-04-20	Burkina Faso	AY.36	EPI_ISL_4255148
68	Homo sapiens	2021-04-16	Burkina Faso	AY.36	EPI_ISL_4255147
65	Homo sapiens	2021-03-27	Burkina Faso	A.21	EPI_ISL_4255109
65	Homo sapiens	2021-03-23	Burkina Faso	AY.36	EPI_ISL_4255146
64	Homo sapiens	2021-03-19	Burkina Faso	B.1	EPI_ISL_4255093
64	Homo sapiens	2021-03-18	Burkina Faso	AY.36	EPI_ISL_4255145
63	Homo sapiens	2021-03-12	Burkina Faso	B.1	EPI_ISL_4255108
52	Homo sapiens	2020-12-27	Burkina Faso	AY.36	EPI_ISL_4255164
52	Homo sapiens	2020-12-27	Burkina Faso	AY.36	EPI_ISL_4255163
52	Homo sapiens	2020-12-23	Burkina Faso	B.1.525	EPI_ISL_4255082
52	Homo sapiens	2020-12-22	Burkina Faso	A	EPI_ISL_4255143
52	Homo sapiens	2020-12-22	Burkina Faso	A.21	EPI_ISL_4255070
51	Homo sapiens	2020-12-19	Burkina Faso	B.1.525	EPI_ISL_4255081
51	Homo sapiens	2020-12-19	Burkina Faso	B.1	EPI_ISL_4255078
51	Homo sapiens	2020-12-18	Burkina Faso	AY.36	EPI_ISL_4255157
51	Homo sapiens	2020-12-18	Burkina Faso	B.1	EPI_ISL_4255085
51	Homo sapiens	2020-12-17	Burkina Faso	AY.36	EPI_ISL_4255165
51	Homo sapiens	2020-12-15	Burkina Faso	A	EPI_ISL_4255083
51	Homo sapiens	2020-12-15	Burkina Faso	A.21	EPI_ISL_4255086
51	Homo sapiens	2020-12-15	Burkina Faso	A.21	EPI_ISL_4255061
51	Homo sapiens	2020-12-15	Burkina Faso	B.1	EPI_ISL_4255090
51	Homo sapiens	2020-12-15	Burkina Faso	A.21	EPI_ISL_4255062
50	Homo sapiens	2020-12-08	Burkina Faso	A	EPI_ISL_4255152
50	Homo sapiens	2020-12-08	Burkina Faso	AY.36	EPI_ISL_4255155
50	Homo sapiens	2020-12-07	Burkina Faso	AY.36	EPI_ISL_4255126
50	Homo sapiens	2020-12-07	Burkina Faso	B.1.1.404	EPI_ISL_4255069
49	Homo sapiens	2020-12-03	Burkina Faso	AY.36	EPI_ISL_4255127
49	Homo sapiens	2020-12-03	Burkina Faso	AY.36	EPI_ISL_4255129
48	Homo sapiens	2020-11-26	Burkina Faso	B.1	EPI_ISL_4255010
48	Homo sapiens	2020-11-26	Burkina Faso	B.1	EPI_ISL_4255051
42	Homo sapiens	2020-10-18	Burkina Faso	B.1	EPI_ISL_4255162
39	Homo sapiens	2020-09-21	Burkina Faso	A	EPI_ISL_4255134
38	Homo sapiens	2020-09-18	Burkina Faso	AY.36	EPI_ISL_4255139
38	Homo sapiens	2020-09-16	Burkina Faso	AY.36	EPI_ISL_4255138
38	Homo sapiens	2020-09-16	Burkina Faso	B.1	EPI_ISL_4255137
22	Homo sapiens	2020-05-29	Burkina Faso	A.11	EPI_ISL_4255028
101	Homo sapiens	2021-12-05	Burkina Faso	A	EPI_ISL_7845985
49	Homo sapiens	2020-12-02	Burkina Faso	B.1	EPI_ISL_13296521
47	Homo sapiens	2020-11-19	Burkina Faso	B.1.1.404	EPI_ISL_13296520
53	Homo sapiens	2020-12-29	Burkina Faso	B.1.1.404	EPI_ISL_13296528
49	Homo sapiens	2020-12-04	Burkina Faso	B.1.1.404	EPI_ISL_13296542
51	Homo sapiens	2020-12-15	Burkina Faso	A.21	EPI_ISL_13296525
51	Homo sapiens	2020-12-20	Burkina Faso	A.21	EPI_ISL_13296517
53	Homo sapiens	2020-12-29	Burkina Faso	A.27	EPI_ISL_13296533
93	Homo sapiens	2021-10-08	Burkina Faso	AY.133	EPI_ISL_13833305
93	Homo sapiens	2021-10-08	Burkina Faso	AY.133	EPI_ISL_13833303
93	Homo sapiens	2021-10-08	Burkina Faso	AY.133	EPI_ISL_13833301
93	Homo sapiens	2021-10-07	Burkina Faso	B.1.617.2	EPI_ISL_13833313
93	Homo sapiens	2021-10-06	Burkina Faso	B.1.617.2	EPI_ISL_13833310
141	Homo sapiens	2022-09-05	Burkina Faso	AY.88	EPI_ISL_16896469
107	Homo sapiens	2022-01-12	Burkina Faso	BA.1.13	EPI_ISL_16896489
106	Homo sapiens	2022-01-06	Burkina Faso	BA.1.13	EPI_ISL_16896498
103	Homo sapiens	2021-12-13	Burkina Faso	BA.1.13	EPI_ISL_16896523
104	Homo sapiens	2021-12-20	Burkina Faso	BA.1.13	EPI_ISL_16896515
92	Homo sapiens	2021-09-27	Burkina Faso	B.1.617.2	EPI_ISL_16896540
88	Homo sapiens	2021-08-31	Burkina Faso	B.1.617.2	EPI_ISL_16896559
87	Homo sapiens	2021-08-25	Burkina Faso	B.1.617.2	EPI_ISL_16896561
89	Homo sapiens	2021-09-06	Burkina Faso	AY.122	EPI_ISL_16896547
102	Homo sapiens	2021-12-10	Burkina Faso	BA.1.13	EPI_ISL_16896526
102	Homo sapiens	2021-12-08	Burkina Faso	B.1.617.2	EPI_ISL_16896530
102	Homo sapiens	2021-12-10	Burkina Faso	BA.1.13	EPI_ISL_16896525
103	Homo sapiens	2021-12-15	Burkina Faso	B.1.617.2	EPI_ISL_16896521
102	Homo sapiens	2021-12-10	Burkina Faso	AY.133	EPI_ISL_16896527
104	Homo sapiens	2021-12-24	Burkina Faso	B.1.617.2	EPI_ISL_16896512
104	Homo sapiens	2021-12-24	Burkina Faso	B.1.617.2	EPI_ISL_16896513
103	Homo sapiens	2021-12-16	Burkina Faso	AY.133	EPI_ISL_16896517
106	Homo sapiens	2022-01-03	Burkina Faso	BA.1.13	EPI_ISL_16896511
100	Homo sapiens	2021-11-26	Burkina Faso	B.1.617.2	EPI_ISL_16896532
103	Homo sapiens	2021-12-16	Burkina Faso	AY.133	EPI_ISL_16896519
98	Homo sapiens	2021-11-11	Burkina Faso	AY.133	EPI_ISL_16896535
102	Homo sapiens	2021-12-08	Burkina Faso	AY.133	EPI_ISL_16896531
88	Homo sapiens	2021-08-31	Burkina Faso	B.1.617.2	EPI_ISL_16896560
102	Homo sapiens	2021-12-09	Burkina Faso	B.1.617.2	EPI_ISL_16896528
88	Homo sapiens	2021-08-31	Burkina Faso	B.1.617.2	EPI_ISL_16896558
97	Homo sapiens	2021-11-03	Burkina Faso	BA.1.13	EPI_ISL_16896537
88	Homo sapiens	2021-08-31	Burkina Faso	BA.1.13	EPI_ISL_16896554
91	Homo sapiens	2021-09-21	Burkina Faso	AY.133	EPI_ISL_16896542
94	Homo sapiens	2021-10-11	Burkina Faso	AY.133	EPI_ISL_16896538
127	Homo sapiens	2022-05-30	Burkina Faso	BA.5.1.3	EPI_ISL_16896476
163	Homo sapiens	2023-02-08	Burkina Faso	XBB.1	EPI_ISL_17182746
167	Homo sapiens	2023-03-06	Burkina Faso	XBB.1	EPI_ISL_17319109
167	Homo sapiens	2023-03-09	Burkina Faso	XBB.1	EPI_ISL_17319107
