75	Homo sapiens	2021-05-31	Burundi	B.1.351	EPI_ISL_2928010
75	Homo sapiens	2021-05-31	Burundi	AY.46	EPI_ISL_2928011
75	Homo sapiens	2021-05-31	Burundi	B.1.351	EPI_ISL_2928012
74	Homo sapiens	2021-05-30	Burundi	B.1.351	EPI_ISL_2928004
74	Homo sapiens	2021-05-30	Burundi	B.1.351	EPI_ISL_2928005
74	Homo sapiens	2021-05-27	Burundi	AY.46	EPI_ISL_2928006
74	Homo sapiens	2021-05-27	Burundi	B.1.1.7	EPI_ISL_2928007
74	Homo sapiens	2021-05-27	Burundi	AY.46	EPI_ISL_2928008
74	Homo sapiens	2021-05-27	Burundi	B.1.351	EPI_ISL_2928009
83	Homo sapiens	2021-07-28	Burundi	AY.46	EPI_ISL_4949158
83	Homo sapiens	2021-07-28	Burundi	AY.46	EPI_ISL_4949159
83	Homo sapiens	2021-07-28	Burundi	AY.46	EPI_ISL_4949160
83	Homo sapiens	2021-07-28	Burundi	AY.46	EPI_ISL_4949161
83	Homo sapiens	2021-07-28	Burundi	B.1.617.2	EPI_ISL_4949162
83	Homo sapiens	2021-07-28	Burundi	AY.46	EPI_ISL_4949164
83	Homo sapiens	2021-07-28	Burundi	AY.46	EPI_ISL_4949165
83	Homo sapiens	2021-07-28	Burundi	AY.46	EPI_ISL_4949166
83	Homo sapiens	2021-07-28	Burundi	AY.46	EPI_ISL_4949167
83	Homo sapiens	2021-07-28	Burundi	AY.46	EPI_ISL_4949168
83	Homo sapiens	2021-07-28	Burundi	AY.46	EPI_ISL_4949169
83	Homo sapiens	2021-07-28	Burundi	AY.46	EPI_ISL_4949170
83	Homo sapiens	2021-07-28	Burundi	AY.46	EPI_ISL_4949171
83	Homo sapiens	2021-07-28	Burundi	AY.46	EPI_ISL_4949172
83	Homo sapiens	2021-07-28	Burundi	AY.46	EPI_ISL_4949173
83	Homo sapiens	2021-07-28	Burundi	AY.46	EPI_ISL_4949174
83	Homo sapiens	2021-07-28	Burundi	AY.46	EPI_ISL_4949175
83	Homo sapiens	2021-07-28	Burundi	AY.46	EPI_ISL_4949176
83	Homo sapiens	2021-07-28	Burundi	B.1.617.2	EPI_ISL_4949177
83	Homo sapiens	2021-07-28	Burundi	AY.46	EPI_ISL_4949178
83	Homo sapiens	2021-07-28	Burundi	AY.46	EPI_ISL_4949179
83	Homo sapiens	2021-07-28	Burundi	AY.46	EPI_ISL_4949180
83	Homo sapiens	2021-07-28	Burundi	AY.46	EPI_ISL_4949181
83	Homo sapiens	2021-07-28	Burundi	AY.46	EPI_ISL_4949182
83	Homo sapiens	2021-07-28	Burundi	AY.46	EPI_ISL_4949183
83	Homo sapiens	2021-07-28	Burundi	AY.46	EPI_ISL_4949184
83	Homo sapiens	2021-07-28	Burundi	AY.46	EPI_ISL_4949185
83	Homo sapiens	2021-07-28	Burundi	AY.46	EPI_ISL_4949186
83	Homo sapiens	2021-07-28	Burundi	AY.46	EPI_ISL_4949187
83	Homo sapiens	2021-07-28	Burundi	AY.46	EPI_ISL_4949188
83	Homo sapiens	2021-07-28	Burundi	B.1.617.2	EPI_ISL_4949189
83	Homo sapiens	2021-07-28	Burundi	B.1.617.2	EPI_ISL_4949190
83	Homo sapiens	2021-07-28	Burundi	B.1.617.2	EPI_ISL_4949191
83	Homo sapiens	2021-07-28	Burundi	B.1.617.2	EPI_ISL_4949192
83	Homo sapiens	2021-07-28	Burundi	B.1.617.2	EPI_ISL_4949193
83	Homo sapiens	2021-07-28	Burundi	B.1.617.2	EPI_ISL_4949194
83	Homo sapiens	2021-07-28	Burundi	B.1.617.2	EPI_ISL_4949195
83	Homo sapiens	2021-07-28	Burundi	B.1.617.2	EPI_ISL_4949196
83	Homo sapiens	2021-07-28	Burundi	B.1.617.2	EPI_ISL_4949197
83	Homo sapiens	2021-07-28	Burundi	B.1.617.2	EPI_ISL_4949198
83	Homo sapiens	2021-07-28	Burundi	B.1.617.2	EPI_ISL_4949199
83	Homo sapiens	2021-07-28	Burundi	B.1.617.2	EPI_ISL_4949200
83	Homo sapiens	2021-07-28	Burundi	B.1.617.2	EPI_ISL_4949201
83	Homo sapiens	2021-07-28	Burundi	B.1.617.2	EPI_ISL_4949202
83	Homo sapiens	2021-07-28	Burundi	B.1.617.2	EPI_ISL_4949203
83	Homo sapiens	2021-07-28	Burundi	AY.46	EPI_ISL_4949204
83	Homo sapiens	2021-07-28	Burundi	AY.46	EPI_ISL_4949205
83	Homo sapiens	2021-07-28	Burundi	AY.46	EPI_ISL_4949206
83	Homo sapiens	2021-07-28	Burundi	AY.46	EPI_ISL_4949207
83	Homo sapiens	2021-07-28	Burundi	AY.46	EPI_ISL_4949208
83	Homo sapiens	2021-07-28	Burundi	AY.46	EPI_ISL_4949209
83	Homo sapiens	2021-07-28	Burundi	AY.46	EPI_ISL_4949210
83	Homo sapiens	2021-07-28	Burundi	B.1.617.2	EPI_ISL_4949211
83	Homo sapiens	2021-07-28	Burundi	B.1.617.2	EPI_ISL_4949212
