59	Homo sapiens	2021-02-08	Cabo Verde 	B.1.36.29	EPI_ISL_1123288
57	Homo sapiens	2021-01-27	Cabo Verde 	B.1.369	EPI_ISL_1711665
57	Homo sapiens	2021-01-26	Cabo Verde 	B.1.369	EPI_ISL_1123274
57	Homo sapiens	2021-01-26	Cabo Verde 	B.1.1.7	EPI_ISL_1711664
57	Homo sapiens	2021-01-25	Cabo Verde 	B.1	EPI_ISL_1123285
54	Homo sapiens	2021-01-08	Cabo Verde 	B.1.1.420	EPI_ISL_1711660
48	Homo sapiens	2020-11-25	Cabo Verde 	B.1.160	EPI_ISL_1123286
45	Homo sapiens	2020-11-02	Cabo Verde 	B.1	EPI_ISL_1123283
73	Homo sapiens	2021-05-17	Cabo Verde 	B.1.626	EPI_ISL_8350759
73	Homo sapiens	2021-05-21	Cabo Verde 	B.1.626	EPI_ISL_8350770
73	Homo sapiens	2021-05-17	Cabo Verde 	B.1.626	EPI_ISL_8350777
72	Homo sapiens	2021-05-15	Cabo Verde 	B.1.626	EPI_ISL_8350780
73	Homo sapiens	2021-05-21	Cabo Verde 	B.1.626	EPI_ISL_8350789
73	Homo sapiens	2021-05-21	Cabo Verde 	B.1.626	EPI_ISL_8350785
72	Homo sapiens	2021-05-15	Cabo Verde 	B.1.1.7	EPI_ISL_8350781
74	Homo sapiens	2021-05-24	Cabo Verde 	B.1.626	EPI_ISL_8350773
74	Homo sapiens	2021-05-24	Cabo Verde 	B.1.626	EPI_ISL_8350776
73	Homo sapiens	2021-05-21	Cabo Verde 	B.1.626	EPI_ISL_8350788
73	Homo sapiens	2021-05-17	Cabo Verde 	B.1.626	EPI_ISL_8350762
88	Homo sapiens	2021-09-02	Cabo Verde 	AY.34.1	EPI_ISL_8351187
88	Homo sapiens	2021-09-02	Cabo Verde 	AY.34.1	EPI_ISL_8351188
87	Homo sapiens	2021-08-28	Cabo Verde 	AY.124	EPI_ISL_8351116
86	Homo sapiens	2021-08-18	Cabo Verde 	AY.124	EPI_ISL_8351118
86	Homo sapiens	2021-08-19	Cabo Verde 	AY.37	EPI_ISL_8351119
87	Homo sapiens	2021-08-28	Cabo Verde 	AY.124	EPI_ISL_8351122
87	Homo sapiens	2021-08-28	Cabo Verde 	AY.124	EPI_ISL_8351123
87	Homo sapiens	2021-08-28	Cabo Verde 	AY.37	EPI_ISL_8351125
86	Homo sapiens	2021-08-18	Cabo Verde 	B.1.626	EPI_ISL_8351126
86	Homo sapiens	2021-08-20	Cabo Verde 	AY.34.1	EPI_ISL_8351132
87	Homo sapiens	2021-08-28	Cabo Verde 	AY.34	EPI_ISL_8351131
88	Homo sapiens	2021-09-02	Cabo Verde 	AY.34.1	EPI_ISL_8351138
86	Homo sapiens	2021-08-20	Cabo Verde 	AY.34	EPI_ISL_8351137
88	Homo sapiens	2021-09-02	Cabo Verde 	AY.34.1	EPI_ISL_8351140
87	Homo sapiens	2021-08-28	Cabo Verde 	AY.34	EPI_ISL_8351142
85	Homo sapiens	2021-08-14	Cabo Verde 	AY.34	EPI_ISL_8524308
105	Homo sapiens	2021-12-31	Cabo Verde 	BA.1.17.2	EPI_ISL_11270640
106	Homo sapiens	2022-01-07	Cabo Verde 	BA.1.17.2	EPI_ISL_11270657
105	Homo sapiens	2021-12-28	Cabo Verde 	BA.1.17.2	EPI_ISL_11270656
106	Homo sapiens	2022-01-03	Cabo Verde 	BA.1.17.2	EPI_ISL_11270714
105	Homo sapiens	2021-12-31	Cabo Verde 	BA.1.17.2	EPI_ISL_11270646
106	Homo sapiens	2022-01-03	Cabo Verde 	BA.1.17.2	EPI_ISL_11270634
107	Homo sapiens	2022-01-12	Cabo Verde 	BA.1.17.2	EPI_ISL_11270630
106	Homo sapiens	2022-01-07	Cabo Verde 	BA.1	EPI_ISL_11270691
105	Homo sapiens	2022-01-01	Cabo Verde 	BA.1.17.2	EPI_ISL_11270696
106	Homo sapiens	2022-01-03	Cabo Verde 	BA.1	EPI_ISL_11270695
105	Homo sapiens	2021-12-29	Cabo Verde 	BA.1	EPI_ISL_11270666
105	Homo sapiens	2021-12-29	Cabo Verde 	BA.1.17.2	EPI_ISL_11270619
105	Homo sapiens	2021-12-31	Cabo Verde 	BA.1.17.2	EPI_ISL_11270611
106	Homo sapiens	2022-01-03	Cabo Verde 	BA.1.17.2	EPI_ISL_11270635
105	Homo sapiens	2021-12-31	Cabo Verde 	BA.1.17.2	EPI_ISL_11270561
106	Homo sapiens	2022-01-05	Cabo Verde 	BA.1.17.2	EPI_ISL_11270572
106	Homo sapiens	2022-01-07	Cabo Verde 	BA.1.17	EPI_ISL_11270570
105	Homo sapiens	2021-12-29	Cabo Verde 	BA.1.17.2	EPI_ISL_11270574
106	Homo sapiens	2022-01-03	Cabo Verde 	BA.1.17.2	EPI_ISL_11270557
106	Homo sapiens	2022-01-04	Cabo Verde 	BA.1.19	EPI_ISL_11270590
106	Homo sapiens	2022-01-03	Cabo Verde 	BA.1.17.2	EPI_ISL_11270581
106	Homo sapiens	2022-01-05	Cabo Verde 	BA.1.17	EPI_ISL_11270599
106	Homo sapiens	2022-01-03	Cabo Verde 	BA.1.17.2	EPI_ISL_11270594
105	Homo sapiens	2021-12-28	Cabo Verde 	BA.1.17.2	EPI_ISL_11270575
105	Homo sapiens	2021-12-30	Cabo Verde 	BA.1.17.2	EPI_ISL_11270580
106	Homo sapiens	2022-01-04	Cabo Verde 	BA.1.17.2	EPI_ISL_11270588
101	Homo sapiens	2021-12-01	Cabo Verde 	AY.9.2	EPI_ISL_11270597
105	Homo sapiens	2021-12-30	Cabo Verde 	BA.1.17.2	EPI_ISL_11270609
105	Homo sapiens	2021-12-28	Cabo Verde 	AY.9.2	EPI_ISL_11270638
105	Homo sapiens	2021-12-28	Cabo Verde 	BA.1.17	EPI_ISL_11270655
105	Homo sapiens	2021-12-28	Cabo Verde 	BA.1.17.2	EPI_ISL_11270660
106	Homo sapiens	2022-01-03	Cabo Verde 	BA.1	EPI_ISL_11270668
106	Homo sapiens	2022-01-06	Cabo Verde 	BA.1	EPI_ISL_11270693
106	Homo sapiens	2022-01-04	Cabo Verde 	BA.1.18	EPI_ISL_11270699
106	Homo sapiens	2022-01-03	Cabo Verde 	BA.1.17	EPI_ISL_11270705
105	Homo sapiens	2021-12-28	Cabo Verde 	BA.1.17.2	EPI_ISL_11270712
95	Homo sapiens	2021-10-23	Cabo Verde 	AY.124	EPI_ISL_14093691
98	Homo sapiens	2021-11-09	Cabo Verde 	AY.34.1	EPI_ISL_14093688
95	Homo sapiens	2021-10-23	Cabo Verde 	AY.34	EPI_ISL_14093685
95	Homo sapiens	2021-10-23	Cabo Verde 	AY.34	EPI_ISL_14093686
109	Homo sapiens	2022-01-28	Cabo Verde 	BA.1.17.2	EPI_ISL_14076738
109	Homo sapiens	2022-01-25	Cabo Verde 	BA.1.18	EPI_ISL_14076732
110	Homo sapiens	2022-02-06	Cabo Verde 	BA.1.17.2	EPI_ISL_14076720
113	Homo sapiens	2022-02-23	Cabo Verde 	BA.1.17.2	EPI_ISL_14076725
111	Homo sapiens	2022-02-07	Cabo Verde 	BA.1.17.2	EPI_ISL_14076722
110	Homo sapiens	2022-02-06	Cabo Verde 	BA.1.17.2	EPI_ISL_14076721
131	Homo sapiens	2022-07-01	Cabo Verde 	BA.5	EPI_ISL_14721306
132	Homo sapiens	2022-07-07	Cabo Verde 	BA.4.1	EPI_ISL_14721297
134	Homo sapiens	2022-07-21	Cabo Verde 	BA.5.1	EPI_ISL_14721304
133	Homo sapiens	2022-07-12	Cabo Verde 	BA.5.1	EPI_ISL_14721331
132	Homo sapiens	2022-07-06	Cabo Verde 	BA.5.1	EPI_ISL_14721317
146	Homo sapiens	2022-10-11	Cabo Verde 	BM.4.1.1	EPI_ISL_15904159
