24	Homo sapiens	2020-06-12	Cameroon	B.1.1.1	EPI_ISL_845548
25	Homo sapiens	2020-06-16	Cameroon	B.1.1.1	EPI_ISL_845549
43	Homo sapiens	2020-10-23	Cameroon	B.1	EPI_ISL_845552
44	Homo sapiens	2020-10-26	Cameroon	W.1	EPI_ISL_845553
44	Homo sapiens	2020-10-26	Cameroon	W.1	EPI_ISL_845554
47	Homo sapiens	2020-11-17	Cameroon	B.1.160	EPI_ISL_845558
47	Homo sapiens	2020-11-19	Cameroon	B.1	EPI_ISL_845560
47	Homo sapiens	2020-11-19	Cameroon	B.1	EPI_ISL_845561
47	Homo sapiens	2020-11-19	Cameroon	B.1	EPI_ISL_845562
58	Homo sapiens	2021-02-05	Cameroon	B.1	EPI_ISL_1715193
58	Homo sapiens	2021-02-01	Cameroon	B.1.462	EPI_ISL_1715196
54	Homo sapiens	2021-01-06	Cameroon	B.1	EPI_ISL_1715199
53	Homo sapiens	2020-12-30	Cameroon	B.1.1.1	EPI_ISL_1001050
56	Homo sapiens	2021-01-19	Cameroon	B.1.1.1	EPI_ISL_2504133
60	Homo sapiens	2021-02-15	Cameroon	B.1.351	EPI_ISL_1790125
58	Homo sapiens	2021-02-04	Cameroon	B.1.619	EPI_ISL_1190760
58	Homo sapiens	2021-02-03	Cameroon	B.1	EPI_ISL_1190758
58	Homo sapiens	2021-02-03	Cameroon	B.1.525	EPI_ISL_1190757
58	Homo sapiens	2021-02-03	Cameroon	B.1.1.1	EPI_ISL_1190755
57	Homo sapiens	2021-01-30	Cameroon	B.1.619	EPI_ISL_1190756
57	Homo sapiens	2021-01-27	Cameroon	L.3	EPI_ISL_1190751
57	Homo sapiens	2021-01-27	Cameroon	B.1.525	EPI_ISL_1190752
56	Homo sapiens	2021-01-22	Cameroon	B.1.1.1	EPI_ISL_1190750
56	Homo sapiens	2021-01-22	Cameroon	B.1.1.1	EPI_ISL_1190753
56	Homo sapiens	2021-01-21	Cameroon	B.1.1.1	EPI_ISL_1190749
56	Homo sapiens	2021-01-19	Cameroon	B.1.1.1	EPI_ISL_1190763
56	Homo sapiens	2021-01-19	Cameroon	B.1.1.1	EPI_ISL_1190754
56	Homo sapiens	2021-01-19	Cameroon	B.1.1.1	EPI_ISL_1190764
55	Homo sapiens	2021-01-13	Cameroon	B.1.1.1	EPI_ISL_1190762
54	Homo sapiens	2021-01-07	Cameroon	B.1	EPI_ISL_1190761
53	Homo sapiens	2020-12-29	Cameroon	B.1.1.1	EPI_ISL_1790084
53	Homo sapiens	2020-12-29	Cameroon	B.1.1.1	EPI_ISL_1790086
52	Homo sapiens	2020-12-21	Cameroon	B.1.1.1	EPI_ISL_1190767
50	Homo sapiens	2020-12-07	Cameroon	B.1.1.1	EPI_ISL_1190766
92	Homo sapiens	2021-09-28	Cameroon	AY.36	EPI_ISL_5596876
91	Homo sapiens	2021-09-23	Cameroon	AY.131	EPI_ISL_5596881
90	Homo sapiens	2021-09-13	Cameroon	AY.39	EPI_ISL_5596879
90	Homo sapiens	2021-09-13	Cameroon	B.1.617.2	EPI_ISL_5596880
89	Homo sapiens	2021-09-06	Cameroon	AY.4	EPI_ISL_5596877
88	Homo sapiens	2021-09-02	Cameroon	AY.34	EPI_ISL_5596733
87	Homo sapiens	2021-08-25	Cameroon	AY.4	EPI_ISL_5596794
86	Homo sapiens	2021-08-22	Cameroon	B.1.617.2	EPI_ISL_5596768
85	Homo sapiens	2021-08-13	Cameroon	B.1.617.2	EPI_ISL_5596878
90	Homo sapiens	2021-09-16	Cameroon	AY.109	EPI_ISL_6308493
90	Homo sapiens	2021-09-14	Cameroon	B.1.617.2	EPI_ISL_6308442
89	Homo sapiens	2021-09-12	Cameroon	AY.39	EPI_ISL_6308451
89	Homo sapiens	2021-09-11	Cameroon	B.1.617.2	EPI_ISL_6308474
89	Homo sapiens	2021-09-11	Cameroon	B.1.617.2	EPI_ISL_6308476
89	Homo sapiens	2021-09-08	Cameroon	AY.109	EPI_ISL_6308471
87	Homo sapiens	2021-08-27	Cameroon	B.1.617.2	EPI_ISL_6308561
91	Homo sapiens	2021-09-24	Cameroon	AY.39	EPI_ISL_6422334
91	Homo sapiens	2021-09-24	Cameroon	AY.109	EPI_ISL_6422337
91	Homo sapiens	2021-09-23	Cameroon	B.1.617.2	EPI_ISL_6422332
91	Homo sapiens	2021-09-22	Cameroon	AY.129	EPI_ISL_6422329
88	Homo sapiens	2021-08-30	Cameroon	AY.39	EPI_ISL_6422323
88	Homo sapiens	2021-08-30	Cameroon	AY.122	EPI_ISL_6422324
87	Homo sapiens	2021-08-27	Cameroon	AY.34	EPI_ISL_6422321
100	Homo sapiens	2021-11-24	Cameroon	AY.36	EPI_ISL_9580535
99	Homo sapiens	2021-11-18	Cameroon	AY.4	EPI_ISL_9582051
98	Homo sapiens	2021-11-13	Cameroon	AY.4	EPI_ISL_9585253
98	Homo sapiens	2021-11-11	Cameroon	AY.36	EPI_ISL_9585994
98	Homo sapiens	2021-11-08	Cameroon	B.1.617.2	EPI_ISL_9581123
97	Homo sapiens	2021-11-03	Cameroon	AY.4	EPI_ISL_9582653
85	Homo sapiens	2021-08-14	Cameroon	B.1.617.2	EPI_ISL_9586020
24	Homo sapiens	2020-06-10	Cameroon	B.1.1.372	EPI_ISL_9582052
24	Homo sapiens	2020-06-10	Cameroon	B.1	EPI_ISL_9580536
24	Homo sapiens	2020-06-10	Cameroon	B.1	EPI_ISL_9579587
21	Homo sapiens	2020-05-24	Cameroon	B.1	EPI_ISL_9585218
21	Homo sapiens	2020-05-23	Cameroon	B.1.1.1	EPI_ISL_9443228
21	Homo sapiens	2020-05-23	Cameroon	B.1	EPI_ISL_9579586
20	Homo sapiens	2020-05-12	Cameroon	B.1	EPI_ISL_9579949
63	Homo sapiens	2021-03-08	Cameroon	B.1.620	EPI_ISL_9628559
66	Homo sapiens	2021-04-01	Cameroon	B.1.1.7	EPI_ISL_10010826
75	Homo sapiens	2021-06-01	Cameroon	B.1.617.2	EPI_ISL_10010830
75	Homo sapiens	2021-06-01	Cameroon	B.1.617.2	EPI_ISL_10010832
67	Homo sapiens	2021-04-09	Cameroon	B.1.620	EPI_ISL_10010871
67	Homo sapiens	2021-04-09	Cameroon	B.1.619	EPI_ISL_10010870
67	Homo sapiens	2021-04-09	Cameroon	B.1.619	EPI_ISL_10010869
75	Homo sapiens	2021-06-01	Cameroon	B.1.617.2	EPI_ISL_10010876
75	Homo sapiens	2021-06-01	Cameroon	AY.37	EPI_ISL_10010878
75	Homo sapiens	2021-06-01	Cameroon	B.1.617.2	EPI_ISL_10010880
75	Homo sapiens	2021-06-01	Cameroon	B.1.617.2	EPI_ISL_10022291
75	Homo sapiens	2021-06-01	Cameroon	AY.37	EPI_ISL_10010877
73	Homo sapiens	2021-05-19	Cameroon	B.1.620	EPI_ISL_10010864
66	Homo sapiens	2021-04-01	Cameroon	B.1.1.7	EPI_ISL_10010890
75	Homo sapiens	2021-06-01	Cameroon	AY.37	EPI_ISL_10010882
75	Homo sapiens	2021-06-01	Cameroon	AY.37	EPI_ISL_10010839
79	Homo sapiens	2021-07-01	Cameroon	B.1.617.2	EPI_ISL_10010845
66	Homo sapiens	2021-04-01	Cameroon	B.1.617.2	EPI_ISL_10010827
67	Homo sapiens	2021-04-09	Cameroon	B.1.1.7	EPI_ISL_10010815
85	Homo sapiens	2021-08-12	Cameroon	B.1.617.2	EPI_ISL_9391121
20	Homo sapiens	2020-05-12	Cameroon	B.1	EPI_ISL_9391148
107	Homo sapiens	2022-01-12	Cameroon	BA.1.1	EPI_ISL_11825822
107	Homo sapiens	2022-01-12	Cameroon	BA.1.15	EPI_ISL_11825821
107	Homo sapiens	2022-01-11	Cameroon	BA.1.1	EPI_ISL_11825828
106	Homo sapiens	2022-01-04	Cameroon	B.1.617.2	EPI_ISL_11825806
105	Homo sapiens	2021-12-29	Cameroon	BA.1.15	EPI_ISL_11825827
101	Homo sapiens	2021-12-03	Cameroon	AY.4	EPI_ISL_11825808
58	Homo sapiens	2021-02-04	Cameroon	B.1.619	EPI_ISL_1296441
57	Homo sapiens	2021-01-27	Cameroon	B.1.525	EPI_ISL_1296433
57	Homo sapiens	2021-01-30	Cameroon	B.1.619	EPI_ISL_1296437
57	Homo sapiens	2021-01-27	Cameroon	L.3	EPI_ISL_1296432
56	Homo sapiens	2021-01-21	Cameroon	B.1.1.1	EPI_ISL_1296430
58	Homo sapiens	2021-02-03	Cameroon	B.1.525	EPI_ISL_1296438
56	Homo sapiens	2021-01-22	Cameroon	B.1.1.1	EPI_ISL_1296431
58	Homo sapiens	2021-02-03	Cameroon	B.1.1.1	EPI_ISL_1296436
56	Homo sapiens	2021-01-22	Cameroon	B.1.1.1	EPI_ISL_1296434
58	Homo sapiens	2021-02-03	Cameroon	B.1	EPI_ISL_1296439
56	Homo sapiens	2021-01-19	Cameroon	B.1.1.1	EPI_ISL_1296435
56	Homo sapiens	2021-01-19	Cameroon	B.1.1.1	EPI_ISL_1296465
52	Homo sapiens	2020-12-21	Cameroon	B.1.1.1	EPI_ISL_1296469
55	Homo sapiens	2021-01-13	Cameroon	B.1.1.1	EPI_ISL_1296464
54	Homo sapiens	2021-01-07	Cameroon	B.1	EPI_ISL_1296463
50	Homo sapiens	2020-12-07	Cameroon	B.1.1.1	EPI_ISL_1296468
56	Homo sapiens	2021-01-19	Cameroon	B.1.1.1	EPI_ISL_1296466
108	Homo sapiens	2022-01-22	Cameroon	BA.1.15.1	EPI_ISL_12650892
105	Homo sapiens	2022-01-01	Cameroon	BA.1.1	EPI_ISL_12749823
107	Homo sapiens	2022-01-13	Cameroon	BA.1	EPI_ISL_12749820
105	Homo sapiens	2021-12-28	Cameroon	BA.1.17	EPI_ISL_12749825
104	Homo sapiens	2021-12-20	Cameroon	BA.1	EPI_ISL_12749838
104	Homo sapiens	2021-12-24	Cameroon	BA.1.1	EPI_ISL_12749841
109	Homo sapiens	2022-01-26	Cameroon	BA.1.15	EPI_ISL_12749843
107	Homo sapiens	2022-01-14	Cameroon	BA.1.1	EPI_ISL_12749828
105	Homo sapiens	2021-12-29	Cameroon	BA.1.15	EPI_ISL_12749793
105	Homo sapiens	2021-12-29	Cameroon	BA.1.1	EPI_ISL_12749795
106	Homo sapiens	2022-01-09	Cameroon	BA.1.15	EPI_ISL_12749791
105	Homo sapiens	2022-01-01	Cameroon	BA.1.15	EPI_ISL_12749797
106	Homo sapiens	2022-01-04	Cameroon	BA.1.1	EPI_ISL_12749833
105	Homo sapiens	2021-12-30	Cameroon	BA.1.1.14	EPI_ISL_12749830
102	Homo sapiens	2021-12-06	Cameroon	BA.1.1.14	EPI_ISL_12749831
106	Homo sapiens	2022-01-05	Cameroon	BA.1.15	EPI_ISL_12749868
101	Homo sapiens	2021-12-04	Cameroon	BA.1.15	EPI_ISL_12749864
109	Homo sapiens	2022-01-25	Cameroon	BA.1	EPI_ISL_12749849
101	Homo sapiens	2021-12-04	Cameroon	BA.1.1	EPI_ISL_12749857
106	Homo sapiens	2022-01-06	Cameroon	BA.1.15	EPI_ISL_12749853
105	Homo sapiens	2022-01-01	Cameroon	BA.1.15	EPI_ISL_12749881
105	Homo sapiens	2021-12-29	Cameroon	BA.1.15	EPI_ISL_12749907
106	Homo sapiens	2022-01-05	Cameroon	BA.1.1	EPI_ISL_12749871
107	Homo sapiens	2022-01-11	Cameroon	BA.1.1	EPI_ISL_12749910
110	Homo sapiens	2022-02-02	Cameroon	BA.1.17	EPI_ISL_12749927
106	Homo sapiens	2022-01-07	Cameroon	BA.1.1	EPI_ISL_12749938
107	Homo sapiens	2022-01-10	Cameroon	BA.1.1.14	EPI_ISL_12749940
108	Homo sapiens	2022-01-17	Cameroon	BA.1.15	EPI_ISL_12749928
106	Homo sapiens	2022-01-04	Cameroon	BA.1.15	EPI_ISL_12749959
106	Homo sapiens	2022-01-05	Cameroon	BA.1.1.1	EPI_ISL_12749933
106	Homo sapiens	2022-01-05	Cameroon	BA.1.1	EPI_ISL_12749934
106	Homo sapiens	2022-01-05	Cameroon	BA.1.15	EPI_ISL_12749897
106	Homo sapiens	2022-01-04	Cameroon	BA.1.1	EPI_ISL_12749956
104	Homo sapiens	2021-12-20	Cameroon	BA.1.1.14	EPI_ISL_13296338
104	Homo sapiens	2021-12-20	Cameroon	BA.1	EPI_ISL_13296318
103	Homo sapiens	2021-12-14	Cameroon	AY.121	EPI_ISL_13296351
103	Homo sapiens	2021-12-15	Cameroon	BA.1.1	EPI_ISL_13296344
104	Homo sapiens	2021-12-21	Cameroon	BA.1.15	EPI_ISL_13296302
104	Homo sapiens	2021-12-20	Cameroon	BA.1.21	EPI_ISL_13296324
104	Homo sapiens	2021-12-21	Cameroon	BA.1.1	EPI_ISL_13296285
102	Homo sapiens	2021-12-07	Cameroon	AY.102	EPI_ISL_13296415
103	Homo sapiens	2021-12-17	Cameroon	AY.4	EPI_ISL_13296372
98	Homo sapiens	2021-11-08	Cameroon	AY.4	EPI_ISL_13296381
106	Homo sapiens	2022-01-04	Cameroon	BA.1.15	EPI_ISL_14196247
106	Homo sapiens	2022-01-08	Cameroon	BA.1.1	EPI_ISL_14196262
107	Homo sapiens	2022-01-13	Cameroon	BA.1.1	EPI_ISL_14196268
107	Homo sapiens	2022-01-11	Cameroon	BA.1.1	EPI_ISL_14196255
106	Homo sapiens	2022-01-04	Cameroon	BA.1.21	EPI_ISL_14196379
107	Homo sapiens	2022-01-10	Cameroon	BA.1.21	EPI_ISL_14196300
106	Homo sapiens	2022-01-09	Cameroon	BA.1.17	EPI_ISL_14196271
106	Homo sapiens	2022-01-07	Cameroon	BA.1.1	EPI_ISL_14196261
105	Homo sapiens	2022-01-01	Cameroon	BA.1.17	EPI_ISL_14196306
106	Homo sapiens	2022-01-05	Cameroon	BA.1.15	EPI_ISL_14196259
106	Homo sapiens	2022-01-06	Cameroon	BA.1.1	EPI_ISL_14196248
106	Homo sapiens	2022-01-03	Cameroon	BA.1.21	EPI_ISL_14196283
106	Homo sapiens	2022-01-03	Cameroon	BA.1.21	EPI_ISL_14196280
106	Homo sapiens	2022-01-03	Cameroon	BA.1.15	EPI_ISL_14196277
106	Homo sapiens	2022-01-05	Cameroon	BA.1.1	EPI_ISL_14196341
107	Homo sapiens	2022-01-10	Cameroon	BA.1.1	EPI_ISL_14196339
106	Homo sapiens	2022-01-03	Cameroon	BA.1.21	EPI_ISL_14196278
107	Homo sapiens	2022-01-10	Cameroon	BA.1	EPI_ISL_14196366
107	Homo sapiens	2022-01-10	Cameroon	BA.1.21	EPI_ISL_14196377
107	Homo sapiens	2022-01-10	Cameroon	BA.1.17	EPI_ISL_14196351
106	Homo sapiens	2022-01-04	Cameroon	BA.1.1	EPI_ISL_14196373
106	Homo sapiens	2022-01-07	Cameroon	BA.1.17.2	EPI_ISL_14196356
124	Homo sapiens	2022-05-09	Cameroon	BA.2	EPI_ISL_15763788
138	Homo sapiens	2022-08-16	Cameroon	BA.5.2.20	EPI_ISL_15763740
127	Homo sapiens	2022-05-31	Cameroon	BA.4.1	EPI_ISL_15763790
119	Homo sapiens	2022-04-08	Cameroon	BA.2.3	EPI_ISL_15763784
134	Homo sapiens	2022-07-22	Cameroon	BE.1	EPI_ISL_15763756
134	Homo sapiens	2022-07-22	Cameroon	BE.1	EPI_ISL_15763757
138	Homo sapiens	2022-08-17	Cameroon	BE.1	EPI_ISL_15763742
137	Homo sapiens	2022-08-10	Cameroon	BE.1	EPI_ISL_15763732
134	Homo sapiens	2022-07-20	Cameroon	BF.2	EPI_ISL_15763753
138	Homo sapiens	2022-08-16	Cameroon	BA.5.2.1	EPI_ISL_15763741
108	Homo sapiens	2022-01-17	Cameroon	BA.1.1	EPI_ISL_15763759
138	Homo sapiens	2022-08-17	Cameroon	BA.4	EPI_ISL_15763743
138	Homo sapiens	2022-08-18	Cameroon	BA.5	EPI_ISL_15763744
138	Homo sapiens	2022-08-20	Cameroon	BE.1.1.1	EPI_ISL_15763746
138	Homo sapiens	2022-08-20	Cameroon	BE.1.1.1	EPI_ISL_15763745
137	Homo sapiens	2022-08-10	Cameroon	BA.5.2.1	EPI_ISL_15763731
137	Homo sapiens	2022-08-10	Cameroon	BF.2	EPI_ISL_15763733
137	Homo sapiens	2022-08-11	Cameroon	BF.2	EPI_ISL_15763734
137	Homo sapiens	2022-08-11	Cameroon	BA.5.2.2	EPI_ISL_15763735
137	Homo sapiens	2022-08-12	Cameroon	BE.1.1.1	EPI_ISL_15763736
137	Homo sapiens	2022-08-14	Cameroon	BA.5	EPI_ISL_15763738
123	Homo sapiens	2022-05-05	Cameroon	BA.2	EPI_ISL_15763787
138	Homo sapiens	2022-08-15	Cameroon	BE.1	EPI_ISL_15763739
107	Homo sapiens	2022-01-11	Cameroon	BA.1.1	EPI_ISL_15763795
107	Homo sapiens	2022-01-11	Cameroon	BA.1.1	EPI_ISL_15763796
107	Homo sapiens	2022-01-11	Cameroon	BA.1.1	EPI_ISL_15763797
125	Homo sapiens	2022-05-19	Cameroon	BA.2	EPI_ISL_15763789
107	Homo sapiens	2022-01-13	Cameroon	BA.1	EPI_ISL_15763798
106	Homo sapiens	2022-01-09	Cameroon	BA.1.1	EPI_ISL_15763793
144	Homo sapiens	2022-09-28	Cameroon	BA.5.2.34	EPI_ISL_15763777
144	Homo sapiens	2022-09-29	Cameroon	BQ.1	EPI_ISL_15763778
115	Homo sapiens	2022-03-10	Cameroon	BA.2	EPI_ISL_15763779
140	Homo sapiens	2022-09-03	Cameroon	BE.1	EPI_ISL_15763761
141	Homo sapiens	2022-09-09	Cameroon	BE.1.1.1	EPI_ISL_15763769
129	Homo sapiens	2022-06-15	Cameroon	BA.5.2.1	EPI_ISL_16858758
104	Homo sapiens	2021-12-23	Cameroon	BA.1.1.14	EPI_ISL_17104881
104	Homo sapiens	2021-12-24	Cameroon	BA.2.52	EPI_ISL_17104889
105	Homo sapiens	2022-01-01	Cameroon	BA.2	EPI_ISL_17104916
119	Homo sapiens	2022-04-10	Cameroon	BA.1.15	EPI_ISL_17104864
109	Homo sapiens	2022-01-28	Cameroon	BA.1	EPI_ISL_17104867
106	Homo sapiens	2022-01-04	Cameroon	BA.1.15	EPI_ISL_17104887
104	Homo sapiens	2021-12-24	Cameroon	BA.1.1.14	EPI_ISL_17104885
106	Homo sapiens	2022-01-03	Cameroon	BA.1.15	EPI_ISL_17104914
105	Homo sapiens	2022-01-01	Cameroon	BA.2.12.1	EPI_ISL_17104919
106	Homo sapiens	2022-01-04	Cameroon	BA.1.1.14	EPI_ISL_17104899
105	Homo sapiens	2022-01-01	Cameroon	BA.5	EPI_ISL_17190259
107	Homo sapiens	2022-01-10	Cameroon	BA.1.1	EPI_ISL_17190269
