64	Homo sapiens	2021-03-18	Central African Republic	B.1.620	EPI_ISL_2281276
64	Homo sapiens	2021-03-17	Central African Republic	B.1.1.7	EPI_ISL_2281270
64	Homo sapiens	2021-03-16	Central African Republic	B.1.620	EPI_ISL_2281272
64	Homo sapiens	2021-03-15	Central African Republic	B.1.620	EPI_ISL_2281267
64	Homo sapiens	2021-03-15	Central African Republic	B.1.620	EPI_ISL_2281268
63	Homo sapiens	2021-03-12	Central African Republic	B.1.619	EPI_ISL_2281261
63	Homo sapiens	2021-03-10	Central African Republic	B.1.620	EPI_ISL_2281260
63	Homo sapiens	2021-03-09	Central African Republic	B.1.1.7	EPI_ISL_2281256
62	Homo sapiens	2021-03-06	Central African Republic	B.1.619	EPI_ISL_2281253
56	Homo sapiens	2021-01-20	Central African Republic	B.1.1.7	EPI_ISL_2281237
49	Homo sapiens	2020-12-02	Central African Republic	B.1.1.359	EPI_ISL_2281230
48	Homo sapiens	2020-11-24	Central African Republic	B.1.160	EPI_ISL_2281229
102	Homo sapiens	2021-12-12	Central African Republic	AY.4	EPI_ISL_8917340
105	Homo sapiens	2021-12-30	Central African Republic	BA.1.1	EPI_ISL_17418846
59	Homo sapiens	2021-02-12	Central African Republic	B.1.640.1	EPI_ISL_17418826
60	Homo sapiens	2021-02-18	Central African Republic	B.1.640.1	EPI_ISL_17418838
105	Homo sapiens	2021-12-30	Central African Republic	BA.1.1	EPI_ISL_17423705
149	Homo sapiens	2022-11-02	Central African Republic	BQ.1.1.1	EPI_ISL_17423786
149	Homo sapiens	2022-10-31	Central African Republic	BQ.1.1.1	EPI_ISL_17423782
149	Homo sapiens	2022-11-02	Central African Republic	BQ.1.1.1	EPI_ISL_17423788
104	Homo sapiens	2021-12-20	Central African Republic	BA.1.1	EPI_ISL_17423767
162	Homo sapiens	2023-01-30	Central African Republic	XBB.1	EPI_ISL_17423793
149	Homo sapiens	2022-11-02	Central African Republic	BQ.1.1.1	EPI_ISL_17423787
149	Homo sapiens	2022-10-31	Central African Republic	BQ.1.1.1	EPI_ISL_17423784
149	Homo sapiens	2022-10-31	Central African Republic	BQ.1.1.1	EPI_ISL_17423783
100	Homo sapiens	2021-11-25	Central African Republic	B.1.617.2	EPI_ISL_17423763
149	Homo sapiens	2022-11-02	Central African Republic	BQ.1.1.1	EPI_ISL_17423785
150	Homo sapiens	2022-11-11	Central African Republic	XBB.1	EPI_ISL_17423779
149	Homo sapiens	2022-11-04	Central African Republic	BA.5.1	EPI_ISL_17423777
148	Homo sapiens	2022-10-26	Central African Republic	BE.1.1.1	EPI_ISL_17423781
150	Homo sapiens	2022-11-11	Central African Republic	XBB.1	EPI_ISL_17423780
105	Homo sapiens	2021-12-29	Central African Republic	BA.1	EPI_ISL_17475276
