39	Homo sapiens	2020-09-21	Crimea	B.1.1	EPI_ISL_733077
79	Homo sapiens	2021-07-01	Crimea	AY.122	EPI_ISL_3122994
79	Homo sapiens	2021-07-01	Crimea	AY.122	EPI_ISL_3123007
79	Homo sapiens	2021-07-01	Crimea	B.1.1.523	EPI_ISL_3123004
79	Homo sapiens	2021-07-01	Crimea	B.1.617.2	EPI_ISL_3123001
79	Homo sapiens	2021-07-01	Crimea	AY.122	EPI_ISL_3123003
79	Homo sapiens	2021-07-01	Crimea	AY.122	EPI_ISL_3123008
79	Homo sapiens	2021-07-01	Crimea	AY.122	EPI_ISL_3122990
95	Homo sapiens	2021-10-23	Crimea	AY.122	EPI_ISL_8540303
95	Homo sapiens	2021-10-18	Crimea	AY.122	EPI_ISL_6642296
95	Homo sapiens	2021-10-18	Crimea	AY.122	EPI_ISL_6642297
95	Homo sapiens	2021-10-20	Crimea	AY.122	EPI_ISL_6901054
95	Homo sapiens	2021-10-20	Crimea	AY.122	EPI_ISL_6901055
95	Homo sapiens	2021-10-20	Crimea	AY.122	EPI_ISL_6901056
95	Homo sapiens	2021-10-20	Crimea	AY.122	EPI_ISL_6901058
95	Homo sapiens	2021-10-20	Crimea	AY.122	EPI_ISL_6901059
95	Homo sapiens	2021-10-20	Crimea	AY.122	EPI_ISL_6901060
95	Homo sapiens	2021-10-23	Crimea	AY.122	EPI_ISL_6901063
96	Homo sapiens	2021-10-29	Crimea	AY.122	EPI_ISL_6901064
96	Homo sapiens	2021-10-31	Crimea	AY.122	EPI_ISL_6901070
96	Homo sapiens	2021-10-30	Crimea	AY.122	EPI_ISL_6901072
96	Homo sapiens	2021-10-27	Crimea	AY.122	EPI_ISL_7688592
96	Homo sapiens	2021-10-27	Crimea	AY.122	EPI_ISL_7688593
96	Homo sapiens	2021-10-27	Crimea	AY.122	EPI_ISL_7688596
96	Homo sapiens	2021-10-27	Crimea	AY.122	EPI_ISL_7688597
99	Homo sapiens	2021-11-15	Crimea	AY.122	EPI_ISL_7688602
99	Homo sapiens	2021-11-15	Crimea	AY.122	EPI_ISL_7688603
138	Homo sapiens	2022-08-15	Crimea	BA.5.6	EPI_ISL_15069458
138	Homo sapiens	2022-08-16	Crimea	BE.1.1	EPI_ISL_15069462
138	Homo sapiens	2022-08-15	Crimea	BA.5.2.49	EPI_ISL_15069456
138	Homo sapiens	2022-08-15	Crimea	BA.5.2	EPI_ISL_15069457
138	Homo sapiens	2022-08-16	Crimea	BE.1.1	EPI_ISL_15069461
138	Homo sapiens	2022-08-16	Crimea	BF.28	EPI_ISL_15069463
138	Homo sapiens	2022-08-17	Crimea	BA.5.2	EPI_ISL_15069465
138	Homo sapiens	2022-08-17	Crimea	BA.5.2	EPI_ISL_15069469
136	Homo sapiens	2022-08-01	Crimea	BA.5.2	EPI_ISL_15069436
136	Homo sapiens	2022-08-02	Crimea	BA.5.2	EPI_ISL_15069437
136	Homo sapiens	2022-08-01	Crimea	BA.5.2.1	EPI_ISL_15069435
137	Homo sapiens	2022-08-08	Crimea	BA.5.2	EPI_ISL_15069439
137	Homo sapiens	2022-08-09	Crimea	BA.5.2	EPI_ISL_15069444
137	Homo sapiens	2022-08-14	Crimea	BA.5.2	EPI_ISL_15069450
137	Homo sapiens	2022-08-14	Crimea	BA.5.2.24	EPI_ISL_15069452
138	Homo sapiens	2022-08-15	Crimea	BA.5.2.49	EPI_ISL_15069459
138	Homo sapiens	2022-08-17	Crimea	BA.5.2.20	EPI_ISL_15069467
138	Homo sapiens	2022-08-20	Crimea	BA.5.2.21	EPI_ISL_15069474
137	Homo sapiens	2022-08-12	Crimea	BA.5.2	EPI_ISL_15084813
137	Homo sapiens	2022-08-12	Crimea	BA.5.2	EPI_ISL_15084818
137	Homo sapiens	2022-08-12	Crimea	BA.5.2	EPI_ISL_15084816
137	Homo sapiens	2022-08-12	Crimea	BA.5.2	EPI_ISL_15084763
137	Homo sapiens	2022-08-12	Crimea	BA.5.2	EPI_ISL_15084778
137	Homo sapiens	2022-08-12	Crimea	BA.5.2.1	EPI_ISL_15084767
137	Homo sapiens	2022-08-12	Crimea	BA.5.2.1	EPI_ISL_15084773
137	Homo sapiens	2022-08-12	Crimea	BA.5.1	EPI_ISL_15084776
137	Homo sapiens	2022-08-12	Crimea	BA.5.2	EPI_ISL_15084762
137	Homo sapiens	2022-08-12	Crimea	BA.5.2	EPI_ISL_15084783
137	Homo sapiens	2022-08-12	Crimea	BA.5.2	EPI_ISL_15084786
137	Homo sapiens	2022-08-12	Crimea	BA.5.2	EPI_ISL_15084847
137	Homo sapiens	2022-08-12	Crimea	BA.5.2	EPI_ISL_15084844
137	Homo sapiens	2022-08-12	Crimea	BA.5.2.27	EPI_ISL_15084857
137	Homo sapiens	2022-08-12	Crimea	BA.5.2	EPI_ISL_15084845
137	Homo sapiens	2022-08-12	Crimea	BA.5.2.1	EPI_ISL_15084842
137	Homo sapiens	2022-08-12	Crimea	BA.5.2	EPI_ISL_15084852
137	Homo sapiens	2022-08-12	Crimea	BA.5.2.1	EPI_ISL_15084808
137	Homo sapiens	2022-08-12	Crimea	BA.5.2	EPI_ISL_15084851
137	Homo sapiens	2022-08-12	Crimea	BA.5.2	EPI_ISL_15084855
137	Homo sapiens	2022-08-12	Crimea	BA.5.2.1	EPI_ISL_15084809
137	Homo sapiens	2022-08-12	Crimea	BA.5.2	EPI_ISL_15084815
137	Homo sapiens	2022-08-12	Crimea	BA.5.2.3	EPI_ISL_15084819
137	Homo sapiens	2022-08-12	Crimea	BA.5.2.1	EPI_ISL_15084807
137	Homo sapiens	2022-08-12	Crimea	BA.5.2.49	EPI_ISL_15084826
137	Homo sapiens	2022-08-12	Crimea	BA.5.2.16	EPI_ISL_15084814
137	Homo sapiens	2022-08-12	Crimea	BE.1.1	EPI_ISL_15084801
137	Homo sapiens	2022-08-12	Crimea	BA.5.2	EPI_ISL_15084825
137	Homo sapiens	2022-08-12	Crimea	BA.5.2.1	EPI_ISL_15084817
137	Homo sapiens	2022-08-12	Crimea	BA.5.2.1	EPI_ISL_15084810
137	Homo sapiens	2022-08-12	Crimea	BA.5.2	EPI_ISL_15084824
137	Homo sapiens	2022-08-12	Crimea	BA.5.2	EPI_ISL_15084831
137	Homo sapiens	2022-08-12	Crimea	BA.5.2.27	EPI_ISL_15084828
137	Homo sapiens	2022-08-12	Crimea	BA.5.2	EPI_ISL_15084822
137	Homo sapiens	2022-08-12	Crimea	BA.5.2.1	EPI_ISL_15084835
137	Homo sapiens	2022-08-12	Crimea	BA.5.2	EPI_ISL_15084838
137	Homo sapiens	2022-08-12	Crimea	BA.5.2	EPI_ISL_15084823
137	Homo sapiens	2022-08-12	Crimea	BA.5.2.1	EPI_ISL_15084820
137	Homo sapiens	2022-08-12	Crimea	BA.5.2	EPI_ISL_15084837
137	Homo sapiens	2022-08-12	Crimea	BA.5.2.1	EPI_ISL_15084833
137	Homo sapiens	2022-08-12	Crimea	BA.5.2	EPI_ISL_15084834
137	Homo sapiens	2022-08-12	Crimea	BA.5.2.20	EPI_ISL_15084839
137	Homo sapiens	2022-08-12	Crimea	BA.5.2.1	EPI_ISL_15084830
137	Homo sapiens	2022-08-12	Crimea	BA.5.2.1	EPI_ISL_15084836
137	Homo sapiens	2022-08-12	Crimea	BE.1.1	EPI_ISL_15084779
137	Homo sapiens	2022-08-12	Crimea	BA.5.2.1	EPI_ISL_15084752
137	Homo sapiens	2022-08-12	Crimea	BA.5.2	EPI_ISL_15084753
137	Homo sapiens	2022-08-12	Crimea	BA.5.2	EPI_ISL_15084859
137	Homo sapiens	2022-08-12	Crimea	BA.5.2	EPI_ISL_15084856
137	Homo sapiens	2022-08-12	Crimea	BA.5.2.44	EPI_ISL_15084860
137	Homo sapiens	2022-08-12	Crimea	BF.7	EPI_ISL_15084862
137	Homo sapiens	2022-08-12	Crimea	BA.5.2.1	EPI_ISL_15084788
137	Homo sapiens	2022-08-12	Crimea	BA.5.2	EPI_ISL_15084841
137	Homo sapiens	2022-08-12	Crimea	BA.5.2.49	EPI_ISL_15084780
137	Homo sapiens	2022-08-12	Crimea	BA.5.2	EPI_ISL_15084797
137	Homo sapiens	2022-08-12	Crimea	BA.5.1.23	EPI_ISL_15084784
137	Homo sapiens	2022-08-12	Crimea	BA.5.2.1	EPI_ISL_15084795
137	Homo sapiens	2022-08-12	Crimea	BE.1.1	EPI_ISL_15084798
137	Homo sapiens	2022-08-12	Crimea	BA.5.2	EPI_ISL_15084792
137	Homo sapiens	2022-08-12	Crimea	BA.5.2	EPI_ISL_15084846
137	Homo sapiens	2022-08-12	Crimea	BA.5.2	EPI_ISL_15084840
137	Homo sapiens	2022-08-12	Crimea	BA.5.2	EPI_ISL_15084843
137	Homo sapiens	2022-08-12	Crimea	BA.5.2	EPI_ISL_15084854
137	Homo sapiens	2022-08-12	Crimea	BA.5.2	EPI_ISL_15084765
137	Homo sapiens	2022-08-12	Crimea	BA.5.2	EPI_ISL_15084764
137	Homo sapiens	2022-08-12	Crimea	BA.2	EPI_ISL_15084769
137	Homo sapiens	2022-08-12	Crimea	BA.5.2	EPI_ISL_15084772
137	Homo sapiens	2022-08-12	Crimea	BA.5.2.1	EPI_ISL_15084770
137	Homo sapiens	2022-08-12	Crimea	BA.5.1	EPI_ISL_15084757
137	Homo sapiens	2022-08-12	Crimea	BA.5.2.1	EPI_ISL_15084804
140	Homo sapiens	2022-09-03	Crimea	BA.5.2	EPI_ISL_15292870
140	Homo sapiens	2022-09-03	Crimea	BA.5.2.20	EPI_ISL_15292884
141	Homo sapiens	2022-09-05	Crimea	BA.5.2	EPI_ISL_15292892
140	Homo sapiens	2022-09-03	Crimea	BA.5.2.1	EPI_ISL_15292840
142	Homo sapiens	2022-09-18	Crimea	BF.7	EPI_ISL_15344182
142	Homo sapiens	2022-09-18	Crimea	BA.5.2	EPI_ISL_15344225
141	Homo sapiens	2022-09-11	Crimea	BA.5.2	EPI_ISL_15344189
142	Homo sapiens	2022-09-14	Crimea	BA.5.2.1	EPI_ISL_15344201
142	Homo sapiens	2022-09-18	Crimea	BA.5.2	EPI_ISL_15344167
142	Homo sapiens	2022-09-18	Crimea	BA.5.2	EPI_ISL_15344153
142	Homo sapiens	2022-09-18	Crimea	BF.7	EPI_ISL_15344158
142	Homo sapiens	2022-09-18	Crimea	BA.5.1	EPI_ISL_15344170
142	Homo sapiens	2022-09-17	Crimea	BA.5.2	EPI_ISL_15364556
142	Homo sapiens	2022-09-17	Crimea	BA.5.2	EPI_ISL_15364567
142	Homo sapiens	2022-09-17	Crimea	BA.5.2	EPI_ISL_15364585
142	Homo sapiens	2022-09-14	Crimea	BA.5.2	EPI_ISL_15364527
142	Homo sapiens	2022-09-14	Crimea	BA.5.2	EPI_ISL_15409429
144	Homo sapiens	2022-10-01	Crimea	BA.5.2.1	EPI_ISL_15494408
145	Homo sapiens	2022-10-04	Crimea	BA.5.2	EPI_ISL_15494340
144	Homo sapiens	2022-10-01	Crimea	BA.5.2	EPI_ISL_15494354
144	Homo sapiens	2022-09-29	Crimea	BA.5.2	EPI_ISL_15494387
142	Homo sapiens	2022-09-14	Crimea	BA.5.2.32	EPI_ISL_15508876
142	Homo sapiens	2022-09-14	Crimea	BA.5.2	EPI_ISL_15508877
144	Homo sapiens	2022-10-01	Crimea	BA.5.2	EPI_ISL_15494361
145	Homo sapiens	2022-10-09	Crimea	BA.5.2	EPI_ISL_15701255
146	Homo sapiens	2022-10-12	Crimea	BA.5.2	EPI_ISL_15777599
145	Homo sapiens	2022-10-08	Crimea	BA.5.2	EPI_ISL_15777370
145	Homo sapiens	2022-10-08	Crimea	BA.5.2	EPI_ISL_15777381
145	Homo sapiens	2022-10-09	Crimea	BA.5.2	EPI_ISL_15777447
145	Homo sapiens	2022-10-08	Crimea	BA.5.2	EPI_ISL_15777401
145	Homo sapiens	2022-10-06	Crimea	BA.5.2	EPI_ISL_15777407
145	Homo sapiens	2022-10-06	Crimea	BA.5.2.32	EPI_ISL_15777420
145	Homo sapiens	2022-10-06	Crimea	BA.5.2	EPI_ISL_15777421
145	Homo sapiens	2022-10-06	Crimea	BA.5.2	EPI_ISL_15777427
145	Homo sapiens	2022-10-06	Crimea	BA.5.2	EPI_ISL_15777437
145	Homo sapiens	2022-10-09	Crimea	BA.5.2	EPI_ISL_15777440
147	Homo sapiens	2022-10-20	Crimea	BA.5.2	EPI_ISL_15920111
151	Homo sapiens	2022-11-17	Crimea	BA.5.1.10	EPI_ISL_16008515
151	Homo sapiens	2022-11-20	Crimea	BA.5.2	EPI_ISL_16008443
151	Homo sapiens	2022-11-18	Crimea	BN.1.3	EPI_ISL_16008500
151	Homo sapiens	2022-11-16	Crimea	CL.1	EPI_ISL_16008540
152	Homo sapiens	2022-11-25	Crimea	BA.5.2	EPI_ISL_16055347
152	Homo sapiens	2022-11-27	Crimea	BA.5.2	EPI_ISL_16055355
149	Homo sapiens	2022-11-02	Crimea	BA.5.1.10	EPI_ISL_16054496
146	Homo sapiens	2022-10-15	Crimea	BA.5.2	EPI_ISL_16161107
146	Homo sapiens	2022-10-16	Crimea	BA.5.2	EPI_ISL_16161114
154	Homo sapiens	2022-12-08	Crimea	BA.5.2.6	EPI_ISL_16291217
154	Homo sapiens	2022-12-08	Crimea	BA.5.2.6	EPI_ISL_16291064
154	Homo sapiens	2022-12-07	Crimea	BF.7	EPI_ISL_16291044
152	Homo sapiens	2022-11-27	Crimea	BF.7	EPI_ISL_16055370
162	Homo sapiens	2023-02-01	Crimea	BN.1.3	EPI_ISL_17318227
163	Homo sapiens	2023-02-07	Crimea	CL.1	EPI_ISL_17318457
162	Homo sapiens	2023-02-02	Crimea	CL.1	EPI_ISL_17318080
