12	Homo sapiens	2020-03-22	Cyprus	B.1.1.277	EPI_ISL_463742
13	Homo sapiens	2020-03-25	Cyprus	B.1.1.277	EPI_ISL_463743
13	Homo sapiens	2020-03-23	Cyprus	B.1.1.277	EPI_ISL_463744
14	Homo sapiens	2020-04-01	Cyprus	B.1.1	EPI_ISL_463745
15	Homo sapiens	2020-04-11	Cyprus	B.1.1	EPI_ISL_463746
16	Homo sapiens	2020-04-17	Cyprus	B.1	EPI_ISL_463747
18	Homo sapiens	2020-04-27	Cyprus	B.1.1	EPI_ISL_463748
11	Homo sapiens	2020-03-11	Cyprus	B.1.1	EPI_ISL_463741
19	Homo sapiens	2020-05-05	Cyprus	B.1.1	EPI_ISL_1164626
20	Homo sapiens	2020-05-12	Cyprus	B.1.1	EPI_ISL_1164627
24	Homo sapiens	2020-06-10	Cyprus	B.1.1	EPI_ISL_1164628
28	Homo sapiens	2020-07-11	Cyprus	B.1.36	EPI_ISL_1164629
29	Homo sapiens	2020-07-17	Cyprus	B.1.236	EPI_ISL_1164630
29	Homo sapiens	2020-07-18	Cyprus	B.1.236	EPI_ISL_1164631
30	Homo sapiens	2020-07-22	Cyprus	B.1.236	EPI_ISL_1164632
31	Homo sapiens	2020-07-27	Cyprus	B.1.236	EPI_ISL_1164633
31	Homo sapiens	2020-07-30	Cyprus	B.1.236	EPI_ISL_1164634
32	Homo sapiens	2020-08-05	Cyprus	B.1.2	EPI_ISL_1164635
32	Homo sapiens	2020-08-07	Cyprus	B.1.2	EPI_ISL_1164636
32	Homo sapiens	2020-08-08	Cyprus	B.1.2	EPI_ISL_1164637
32	Homo sapiens	2020-08-08	Cyprus	B.1.236	EPI_ISL_1164638
33	Homo sapiens	2020-08-10	Cyprus	B.1.2	EPI_ISL_1164639
33	Homo sapiens	2020-08-13	Cyprus	B.1.1.218	EPI_ISL_1164640
33	Homo sapiens	2020-08-14	Cyprus	B.1.2	EPI_ISL_1164641
33	Homo sapiens	2020-08-14	Cyprus	B.1.2	EPI_ISL_1164642
33	Homo sapiens	2020-08-16	Cyprus	B.1	EPI_ISL_1164643
34	Homo sapiens	2020-08-18	Cyprus	B.1.236	EPI_ISL_1164644
34	Homo sapiens	2020-08-19	Cyprus	B.1.1.521	EPI_ISL_1164645
34	Homo sapiens	2020-08-20	Cyprus	B.1.2	EPI_ISL_1164646
34	Homo sapiens	2020-08-21	Cyprus	B.1.2	EPI_ISL_1164647
35	Homo sapiens	2020-08-26	Cyprus	B.1.2	EPI_ISL_1164648
35	Homo sapiens	2020-08-27	Cyprus	B.1.1.192	EPI_ISL_1164649
36	Homo sapiens	2020-09-02	Cyprus	B.1.2	EPI_ISL_1164650
36	Homo sapiens	2020-09-04	Cyprus	B.1.2	EPI_ISL_1164651
38	Homo sapiens	2020-09-14	Cyprus	B.1.2	EPI_ISL_1164652
38	Homo sapiens	2020-09-16	Cyprus	B.1.177.4	EPI_ISL_1164653
38	Homo sapiens	2020-09-17	Cyprus	B.1.2	EPI_ISL_1164654
38	Homo sapiens	2020-09-20	Cyprus	B.1.2	EPI_ISL_1164656
39	Homo sapiens	2020-09-22	Cyprus	B.1.2	EPI_ISL_1164657
39	Homo sapiens	2020-09-23	Cyprus	B.1.258	EPI_ISL_1164658
39	Homo sapiens	2020-09-23	Cyprus	B.1.2	EPI_ISL_1164659
39	Homo sapiens	2020-09-27	Cyprus	B.1.258	EPI_ISL_1164660
40	Homo sapiens	2020-09-28	Cyprus	B.1.258	EPI_ISL_1164661
40	Homo sapiens	2020-09-28	Cyprus	B.1.258	EPI_ISL_1164662
40	Homo sapiens	2020-09-29	Cyprus	B.1.258	EPI_ISL_1164663
40	Homo sapiens	2020-09-29	Cyprus	B.1.258	EPI_ISL_1164664
40	Homo sapiens	2020-09-30	Cyprus	B.1.258	EPI_ISL_1164665
40	Homo sapiens	2020-10-02	Cyprus	B.1.258	EPI_ISL_1164666
40	Homo sapiens	2020-10-04	Cyprus	B.1.258	EPI_ISL_1164667
41	Homo sapiens	2020-10-05	Cyprus	B.1.258	EPI_ISL_1164668
41	Homo sapiens	2020-10-06	Cyprus	B.1.258	EPI_ISL_1164669
41	Homo sapiens	2020-10-08	Cyprus	B.1.177.6	EPI_ISL_1164670
41	Homo sapiens	2020-10-10	Cyprus	B.1.258	EPI_ISL_1164671
42	Homo sapiens	2020-10-13	Cyprus	B.1.258	EPI_ISL_1164672
42	Homo sapiens	2020-10-15	Cyprus	B.1.258	EPI_ISL_1164673
42	Homo sapiens	2020-10-17	Cyprus	B.1.258	EPI_ISL_1164674
42	Homo sapiens	2020-10-18	Cyprus	B.1.258	EPI_ISL_1164675
43	Homo sapiens	2020-10-20	Cyprus	B.1.177.56	EPI_ISL_1164676
43	Homo sapiens	2020-10-21	Cyprus	B.1.258	EPI_ISL_1164677
43	Homo sapiens	2020-10-22	Cyprus	B.1.258	EPI_ISL_1164678
43	Homo sapiens	2020-10-24	Cyprus	B.1.258	EPI_ISL_1164679
44	Homo sapiens	2020-10-26	Cyprus	B.1.258	EPI_ISL_1164680
44	Homo sapiens	2020-10-27	Cyprus	B.1.258	EPI_ISL_1164681
44	Homo sapiens	2020-10-29	Cyprus	B.1.258	EPI_ISL_1164682
44	Homo sapiens	2020-10-30	Cyprus	B.1.258	EPI_ISL_1164683
44	Homo sapiens	2020-10-31	Cyprus	B.1.177.56	EPI_ISL_1164684
44	Homo sapiens	2020-11-01	Cyprus	B.1.258	EPI_ISL_1164685
45	Homo sapiens	2020-11-02	Cyprus	B.1.258	EPI_ISL_1164686
45	Homo sapiens	2020-11-04	Cyprus	B.1.258	EPI_ISL_1164687
45	Homo sapiens	2020-11-05	Cyprus	B.1.177	EPI_ISL_1164688
45	Homo sapiens	2020-11-06	Cyprus	B.1.258	EPI_ISL_1164689
45	Homo sapiens	2020-11-07	Cyprus	B.1.258	EPI_ISL_1164690
45	Homo sapiens	2020-11-08	Cyprus	B.1.258	EPI_ISL_1164691
46	Homo sapiens	2020-11-10	Cyprus	B.1.258	EPI_ISL_1164692
46	Homo sapiens	2020-11-11	Cyprus	B.1.177	EPI_ISL_1164693
46	Homo sapiens	2020-11-12	Cyprus	B.1.258	EPI_ISL_1164694
46	Homo sapiens	2020-11-13	Cyprus	B.1.258	EPI_ISL_1164695
46	Homo sapiens	2020-11-14	Cyprus	B.1.258	EPI_ISL_1164696
46	Homo sapiens	2020-11-15	Cyprus	B.1.258	EPI_ISL_1164697
47	Homo sapiens	2020-11-16	Cyprus	B.1.258	EPI_ISL_1164698
53	Homo sapiens	2020-12-28	Cyprus	B.1.258	EPI_ISL_1164699
53	Homo sapiens	2020-12-28	Cyprus	B.1.1.7	EPI_ISL_1164700
53	Homo sapiens	2020-12-28	Cyprus	B.1.258	EPI_ISL_1164701
53	Homo sapiens	2020-12-28	Cyprus	B.1.177	EPI_ISL_1164702
53	Homo sapiens	2020-12-28	Cyprus	B.1.258	EPI_ISL_1164703
53	Homo sapiens	2020-12-28	Cyprus	B.1.258	EPI_ISL_1164704
53	Homo sapiens	2020-12-28	Cyprus	B.1.258	EPI_ISL_1164705
53	Homo sapiens	2020-12-28	Cyprus	B.1.258	EPI_ISL_1164706
53	Homo sapiens	2020-12-28	Cyprus	B.1.258	EPI_ISL_1164707
53	Homo sapiens	2020-12-28	Cyprus	B.1.258	EPI_ISL_1164708
53	Homo sapiens	2020-12-28	Cyprus	B.1.258	EPI_ISL_1164709
53	Homo sapiens	2020-12-28	Cyprus	B.1.258	EPI_ISL_1164710
53	Homo sapiens	2020-12-28	Cyprus	B.1.258	EPI_ISL_1164711
53	Homo sapiens	2020-12-28	Cyprus	B.1.258	EPI_ISL_1164712
53	Homo sapiens	2020-12-28	Cyprus	B.1.258	EPI_ISL_1164713
53	Homo sapiens	2020-12-28	Cyprus	B.1.258	EPI_ISL_1164714
53	Homo sapiens	2020-12-28	Cyprus	B.1.258	EPI_ISL_1164715
53	Homo sapiens	2020-12-28	Cyprus	B.1.258	EPI_ISL_1164716
53	Homo sapiens	2020-12-28	Cyprus	B.1.258	EPI_ISL_1164717
53	Homo sapiens	2020-12-28	Cyprus	B.1.258	EPI_ISL_1164718
53	Homo sapiens	2020-12-28	Cyprus	B.1.258	EPI_ISL_1164719
53	Homo sapiens	2020-12-28	Cyprus	B.1.258	EPI_ISL_1164720
53	Homo sapiens	2020-12-28	Cyprus	B.1.258	EPI_ISL_1164721
53	Homo sapiens	2020-12-28	Cyprus	B.1.1.25	EPI_ISL_1164722
53	Homo sapiens	2020-12-28	Cyprus	B.1.258	EPI_ISL_1164723
53	Homo sapiens	2020-12-29	Cyprus	B.1.1.25	EPI_ISL_1164724
53	Homo sapiens	2020-12-29	Cyprus	B.1.258	EPI_ISL_1164725
53	Homo sapiens	2020-12-29	Cyprus	B.1.258	EPI_ISL_1164726
53	Homo sapiens	2020-12-29	Cyprus	B.1.258	EPI_ISL_1164727
56	Homo sapiens	2021-01-22	Cyprus	B.1.258.17	EPI_ISL_1164728
56	Homo sapiens	2021-01-22	Cyprus	B.1.177	EPI_ISL_1164729
56	Homo sapiens	2021-01-22	Cyprus	B.1.258	EPI_ISL_1164730
56	Homo sapiens	2021-01-22	Cyprus	B.1.258	EPI_ISL_1164731
56	Homo sapiens	2021-01-23	Cyprus	B.1.258	EPI_ISL_1164732
56	Homo sapiens	2021-01-23	Cyprus	B.1.1.7	EPI_ISL_1164733
56	Homo sapiens	2021-01-23	Cyprus	B.1.1.7	EPI_ISL_1164734
56	Homo sapiens	2021-01-23	Cyprus	B.1.1.7	EPI_ISL_1164735
56	Homo sapiens	2021-01-24	Cyprus	B.1.258	EPI_ISL_1164736
56	Homo sapiens	2021-01-24	Cyprus	B.1.258	EPI_ISL_1164737
56	Homo sapiens	2021-01-24	Cyprus	B.1.1.7	EPI_ISL_1164738
56	Homo sapiens	2021-01-24	Cyprus	B.1.1.7	EPI_ISL_1164739
57	Homo sapiens	2021-01-25	Cyprus	B.1.258	EPI_ISL_1164740
57	Homo sapiens	2021-01-25	Cyprus	B.1.1.7	EPI_ISL_1164741
57	Homo sapiens	2021-01-25	Cyprus	B.1.1.7	EPI_ISL_1164742
57	Homo sapiens	2021-01-25	Cyprus	B.1.258	EPI_ISL_1164743
57	Homo sapiens	2021-01-26	Cyprus	B.1.258	EPI_ISL_1164744
57	Homo sapiens	2021-01-26	Cyprus	B.1.258	EPI_ISL_1164745
57	Homo sapiens	2021-01-26	Cyprus	B.1.258	EPI_ISL_1164746
57	Homo sapiens	2021-01-26	Cyprus	B.1.177.21	EPI_ISL_1164747
57	Homo sapiens	2021-01-27	Cyprus	B.1.258	EPI_ISL_1164748
57	Homo sapiens	2021-01-27	Cyprus	B.1.1.7	EPI_ISL_1164749
57	Homo sapiens	2021-01-27	Cyprus	B.1.258	EPI_ISL_1164750
57	Homo sapiens	2021-01-27	Cyprus	B.1.1.7	EPI_ISL_1164751
57	Homo sapiens	2021-01-30	Cyprus	B.1.177	EPI_ISL_7210716
57	Homo sapiens	2021-01-27	Cyprus	B.1.1.7	EPI_ISL_7210333
57	Homo sapiens	2021-01-25	Cyprus	B.1.258	EPI_ISL_7210483
56	Homo sapiens	2021-01-23	Cyprus	B.1.1.7	EPI_ISL_7210331
56	Homo sapiens	2021-01-22	Cyprus	B.1.1.7	EPI_ISL_7210330
56	Homo sapiens	2021-01-20	Cyprus	B.1.258.17	EPI_ISL_7210339
56	Homo sapiens	2021-01-19	Cyprus	B.1.258	EPI_ISL_7210482
56	Homo sapiens	2021-01-18	Cyprus	B.1.258	EPI_ISL_7210481
55	Homo sapiens	2021-01-14	Cyprus	B.1.177	EPI_ISL_7210712
55	Homo sapiens	2021-01-12	Cyprus	B.1.258	EPI_ISL_7210474
54	Homo sapiens	2021-01-07	Cyprus	B.1.258	EPI_ISL_7210464
54	Homo sapiens	2021-01-07	Cyprus	B.1.258	EPI_ISL_7210465
54	Homo sapiens	2021-01-07	Cyprus	B.1.258	EPI_ISL_7210466
54	Homo sapiens	2021-01-05	Cyprus	B.1.258	EPI_ISL_7210459
54	Homo sapiens	2021-01-05	Cyprus	B.1.258	EPI_ISL_7210460
54	Homo sapiens	2021-01-04	Cyprus	B.1.258	EPI_ISL_7210455
54	Homo sapiens	2021-01-04	Cyprus	B.1.258	EPI_ISL_7210456
54	Homo sapiens	2021-01-04	Cyprus	B.1.258	EPI_ISL_7210458
54	Homo sapiens	2021-01-04	Cyprus	B.1.177	EPI_ISL_7210707
53	Homo sapiens	2020-12-30	Cyprus	B.1.258	EPI_ISL_7210446
53	Homo sapiens	2020-12-30	Cyprus	B.1.258	EPI_ISL_7210447
53	Homo sapiens	2020-12-29	Cyprus	B.1.258	EPI_ISL_7210439
53	Homo sapiens	2020-12-29	Cyprus	B.1.258	EPI_ISL_7210440
53	Homo sapiens	2020-12-29	Cyprus	B.1.258	EPI_ISL_7210441
53	Homo sapiens	2020-12-29	Cyprus	B.1.258	EPI_ISL_7210443
53	Homo sapiens	2020-12-29	Cyprus	B.1.258	EPI_ISL_7210444
53	Homo sapiens	2020-12-29	Cyprus	B.1.258	EPI_ISL_7210445
53	Homo sapiens	2020-12-28	Cyprus	B.1.258	EPI_ISL_7210415
53	Homo sapiens	2020-12-28	Cyprus	B.1.258	EPI_ISL_7210420
53	Homo sapiens	2020-12-28	Cyprus	B.1.258	EPI_ISL_7210421
53	Homo sapiens	2020-12-28	Cyprus	B.1.258	EPI_ISL_7210422
53	Homo sapiens	2020-12-28	Cyprus	B.1.258	EPI_ISL_7210432
53	Homo sapiens	2020-12-28	Cyprus	B.1.258	EPI_ISL_7210433
53	Homo sapiens	2020-12-28	Cyprus	B.1.258	EPI_ISL_7210436
53	Homo sapiens	2020-12-28	Cyprus	B.1.258	EPI_ISL_7210437
53	Homo sapiens	2020-12-28	Cyprus	B.1.258	EPI_ISL_7210438
52	Homo sapiens	2020-12-24	Cyprus	B.1.258	EPI_ISL_7210411
52	Homo sapiens	2020-12-24	Cyprus	B.1.258	EPI_ISL_7210413
52	Homo sapiens	2020-12-24	Cyprus	B.1.258	EPI_ISL_7220935
52	Homo sapiens	2020-12-24	Cyprus	B.1.258	EPI_ISL_7220944
52	Homo sapiens	2020-12-23	Cyprus	B.1.258	EPI_ISL_7210666
51	Homo sapiens	2020-12-18	Cyprus	B.1.1	EPI_ISL_7210823
49	Homo sapiens	2020-12-05	Cyprus	B.1.258	EPI_ISL_7210523
49	Homo sapiens	2020-12-04	Cyprus	B.1.258	EPI_ISL_7210509
49	Homo sapiens	2020-12-04	Cyprus	B.1.258	EPI_ISL_7210511
49	Homo sapiens	2020-12-04	Cyprus	B.1.258	EPI_ISL_7210513
49	Homo sapiens	2020-12-04	Cyprus	B.1.258	EPI_ISL_7210514
49	Homo sapiens	2020-12-04	Cyprus	B.1.258	EPI_ISL_7210516
49	Homo sapiens	2020-12-04	Cyprus	B.1.258	EPI_ISL_7210517
49	Homo sapiens	2020-12-04	Cyprus	B.1.258	EPI_ISL_7220919
49	Homo sapiens	2020-12-04	Cyprus	B.1.258	EPI_ISL_7220966
49	Homo sapiens	2020-12-03	Cyprus	B.1.258	EPI_ISL_7210501
49	Homo sapiens	2020-12-03	Cyprus	B.1.258	EPI_ISL_7210503
49	Homo sapiens	2020-12-02	Cyprus	B.1.258	EPI_ISL_7210497
49	Homo sapiens	2020-12-02	Cyprus	B.1.258	EPI_ISL_7210500
49	Homo sapiens	2020-12-01	Cyprus	B.1.258	EPI_ISL_7210486
49	Homo sapiens	2020-12-01	Cyprus	B.1.258	EPI_ISL_7210487
49	Homo sapiens	2020-12-01	Cyprus	B.1.258	EPI_ISL_7210490
49	Homo sapiens	2020-12-01	Cyprus	B.1.177	EPI_ISL_7210717
49	Homo sapiens	2020-11-30	Cyprus	B.1.258	EPI_ISL_7210662
46	Homo sapiens	2020-11-11	Cyprus	B.1.177	EPI_ISL_7210821
45	Homo sapiens	2020-11-06	Cyprus	B.1.258	EPI_ISL_7210640
45	Homo sapiens	2020-11-06	Cyprus	B.1.258	EPI_ISL_7210650
45	Homo sapiens	2020-11-06	Cyprus	B.1.258	EPI_ISL_7210652
45	Homo sapiens	2020-11-06	Cyprus	B.1.177	EPI_ISL_7210781
45	Homo sapiens	2020-11-06	Cyprus	B.1.1.159	EPI_ISL_7210782
45	Homo sapiens	2020-11-05	Cyprus	B.1.258	EPI_ISL_7210646
45	Homo sapiens	2020-11-05	Cyprus	B.1.258	EPI_ISL_7210648
45	Homo sapiens	2020-11-04	Cyprus	B.1.258	EPI_ISL_7210557
45	Homo sapiens	2020-11-04	Cyprus	B.1.258	EPI_ISL_7210558
45	Homo sapiens	2020-11-04	Cyprus	B.1.258	EPI_ISL_7210559
45	Homo sapiens	2020-11-04	Cyprus	B.1.258	EPI_ISL_7210560
45	Homo sapiens	2020-11-04	Cyprus	B.1.258	EPI_ISL_7210561
45	Homo sapiens	2020-11-04	Cyprus	B.1.258	EPI_ISL_7210563
45	Homo sapiens	2020-11-04	Cyprus	B.1.258	EPI_ISL_7210641
45	Homo sapiens	2020-11-04	Cyprus	B.1.177	EPI_ISL_7210731
45	Homo sapiens	2020-11-03	Cyprus	B.1.258	EPI_ISL_7210545
45	Homo sapiens	2020-11-03	Cyprus	B.1.258	EPI_ISL_7210547
45	Homo sapiens	2020-11-03	Cyprus	B.1.258	EPI_ISL_7210548
45	Homo sapiens	2020-11-03	Cyprus	B.1.258	EPI_ISL_7210550
45	Homo sapiens	2020-11-03	Cyprus	B.1.177	EPI_ISL_7210728
45	Homo sapiens	2020-11-02	Cyprus	B.1.258	EPI_ISL_7210526
45	Homo sapiens	2020-11-02	Cyprus	B.1.258	EPI_ISL_7210529
45	Homo sapiens	2020-11-02	Cyprus	B.1.258	EPI_ISL_7210531
45	Homo sapiens	2020-11-02	Cyprus	B.1.258	EPI_ISL_7210538
45	Homo sapiens	2020-11-02	Cyprus	B.1.258	EPI_ISL_7210539
45	Homo sapiens	2020-11-02	Cyprus	B.1.258	EPI_ISL_7210541
45	Homo sapiens	2020-11-02	Cyprus	B.1.258	EPI_ISL_7210542
45	Homo sapiens	2020-11-02	Cyprus	B.1.258	EPI_ISL_7210543
45	Homo sapiens	2020-11-02	Cyprus	B.1.258	EPI_ISL_7210544
45	Homo sapiens	2020-11-02	Cyprus	B.1.177	EPI_ISL_7210681
45	Homo sapiens	2020-11-02	Cyprus	B.1.160	EPI_ISL_7210721
45	Homo sapiens	2020-11-02	Cyprus	B.1.1.153	EPI_ISL_7210723
44	Homo sapiens	2020-10-31	Cyprus	B.1.258	EPI_ISL_7210655
44	Homo sapiens	2020-10-31	Cyprus	B.1.258	EPI_ISL_7210656
44	Homo sapiens	2020-10-31	Cyprus	B.1.258	EPI_ISL_7210657
44	Homo sapiens	2020-10-31	Cyprus	B.1.177	EPI_ISL_7210784
44	Homo sapiens	2020-10-31	Cyprus	B.1.177	EPI_ISL_7210785
44	Homo sapiens	2020-10-31	Cyprus	B.1.177	EPI_ISL_7210787
44	Homo sapiens	2020-10-30	Cyprus	B.1.258	EPI_ISL_7210602
44	Homo sapiens	2020-10-30	Cyprus	B.1.258	EPI_ISL_7210607
44	Homo sapiens	2020-10-29	Cyprus	B.1.258	EPI_ISL_7210341
44	Homo sapiens	2020-10-29	Cyprus	B.1.258	EPI_ISL_7210567
44	Homo sapiens	2020-10-29	Cyprus	B.1.258	EPI_ISL_7210568
44	Homo sapiens	2020-10-29	Cyprus	B.1.258	EPI_ISL_7210570
44	Homo sapiens	2020-10-29	Cyprus	B.1.258	EPI_ISL_7210571
44	Homo sapiens	2020-10-29	Cyprus	B.1.258	EPI_ISL_7210572
44	Homo sapiens	2020-10-29	Cyprus	B.1.258	EPI_ISL_7210574
44	Homo sapiens	2020-10-29	Cyprus	B.1.258	EPI_ISL_7210576
44	Homo sapiens	2020-10-29	Cyprus	B.1.258	EPI_ISL_7210581
44	Homo sapiens	2020-10-29	Cyprus	B.1.258	EPI_ISL_7210595
44	Homo sapiens	2020-10-29	Cyprus	B.1.258	EPI_ISL_7210596
44	Homo sapiens	2020-10-29	Cyprus	B.1.258	EPI_ISL_7210597
44	Homo sapiens	2020-10-29	Cyprus	B.1.258	EPI_ISL_7210598
44	Homo sapiens	2020-10-29	Cyprus	B.1.258	EPI_ISL_7210599
44	Homo sapiens	2020-10-29	Cyprus	B.1.177	EPI_ISL_7210735
44	Homo sapiens	2020-10-29	Cyprus	B.1.1.218	EPI_ISL_7210737
44	Homo sapiens	2020-10-27	Cyprus	B.1.258	EPI_ISL_7210671
44	Homo sapiens	2020-10-27	Cyprus	B.1.258	EPI_ISL_7210673
43	Homo sapiens	2020-10-21	Cyprus	B.1.258	EPI_ISL_7210675
40	Homo sapiens	2020-09-29	Cyprus	B.1.258	EPI_ISL_7210633
40	Homo sapiens	2020-09-28	Cyprus	B.1.258	EPI_ISL_7210630
40	Homo sapiens	2020-09-28	Cyprus	B.1.258	EPI_ISL_7210631
40	Homo sapiens	2020-09-28	Cyprus	B.1.258	EPI_ISL_7210632
40	Homo sapiens	2020-09-28	Cyprus	B.1.1.307	EPI_ISL_7210758
39	Homo sapiens	2020-09-27	Cyprus	B.1.258	EPI_ISL_7210622
39	Homo sapiens	2020-09-27	Cyprus	B.1.258	EPI_ISL_7210624
39	Homo sapiens	2020-09-26	Cyprus	B.1.258	EPI_ISL_7210613
39	Homo sapiens	2020-09-26	Cyprus	B.1.258	EPI_ISL_7210621
39	Homo sapiens	2020-09-21	Cyprus	B.1.258	EPI_ISL_7210608
39	Homo sapiens	2020-09-21	Cyprus	B.1.258	EPI_ISL_7210612
38	Homo sapiens	2020-09-18	Cyprus	C.35	EPI_ISL_7210409
38	Homo sapiens	2020-09-18	Cyprus	C.35	EPI_ISL_7210410
38	Homo sapiens	2020-09-18	Cyprus	C.35	EPI_ISL_7210748
38	Homo sapiens	2020-09-18	Cyprus	C.35	EPI_ISL_7210751
38	Homo sapiens	2020-09-18	Cyprus	C.35	EPI_ISL_7210752
36	Homo sapiens	2020-09-02	Cyprus	B.1.36	EPI_ISL_7210745
35	Homo sapiens	2020-08-27	Cyprus	B.1.160	EPI_ISL_7210778
35	Homo sapiens	2020-08-24	Cyprus	B.1.2	EPI_ISL_7210772
33	Homo sapiens	2020-08-14	Cyprus	B.1.2	EPI_ISL_7210768
33	Homo sapiens	2020-08-13	Cyprus	B.1.2	EPI_ISL_7210767
33	Homo sapiens	2020-08-11	Cyprus	B.1.2	EPI_ISL_7210765
33	Homo sapiens	2020-08-10	Cyprus	B.1.2	EPI_ISL_7210763
33	Homo sapiens	2020-08-10	Cyprus	B.1.2	EPI_ISL_7210764
32	Homo sapiens	2020-08-06	Cyprus	B.1.2	EPI_ISL_7210761
32	Homo sapiens	2020-08-05	Cyprus	B.1.2	EPI_ISL_7210759
32	Homo sapiens	2020-08-05	Cyprus	B.1.2	EPI_ISL_7210760
27	Homo sapiens	2020-07-02	Cyprus	B.1.1.230	EPI_ISL_7210703
17	Homo sapiens	2020-04-25	Cyprus	B.1.1	EPI_ISL_7210701
17	Homo sapiens	2020-04-22	Cyprus	B.1	EPI_ISL_7210702
16	Homo sapiens	2020-04-16	Cyprus	B.1.1	EPI_ISL_7210693
15	Homo sapiens	2020-04-11	Cyprus	B.1.1	EPI_ISL_7210797
15	Homo sapiens	2020-04-11	Cyprus	B.1.1	EPI_ISL_7210801
15	Homo sapiens	2020-04-11	Cyprus	B.1.1	EPI_ISL_7210803
15	Homo sapiens	2020-04-11	Cyprus	B.1.1	EPI_ISL_7210807
15	Homo sapiens	2020-04-11	Cyprus	B.1.1	EPI_ISL_7210808
15	Homo sapiens	2020-04-11	Cyprus	B.1.1.277	EPI_ISL_7210809
15	Homo sapiens	2020-04-11	Cyprus	B.1.1	EPI_ISL_7210810
15	Homo sapiens	2020-04-11	Cyprus	B.1.1	EPI_ISL_7210811
15	Homo sapiens	2020-04-11	Cyprus	B.1.1	EPI_ISL_7210812
15	Homo sapiens	2020-04-11	Cyprus	B.1.1	EPI_ISL_7210813
15	Homo sapiens	2020-04-11	Cyprus	B.1.1	EPI_ISL_7210815
15	Homo sapiens	2020-04-10	Cyprus	B.1.1	EPI_ISL_7210691
15	Homo sapiens	2020-04-08	Cyprus	B.1.1	EPI_ISL_7210799
15	Homo sapiens	2020-04-07	Cyprus	B.1.1	EPI_ISL_7210700
15	Homo sapiens	2020-04-07	Cyprus	B.1.1	EPI_ISL_7210718
15	Homo sapiens	2020-04-07	Cyprus	B.1.1	EPI_ISL_7210725
15	Homo sapiens	2020-04-07	Cyprus	B.1.1	EPI_ISL_7210733
15	Homo sapiens	2020-04-07	Cyprus	B.1.1	EPI_ISL_7210798
15	Homo sapiens	2020-04-06	Cyprus	B.1.1	EPI_ISL_7210780
15	Homo sapiens	2020-04-06	Cyprus	B.1.1	EPI_ISL_7210786
14	Homo sapiens	2020-04-05	Cyprus	B.1.1	EPI_ISL_7210699
14	Homo sapiens	2020-04-05	Cyprus	B.1.1	EPI_ISL_7210704
14	Homo sapiens	2020-04-05	Cyprus	B.1.1.277	EPI_ISL_7210796
110	Homo sapiens	2022-02-01	Cyprus	BA.1.1	EPI_ISL_13773818
110	Homo sapiens	2022-02-01	Cyprus	BA.1.1	EPI_ISL_13773820
109	Homo sapiens	2022-01-27	Cyprus	BA.1	EPI_ISL_13773774
109	Homo sapiens	2022-01-27	Cyprus	BA.1.1.1	EPI_ISL_13773772
109	Homo sapiens	2022-01-26	Cyprus	BA.1.1	EPI_ISL_13773745
112	Homo sapiens	2022-02-14	Cyprus	BA.1.1	EPI_ISL_13773894
110	Homo sapiens	2022-02-02	Cyprus	BA.1.17.2	EPI_ISL_13773847
110	Homo sapiens	2022-02-03	Cyprus	BA.1.17.2	EPI_ISL_13773863
49	Homo sapiens	2020-12-04	Cyprus	B.1.177	EPI_ISL_16368144
52	Homo sapiens	2020-12-21	Cyprus	B.1.258	EPI_ISL_16368187
52	Homo sapiens	2020-12-22	Cyprus	B.1.258	EPI_ISL_16368201
52	Homo sapiens	2020-12-22	Cyprus	B.1.258	EPI_ISL_16368212
52	Homo sapiens	2020-12-25	Cyprus	B.1.160	EPI_ISL_16368220
53	Homo sapiens	2021-01-01	Cyprus	B.1.177	EPI_ISL_16368227
54	Homo sapiens	2021-01-07	Cyprus	B.1.160	EPI_ISL_16368238
55	Homo sapiens	2021-01-12	Cyprus	B.1.177.21	EPI_ISL_16368251
50	Homo sapiens	2020-12-09	Cyprus	B.1.258	EPI_ISL_16368156
50	Homo sapiens	2020-12-13	Cyprus	B.1.258	EPI_ISL_16368159
50	Homo sapiens	2020-12-13	Cyprus	AD.2	EPI_ISL_16368158
51	Homo sapiens	2020-12-14	Cyprus	B.1.258	EPI_ISL_16368164
51	Homo sapiens	2020-12-18	Cyprus	B.1.258	EPI_ISL_16368176
51	Homo sapiens	2020-12-14	Cyprus	B.1.1.312	EPI_ISL_16368166
51	Homo sapiens	2020-12-14	Cyprus	B.1.258	EPI_ISL_16368160
51	Homo sapiens	2020-12-14	Cyprus	B.1.258	EPI_ISL_16368161
51	Homo sapiens	2020-12-14	Cyprus	B.1.258	EPI_ISL_16368169
51	Homo sapiens	2020-12-18	Cyprus	B.1.258	EPI_ISL_16368175
51	Homo sapiens	2020-12-17	Cyprus	B.1.258	EPI_ISL_16368174
51	Homo sapiens	2020-12-18	Cyprus	B.1.258	EPI_ISL_16368177
51	Homo sapiens	2020-12-15	Cyprus	B.1.258	EPI_ISL_16368171
51	Homo sapiens	2020-12-14	Cyprus	B.1.258	EPI_ISL_16368170
51	Homo sapiens	2020-12-16	Cyprus	B.1.258	EPI_ISL_16368173
51	Homo sapiens	2020-12-15	Cyprus	B.1.258	EPI_ISL_16368172
51	Homo sapiens	2020-12-18	Cyprus	B.1.258	EPI_ISL_16368179
51	Homo sapiens	2020-12-18	Cyprus	B.1.258	EPI_ISL_16368178
51	Homo sapiens	2020-12-19	Cyprus	B.1.258	EPI_ISL_16368180
52	Homo sapiens	2020-12-21	Cyprus	B.1.177	EPI_ISL_16368186
52	Homo sapiens	2020-12-21	Cyprus	B.1.177	EPI_ISL_16368185
51	Homo sapiens	2020-12-19	Cyprus	B.1.258	EPI_ISL_16368182
51	Homo sapiens	2020-12-19	Cyprus	B.1.258	EPI_ISL_16368181
52	Homo sapiens	2020-12-21	Cyprus	B.1.258	EPI_ISL_16368189
51	Homo sapiens	2020-12-19	Cyprus	B.1.258	EPI_ISL_16368183
52	Homo sapiens	2020-12-21	Cyprus	B.1.258	EPI_ISL_16368191
52	Homo sapiens	2020-12-21	Cyprus	B.1.258	EPI_ISL_16368190
45	Homo sapiens	2020-11-06	Cyprus	B.1.160	EPI_ISL_16368118
52	Homo sapiens	2020-12-21	Cyprus	B.1.258	EPI_ISL_16368197
52	Homo sapiens	2020-12-21	Cyprus	B.1.258	EPI_ISL_16368196
52	Homo sapiens	2020-12-21	Cyprus	B.1.258	EPI_ISL_16368199
52	Homo sapiens	2020-12-21	Cyprus	B.1.258	EPI_ISL_16368198
52	Homo sapiens	2020-12-21	Cyprus	B.1.258	EPI_ISL_16368192
52	Homo sapiens	2020-12-21	Cyprus	B.1.258	EPI_ISL_16368195
52	Homo sapiens	2020-12-21	Cyprus	B.1.258	EPI_ISL_16368194
90	Homo sapiens	2021-09-13	Cyprus	AY.125	EPI_ISL_16368597
89	Homo sapiens	2021-09-12	Cyprus	AY.4	EPI_ISL_16368596
90	Homo sapiens	2021-09-13	Cyprus	AY.122	EPI_ISL_16368599
49	Homo sapiens	2020-11-30	Cyprus	B.1.177	EPI_ISL_16368131
90	Homo sapiens	2021-09-13	Cyprus	AY.122	EPI_ISL_16368598
45	Homo sapiens	2020-11-07	Cyprus	B.1.258	EPI_ISL_16368120
46	Homo sapiens	2020-11-09	Cyprus	B.1.258	EPI_ISL_16368122
46	Homo sapiens	2020-11-12	Cyprus	B.1.258	EPI_ISL_16368128
49	Homo sapiens	2020-12-01	Cyprus	B.1.258	EPI_ISL_16368133
46	Homo sapiens	2020-11-14	Cyprus	B.1.258	EPI_ISL_16368130
46	Homo sapiens	2020-11-10	Cyprus	B.1.258	EPI_ISL_16368124
46	Homo sapiens	2020-11-11	Cyprus	B.1.258	EPI_ISL_16368125
46	Homo sapiens	2020-11-11	Cyprus	B.1.258	EPI_ISL_16368126
49	Homo sapiens	2020-12-01	Cyprus	B.1.258	EPI_ISL_16368132
49	Homo sapiens	2020-12-03	Cyprus	B.1.258	EPI_ISL_16368139
49	Homo sapiens	2020-12-01	Cyprus	B.1.258	EPI_ISL_16368135
49	Homo sapiens	2020-12-01	Cyprus	B.1.258	EPI_ISL_16368134
49	Homo sapiens	2020-12-02	Cyprus	B.1.258	EPI_ISL_16368137
49	Homo sapiens	2020-12-01	Cyprus	B.1.258	EPI_ISL_16368136
49	Homo sapiens	2020-12-03	Cyprus	B.1.258	EPI_ISL_16368142
49	Homo sapiens	2020-12-03	Cyprus	B.1.177	EPI_ISL_16368141
49	Homo sapiens	2020-12-03	Cyprus	B.1.258	EPI_ISL_16368143
49	Homo sapiens	2020-12-05	Cyprus	B.1.177	EPI_ISL_16368148
49	Homo sapiens	2020-12-05	Cyprus	B.1.258	EPI_ISL_16368149
50	Homo sapiens	2020-12-07	Cyprus	B.1.177	EPI_ISL_16368153
49	Homo sapiens	2020-12-06	Cyprus	B.1.258	EPI_ISL_16368152
73	Homo sapiens	2021-05-17	Cyprus	B.1.1.7	EPI_ISL_16368558
49	Homo sapiens	2020-12-06	Cyprus	B.1.177	EPI_ISL_16368151
73	Homo sapiens	2021-05-17	Cyprus	B.1.1.7	EPI_ISL_16368559
72	Homo sapiens	2021-05-15	Cyprus	B.1.1.7	EPI_ISL_16368553
72	Homo sapiens	2021-05-15	Cyprus	B.1.1.7	EPI_ISL_16368552
73	Homo sapiens	2021-05-18	Cyprus	B.1.617.2	EPI_ISL_16368560
73	Homo sapiens	2021-05-21	Cyprus	B.1.1.7	EPI_ISL_16368562
74	Homo sapiens	2021-05-25	Cyprus	B.1.1.7	EPI_ISL_16368569
73	Homo sapiens	2021-05-21	Cyprus	B.1.1.7	EPI_ISL_16368564
74	Homo sapiens	2021-05-27	Cyprus	B.1.1.7	EPI_ISL_16368571
74	Homo sapiens	2021-05-27	Cyprus	B.1.617.2	EPI_ISL_16368572
75	Homo sapiens	2021-05-31	Cyprus	B.1.1.7	EPI_ISL_16368578
74	Homo sapiens	2021-05-29	Cyprus	AY.122	EPI_ISL_16368576
89	Homo sapiens	2021-09-11	Cyprus	AY.102	EPI_ISL_16368588
89	Homo sapiens	2021-09-11	Cyprus	AY.120	EPI_ISL_16368584
89	Homo sapiens	2021-09-12	Cyprus	AY.98.1	EPI_ISL_16368595
83	Homo sapiens	2021-07-30	Cyprus	AY.122	EPI_ISL_16368517
89	Homo sapiens	2021-09-11	Cyprus	AY.60	EPI_ISL_16368585
89	Homo sapiens	2021-09-12	Cyprus	AY.122	EPI_ISL_16368593
89	Homo sapiens	2021-09-12	Cyprus	AY.25.1	EPI_ISL_16368594
89	Homo sapiens	2021-09-11	Cyprus	AY.122	EPI_ISL_16368591
83	Homo sapiens	2021-07-27	Cyprus	AY.60	EPI_ISL_16368513
83	Homo sapiens	2021-07-27	Cyprus	AY.60	EPI_ISL_16368514
82	Homo sapiens	2021-07-21	Cyprus	AY.122	EPI_ISL_16368510
71	Homo sapiens	2021-05-04	Cyprus	B.1.1.7	EPI_ISL_16368532
71	Homo sapiens	2021-05-04	Cyprus	B.1.1.7	EPI_ISL_16368524
71	Homo sapiens	2021-05-04	Cyprus	B.1.1.7	EPI_ISL_16368526
71	Homo sapiens	2021-05-04	Cyprus	B.1.1.7	EPI_ISL_16368535
71	Homo sapiens	2021-05-04	Cyprus	B.1.1.7	EPI_ISL_16368533
71	Homo sapiens	2021-05-04	Cyprus	B.1.1.7	EPI_ISL_16368530
71	Homo sapiens	2021-05-04	Cyprus	B.1.1.7	EPI_ISL_16368529
71	Homo sapiens	2021-05-04	Cyprus	B.1.1.7	EPI_ISL_16368536
71	Homo sapiens	2021-05-04	Cyprus	B.1.1.7	EPI_ISL_16368531
71	Homo sapiens	2021-05-08	Cyprus	B.1.1.7	EPI_ISL_16368539
72	Homo sapiens	2021-05-12	Cyprus	AY.60	EPI_ISL_16368545
72	Homo sapiens	2021-05-13	Cyprus	B.1.1.7	EPI_ISL_16368547
72	Homo sapiens	2021-05-11	Cyprus	B.1.1.7	EPI_ISL_16368543
72	Homo sapiens	2021-05-15	Cyprus	B.1.1.7	EPI_ISL_16368551
81	Homo sapiens	2021-07-14	Cyprus	AY.122	EPI_ISL_16368502
81	Homo sapiens	2021-07-12	Cyprus	AY.60	EPI_ISL_16368501
82	Homo sapiens	2021-07-21	Cyprus	AY.122	EPI_ISL_16368509
81	Homo sapiens	2021-07-15	Cyprus	AY.122	EPI_ISL_16368505
82	Homo sapiens	2021-07-19	Cyprus	AY.122	EPI_ISL_16368508
82	Homo sapiens	2021-07-19	Cyprus	AY.122	EPI_ISL_16368507
64	Homo sapiens	2021-03-21	Cyprus	B.1.1.7	EPI_ISL_16368285
64	Homo sapiens	2021-03-21	Cyprus	B.1.1.7	EPI_ISL_16368286
63	Homo sapiens	2021-03-09	Cyprus	B.1.1.7	EPI_ISL_16368281
63	Homo sapiens	2021-03-09	Cyprus	B.1.1.7	EPI_ISL_16368280
66	Homo sapiens	2021-04-01	Cyprus	B.1.1.7	EPI_ISL_16368291
54	Homo sapiens	2021-01-06	Cyprus	B.1.36.31	EPI_ISL_16368233
54	Homo sapiens	2021-01-07	Cyprus	B.1.258.17	EPI_ISL_16368235
54	Homo sapiens	2021-01-08	Cyprus	B.1.1.7	EPI_ISL_16368241
54	Homo sapiens	2021-01-08	Cyprus	B.1.258	EPI_ISL_16368240
54	Homo sapiens	2021-01-09	Cyprus	B.1.177.82	EPI_ISL_16368243
55	Homo sapiens	2021-01-11	Cyprus	B.1.160	EPI_ISL_16368249
55	Homo sapiens	2021-01-11	Cyprus	B.1.177	EPI_ISL_16368248
54	Homo sapiens	2021-01-10	Cyprus	B.1.177.82	EPI_ISL_16368245
55	Homo sapiens	2021-01-13	Cyprus	B.1.160	EPI_ISL_16368253
55	Homo sapiens	2021-01-15	Cyprus	B.1.160	EPI_ISL_16368257
55	Homo sapiens	2021-01-11	Cyprus	B.1.177.82	EPI_ISL_16368246
55	Homo sapiens	2021-01-12	Cyprus	B.1.177	EPI_ISL_16368252
56	Homo sapiens	2021-01-21	Cyprus	B.1.177	EPI_ISL_16368262
55	Homo sapiens	2021-01-12	Cyprus	B.1.160	EPI_ISL_16368250
55	Homo sapiens	2021-01-14	Cyprus	B.1.160	EPI_ISL_16368255
56	Homo sapiens	2021-01-18	Cyprus	B.1.160	EPI_ISL_16368260
59	Homo sapiens	2021-02-14	Cyprus	B.1.258	EPI_ISL_16368274
59	Homo sapiens	2021-02-11	Cyprus	B.1.1.7	EPI_ISL_16368272
52	Homo sapiens	2020-12-22	Cyprus	B.1.258	EPI_ISL_16368205
52	Homo sapiens	2020-12-22	Cyprus	B.1.258	EPI_ISL_16368210
52	Homo sapiens	2020-12-22	Cyprus	B.1.258	EPI_ISL_16368204
52	Homo sapiens	2020-12-22	Cyprus	B.1.258	EPI_ISL_16368203
52	Homo sapiens	2020-12-22	Cyprus	B.1.258	EPI_ISL_16368206
52	Homo sapiens	2020-12-22	Cyprus	B.1.258.22	EPI_ISL_16368200
52	Homo sapiens	2020-12-22	Cyprus	B.1.258	EPI_ISL_16368209
52	Homo sapiens	2020-12-22	Cyprus	B.1.258	EPI_ISL_16368202
52	Homo sapiens	2020-12-22	Cyprus	B.1.258	EPI_ISL_16368216
52	Homo sapiens	2020-12-22	Cyprus	B.1.258	EPI_ISL_16368215
52	Homo sapiens	2020-12-23	Cyprus	B.1.258	EPI_ISL_16368218
52	Homo sapiens	2020-12-22	Cyprus	B.1.258	EPI_ISL_16368211
52	Homo sapiens	2020-12-22	Cyprus	B.1.258	EPI_ISL_16368214
52	Homo sapiens	2020-12-26	Cyprus	B.1.160	EPI_ISL_16368221
52	Homo sapiens	2020-12-24	Cyprus	B.1.177	EPI_ISL_16368219
53	Homo sapiens	2021-01-02	Cyprus	B.1.258	EPI_ISL_16368229
53	Homo sapiens	2020-12-31	Cyprus	B.1.258	EPI_ISL_16368226
91	Homo sapiens	2021-09-20	Cyprus	AY.95	EPI_ISL_16368636
53	Homo sapiens	2020-12-31	Cyprus	B.1.258	EPI_ISL_16368223
53	Homo sapiens	2020-12-30	Cyprus	B.1.177	EPI_ISL_16368222
53	Homo sapiens	2020-12-31	Cyprus	B.1.1.25	EPI_ISL_16368225
91	Homo sapiens	2021-09-20	Cyprus	AY.43	EPI_ISL_16368634
91	Homo sapiens	2021-09-20	Cyprus	AY.4	EPI_ISL_16368635
90	Homo sapiens	2021-09-19	Cyprus	AY.4	EPI_ISL_16368632
90	Homo sapiens	2021-09-19	Cyprus	AY.4	EPI_ISL_16368631
90	Homo sapiens	2021-09-16	Cyprus	AY.128	EPI_ISL_16368609
90	Homo sapiens	2021-09-14	Cyprus	AY.9	EPI_ISL_16368601
90	Homo sapiens	2021-09-14	Cyprus	AY.98.1	EPI_ISL_16368600
90	Homo sapiens	2021-09-14	Cyprus	AY.60	EPI_ISL_16368603
90	Homo sapiens	2021-09-14	Cyprus	AY.43	EPI_ISL_16368602
90	Homo sapiens	2021-09-16	Cyprus	AY.4	EPI_ISL_16368608
90	Homo sapiens	2021-09-15	Cyprus	B.1.617.2	EPI_ISL_16368605
90	Homo sapiens	2021-09-14	Cyprus	AY.122	EPI_ISL_16368604
90	Homo sapiens	2021-09-15	Cyprus	AY.60	EPI_ISL_16368607
90	Homo sapiens	2021-09-17	Cyprus	AY.9.2	EPI_ISL_16368614
90	Homo sapiens	2021-09-17	Cyprus	AY.43	EPI_ISL_16368613
90	Homo sapiens	2021-09-16	Cyprus	AY.4	EPI_ISL_16368610
90	Homo sapiens	2021-09-17	Cyprus	AY.43	EPI_ISL_16368615
90	Homo sapiens	2021-09-18	Cyprus	AY.46.6	EPI_ISL_16368617
90	Homo sapiens	2021-09-18	Cyprus	AY.122	EPI_ISL_16368623
90	Homo sapiens	2021-09-18	Cyprus	AY.43	EPI_ISL_16368625
90	Homo sapiens	2021-09-18	Cyprus	AY.4	EPI_ISL_16368622
85	Homo sapiens	2021-08-09	Cyprus	AY.122	EPI_ISL_16368354
90	Homo sapiens	2021-09-18	Cyprus	AY.60	EPI_ISL_16368621
90	Homo sapiens	2021-09-18	Cyprus	AY.122	EPI_ISL_16368626
90	Homo sapiens	2021-09-18	Cyprus	AY.16	EPI_ISL_16368628
88	Homo sapiens	2021-09-02	Cyprus	AY.120	EPI_ISL_16368357
88	Homo sapiens	2021-08-30	Cyprus	AY.60	EPI_ISL_16368356
50	Homo sapiens	2020-12-12	Cyprus	B.1.258	EPI_ISL_16368363
53	Homo sapiens	2021-01-02	Cyprus	B.1.258	EPI_ISL_16368370
55	Homo sapiens	2021-01-12	Cyprus	B.1.258	EPI_ISL_16368381
59	Homo sapiens	2021-02-09	Cyprus	B.1.258	EPI_ISL_16368387
51	Homo sapiens	2020-12-15	Cyprus	B.1.258	EPI_ISL_16368795
79	Homo sapiens	2021-06-28	Cyprus	AY.60	EPI_ISL_16368476
78	Homo sapiens	2021-06-25	Cyprus	AY.122	EPI_ISL_16368475
79	Homo sapiens	2021-07-01	Cyprus	AY.122	EPI_ISL_16368478
79	Homo sapiens	2021-07-03	Cyprus	AY.60	EPI_ISL_16368482
79	Homo sapiens	2021-07-02	Cyprus	AY.60	EPI_ISL_16368480
80	Homo sapiens	2021-07-06	Cyprus	AY.122	EPI_ISL_16368487
80	Homo sapiens	2021-07-07	Cyprus	AY.122	EPI_ISL_16368490
80	Homo sapiens	2021-07-09	Cyprus	AY.122	EPI_ISL_16368492
80	Homo sapiens	2021-07-08	Cyprus	AY.122	EPI_ISL_16368491
68	Homo sapiens	2021-04-17	Cyprus	B.1.1.7	EPI_ISL_16368431
75	Homo sapiens	2021-06-04	Cyprus	AY.60	EPI_ISL_16368468
78	Homo sapiens	2021-06-21	Cyprus	AY.122	EPI_ISL_16368472
78	Homo sapiens	2021-06-22	Cyprus	AY.60	EPI_ISL_16368473
45	Homo sapiens	2020-11-06	Cyprus	B.1.258	EPI_ISL_16368119
91	Homo sapiens	2021-09-21	Cyprus	AY.102	EPI_ISL_16368807
92	Homo sapiens	2021-09-27	Cyprus	AY.122	EPI_ISL_16368764
57	Homo sapiens	2021-01-27	Cyprus	B.1.258	EPI_ISL_16368806
91	Homo sapiens	2021-09-21	Cyprus	AY.122	EPI_ISL_16368809
91	Homo sapiens	2021-09-21	Cyprus	AY.122	EPI_ISL_16368808
53	Homo sapiens	2021-01-03	Cyprus	B.1.177	EPI_ISL_16368802
92	Homo sapiens	2021-09-27	Cyprus	AY.4.2	EPI_ISL_16368810
92	Homo sapiens	2021-09-28	Cyprus	AY.4	EPI_ISL_16368811
53	Homo sapiens	2020-12-28	Cyprus	B.1.258	EPI_ISL_16368798
52	Homo sapiens	2020-12-27	Cyprus	B.1.258	EPI_ISL_16368797
90	Homo sapiens	2021-09-16	Cyprus	AY.43	EPI_ISL_16368757
90	Homo sapiens	2021-09-15	Cyprus	AY.98.1	EPI_ISL_16368756
90	Homo sapiens	2021-09-18	Cyprus	AY.4	EPI_ISL_16368759
91	Homo sapiens	2021-09-21	Cyprus	AY.44	EPI_ISL_16368760
92	Homo sapiens	2021-09-28	Cyprus	AY.122	EPI_ISL_16368766
92	Homo sapiens	2021-09-27	Cyprus	AY.43	EPI_ISL_16368765
92	Homo sapiens	2021-09-29	Cyprus	AY.122	EPI_ISL_16368768
92	Homo sapiens	2021-09-29	Cyprus	AY.4	EPI_ISL_16368767
91	Homo sapiens	2021-09-23	Cyprus	AY.4	EPI_ISL_16368762
91	Homo sapiens	2021-09-21	Cyprus	AY.4	EPI_ISL_16368761
91	Homo sapiens	2021-09-24	Cyprus	AY.122	EPI_ISL_16368763
85	Homo sapiens	2021-08-11	Cyprus	AY.128	EPI_ISL_16368769
89	Homo sapiens	2021-09-06	Cyprus	AY.4	EPI_ISL_16368771
89	Homo sapiens	2021-09-06	Cyprus	AY.122	EPI_ISL_16368770
89	Homo sapiens	2021-09-08	Cyprus	AY.102	EPI_ISL_16368777
89	Homo sapiens	2021-09-08	Cyprus	AY.122	EPI_ISL_16368776
89	Homo sapiens	2021-09-09	Cyprus	AY.122	EPI_ISL_16368779
89	Homo sapiens	2021-09-07	Cyprus	AY.122	EPI_ISL_16368773
89	Homo sapiens	2021-09-06	Cyprus	AY.122	EPI_ISL_16368772
89	Homo sapiens	2021-09-08	Cyprus	AY.122	EPI_ISL_16368775
89	Homo sapiens	2021-09-07	Cyprus	AY.122	EPI_ISL_16368774
89	Homo sapiens	2021-09-10	Cyprus	AY.128	EPI_ISL_16368780
90	Homo sapiens	2021-09-16	Cyprus	AY.5	EPI_ISL_16368787
89	Homo sapiens	2021-09-10	Cyprus	AY.122	EPI_ISL_16368781
90	Homo sapiens	2021-09-17	Cyprus	AY.4	EPI_ISL_16368788
91	Homo sapiens	2021-09-22	Cyprus	AY.4	EPI_ISL_16368789
90	Homo sapiens	2021-09-14	Cyprus	AY.4.2	EPI_ISL_16368784
90	Homo sapiens	2021-09-14	Cyprus	AY.122	EPI_ISL_16368783
90	Homo sapiens	2021-09-16	Cyprus	AY.102	EPI_ISL_16368786
90	Homo sapiens	2021-09-15	Cyprus	AY.122	EPI_ISL_16368785
92	Homo sapiens	2021-09-27	Cyprus	AY.122	EPI_ISL_16368791
91	Homo sapiens	2021-09-24	Cyprus	AY.122	EPI_ISL_16368790
92	Homo sapiens	2021-09-27	Cyprus	AY.4	EPI_ISL_16368792
90	Homo sapiens	2021-09-18	Cyprus	AY.17	EPI_ISL_16368711
88	Homo sapiens	2021-09-04	Cyprus	AY.122	EPI_ISL_16368678
88	Homo sapiens	2021-09-04	Cyprus	AY.122	EPI_ISL_16368677
90	Homo sapiens	2021-09-18	Cyprus	AY.122	EPI_ISL_16368713
90	Homo sapiens	2021-09-18	Cyprus	AY.43	EPI_ISL_16368712
88	Homo sapiens	2021-09-04	Cyprus	AY.102	EPI_ISL_16368679
88	Homo sapiens	2021-09-03	Cyprus	AY.102	EPI_ISL_16368674
91	Homo sapiens	2021-09-20	Cyprus	AY.122	EPI_ISL_16368716
88	Homo sapiens	2021-09-03	Cyprus	AY.102	EPI_ISL_16368673
88	Homo sapiens	2021-09-03	Cyprus	AY.122	EPI_ISL_16368676
88	Homo sapiens	2021-09-03	Cyprus	AY.102	EPI_ISL_16368675
91	Homo sapiens	2021-09-20	Cyprus	AY.125	EPI_ISL_16368719
91	Homo sapiens	2021-09-20	Cyprus	AY.4	EPI_ISL_16368718
90	Homo sapiens	2021-09-19	Cyprus	AY.98.1	EPI_ISL_16368715
90	Homo sapiens	2021-09-19	Cyprus	AY.122	EPI_ISL_16368714
88	Homo sapiens	2021-09-04	Cyprus	AY.122	EPI_ISL_16368681
88	Homo sapiens	2021-09-04	Cyprus	AY.60	EPI_ISL_16368680
88	Homo sapiens	2021-09-05	Cyprus	AY.122	EPI_ISL_16368683
88	Homo sapiens	2021-09-04	Cyprus	AY.4	EPI_ISL_16368682
89	Homo sapiens	2021-09-07	Cyprus	AY.122	EPI_ISL_16368689
91	Homo sapiens	2021-09-23	Cyprus	AY.4	EPI_ISL_16368722
91	Homo sapiens	2021-09-23	Cyprus	AY.122	EPI_ISL_16368721
91	Homo sapiens	2021-09-26	Cyprus	AY.122	EPI_ISL_16368723
89	Homo sapiens	2021-09-06	Cyprus	AY.122	EPI_ISL_16368685
89	Homo sapiens	2021-09-06	Cyprus	AY.43	EPI_ISL_16368684
91	Homo sapiens	2021-09-23	Cyprus	AY.122	EPI_ISL_16368720
89	Homo sapiens	2021-09-07	Cyprus	AY.60	EPI_ISL_16368687
89	Homo sapiens	2021-09-06	Cyprus	AY.122	EPI_ISL_16368686
92	Homo sapiens	2021-09-27	Cyprus	AY.4	EPI_ISL_16368726
92	Homo sapiens	2021-09-27	Cyprus	AY.122	EPI_ISL_16368725
89	Homo sapiens	2021-09-08	Cyprus	AY.122	EPI_ISL_16368694
92	Homo sapiens	2021-09-27	Cyprus	AY.43	EPI_ISL_16368728
89	Homo sapiens	2021-09-08	Cyprus	AY.9	EPI_ISL_16368693
90	Homo sapiens	2021-09-14	Cyprus	AY.44	EPI_ISL_16368754
92	Homo sapiens	2021-09-27	Cyprus	B.1.617.2	EPI_ISL_16368727
90	Homo sapiens	2021-09-13	Cyprus	AY.43	EPI_ISL_16368699
89	Homo sapiens	2021-09-08	Cyprus	AY.4	EPI_ISL_16368692
89	Homo sapiens	2021-09-07	Cyprus	AY.102	EPI_ISL_16368691
89	Homo sapiens	2021-09-07	Cyprus	AY.122	EPI_ISL_16368690
92	Homo sapiens	2021-09-28	Cyprus	AY.122	EPI_ISL_16368733
92	Homo sapiens	2021-09-28	Cyprus	AY.4	EPI_ISL_16368732
92	Homo sapiens	2021-09-28	Cyprus	AY.43	EPI_ISL_16368735
92	Homo sapiens	2021-09-28	Cyprus	AY.122	EPI_ISL_16368734
89	Homo sapiens	2021-09-09	Cyprus	AY.122	EPI_ISL_16368696
89	Homo sapiens	2021-09-10	Cyprus	AY.60	EPI_ISL_16368698
89	Homo sapiens	2021-09-08	Cyprus	AY.122	EPI_ISL_16368695
92	Homo sapiens	2021-09-28	Cyprus	AY.43	EPI_ISL_16368731
92	Homo sapiens	2021-09-27	Cyprus	AY.43	EPI_ISL_16368730
89	Homo sapiens	2021-09-09	Cyprus	AY.43	EPI_ISL_16368697
88	Homo sapiens	2021-08-30	Cyprus	AY.4	EPI_ISL_16368737
88	Homo sapiens	2021-08-30	Cyprus	AY.122	EPI_ISL_16368736
88	Homo sapiens	2021-08-31	Cyprus	AY.102	EPI_ISL_16368739
90	Homo sapiens	2021-09-16	Cyprus	AY.4	EPI_ISL_16368703
88	Homo sapiens	2021-09-02	Cyprus	AY.43	EPI_ISL_16368744
88	Homo sapiens	2021-09-03	Cyprus	AY.98.1	EPI_ISL_16368746
88	Homo sapiens	2021-09-03	Cyprus	AY.43	EPI_ISL_16368745
88	Homo sapiens	2021-09-02	Cyprus	AY.98.1	EPI_ISL_16368743
89	Homo sapiens	2021-09-06	Cyprus	AY.43	EPI_ISL_16368752
88	Homo sapiens	2021-08-31	Cyprus	AY.98.1	EPI_ISL_16368740
88	Homo sapiens	2021-09-01	Cyprus	AY.43	EPI_ISL_16368742
88	Homo sapiens	2021-09-01	Cyprus	AY.98.1	EPI_ISL_16368741
88	Homo sapiens	2021-09-03	Cyprus	AY.43	EPI_ISL_16368747
88	Homo sapiens	2021-09-04	Cyprus	AY.43	EPI_ISL_16368749
90	Homo sapiens	2021-09-15	Cyprus	AY.43	EPI_ISL_16368755
89	Homo sapiens	2021-09-06	Cyprus	AY.4	EPI_ISL_16368751
88	Homo sapiens	2021-09-04	Cyprus	B.1.617.2	EPI_ISL_16368750
89	Homo sapiens	2021-09-06	Cyprus	AY.4	EPI_ISL_16368753
87	Homo sapiens	2021-08-26	Cyprus	AY.126	EPI_ISL_16368638
87	Homo sapiens	2021-08-27	Cyprus	AY.122	EPI_ISL_16368645
87	Homo sapiens	2021-08-26	Cyprus	AY.122	EPI_ISL_16368643
91	Homo sapiens	2021-09-20	Cyprus	AY.46.6	EPI_ISL_16368637
87	Homo sapiens	2021-08-26	Cyprus	AY.9	EPI_ISL_16368639
87	Homo sapiens	2021-08-27	Cyprus	AY.122	EPI_ISL_16368644
87	Homo sapiens	2021-08-28	Cyprus	AY.4	EPI_ISL_16368647
87	Homo sapiens	2021-08-27	Cyprus	AY.43	EPI_ISL_16368646
87	Homo sapiens	2021-08-26	Cyprus	AY.4	EPI_ISL_16368641
87	Homo sapiens	2021-08-26	Cyprus	AY.122	EPI_ISL_16368640
87	Homo sapiens	2021-08-26	Cyprus	AY.126	EPI_ISL_16368642
87	Homo sapiens	2021-08-29	Cyprus	AY.122	EPI_ISL_16368649
87	Homo sapiens	2021-08-28	Cyprus	AY.122	EPI_ISL_16368648
87	Homo sapiens	2021-08-29	Cyprus	AY.122	EPI_ISL_16368650
88	Homo sapiens	2021-08-30	Cyprus	AY.122	EPI_ISL_16368655
87	Homo sapiens	2021-08-29	Cyprus	AY.122	EPI_ISL_16368652
88	Homo sapiens	2021-08-30	Cyprus	AY.43	EPI_ISL_16368657
87	Homo sapiens	2021-08-29	Cyprus	AY.60	EPI_ISL_16368651
88	Homo sapiens	2021-08-30	Cyprus	AY.6	EPI_ISL_16368654
88	Homo sapiens	2021-08-30	Cyprus	AY.4.4	EPI_ISL_16368653
88	Homo sapiens	2021-09-01	Cyprus	AY.122	EPI_ISL_16368660
90	Homo sapiens	2021-09-14	Cyprus	AY.102	EPI_ISL_16368700
88	Homo sapiens	2021-09-02	Cyprus	AY.122	EPI_ISL_16368667
88	Homo sapiens	2021-09-02	Cyprus	AY.122	EPI_ISL_16368666
90	Homo sapiens	2021-09-16	Cyprus	AY.122	EPI_ISL_16368702
88	Homo sapiens	2021-09-02	Cyprus	AY.60	EPI_ISL_16368669
88	Homo sapiens	2021-09-02	Cyprus	AY.60	EPI_ISL_16368668
90	Homo sapiens	2021-09-16	Cyprus	AY.46.6	EPI_ISL_16368701
88	Homo sapiens	2021-09-01	Cyprus	AY.9.2	EPI_ISL_16368663
88	Homo sapiens	2021-09-01	Cyprus	B.1.617.2	EPI_ISL_16368662
88	Homo sapiens	2021-09-01	Cyprus	AY.4	EPI_ISL_16368665
88	Homo sapiens	2021-09-01	Cyprus	AY.43	EPI_ISL_16368664
90	Homo sapiens	2021-09-17	Cyprus	AY.16	EPI_ISL_16368708
90	Homo sapiens	2021-09-16	Cyprus	AY.122	EPI_ISL_16368707
90	Homo sapiens	2021-09-17	Cyprus	AY.102	EPI_ISL_16368709
90	Homo sapiens	2021-09-16	Cyprus	AY.43	EPI_ISL_16368706
88	Homo sapiens	2021-09-02	Cyprus	AY.4	EPI_ISL_16368670
88	Homo sapiens	2021-09-03	Cyprus	AY.43	EPI_ISL_16368672
88	Homo sapiens	2021-09-02	Cyprus	AY.4	EPI_ISL_16368671
59	Homo sapiens	2021-02-10	Cyprus	B.1.177	EPI_ISL_16373160
58	Homo sapiens	2021-02-03	Cyprus	B.1.177	EPI_ISL_16373112
58	Homo sapiens	2021-02-04	Cyprus	B.1.258	EPI_ISL_16373115
58	Homo sapiens	2021-02-04	Cyprus	B.1.177	EPI_ISL_16373123
54	Homo sapiens	2021-01-05	Cyprus	B.1.258	EPI_ISL_16372891
58	Homo sapiens	2021-02-01	Cyprus	B.1.258	EPI_ISL_16373083
56	Homo sapiens	2021-01-18	Cyprus	B.1.258	EPI_ISL_16373021
56	Homo sapiens	2021-01-18	Cyprus	B.1.258	EPI_ISL_16373020
54	Homo sapiens	2021-01-04	Cyprus	B.1.258	EPI_ISL_16372864
55	Homo sapiens	2021-01-14	Cyprus	B.1.258	EPI_ISL_16372999
55	Homo sapiens	2021-01-15	Cyprus	B.1.258	EPI_ISL_16373008
56	Homo sapiens	2021-01-18	Cyprus	B.1.258	EPI_ISL_16373018
71	Homo sapiens	2021-05-04	Cyprus	B.1.1.7	EPI_ISL_16372416
71	Homo sapiens	2021-05-05	Cyprus	B.1.1.7	EPI_ISL_16372427
71	Homo sapiens	2021-05-04	Cyprus	B.1.617.2	EPI_ISL_16372409
71	Homo sapiens	2021-05-03	Cyprus	B.1.1.7	EPI_ISL_16372403
71	Homo sapiens	2021-05-03	Cyprus	B.1.1.7	EPI_ISL_16372404
70	Homo sapiens	2021-04-30	Cyprus	B.1.1.7	EPI_ISL_16372389
45	Homo sapiens	2020-11-04	Cyprus	B.1.258	EPI_ISL_16372355
69	Homo sapiens	2021-04-19	Cyprus	B.1.1.7	EPI_ISL_16372356
53	Homo sapiens	2020-12-30	Cyprus	B.1.258	EPI_ISL_16372621
53	Homo sapiens	2020-12-30	Cyprus	B.1.258	EPI_ISL_16372608
57	Homo sapiens	2021-01-30	Cyprus	B.1.258	EPI_ISL_16373074
57	Homo sapiens	2021-01-30	Cyprus	B.1.1.7	EPI_ISL_16373073
58	Homo sapiens	2021-02-01	Cyprus	B.1.258	EPI_ISL_16373082
58	Homo sapiens	2021-02-01	Cyprus	B.1.177	EPI_ISL_16373090
58	Homo sapiens	2021-02-02	Cyprus	B.1.1.7	EPI_ISL_16373094
58	Homo sapiens	2021-02-01	Cyprus	B.1.1.7	EPI_ISL_16373085
58	Homo sapiens	2021-02-01	Cyprus	B.1.1.7	EPI_ISL_16373084
58	Homo sapiens	2021-02-01	Cyprus	B.1.1.7	EPI_ISL_16373089
58	Homo sapiens	2021-02-01	Cyprus	B.1.1.7	EPI_ISL_16373088
58	Homo sapiens	2021-02-02	Cyprus	B.1.1.7	EPI_ISL_16373096
58	Homo sapiens	2021-02-02	Cyprus	B.1.258	EPI_ISL_16373095
58	Homo sapiens	2021-02-02	Cyprus	B.1.1.7	EPI_ISL_16373098
58	Homo sapiens	2021-02-02	Cyprus	B.1.1.7	EPI_ISL_16373097
56	Homo sapiens	2021-01-19	Cyprus	B.1.258	EPI_ISL_16373025
58	Homo sapiens	2021-02-02	Cyprus	B.1.1.7	EPI_ISL_16373099
56	Homo sapiens	2021-01-19	Cyprus	B.1.258	EPI_ISL_16373024
56	Homo sapiens	2021-01-22	Cyprus	B.1.1.7	EPI_ISL_16373030
56	Homo sapiens	2021-01-23	Cyprus	B.1.258	EPI_ISL_16373032
56	Homo sapiens	2021-01-22	Cyprus	B.1.258	EPI_ISL_16373031
56	Homo sapiens	2021-01-24	Cyprus	B.1.258	EPI_ISL_16373034
57	Homo sapiens	2021-01-26	Cyprus	B.1.258	EPI_ISL_16373040
57	Homo sapiens	2021-01-26	Cyprus	B.1.258	EPI_ISL_16373039
57	Homo sapiens	2021-01-27	Cyprus	B.1.1.7	EPI_ISL_16373050
55	Homo sapiens	2021-01-14	Cyprus	B.1.258	EPI_ISL_16373001
55	Homo sapiens	2021-01-14	Cyprus	B.1.258	EPI_ISL_16373005
55	Homo sapiens	2021-01-16	Cyprus	B.1.177	EPI_ISL_16373011
56	Homo sapiens	2021-01-18	Cyprus	B.1.258	EPI_ISL_16373017
56	Homo sapiens	2021-01-18	Cyprus	B.1.258	EPI_ISL_16373019
53	Homo sapiens	2020-12-29	Cyprus	B.1.258	EPI_ISL_16372580
87	Homo sapiens	2021-08-26	Cyprus	AY.122	EPI_ISL_16372842
61	Homo sapiens	2021-02-25	Cyprus	B.1.1.7	EPI_ISL_16373189
61	Homo sapiens	2021-02-26	Cyprus	B.1.1.7	EPI_ISL_16373195
58	Homo sapiens	2021-02-06	Cyprus	B.1.1.25	EPI_ISL_16373141
59	Homo sapiens	2021-02-10	Cyprus	B.1.1.7	EPI_ISL_16373157
59	Homo sapiens	2021-02-10	Cyprus	B.1.177	EPI_ISL_16373159
59	Homo sapiens	2021-02-14	Cyprus	B.1.177	EPI_ISL_16373164
60	Homo sapiens	2021-02-17	Cyprus	B.1.1.7	EPI_ISL_16373168
61	Homo sapiens	2021-02-25	Cyprus	B.1.1.7	EPI_ISL_16373180
58	Homo sapiens	2021-02-02	Cyprus	B.1.1.7	EPI_ISL_16373102
61	Homo sapiens	2021-02-24	Cyprus	B.1.1.7	EPI_ISL_16373178
58	Homo sapiens	2021-02-02	Cyprus	B.1.1.7	EPI_ISL_16373100
58	Homo sapiens	2021-02-02	Cyprus	B.1.1.7	EPI_ISL_16373101
58	Homo sapiens	2021-02-03	Cyprus	B.1.258	EPI_ISL_16373106
58	Homo sapiens	2021-02-03	Cyprus	B.1.177	EPI_ISL_16373105
58	Homo sapiens	2021-02-03	Cyprus	B.1.1.7	EPI_ISL_16373108
58	Homo sapiens	2021-02-03	Cyprus	B.1.1.7	EPI_ISL_16373107
58	Homo sapiens	2021-02-03	Cyprus	B.1.1.7	EPI_ISL_16373109
58	Homo sapiens	2021-02-03	Cyprus	B.1.1.7	EPI_ISL_16373110
58	Homo sapiens	2021-02-04	Cyprus	B.1.258	EPI_ISL_16373114
58	Homo sapiens	2021-02-04	Cyprus	B.1.258	EPI_ISL_16373117
58	Homo sapiens	2021-02-04	Cyprus	B.1.1.7	EPI_ISL_16373116
58	Homo sapiens	2021-02-04	Cyprus	B.1.1.7	EPI_ISL_16373119
58	Homo sapiens	2021-02-04	Cyprus	B.1.1.7	EPI_ISL_16373118
58	Homo sapiens	2021-02-05	Cyprus	B.1.258	EPI_ISL_16373128
58	Homo sapiens	2021-02-04	Cyprus	B.1.177	EPI_ISL_16373120
58	Homo sapiens	2021-02-04	Cyprus	B.1.177	EPI_ISL_16373122
58	Homo sapiens	2021-02-04	Cyprus	B.1.258	EPI_ISL_16373121
58	Homo sapiens	2021-02-04	Cyprus	B.1.258	EPI_ISL_16373127
58	Homo sapiens	2021-02-05	Cyprus	B.1.177	EPI_ISL_16373133
58	Homo sapiens	2021-02-05	Cyprus	B.1.1.7	EPI_ISL_16373131
58	Homo sapiens	2021-02-05	Cyprus	B.1.1.7	EPI_ISL_16373130
58	Homo sapiens	2021-02-05	Cyprus	B.1.1.7	EPI_ISL_16373134
58	Homo sapiens	2021-02-05	Cyprus	B.1.258	EPI_ISL_16373137
58	Homo sapiens	2021-02-05	Cyprus	B.1.1.7	EPI_ISL_16373136
58	Homo sapiens	2021-02-05	Cyprus	B.1.258	EPI_ISL_16373139
90	Homo sapiens	2021-09-13	Cyprus	AY.4	EPI_ISL_16372899
71	Homo sapiens	2021-05-05	Cyprus	C.36.3	EPI_ISL_16372446
54	Homo sapiens	2021-01-05	Cyprus	B.1.258	EPI_ISL_16372887
53	Homo sapiens	2021-01-03	Cyprus	B.1.258	EPI_ISL_16372825
63	Homo sapiens	2021-03-08	Cyprus	B.1.1.7	EPI_ISL_16373260
63	Homo sapiens	2021-03-09	Cyprus	B.1.1.7	EPI_ISL_16373272
63	Homo sapiens	2021-03-09	Cyprus	B.1.1.7	EPI_ISL_16373275
63	Homo sapiens	2021-03-08	Cyprus	B.1.1.7	EPI_ISL_16373263
63	Homo sapiens	2021-03-09	Cyprus	B.1.1.7	EPI_ISL_16373273
63	Homo sapiens	2021-03-08	Cyprus	B.1.1.7	EPI_ISL_16373262
63	Homo sapiens	2021-03-08	Cyprus	B.1.1.7	EPI_ISL_16373264
63	Homo sapiens	2021-03-09	Cyprus	B.1.1.7	EPI_ISL_16373274
63	Homo sapiens	2021-03-09	Cyprus	B.1.1.7	EPI_ISL_16373276
63	Homo sapiens	2021-03-10	Cyprus	B.1.1.7	EPI_ISL_16373279
62	Homo sapiens	2021-03-03	Cyprus	B.1.1.7	EPI_ISL_16373222
62	Homo sapiens	2021-03-07	Cyprus	B.1.1.7	EPI_ISL_16373244
62	Homo sapiens	2021-03-04	Cyprus	B.1.1.7	EPI_ISL_16373226
62	Homo sapiens	2021-03-06	Cyprus	B.1.1.7	EPI_ISL_16373241
62	Homo sapiens	2021-03-06	Cyprus	B.1.1.7	EPI_ISL_16373233
62	Homo sapiens	2021-03-06	Cyprus	B.1.1.7	EPI_ISL_16373235
62	Homo sapiens	2021-03-06	Cyprus	B.1.1.7	EPI_ISL_16373236
62	Homo sapiens	2021-03-06	Cyprus	B.1.1.7	EPI_ISL_16373238
62	Homo sapiens	2021-03-06	Cyprus	B.1.1.7	EPI_ISL_16373237
62	Homo sapiens	2021-03-06	Cyprus	B.1.1.7	EPI_ISL_16373239
62	Homo sapiens	2021-03-06	Cyprus	B.1.1.7	EPI_ISL_16373240
62	Homo sapiens	2021-03-07	Cyprus	B.1.1.7	EPI_ISL_16373250
62	Homo sapiens	2021-03-07	Cyprus	B.1.1.7	EPI_ISL_16373245
62	Homo sapiens	2021-03-07	Cyprus	B.1.1.7	EPI_ISL_16373246
62	Homo sapiens	2021-03-07	Cyprus	B.1.1.7	EPI_ISL_16373247
63	Homo sapiens	2021-03-08	Cyprus	B.1.1.7	EPI_ISL_16373254
62	Homo sapiens	2021-03-07	Cyprus	B.1.1.7	EPI_ISL_16373248
62	Homo sapiens	2021-03-07	Cyprus	B.1.1.7	EPI_ISL_16373252
62	Homo sapiens	2021-03-07	Cyprus	B.1.1.7	EPI_ISL_16373251
63	Homo sapiens	2021-03-08	Cyprus	B.1.1.7	EPI_ISL_16373253
63	Homo sapiens	2021-03-08	Cyprus	B.1.1.7	EPI_ISL_16373256
63	Homo sapiens	2021-03-08	Cyprus	B.1.1.7	EPI_ISL_16373255
63	Homo sapiens	2021-03-08	Cyprus	B.1.1.7	EPI_ISL_16373258
63	Homo sapiens	2021-03-08	Cyprus	B.1.1.7	EPI_ISL_16373257
63	Homo sapiens	2021-03-08	Cyprus	B.1.1.7	EPI_ISL_16373259
61	Homo sapiens	2021-02-28	Cyprus	B.1.1.7	EPI_ISL_16373211
54	Homo sapiens	2021-01-09	Cyprus	B.1.258	EPI_ISL_16372976
54	Homo sapiens	2021-01-08	Cyprus	B.1.258	EPI_ISL_16372972
54	Homo sapiens	2021-01-10	Cyprus	B.1.1.312	EPI_ISL_16372978
55	Homo sapiens	2021-01-11	Cyprus	B.1.258	EPI_ISL_16372982
55	Homo sapiens	2021-01-12	Cyprus	B.1.258	EPI_ISL_16372990
55	Homo sapiens	2021-01-12	Cyprus	B.1.258	EPI_ISL_16372992
55	Homo sapiens	2021-01-12	Cyprus	B.1.258	EPI_ISL_16372994
55	Homo sapiens	2021-01-13	Cyprus	B.1.1.7	EPI_ISL_16372998
93	Homo sapiens	2021-10-06	Cyprus	AY.122	EPI_ISL_16372955
93	Homo sapiens	2021-10-06	Cyprus	AY.122	EPI_ISL_16372956
93	Homo sapiens	2021-10-08	Cyprus	AY.122	EPI_ISL_16372964
93	Homo sapiens	2021-10-07	Cyprus	AY.43	EPI_ISL_16372960
93	Homo sapiens	2021-10-07	Cyprus	B.1.617.2	EPI_ISL_16372961
93	Homo sapiens	2021-10-08	Cyprus	B.1.617.2	EPI_ISL_16372963
93	Homo sapiens	2021-10-08	Cyprus	AY.122	EPI_ISL_16372965
93	Homo sapiens	2021-10-08	Cyprus	AY.103	EPI_ISL_16372966
54	Homo sapiens	2021-01-05	Cyprus	B.1.177	EPI_ISL_16372909
54	Homo sapiens	2021-01-05	Cyprus	B.1.258	EPI_ISL_16372913
54	Homo sapiens	2021-01-06	Cyprus	B.1.258	EPI_ISL_16372922
67	Homo sapiens	2021-04-05	Cyprus	B.1.1.7	EPI_ISL_16373393
66	Homo sapiens	2021-04-03	Cyprus	B.1.1.7	EPI_ISL_16373383
65	Homo sapiens	2021-03-24	Cyprus	B.1.1.7	EPI_ISL_16373350
65	Homo sapiens	2021-03-25	Cyprus	B.1.1.7	EPI_ISL_16373357
65	Homo sapiens	2021-03-26	Cyprus	B.1.1.7	EPI_ISL_16373359
66	Homo sapiens	2021-03-30	Cyprus	B.1.1.7	EPI_ISL_16373367
66	Homo sapiens	2021-03-31	Cyprus	B.1.1.7	EPI_ISL_16373370
71	Homo sapiens	2021-05-06	Cyprus	B.1.1.7	EPI_ISL_16372451
71	Homo sapiens	2021-05-06	Cyprus	B.1.617.2	EPI_ISL_16372452
71	Homo sapiens	2021-05-06	Cyprus	B.1.1.7	EPI_ISL_16372454
63	Homo sapiens	2021-03-11	Cyprus	B.1.177	EPI_ISL_16373301
71	Homo sapiens	2021-05-06	Cyprus	B.1.1.7	EPI_ISL_16372459
63	Homo sapiens	2021-03-12	Cyprus	B.1.1.7	EPI_ISL_16373315
71	Homo sapiens	2021-05-07	Cyprus	B.1.1.7	EPI_ISL_16372470
64	Homo sapiens	2021-03-20	Cyprus	B.1.1.7	EPI_ISL_16373324
65	Homo sapiens	2021-03-22	Cyprus	B.1.1.7	EPI_ISL_16373335
