12	Homo sapiens	2020-03-18	Democratic Republic of the Congo	B.1	EPI_ISL_417946
12	Homo sapiens	2020-03-19	Democratic Republic of the Congo	B.1	EPI_ISL_417947
12	Homo sapiens	2020-03-19	Democratic Republic of the Congo	B.1.128	EPI_ISL_417948
12	Homo sapiens	2020-03-20	Democratic Republic of the Congo	B.40	EPI_ISL_417950
12	Homo sapiens	2020-03-21	Democratic Republic of the Congo	B.1.6	EPI_ISL_420030
12	Homo sapiens	2020-03-22	Democratic Republic of the Congo	B.1.128	EPI_ISL_420032
12	Homo sapiens	2020-03-22	Democratic Republic of the Congo	B.1.1.75	EPI_ISL_420033
12	Homo sapiens	2020-03-22	Democratic Republic of the Congo	B.1	EPI_ISL_420035
15	Homo sapiens	2020-04-09	Democratic Republic of the Congo	B.1.149	EPI_ISL_435032
16	Homo sapiens	2020-04-15	Democratic Republic of the Congo	B.1.149	EPI_ISL_437337
16	Homo sapiens	2020-04-15	Democratic Republic of the Congo	B.1	EPI_ISL_437338
16	Homo sapiens	2020-04-15	Democratic Republic of the Congo	B.1	EPI_ISL_437339
16	Homo sapiens	2020-04-15	Democratic Republic of the Congo	B.1.9.5	EPI_ISL_437340
16	Homo sapiens	2020-04-15	Democratic Republic of the Congo	B.1.9.5	EPI_ISL_437343
16	Homo sapiens	2020-04-16	Democratic Republic of the Congo	B.1	EPI_ISL_437348
16	Homo sapiens	2020-04-16	Democratic Republic of the Congo	B.1	EPI_ISL_437350
16	Homo sapiens	2020-04-17	Democratic Republic of the Congo	B.1	EPI_ISL_437352
17	Homo sapiens	2020-04-23	Democratic Republic of the Congo	B.1.128	EPI_ISL_447231
17	Homo sapiens	2020-04-25	Democratic Republic of the Congo	B.1.128	EPI_ISL_471396
17	Homo sapiens	2020-04-25	Democratic Republic of the Congo	B.1.84	EPI_ISL_471397
17	Homo sapiens	2020-04-25	Democratic Republic of the Congo	B.1	EPI_ISL_471398
17	Homo sapiens	2020-04-25	Democratic Republic of the Congo	B.1.214	EPI_ISL_471400
17	Homo sapiens	2020-04-26	Democratic Republic of the Congo	B.1	EPI_ISL_471402
17	Homo sapiens	2020-04-26	Democratic Republic of the Congo	B.1	EPI_ISL_471403
18	Homo sapiens	2020-04-27	Democratic Republic of the Congo	B.1	EPI_ISL_471408
18	Homo sapiens	2020-04-27	Democratic Republic of the Congo	B.1.128	EPI_ISL_471409
18	Homo sapiens	2020-04-27	Democratic Republic of the Congo	B.1	EPI_ISL_471410
17	Homo sapiens	2020-04-25	Democratic Republic of the Congo	A	EPI_ISL_471411
17	Homo sapiens	2020-04-25	Democratic Republic of the Congo	A	EPI_ISL_471412
18	Homo sapiens	2020-04-28	Democratic Republic of the Congo	B.1	EPI_ISL_471414
18	Homo sapiens	2020-04-28	Democratic Republic of the Congo	B.1.1.1	EPI_ISL_471415
18	Homo sapiens	2020-04-30	Democratic Republic of the Congo	B.1	EPI_ISL_513598
18	Homo sapiens	2020-04-30	Democratic Republic of the Congo	B.1	EPI_ISL_513600
18	Homo sapiens	2020-04-30	Democratic Republic of the Congo	B.1.214	EPI_ISL_513601
18	Homo sapiens	2020-04-30	Democratic Republic of the Congo	B.1	EPI_ISL_513605
18	Homo sapiens	2020-04-30	Democratic Republic of the Congo	B.1	EPI_ISL_513606
18	Homo sapiens	2020-04-30	Democratic Republic of the Congo	B.1.128	EPI_ISL_513607
18	Homo sapiens	2020-04-30	Democratic Republic of the Congo	B.1.128	EPI_ISL_513608
18	Homo sapiens	2020-04-30	Democratic Republic of the Congo	B.1.128	EPI_ISL_513609
18	Homo sapiens	2020-04-30	Democratic Republic of the Congo	B.1.128	EPI_ISL_513610
19	Homo sapiens	2020-05-07	Democratic Republic of the Congo	B.1.1.275	EPI_ISL_513617
19	Homo sapiens	2020-05-07	Democratic Republic of the Congo	B.1.1.275	EPI_ISL_513618
21	Homo sapiens	2020-05-23	Democratic Republic of the Congo	B.1	EPI_ISL_513630
21	Homo sapiens	2020-05-22	Democratic Republic of the Congo	B.1	EPI_ISL_591087
21	Homo sapiens	2020-05-21	Democratic Republic of the Congo	B.1.214	EPI_ISL_636982
19	Homo sapiens	2020-05-06	Democratic Republic of the Congo	B.1	EPI_ISL_636983
20	Homo sapiens	2020-05-12	Democratic Republic of the Congo	B.1	EPI_ISL_636984
20	Homo sapiens	2020-05-14	Democratic Republic of the Congo	B.1.9	EPI_ISL_636985
21	Homo sapiens	2020-05-19	Democratic Republic of the Congo	B.1.214	EPI_ISL_636988
17	Homo sapiens	2020-04-25	Democratic Republic of the Congo	B.1.84	EPI_ISL_961013
13	Homo sapiens	2020-03-28	Democratic Republic of the Congo	B.1.1.1	EPI_ISL_420849
13	Homo sapiens	2020-03-26	Democratic Republic of the Congo	B.1.147	EPI_ISL_420847
75	Homo sapiens	2021-06-03	Democratic Republic of the Congo	B.1.620	EPI_ISL_2493985
12	Homo sapiens	2020-03-17	Democratic Republic of the Congo	B.1.178	EPI_ISL_417437
101	Homo sapiens	2021-11-30	Democratic Republic of the Congo	AY.127	EPI_ISL_9570972
98	Homo sapiens	2021-11-11	Democratic Republic of the Congo	AY.116	EPI_ISL_9570930
98	Homo sapiens	2021-11-11	Democratic Republic of the Congo	AY.116	EPI_ISL_9570932
98	Homo sapiens	2021-11-11	Democratic Republic of the Congo	AY.122.6	EPI_ISL_9570960
98	Homo sapiens	2021-11-08	Democratic Republic of the Congo	AY.91	EPI_ISL_9570935
97	Homo sapiens	2021-11-02	Democratic Republic of the Congo	AY.34	EPI_ISL_9570937
74	Homo sapiens	2021-05-25	Democratic Republic of the Congo	B.1.214.2	EPI_ISL_10771143
79	Homo sapiens	2021-06-29	Democratic Republic of the Congo	AY.82	EPI_ISL_10011299
79	Homo sapiens	2021-06-29	Democratic Republic of the Congo	AY.46	EPI_ISL_10011301
79	Homo sapiens	2021-06-30	Democratic Republic of the Congo	AY.113	EPI_ISL_10011302
79	Homo sapiens	2021-06-30	Democratic Republic of the Congo	AY.46	EPI_ISL_10011304
62	Homo sapiens	2021-03-07	Democratic Republic of the Congo	C.16	EPI_ISL_10011307
67	Homo sapiens	2021-04-10	Democratic Republic of the Congo	B.1.214.3	EPI_ISL_10011309
70	Homo sapiens	2021-04-28	Democratic Republic of the Congo	A.23.1	EPI_ISL_10011312
73	Homo sapiens	2021-05-23	Democratic Republic of the Congo	B.1	EPI_ISL_10011313
73	Homo sapiens	2021-05-23	Democratic Republic of the Congo	B.1.351	EPI_ISL_10011314
73	Homo sapiens	2021-05-23	Democratic Republic of the Congo	B.1	EPI_ISL_10011315
74	Homo sapiens	2021-05-29	Democratic Republic of the Congo	C.16	EPI_ISL_10011319
75	Homo sapiens	2021-06-01	Democratic Republic of the Congo	B.1	EPI_ISL_10011324
76	Homo sapiens	2021-06-13	Democratic Republic of the Congo	AY.113	EPI_ISL_10011329
76	Homo sapiens	2021-06-13	Democratic Republic of the Congo	AY.102	EPI_ISL_10011330
76	Homo sapiens	2021-06-13	Democratic Republic of the Congo	AY.46	EPI_ISL_10011333
76	Homo sapiens	2021-06-13	Democratic Republic of the Congo	AY.46.4	EPI_ISL_10011337
77	Homo sapiens	2021-06-14	Democratic Republic of the Congo	AY.113	EPI_ISL_10011343
77	Homo sapiens	2021-06-16	Democratic Republic of the Congo	AY.113	EPI_ISL_10011347
77	Homo sapiens	2021-06-17	Democratic Republic of the Congo	AY.113	EPI_ISL_10011348
77	Homo sapiens	2021-06-17	Democratic Republic of the Congo	B.1.617.2	EPI_ISL_10011349
77	Homo sapiens	2021-06-18	Democratic Republic of the Congo	AY.113	EPI_ISL_10011351
77	Homo sapiens	2021-06-18	Democratic Republic of the Congo	AY.113	EPI_ISL_10011354
77	Homo sapiens	2021-06-18	Democratic Republic of the Congo	AY.46	EPI_ISL_10011358
77	Homo sapiens	2021-06-18	Democratic Republic of the Congo	AY.113	EPI_ISL_10011359
77	Homo sapiens	2021-06-20	Democratic Republic of the Congo	AY.55	EPI_ISL_10011361
77	Homo sapiens	2021-06-20	Democratic Republic of the Congo	AY.46	EPI_ISL_10011365
78	Homo sapiens	2021-06-24	Democratic Republic of the Congo	AY.46	EPI_ISL_10011366
78	Homo sapiens	2021-06-24	Democratic Republic of the Congo	B.1.617.2	EPI_ISL_10011369
78	Homo sapiens	2021-06-24	Democratic Republic of the Congo	B.1.617.2	EPI_ISL_10011370
79	Homo sapiens	2021-06-28	Democratic Republic of the Congo	B.1.617.2	EPI_ISL_10011375
79	Homo sapiens	2021-06-28	Democratic Republic of the Congo	AY.46	EPI_ISL_10011376
62	Homo sapiens	2021-03-04	Democratic Republic of the Congo	B.1.214.2	EPI_ISL_10771126
67	Homo sapiens	2021-04-10	Democratic Republic of the Congo	B.1.214.2	EPI_ISL_10771130
67	Homo sapiens	2021-04-10	Democratic Republic of the Congo	B.1.214.2	EPI_ISL_10771132
68	Homo sapiens	2021-04-12	Democratic Republic of the Congo	B.1.214.2	EPI_ISL_10771133
68	Homo sapiens	2021-04-12	Democratic Republic of the Congo	B.1.214.2	EPI_ISL_10771134
71	Homo sapiens	2021-05-06	Democratic Republic of the Congo	B.1.214.2	EPI_ISL_10771138
72	Homo sapiens	2021-05-14	Democratic Republic of the Congo	B.1.214.2	EPI_ISL_10771139
73	Homo sapiens	2021-05-23	Democratic Republic of the Congo	B.1.214.2	EPI_ISL_10771141
74	Homo sapiens	2021-05-24	Democratic Republic of the Congo	B.1.214.2	EPI_ISL_10771142
76	Homo sapiens	2021-06-07	Democratic Republic of the Congo	B.1.214.2	EPI_ISL_10771148
17	Homo sapiens	2020-04-25	Democratic Republic of the Congo	A	EPI_ISL_471473
17	Homo sapiens	2020-04-25	Democratic Republic of the Congo	A	EPI_ISL_471474
129	Homo sapiens	2022-06-13	Democratic Republic of the Congo	BA.4.1	EPI_ISL_14404633
126	Homo sapiens	2022-05-29	Democratic Republic of the Congo	BA.4.1	EPI_ISL_14404617
81	Homo sapiens	2021-07-14	Democratic Republic of the Congo	AY.46	EPI_ISL_15297166
81	Homo sapiens	2021-07-14	Democratic Republic of the Congo	AY.46	EPI_ISL_15297184
83	Homo sapiens	2021-07-27	Democratic Republic of the Congo	AY.46	EPI_ISL_15297162
81	Homo sapiens	2021-07-13	Democratic Republic of the Congo	AY.46	EPI_ISL_15297179
81	Homo sapiens	2021-07-16	Democratic Republic of the Congo	AY.46	EPI_ISL_15297169
83	Homo sapiens	2021-07-27	Democratic Republic of the Congo	B.1.214.2	EPI_ISL_15297206
81	Homo sapiens	2021-07-14	Democratic Republic of the Congo	AY.46	EPI_ISL_15297165
81	Homo sapiens	2021-07-13	Democratic Republic of the Congo	AY.46	EPI_ISL_15297186
81	Homo sapiens	2021-07-14	Democratic Republic of the Congo	AY.46	EPI_ISL_15297185
81	Homo sapiens	2021-07-14	Democratic Republic of the Congo	AY.46.4	EPI_ISL_15297214
82	Homo sapiens	2021-07-25	Democratic Republic of the Congo	AY.46	EPI_ISL_15297190
84	Homo sapiens	2021-08-05	Democratic Republic of the Congo	AY.46	EPI_ISL_15297192
84	Homo sapiens	2021-08-04	Democratic Republic of the Congo	AY.46.4	EPI_ISL_15297193
82	Homo sapiens	2021-07-23	Democratic Republic of the Congo	B.1.617.2	EPI_ISL_15297224
84	Homo sapiens	2021-08-05	Democratic Republic of the Congo	AY.46	EPI_ISL_15297189
81	Homo sapiens	2021-07-15	Democratic Republic of the Congo	AY.46	EPI_ISL_15297232
78	Homo sapiens	2021-06-24	Democratic Republic of the Congo	AY.46	EPI_ISL_15689165
77	Homo sapiens	2021-06-14	Democratic Republic of the Congo	AY.46	EPI_ISL_15689125
79	Homo sapiens	2021-06-28	Democratic Republic of the Congo	AY.46	EPI_ISL_15689127
112	Homo sapiens	2022-02-18	Democratic Republic of the Congo	BA.1.1	EPI_ISL_17190914
112	Homo sapiens	2022-02-17	Democratic Republic of the Congo	BA.1.1	EPI_ISL_17190907
