67	Homo sapiens	2021-04-09	Djibouti	B.1.351.5	EPI_ISL_2533874
67	Homo sapiens	2021-04-08	Djibouti	B.1.351.5	EPI_ISL_2533873
67	Homo sapiens	2021-04-07	Djibouti	B.1.351.5	EPI_ISL_2533871
67	Homo sapiens	2021-04-07	Djibouti	B.1.351.5	EPI_ISL_2533872
67	Homo sapiens	2021-04-06	Djibouti	B.1.351.5	EPI_ISL_2533868
67	Homo sapiens	2021-04-06	Djibouti	B.1.351.5	EPI_ISL_2533869
67	Homo sapiens	2021-04-06	Djibouti	B.1.351.5	EPI_ISL_2533870
67	Homo sapiens	2021-04-06	Djibouti	B.1.351.5	EPI_ISL_2533876
66	Homo sapiens	2021-04-04	Djibouti	B.1.351.5	EPI_ISL_2533875
66	Homo sapiens	2021-04-01	Djibouti	B.1.351.5	EPI_ISL_2533833
66	Homo sapiens	2021-03-31	Djibouti	B.1.351.5	EPI_ISL_2533866
66	Homo sapiens	2021-03-29	Djibouti	B.1.351.5	EPI_ISL_2533862
66	Homo sapiens	2021-03-29	Djibouti	B.1.351.5	EPI_ISL_2533863
66	Homo sapiens	2021-03-29	Djibouti	B.1.351.5	EPI_ISL_2533864
66	Homo sapiens	2021-03-29	Djibouti	B.1.351.5	EPI_ISL_2533865
65	Homo sapiens	2021-03-28	Djibouti	B.1.1.7	EPI_ISL_2533860
65	Homo sapiens	2021-03-28	Djibouti	B.1.351.5	EPI_ISL_2533861
65	Homo sapiens	2021-03-27	Djibouti	B.1.351.5	EPI_ISL_2533859
65	Homo sapiens	2021-03-25	Djibouti	B.1.351.5	EPI_ISL_2533856
65	Homo sapiens	2021-03-25	Djibouti	B.1.1.7	EPI_ISL_2533857
63	Homo sapiens	2021-03-12	Djibouti	B.1.1.7	EPI_ISL_2533837
63	Homo sapiens	2021-03-12	Djibouti	B.1.1.7	EPI_ISL_2533849
63	Homo sapiens	2021-03-10	Djibouti	B.1.1.7	EPI_ISL_2533852
63	Homo sapiens	2021-03-10	Djibouti	B.1.1.7	EPI_ISL_2533881
63	Homo sapiens	2021-03-09	Djibouti	B.1.1.7	EPI_ISL_2533853
63	Homo sapiens	2021-03-09	Djibouti	B.1.1.7	EPI_ISL_2533854
63	Homo sapiens	2021-03-09	Djibouti	B.1.1.7	EPI_ISL_2533855
63	Homo sapiens	2021-03-09	Djibouti	B.1.1.7	EPI_ISL_2533858
63	Homo sapiens	2021-03-09	Djibouti	B.1.1.7	EPI_ISL_2533867
62	Homo sapiens	2021-03-07	Djibouti	B.1.1.7	EPI_ISL_2533838
62	Homo sapiens	2021-03-06	Djibouti	B.1.1.7	EPI_ISL_2533845
62	Homo sapiens	2021-03-06	Djibouti	B.1.1.7	EPI_ISL_2533846
62	Homo sapiens	2021-03-06	Djibouti	B.1.1.7	EPI_ISL_2533847
62	Homo sapiens	2021-03-06	Djibouti	B.1.1.7	EPI_ISL_2533848
62	Homo sapiens	2021-03-06	Djibouti	B.1.1.7	EPI_ISL_2533880
62	Homo sapiens	2021-03-04	Djibouti	B.1.1.7	EPI_ISL_2533844
62	Homo sapiens	2021-03-04	Djibouti	B.1.1.7	EPI_ISL_2533878
62	Homo sapiens	2021-03-02	Djibouti	B.1.1.7	EPI_ISL_2533839
62	Homo sapiens	2021-03-02	Djibouti	B.1.1.7	EPI_ISL_2533840
62	Homo sapiens	2021-03-02	Djibouti	B.1.1.7	EPI_ISL_2533841
62	Homo sapiens	2021-03-02	Djibouti	B.1.1.7	EPI_ISL_2533842
62	Homo sapiens	2021-03-02	Djibouti	B.1.1.7	EPI_ISL_2533843
62	Homo sapiens	2021-03-02	Djibouti	B.1.1.7	EPI_ISL_2533877
62	Homo sapiens	2021-03-02	Djibouti	B.1.1.7	EPI_ISL_2533879
61	Homo sapiens	2021-02-28	Djibouti	B.1.1.7	EPI_ISL_2533835
61	Homo sapiens	2021-02-28	Djibouti	B.1.1.7	EPI_ISL_2533836
59	Homo sapiens	2021-02-09	Djibouti	B.1.2	EPI_ISL_2533834
57	Homo sapiens	2021-01-28	Djibouti	B.1	EPI_ISL_2533850
57	Homo sapiens	2021-01-28	Djibouti	B.1	EPI_ISL_2533851
56	Homo sapiens	2021-01-18	Djibouti	B.1.1.306	EPI_ISL_2533830
56	Homo sapiens	2021-01-18	Djibouti	B.1.1.306	EPI_ISL_2533831
56	Homo sapiens	2021-01-18	Djibouti	B.1.1.306	EPI_ISL_2533832
67	Homo sapiens	2021-04-09	Djibouti	B.1.1.7	MZ394626.1
67	Homo sapiens	2021-04-08	Djibouti	B.1.1.7	MZ394625.1
67	Homo sapiens	2021-04-07	Djibouti	B.1.351	MZ394623.1
66	Homo sapiens	2021-03-29	Djibouti	B.1.1.7	MZ394614.1
65	Homo sapiens	2021-03-28	Djibouti	B.1.351	MZ394610.1
65	Homo sapiens	2021-03-27	Djibouti	B.1.351	MZ394608.1
65	Homo sapiens	2021-03-25	Djibouti	B.1.1.7	MZ394605.1
63	Homo sapiens	2021-03-12	Djibouti	B.1.1.7	MZ394586.1
63	Homo sapiens	2021-03-10	Djibouti	B.1.1.7	MZ394601.1
63	Homo sapiens	2021-03-09	Djibouti	B.1.1.7	MZ394602.1
63	Homo sapiens	2021-03-09	Djibouti	B.1.351	MZ394616.1
62	Homo sapiens	2021-03-06	Djibouti	B.1.1.7	MZ394595.1
62	Homo sapiens	2021-03-06	Djibouti	B.1.1.7	MZ394596.1
62	Homo sapiens	2021-03-04	Djibouti	B.1.1.7	MZ394593.1
62	Homo sapiens	2021-03-02	Djibouti	B.1.1.7	MZ394588.1
62	Homo sapiens	2021-03-02	Djibouti	B.1.1.7	MZ394592.1
61	Homo sapiens	2021-02-28	Djibouti	B.1.1.7	MZ394585.1
59	Homo sapiens	2021-02-09	Djibouti	B.1.1.7	MZ394582.1
57	Homo sapiens	2021-01-28	Djibouti	B.1.1.7	MZ394599.1
57	Homo sapiens	2021-01-28	Djibouti	B.1.1.7	MZ394600.1
56	Homo sapiens	2021-01-20	Djibouti	B.1.1.7	MZ394583.1
28	Homo sapiens	2020-07-07	Djibouti	B.1	EPI_ISL_2820621
28	Homo sapiens	2020-07-07	Djibouti	B.1	EPI_ISL_2820626
24	Homo sapiens	2020-06-14	Djibouti	B.1	EPI_ISL_2820547
22	Homo sapiens	2020-05-29	Djibouti	B.1	EPI_ISL_2820756
22	Homo sapiens	2020-05-29	Djibouti	B.1	EPI_ISL_2820520
22	Homo sapiens	2020-05-26	Djibouti	B.1.1	EPI_ISL_2820514
71	Homo sapiens	2021-05-03	Djibouti	B.1.1.7	MZ520054.1
66	Homo sapiens	2021-04-04	Djibouti	B.1.351	MZ520115.1
66	Homo sapiens	2021-04-01	Djibouti	B.1.351	MZ520097.1
66	Homo sapiens	2021-03-31	Djibouti	B.1.351	MZ520096.1
66	Homo sapiens	2021-03-31	Djibouti	B.1.351	MZ520098.1
65	Homo sapiens	2021-03-24	Djibouti	B.1.351	MZ520101.1
65	Homo sapiens	2021-03-24	Djibouti	B.1.351	MZ520102.1
65	Homo sapiens	2021-03-24	Djibouti	B.1.351	MZ520103.1
65	Homo sapiens	2021-03-23	Djibouti	B.1.351	MZ520099.1
65	Homo sapiens	2021-03-23	Djibouti	B.1.351	MZ520100.1
64	Homo sapiens	2021-03-19	Djibouti	B.1.351	MZ520108.1
64	Homo sapiens	2021-03-19	Djibouti	B.1.351	MZ520104.1
64	Homo sapiens	2021-03-18	Djibouti	B.1.351	MZ520106.1
63	Homo sapiens	2021-03-11	Djibouti	B.1.1.7	MZ520107.1
62	Homo sapiens	2021-03-04	Djibouti	B.1.1.7	MZ520058.1
62	Homo sapiens	2021-03-04	Djibouti	B.1.1.7	MZ520059.1
62	Homo sapiens	2021-03-04	Djibouti	B.1.1.7	MZ520055.1
62	Homo sapiens	2021-03-04	Djibouti	B.1.1.7	MZ520060.1
62	Homo sapiens	2021-03-04	Djibouti	B.1.1.7	MZ520056.1
62	Homo sapiens	2021-03-04	Djibouti	B.1.1.7	MZ520061.1
62	Homo sapiens	2021-03-03	Djibouti	B.1.1.7	MZ520053.1
62	Homo sapiens	2021-03-02	Djibouti	B.1.1.7	MZ520095.1
62	Homo sapiens	2021-03-02	Djibouti	B.1.1.7	MZ520062.1
62	Homo sapiens	2021-03-02	Djibouti	B.1.1.7	MZ520094.1
62	Homo sapiens	2021-03-02	Djibouti	B.1.1.7	MZ520063.1
62	Homo sapiens	2021-03-02	Djibouti	B.1.1.7	MZ520057.1
62	Homo sapiens	2021-03-02	Djibouti	B.1.1.7	MZ520092.1
62	Homo sapiens	2021-03-01	Djibouti	B.1.1.7	MZ520105.1
62	Homo sapiens	2021-03-01	Djibouti	B.1.1.7	MZ520116.1
61	Homo sapiens	2021-02-28	Djibouti	B.1.1.7	MZ520064.1
61	Homo sapiens	2021-02-27	Djibouti	B.1.1.7	MZ520068.1
61	Homo sapiens	2021-02-27	Djibouti	B.1.1.7	MZ520073.1
61	Homo sapiens	2021-02-26	Djibouti	B.1.1.7	MZ520069.1
61	Homo sapiens	2021-02-26	Djibouti	B.1.1.7	MZ520089.1
61	Homo sapiens	2021-02-26	Djibouti	B.1.1.7	MZ520077.1
61	Homo sapiens	2021-02-26	Djibouti	B.1.1.7	MZ520076.1
61	Homo sapiens	2021-02-26	Djibouti	B.1.1.7	MZ520075.1
61	Homo sapiens	2021-02-26	Djibouti	B.1.1.7	MZ520074.1
61	Homo sapiens	2021-02-26	Djibouti	B.1.1.7	MZ520091.1
61	Homo sapiens	2021-02-26	Djibouti	B.1.1.7	MZ520090.1
61	Homo sapiens	2021-02-25	Djibouti	B.1.1.7	MZ520067.1
61	Homo sapiens	2021-02-25	Djibouti	B.1.1.7	MZ520072.1
61	Homo sapiens	2021-02-24	Djibouti	B.1.1.7	MZ520066.1
61	Homo sapiens	2021-02-24	Djibouti	B.1.1.7	MZ520065.1
59	Homo sapiens	2021-02-09	Djibouti	B.1.2	MZ520086.1
59	Homo sapiens	2021-02-09	Djibouti	B.1.2	MZ520085.1
59	Homo sapiens	2021-02-09	Djibouti	B.1.2	MZ520088.1
59	Homo sapiens	2021-02-09	Djibouti	B.1.2	MZ520084.1
59	Homo sapiens	2021-02-09	Djibouti	B.1.2	MZ520083.1
59	Homo sapiens	2021-02-09	Djibouti	B.1.2	MZ520082.1
59	Homo sapiens	2021-02-09	Djibouti	B.1.2	MZ520081.1
59	Homo sapiens	2021-02-09	Djibouti	B.1.2	MZ520110.1
59	Homo sapiens	2021-02-09	Djibouti	B.1.2	MZ520080.1
59	Homo sapiens	2021-02-09	Djibouti	B.1.2	MZ520114.1
59	Homo sapiens	2021-02-09	Djibouti	B.1.2	MZ520079.1
59	Homo sapiens	2021-02-09	Djibouti	B.1.2	MZ520113.1
59	Homo sapiens	2021-02-09	Djibouti	B.1.2	MZ520087.1
59	Homo sapiens	2021-02-09	Djibouti	B.1.2	MZ520112.1
59	Homo sapiens	2021-02-09	Djibouti	B.1.2	MZ520111.1
59	Homo sapiens	2021-02-09	Djibouti	B.1.2	MZ520078.1
57	Homo sapiens	2021-01-28	Djibouti	B.1.1.306	MZ520117.1
56	Homo sapiens	2021-01-18	Djibouti	B.1.1.306	MZ520109.1
48	Homo sapiens	2020-11-23	Djibouti	B.1.1	MZ519389.1
47	Homo sapiens	2020-11-16	Djibouti	B.1	MZ517138.1
47	Homo sapiens	2020-11-16	Djibouti	B.1	MZ517139.1
47	Homo sapiens	2020-11-16	Djibouti	B.1	MZ517140.1
47	Homo sapiens	2020-11-16	Djibouti	B.1	MZ517141.1
47	Homo sapiens	2020-11-16	Djibouti	B.1	MZ517142.1
47	Homo sapiens	2020-11-16	Djibouti	B.1	MZ517143.1
47	Homo sapiens	2020-11-16	Djibouti	B.1	MZ517144.1
47	Homo sapiens	2020-11-16	Djibouti	B.1	MZ517145.1
67	Homo sapiens	2021-04-07	Djibouti	C.36	EPI_ISL_2858684
62	Homo sapiens	2021-03-03	Djibouti	B.1.1.7	EPI_ISL_2858660
56	Homo sapiens	2021-01-20	Djibouti	B.1.160	EPI_ISL_2858683
73	Homo sapiens	2021-05-20	Djibouti	B.1.525	MZ970734.1
69	Homo sapiens	2021-04-23	Djibouti	B.1.1.7	MZ970759.1
69	Homo sapiens	2021-04-23	Djibouti	B.1.1.7	MZ970760.1
68	Homo sapiens	2021-04-12	Djibouti	B.1.1.7	MZ970737.1
67	Homo sapiens	2021-04-11	Djibouti	B.1.1.7	MZ970758.1
67	Homo sapiens	2021-04-10	Djibouti	B.1.351	MZ970745.1
67	Homo sapiens	2021-04-10	Djibouti	B.1.351	MZ970757.1
67	Homo sapiens	2021-04-08	Djibouti	B.1.351	MZ970756.1
67	Homo sapiens	2021-04-05	Djibouti	B.1.351	MZ970741.1
66	Homo sapiens	2021-04-03	Djibouti	B.1.351	MZ970740.1
66	Homo sapiens	2021-04-03	Djibouti	B.1.351	MZ970764.1
66	Homo sapiens	2021-04-02	Djibouti	B.1.351	MZ970739.1
66	Homo sapiens	2021-03-31	Djibouti	B.1.351	MZ970738.1
66	Homo sapiens	2021-03-31	Djibouti	B.1.351	MZ970735.1
65	Homo sapiens	2021-03-28	Djibouti	B.1.351	MZ970755.1
64	Homo sapiens	2021-03-19	Djibouti	B.1.351	MZ970753.1
64	Homo sapiens	2021-03-19	Djibouti	B.1.351	MZ970754.1
64	Homo sapiens	2021-03-16	Djibouti	B.1.351	MZ970752.1
63	Homo sapiens	2021-03-10	Djibouti	B.1.1.7	MZ970750.1
62	Homo sapiens	2021-03-03	Djibouti	B.1.1.7	OK018333.1
62	Homo sapiens	2021-03-02	Djibouti	B.1.1.7	OK018332.1
61	Homo sapiens	2021-02-27	Djibouti	B.1.1.7	OK018334.1
59	Homo sapiens	2021-02-09	Djibouti	B.1.1.306	MZ970762.1
56	Homo sapiens	2021-01-22	Djibouti	B.1.1.306	MZ970733.1
56	Homo sapiens	2021-01-20	Djibouti	B.1.1.306	MZ970736.1
52	Homo sapiens	2020-12-24	Djibouti	B.1.240	MZ970742.1
52	Homo sapiens	2020-12-24	Djibouti	B.1.240	MZ970744.1
51	Homo sapiens	2020-12-19	Djibouti	B.1.240	MZ970748.1
51	Homo sapiens	2020-12-19	Djibouti	B.1.240	MZ970751.1
51	Homo sapiens	2020-12-17	Djibouti	B.1.2	MZ970749.1
50	Homo sapiens	2020-12-11	Djibouti	B.1.240	MZ970743.1
47	Homo sapiens	2020-11-16	Djibouti	B.1	MZ970729.1
47	Homo sapiens	2020-11-16	Djibouti	B.1	MZ970730.1
47	Homo sapiens	2020-11-16	Djibouti	B.1	MZ970731.1
47	Homo sapiens	2020-11-16	Djibouti	B.1	MZ970761.1
47	Homo sapiens	2020-11-16	Djibouti	B.1	MZ970763.1
45	Homo sapiens	2020-11-02	Djibouti	B.1.393	MZ970732.1
26	Homo sapiens	2020-06-27	Djibouti	B.1.324	MZ970728.1
25	Homo sapiens	2020-06-21	Djibouti	B.1.324	MZ970719.1
25	Homo sapiens	2020-06-21	Djibouti	B.1.324	MZ970720.1
25	Homo sapiens	2020-06-21	Djibouti	B.1.324	MZ970721.1
25	Homo sapiens	2020-06-21	Djibouti	B.1.324	MZ970722.1
25	Homo sapiens	2020-06-21	Djibouti	B.1.324	MZ970723.1
25	Homo sapiens	2020-06-21	Djibouti	B.1.324	MZ970724.1
25	Homo sapiens	2020-06-21	Djibouti	B.1.324	MZ970725.1
25	Homo sapiens	2020-06-21	Djibouti	B.1.324	MZ970726.1
25	Homo sapiens	2020-06-21	Djibouti	B.1.324	MZ970727.1
25	Homo sapiens	2020-06-15	Djibouti	B.1.324	MZ970716.1
25	Homo sapiens	2020-06-15	Djibouti	B.1.324	MZ970717.1
25	Homo sapiens	2020-06-15	Djibouti	B.1	MZ970718.1
18	Homo sapiens	2020-04-28	Djibouti	B.1	MZ970746.1
18	Homo sapiens	2020-04-28	Djibouti	B.1	MZ970747.1
95	Homo sapiens	2021-10-19	Djibouti	AY.127.1	EPI_ISL_6693788
95	Homo sapiens	2021-10-18	Djibouti	AY.127.1	EPI_ISL_6693789
94	Homo sapiens	2021-10-16	Djibouti	AY.127.1	EPI_ISL_6693790
94	Homo sapiens	2021-10-16	Djibouti	AY.120	EPI_ISL_6693794
94	Homo sapiens	2021-10-15	Djibouti	AY.120	EPI_ISL_6693793
94	Homo sapiens	2021-10-14	Djibouti	AY.127.1	EPI_ISL_6693792
94	Homo sapiens	2021-10-13	Djibouti	AY.120	EPI_ISL_6693786
94	Homo sapiens	2021-10-13	Djibouti	AY.120	EPI_ISL_6693787
94	Homo sapiens	2021-10-12	Djibouti	AY.127.1	EPI_ISL_6693785
94	Homo sapiens	2021-10-12	Djibouti	AY.127.1	EPI_ISL_6693791
94	Homo sapiens	2021-10-11	Djibouti	AY.127.1	EPI_ISL_6693766
94	Homo sapiens	2021-10-11	Djibouti	AY.127.1	EPI_ISL_6693768
93	Homo sapiens	2021-10-10	Djibouti	AY.120	EPI_ISL_6693759
93	Homo sapiens	2021-10-10	Djibouti	AY.127.1	EPI_ISL_6693784
93	Homo sapiens	2021-10-09	Djibouti	AY.127.1	EPI_ISL_6693765
93	Homo sapiens	2021-10-08	Djibouti	AY.127.1	EPI_ISL_6693774
93	Homo sapiens	2021-10-08	Djibouti	AY.127.1	EPI_ISL_6693775
93	Homo sapiens	2021-10-08	Djibouti	AY.127.1	EPI_ISL_6693776
93	Homo sapiens	2021-10-06	Djibouti	AY.127.1	EPI_ISL_6693758
93	Homo sapiens	2021-10-06	Djibouti	AY.127.1	EPI_ISL_6693771
93	Homo sapiens	2021-10-06	Djibouti	AY.127.1	EPI_ISL_6693773
92	Homo sapiens	2021-10-03	Djibouti	AY.127.1	EPI_ISL_6693769
92	Homo sapiens	2021-10-03	Djibouti	AY.127.1	EPI_ISL_6693770
92	Homo sapiens	2021-10-03	Djibouti	AY.127.1	EPI_ISL_6693781
92	Homo sapiens	2021-10-01	Djibouti	AY.127.1	EPI_ISL_6693780
92	Homo sapiens	2021-10-01	Djibouti	AY.127.1	EPI_ISL_6693782
92	Homo sapiens	2021-09-30	Djibouti	AY.127.1	EPI_ISL_6693756
92	Homo sapiens	2021-09-30	Djibouti	AY.127.1	EPI_ISL_6693757
92	Homo sapiens	2021-09-30	Djibouti	AY.127.1	EPI_ISL_6693760
92	Homo sapiens	2021-09-30	Djibouti	AY.127.1	EPI_ISL_6693761
92	Homo sapiens	2021-09-30	Djibouti	AY.127.1	EPI_ISL_6693762
92	Homo sapiens	2021-09-30	Djibouti	AY.127.1	EPI_ISL_6693763
92	Homo sapiens	2021-09-30	Djibouti	AY.127.1	EPI_ISL_6693764
92	Homo sapiens	2021-09-30	Djibouti	AY.127.1	EPI_ISL_6693767
92	Homo sapiens	2021-09-29	Djibouti	AY.127.1	EPI_ISL_6693778
92	Homo sapiens	2021-09-28	Djibouti	AY.46	EPI_ISL_6693772
92	Homo sapiens	2021-09-28	Djibouti	AY.127.1	EPI_ISL_6693777
92	Homo sapiens	2021-09-27	Djibouti	AY.127.1	EPI_ISL_6693752
92	Homo sapiens	2021-09-27	Djibouti	AY.127.1	EPI_ISL_6693753
92	Homo sapiens	2021-09-27	Djibouti	AY.127.1	EPI_ISL_6693754
92	Homo sapiens	2021-09-27	Djibouti	AY.46	EPI_ISL_6693755
91	Homo sapiens	2021-09-22	Djibouti	AY.44	EPI_ISL_6693779
91	Homo sapiens	2021-09-22	Djibouti	AY.46	EPI_ISL_6693783
91	Homo sapiens	2021-09-21	Djibouti	AY.46	EPI_ISL_6693750
91	Homo sapiens	2021-09-21	Djibouti	AY.46	EPI_ISL_6693751
91	Homo sapiens	2021-09-20	Djibouti	AY.127.1	EPI_ISL_6693799
90	Homo sapiens	2021-09-18	Djibouti	AY.127.1	EPI_ISL_6693745
90	Homo sapiens	2021-09-16	Djibouti	B.1.617.2	EPI_ISL_6693747
90	Homo sapiens	2021-09-16	Djibouti	AY.127.1	EPI_ISL_6693748
90	Homo sapiens	2021-09-16	Djibouti	AY.73	EPI_ISL_6693749
89	Homo sapiens	2021-09-09	Djibouti	AY.46	EPI_ISL_6693744
89	Homo sapiens	2021-09-09	Djibouti	B.1.617.2	EPI_ISL_6693795
89	Homo sapiens	2021-09-09	Djibouti	B.1.617.2	EPI_ISL_6693796
89	Homo sapiens	2021-09-09	Djibouti	B.1.617.2	EPI_ISL_6693797
87	Homo sapiens	2021-08-25	Djibouti	B.1.617.2	EPI_ISL_6693742
84	Homo sapiens	2021-08-06	Djibouti	AY.46	EPI_ISL_6693740
84	Homo sapiens	2021-08-06	Djibouti	AY.26	EPI_ISL_6693798
79	Homo sapiens	2021-06-30	Djibouti	AY.44	EPI_ISL_6693741
22	Homo sapiens	2020-05-31	Djibouti	B.1.1	EPI_ISL_2820757
106	Homo sapiens	2022-01-05	Djibouti	BA.1.1	OM635033.1
106	Homo sapiens	2022-01-05	Djibouti	BA.1.15	OM635114.1
106	Homo sapiens	2022-01-05	Djibouti	BA.1.1	OM635115.1
106	Homo sapiens	2022-01-05	Djibouti	BA.1.1	OM635116.1
106	Homo sapiens	2022-01-05	Djibouti	BA.1.15	OM635117.1
106	Homo sapiens	2022-01-05	Djibouti	BA.1.1	OM635118.1
106	Homo sapiens	2022-01-05	Djibouti	BA.1.1	OM635119.1
106	Homo sapiens	2022-01-05	Djibouti	BA.1.1	OM635120.1
106	Homo sapiens	2022-01-05	Djibouti	BA.1.1	OM635121.1
106	Homo sapiens	2022-01-05	Djibouti	BA.1.1	OM635122.1
106	Homo sapiens	2022-01-05	Djibouti	BA.1.1	OM635123.1
106	Homo sapiens	2022-01-05	Djibouti	BA.1.15	OM635124.1
106	Homo sapiens	2022-01-05	Djibouti	BA.1.1	OM635125.1
106	Homo sapiens	2022-01-05	Djibouti	BA.1.15	OM635126.1
106	Homo sapiens	2022-01-05	Djibouti	BA.1.1	OM635127.1
106	Homo sapiens	2022-01-05	Djibouti	BA.1.1	OM635128.1
106	Homo sapiens	2022-01-05	Djibouti	BA.1.1	OM635129.1
106	Homo sapiens	2022-01-05	Djibouti	BA.1.1	OM635130.1
106	Homo sapiens	2022-01-04	Djibouti	BA.1.18	OM635026.1
106	Homo sapiens	2022-01-04	Djibouti	BA.1.1	OM635027.1
106	Homo sapiens	2022-01-04	Djibouti	BA.1.1	OM635028.1
106	Homo sapiens	2022-01-04	Djibouti	BA.1.1	OM635029.1
106	Homo sapiens	2022-01-04	Djibouti	BA.1.1	OM635030.1
106	Homo sapiens	2022-01-04	Djibouti	BA.1.1	OM635031.1
106	Homo sapiens	2022-01-04	Djibouti	BA.1.1	OM635032.1
106	Homo sapiens	2022-01-03	Djibouti	BA.1.1	OM635034.1
106	Homo sapiens	2022-01-03	Djibouti	BA.1.1	OM635035.1
106	Homo sapiens	2022-01-03	Djibouti	BA.1.1	OM635036.1
106	Homo sapiens	2022-01-03	Djibouti	BA.1.1	OM635037.1
106	Homo sapiens	2022-01-03	Djibouti	BA.1.15	OM635038.1
106	Homo sapiens	2022-01-03	Djibouti	BA.1.1	OM635039.1
106	Homo sapiens	2022-01-03	Djibouti	BA.1.15	OM635040.1
106	Homo sapiens	2022-01-03	Djibouti	BA.1.1	OM635043.1
106	Homo sapiens	2022-01-03	Djibouti	BA.1.1	OM635045.1
106	Homo sapiens	2022-01-03	Djibouti	BA.1.1	OM635046.1
106	Homo sapiens	2022-01-03	Djibouti	BA.1	OM635047.1
106	Homo sapiens	2022-01-03	Djibouti	BA.1.15	OM635048.1
106	Homo sapiens	2022-01-03	Djibouti	BA.1.15	OM635049.1
106	Homo sapiens	2022-01-03	Djibouti	BA.1.18	OM635050.1
106	Homo sapiens	2022-01-03	Djibouti	BA.1.1	OM635051.1
106	Homo sapiens	2022-01-03	Djibouti	BA.1.1	OM635052.1
106	Homo sapiens	2022-01-03	Djibouti	BA.1.1	OM635053.1
106	Homo sapiens	2022-01-03	Djibouti	BA.1.1	OM635054.1
106	Homo sapiens	2022-01-03	Djibouti	BA.1.1	OM635055.1
106	Homo sapiens	2022-01-03	Djibouti	BA.1.1	OM635056.1
106	Homo sapiens	2022-01-03	Djibouti	BA.1.1	OM635057.1
106	Homo sapiens	2022-01-03	Djibouti	BA.1.1	OM635058.1
106	Homo sapiens	2022-01-03	Djibouti	BA.1.15	OM635059.1
106	Homo sapiens	2022-01-03	Djibouti	BA.1.1	OM635110.1
106	Homo sapiens	2022-01-03	Djibouti	BA.1.1	OM635111.1
105	Homo sapiens	2021-12-31	Djibouti	BA.1.1	OM635060.1
105	Homo sapiens	2021-12-31	Djibouti	BA.1.1	OM635061.1
105	Homo sapiens	2021-12-31	Djibouti	BA.1.1	OM635062.1
105	Homo sapiens	2021-12-31	Djibouti	BA.1.1	OM635063.1
105	Homo sapiens	2021-12-31	Djibouti	BA.1.1	OM635064.1
105	Homo sapiens	2021-12-31	Djibouti	BA.1.1	OM635065.1
105	Homo sapiens	2021-12-31	Djibouti	BA.1.1	OM635066.1
105	Homo sapiens	2021-12-31	Djibouti	BA.1.1	OM635067.1
105	Homo sapiens	2021-12-31	Djibouti	BA.1.1	OM635068.1
105	Homo sapiens	2021-12-31	Djibouti	BA.1.1	OM635069.1
105	Homo sapiens	2021-12-31	Djibouti	BA.1.1	OM635070.1
105	Homo sapiens	2021-12-31	Djibouti	BA.1.1	OM635071.1
105	Homo sapiens	2021-12-31	Djibouti	BA.1.1	OM635072.1
105	Homo sapiens	2021-12-31	Djibouti	BA.1.1	OM635083.1
105	Homo sapiens	2021-12-31	Djibouti	BA.1.1	OM635084.1
105	Homo sapiens	2021-12-31	Djibouti	BA.1.1	OM635085.1
105	Homo sapiens	2021-12-31	Djibouti	BA.1.1	OM635086.1
105	Homo sapiens	2021-12-31	Djibouti	BA.1.1	OM635090.1
105	Homo sapiens	2021-12-31	Djibouti	BA.1.1	OM635103.1
105	Homo sapiens	2021-12-31	Djibouti	BA.1.1	OM635104.1
105	Homo sapiens	2021-12-30	Djibouti	BA.1.1	OM635087.1
105	Homo sapiens	2021-12-30	Djibouti	BA.1.1	OM635088.1
105	Homo sapiens	2021-12-30	Djibouti	BA.1.1	OM635089.1
105	Homo sapiens	2021-12-30	Djibouti	BA.1.1	OM635092.1
105	Homo sapiens	2021-12-30	Djibouti	BA.1.1	OM635093.1
105	Homo sapiens	2021-12-30	Djibouti	BA.1.1	OM635094.1
105	Homo sapiens	2021-12-30	Djibouti	BA.1.1	OM635095.1
105	Homo sapiens	2021-12-30	Djibouti	BA.1.1	OM635131.1
105	Homo sapiens	2021-12-30	Djibouti	BA.1.1	OM635138.1
105	Homo sapiens	2021-12-30	Djibouti	BA.1.1	OM635139.1
105	Homo sapiens	2021-12-29	Djibouti	BA.1.1	OM635073.1
105	Homo sapiens	2021-12-29	Djibouti	BA.1.1	OM635074.1
105	Homo sapiens	2021-12-29	Djibouti	AY.3.4	OM635075.1
105	Homo sapiens	2021-12-29	Djibouti	BA.1.1	OM635076.1
105	Homo sapiens	2021-12-29	Djibouti	BA.1.1	OM635077.1
105	Homo sapiens	2021-12-29	Djibouti	BA.1.1	OM635078.1
105	Homo sapiens	2021-12-29	Djibouti	BA.1.1	OM635082.1
105	Homo sapiens	2021-12-29	Djibouti	BA.1.1	OM635091.1
105	Homo sapiens	2021-12-29	Djibouti	BA.1.1	OM635096.1
105	Homo sapiens	2021-12-29	Djibouti	BA.1.1	OM635097.1
105	Homo sapiens	2021-12-29	Djibouti	BA.1.1	OM635098.1
105	Homo sapiens	2021-12-29	Djibouti	BA.1.1	OM635099.1
105	Homo sapiens	2021-12-29	Djibouti	BA.1.1	OM635100.1
105	Homo sapiens	2021-12-28	Djibouti	BA.1.1	OM635079.1
105	Homo sapiens	2021-12-28	Djibouti	BA.1.1	OM635080.1
105	Homo sapiens	2021-12-28	Djibouti	BA.1.1	OM635106.1
105	Homo sapiens	2021-12-28	Djibouti	BA.1.1	OM635108.1
105	Homo sapiens	2021-12-28	Djibouti	BA.1.1	OM635112.1
105	Homo sapiens	2021-12-28	Djibouti	BA.1.1	OM635137.1
105	Homo sapiens	2021-12-28	Djibouti	BA.1.18	OM635136.1
105	Homo sapiens	2021-12-27	Djibouti	BA.1.1	OM635044.1
105	Homo sapiens	2021-12-27	Djibouti	BA.1	OM635041.1
105	Homo sapiens	2021-12-27	Djibouti	BA.1.1	OM635042.1
105	Homo sapiens	2021-12-27	Djibouti	BA.1.1	OM635081.1
105	Homo sapiens	2021-12-27	Djibouti	BA.1.1	OM635101.1
105	Homo sapiens	2021-12-27	Djibouti	BA.1.1	OM635102.1
105	Homo sapiens	2021-12-27	Djibouti	BA.1.1	OM635105.1
105	Homo sapiens	2021-12-27	Djibouti	BA.1.1	OM635107.1
105	Homo sapiens	2021-12-27	Djibouti	BA.1.1	OM635113.1
105	Homo sapiens	2021-12-27	Djibouti	BA.1.1	OM635109.1
105	Homo sapiens	2021-12-27	Djibouti	BA.1.1	OM635132.1
105	Homo sapiens	2021-12-27	Djibouti	BA.1.1	OM635133.1
105	Homo sapiens	2021-12-27	Djibouti	BA.1.1	OM635134.1
105	Homo sapiens	2021-12-27	Djibouti	BA.1.1	OM635135.1
105	Homo sapiens	2021-12-27	Djibouti	BA.1.1	OM635142.1
105	Homo sapiens	2021-12-27	Djibouti	BA.1.1	OM635143.1
105	Homo sapiens	2021-12-27	Djibouti	BA.1.1	OM635144.1
105	Homo sapiens	2021-12-27	Djibouti	BA.1.1	OM635157.1
105	Homo sapiens	2021-12-27	Djibouti	BA.1.1	OM635158.1
105	Homo sapiens	2021-12-27	Djibouti	BA.1.1	OM635183.1
104	Homo sapiens	2021-12-26	Djibouti	BA.1.1	OM635140.1
104	Homo sapiens	2021-12-26	Djibouti	BA.1.1	OM635141.1
104	Homo sapiens	2021-12-26	Djibouti	BA.1.1	OM635159.1
104	Homo sapiens	2021-12-25	Djibouti	BA.1.1	OM635154.1
104	Homo sapiens	2021-12-25	Djibouti	BA.1.1	OM635160.1
104	Homo sapiens	2021-12-25	Djibouti	BA.1.1.14	OM635161.1
104	Homo sapiens	2021-12-25	Djibouti	BA.1.1	OM635162.1
104	Homo sapiens	2021-12-25	Djibouti	BA.1.1	OM635163.1
104	Homo sapiens	2021-12-25	Djibouti	BA.1.1	OM635164.1
104	Homo sapiens	2021-12-25	Djibouti	BA.1.1	OM635165.1
104	Homo sapiens	2021-12-24	Djibouti	BA.1.1	OM635166.1
104	Homo sapiens	2021-12-24	Djibouti	BA.1.1	OM635167.1
104	Homo sapiens	2021-12-24	Djibouti	BA.1.1	OM635168.1
104	Homo sapiens	2021-12-24	Djibouti	BA.1.18	OM635169.1
104	Homo sapiens	2021-12-24	Djibouti	BA.1.1	OM635170.1
104	Homo sapiens	2021-12-23	Djibouti	BA.1.1	OM635171.1
104	Homo sapiens	2021-12-23	Djibouti	BA.1.1	OM635172.1
104	Homo sapiens	2021-12-23	Djibouti	BA.1.1	OM635173.1
104	Homo sapiens	2021-12-23	Djibouti	BA.1	OM635174.1
104	Homo sapiens	2021-12-23	Djibouti	BA.1.1	OM635175.1
104	Homo sapiens	2021-12-23	Djibouti	BA.1.1	OM635179.1
104	Homo sapiens	2021-12-22	Djibouti	BA.1.1	OM635176.1
104	Homo sapiens	2021-12-22	Djibouti	BA.1.1	OM635177.1
104	Homo sapiens	2021-12-22	Djibouti	BA.1.1	OM635178.1
104	Homo sapiens	2021-12-21	Djibouti	BA.1.1	OM635180.1
104	Homo sapiens	2021-12-21	Djibouti	BA.1.1	OM635181.1
104	Homo sapiens	2021-12-21	Djibouti	BA.1.1	OM635182.1
104	Homo sapiens	2021-12-20	Djibouti	BA.1.1	OM635150.1
104	Homo sapiens	2021-12-20	Djibouti	BA.1.1	OM635151.1
104	Homo sapiens	2021-12-20	Djibouti	BA.1.1	OM635152.1
104	Homo sapiens	2021-12-20	Djibouti	BA.1.1	OM635155.1
103	Homo sapiens	2021-12-19	Djibouti	BA.1.1	OM635156.1
103	Homo sapiens	2021-12-18	Djibouti	BA.1.1	OM635147.1
103	Homo sapiens	2021-12-18	Djibouti	BA.1.1	OM635153.1
103	Homo sapiens	2021-12-17	Djibouti	BA.1.1	OM635149.1
103	Homo sapiens	2021-12-16	Djibouti	BA.1.1	OM635148.1
102	Homo sapiens	2021-12-06	Djibouti	AY.100	OM635146.1
95	Homo sapiens	2021-10-22	Djibouti	AY.127.1	OM635145.1
106	Homo sapiens	2022-01-03	Djibouti	BA.1.1	OM732339.1
106	Homo sapiens	2022-01-03	Djibouti	BA.1.1	OM732340.1
106	Homo sapiens	2022-01-03	Djibouti	BA.1.1	OM732342.1
106	Homo sapiens	2022-01-03	Djibouti	BA.1.1	OM732344.1
106	Homo sapiens	2022-01-03	Djibouti	BA.1.1	OM732345.1
105	Homo sapiens	2022-01-01	Djibouti	BA.1.1	OM732351.1
105	Homo sapiens	2022-01-01	Djibouti	BA.1.1	OM732352.1
105	Homo sapiens	2022-01-01	Djibouti	BA.1.1	OM732353.1
105	Homo sapiens	2022-01-01	Djibouti	BA.1.1	OM732356.1
105	Homo sapiens	2022-01-01	Djibouti	BA.1.1	OM732358.1
105	Homo sapiens	2022-01-02	Djibouti	BA.1.1	OM732359.1
105	Homo sapiens	2022-01-02	Djibouti	BA.1.1	OM732361.1
105	Homo sapiens	2022-01-02	Djibouti	BA.1.1	OM732362.1
105	Homo sapiens	2022-01-02	Djibouti	BA.1.1	OM732363.1
105	Homo sapiens	2021-12-31	Djibouti	BA.1.1	OM732364.1
105	Homo sapiens	2021-12-31	Djibouti	BA.1.1	OM732365.1
105	Homo sapiens	2021-12-31	Djibouti	BA.1.1	OM732366.1
105	Homo sapiens	2022-01-02	Djibouti	BA.1.1	OM732367.1
105	Homo sapiens	2022-01-02	Djibouti	BA.1.1	OM732370.1
105	Homo sapiens	2022-01-02	Djibouti	BA.1.1	OM732372.1
105	Homo sapiens	2022-01-02	Djibouti	BA.1.1	OM732373.1
106	Homo sapiens	2022-01-03	Djibouti	BA.1.15	OM732376.1
106	Homo sapiens	2022-01-03	Djibouti	BA.1.1	OM732377.1
106	Homo sapiens	2022-01-03	Djibouti	BA.1.1	OM732378.1
106	Homo sapiens	2022-01-03	Djibouti	BA.1.1	OM732379.1
106	Homo sapiens	2022-01-03	Djibouti	BA.1.1	OM732383.1
106	Homo sapiens	2022-01-03	Djibouti	BA.1.1	OM732384.1
106	Homo sapiens	2022-01-03	Djibouti	BA.1.1	OM732385.1
106	Homo sapiens	2022-01-03	Djibouti	BA.1.1	OM732386.1
106	Homo sapiens	2022-01-05	Djibouti	BA.1.1	EPI_ISL_10038212
106	Homo sapiens	2022-01-03	Djibouti	BA.1.1	EPI_ISL_10038211
106	Homo sapiens	2022-01-03	Djibouti	BA.1.1	EPI_ISL_10038206
106	Homo sapiens	2022-01-03	Djibouti	BA.1.1	EPI_ISL_10038209
106	Homo sapiens	2022-01-03	Djibouti	BA.1.1	EPI_ISL_10038210
106	Homo sapiens	2022-01-03	Djibouti	BA.1.1	EPI_ISL_10038208
106	Homo sapiens	2022-01-03	Djibouti	BA.1.1	EPI_ISL_10038207
106	Homo sapiens	2022-01-03	Djibouti	BA.1.1	EPI_ISL_10038205
106	Homo sapiens	2022-01-03	Djibouti	BA.1.1	EPI_ISL_10038204
106	Homo sapiens	2022-01-03	Djibouti	BA.1.1	EPI_ISL_10038200
106	Homo sapiens	2022-01-03	Djibouti	BA.1.1	EPI_ISL_10038203
105	Homo sapiens	2022-01-02	Djibouti	BA.1.1	EPI_ISL_10038202
106	Homo sapiens	2022-01-03	Djibouti	BA.1.1	EPI_ISL_10038201
106	Homo sapiens	2022-01-03	Djibouti	BA.1.15	EPI_ISL_10038193
106	Homo sapiens	2022-01-03	Djibouti	BA.1	EPI_ISL_10038192
106	Homo sapiens	2022-01-03	Djibouti	BA.1.1	EPI_ISL_10038199
106	Homo sapiens	2022-01-03	Djibouti	BA.1.1	EPI_ISL_10038197
106	Homo sapiens	2022-01-03	Djibouti	BA.1.1	EPI_ISL_10038194
106	Homo sapiens	2022-01-03	Djibouti	BA.1.1	EPI_ISL_10038196
106	Homo sapiens	2022-01-03	Djibouti	BA.1.15	EPI_ISL_10038195
106	Homo sapiens	2022-01-03	Djibouti	BA.1.15	EPI_ISL_10038191
106	Homo sapiens	2022-01-03	Djibouti	BA.1.1	EPI_ISL_10038190
106	Homo sapiens	2022-01-03	Djibouti	BA.1.18	EPI_ISL_10038198
105	Homo sapiens	2022-01-01	Djibouti	BA.1.1	EPI_ISL_10038173
105	Homo sapiens	2022-01-01	Djibouti	BA.1.1	EPI_ISL_10038174
105	Homo sapiens	2022-01-02	Djibouti	BA.1.1	EPI_ISL_10038181
105	Homo sapiens	2022-01-02	Djibouti	BA.1.1	EPI_ISL_10038179
105	Homo sapiens	2022-01-01	Djibouti	BA.1.1	EPI_ISL_10038175
105	Homo sapiens	2021-12-31	Djibouti	BA.1.1	EPI_ISL_10038172
105	Homo sapiens	2021-12-31	Djibouti	BA.1.1	EPI_ISL_10038170
105	Homo sapiens	2021-12-31	Djibouti	BA.1.1	EPI_ISL_10038171
105	Homo sapiens	2022-01-01	Djibouti	BA.1.1	EPI_ISL_10038176
105	Homo sapiens	2022-01-02	Djibouti	BA.1.1	EPI_ISL_10038178
105	Homo sapiens	2022-01-01	Djibouti	BA.1.1	EPI_ISL_10038177
105	Homo sapiens	2022-01-02	Djibouti	BA.1.1	EPI_ISL_10038185
105	Homo sapiens	2022-01-02	Djibouti	BA.1	EPI_ISL_10038186
105	Homo sapiens	2022-01-02	Djibouti	BA.1.1	EPI_ISL_10038183
105	Homo sapiens	2022-01-02	Djibouti	BA.1.1	EPI_ISL_10038184
105	Homo sapiens	2022-01-02	Djibouti	BA.1.1	EPI_ISL_10038182
105	Homo sapiens	2022-01-02	Djibouti	BA.1.1	EPI_ISL_10038180
105	Homo sapiens	2022-01-02	Djibouti	BA.1	EPI_ISL_10038187
106	Homo sapiens	2022-01-03	Djibouti	BA.1.1	EPI_ISL_10038189
106	Homo sapiens	2022-01-03	Djibouti	BA.1.1	EPI_ISL_10038188
106	Homo sapiens	2022-01-03	Djibouti	BA.1	EPI_ISL_10038167
106	Homo sapiens	2022-01-07	Djibouti	BA.1.1	ON099573.1
106	Homo sapiens	2022-01-07	Djibouti	BA.1.1	ON099574.1
106	Homo sapiens	2022-01-08	Djibouti	BA.1.1	ON099575.1
106	Homo sapiens	2022-01-06	Djibouti	BA.1.1	ON099576.1
106	Homo sapiens	2022-01-06	Djibouti	BA.1.1	ON099577.1
106	Homo sapiens	2022-01-09	Djibouti	BA.1.15	ON099578.1
106	Homo sapiens	2022-01-06	Djibouti	BA.1.18	ON099579.1
106	Homo sapiens	2022-01-07	Djibouti	BA.1.1	ON099580.1
106	Homo sapiens	2022-01-05	Djibouti	BA.1	ON099581.1
106	Homo sapiens	2022-01-08	Djibouti	BA.1.1	ON099582.1
106	Homo sapiens	2022-01-07	Djibouti	BA.1.1	ON099583.1
106	Homo sapiens	2022-01-06	Djibouti	BA.1.1	ON099584.1
106	Homo sapiens	2022-01-06	Djibouti	BA.1.15	ON099585.1
106	Homo sapiens	2022-01-08	Djibouti	BA.1.15	ON099586.1
106	Homo sapiens	2022-01-06	Djibouti	BA.1.1	ON099587.1
106	Homo sapiens	2022-01-06	Djibouti	BA.1.15	ON099588.1
106	Homo sapiens	2022-01-07	Djibouti	BA.1.1	ON099589.1
106	Homo sapiens	2022-01-06	Djibouti	BA.1.1	ON099590.1
106	Homo sapiens	2022-01-08	Djibouti	BA.1.1	ON099591.1
106	Homo sapiens	2022-01-09	Djibouti	BA.1.1	ON099592.1
106	Homo sapiens	2022-01-09	Djibouti	BA.1.1	ON099593.1
106	Homo sapiens	2022-01-09	Djibouti	BA.1.1	ON099594.1
106	Homo sapiens	2022-01-09	Djibouti	BA.1.15	ON099595.1
107	Homo sapiens	2022-01-10	Djibouti	BA.1.1	ON099596.1
107	Homo sapiens	2022-01-10	Djibouti	BA.1.15	ON099597.1
107	Homo sapiens	2022-01-15	Djibouti	BA.1.1	ON099598.1
107	Homo sapiens	2022-01-14	Djibouti	BA.1.1	ON099599.1
107	Homo sapiens	2022-01-16	Djibouti	BA.1.1	ON099600.1
108	Homo sapiens	2022-01-17	Djibouti	BA.1.1	ON099601.1
107	Homo sapiens	2022-01-15	Djibouti	BA.1.1	ON099602.1
108	Homo sapiens	2022-01-18	Djibouti	BA.1	ON099603.1
108	Homo sapiens	2022-01-18	Djibouti	BA.1.1	ON099604.1
108	Homo sapiens	2022-01-21	Djibouti	BA.1.18	ON099605.1
108	Homo sapiens	2022-01-20	Djibouti	BA.1.15	ON099606.1
108	Homo sapiens	2022-01-19	Djibouti	BA.1.19	ON099607.1
108	Homo sapiens	2022-01-20	Djibouti	BA.1.19	ON099608.1
108	Homo sapiens	2022-01-20	Djibouti	BA.1.1	ON099609.1
108	Homo sapiens	2022-01-19	Djibouti	BA.1.1	ON099610.1
108	Homo sapiens	2022-01-20	Djibouti	BA.1.1	ON099611.1
108	Homo sapiens	2022-01-19	Djibouti	BA.1.1	ON099612.1
108	Homo sapiens	2022-01-19	Djibouti	BA.1.1	ON099613.1
108	Homo sapiens	2022-01-21	Djibouti	BA.1.1	ON099614.1
108	Homo sapiens	2022-01-21	Djibouti	BA.1.1	ON099615.1
109	Homo sapiens	2022-01-24	Djibouti	BA.1	ON099616.1
108	Homo sapiens	2022-01-23	Djibouti	BA.1.15	ON099617.1
108	Homo sapiens	2022-01-20	Djibouti	BA.1	ON099618.1
108	Homo sapiens	2022-01-20	Djibouti	BA.1	ON099619.1
110	Homo sapiens	2022-02-01	Djibouti	BA.1.1	ON099620.1
110	Homo sapiens	2022-02-02	Djibouti	BA.2	ON099621.1
110	Homo sapiens	2022-02-04	Djibouti	BA.1.1	ON099622.1
110	Homo sapiens	2022-02-01	Djibouti	BA.1.1	ON099623.1
110	Homo sapiens	2022-02-02	Djibouti	BA.1.1	ON099624.1
110	Homo sapiens	2022-02-06	Djibouti	BA.1.1	ON099625.1
110	Homo sapiens	2022-01-31	Djibouti	BA.1.1	ON099626.1
110	Homo sapiens	2022-01-31	Djibouti	BA.1.1	ON099627.1
110	Homo sapiens	2022-01-31	Djibouti	BA.1.1	ON099628.1
109	Homo sapiens	2022-01-30	Djibouti	BA.1.1	ON099629.1
109	Homo sapiens	2022-01-28	Djibouti	BA.1.1	ON099630.1
109	Homo sapiens	2022-01-30	Djibouti	BA.1.1	ON099631.1
110	Homo sapiens	2022-02-02	Djibouti	BA.1.1	ON099632.1
110	Homo sapiens	2022-02-01	Djibouti	BA.1.1	ON099633.1
109	Homo sapiens	2022-01-30	Djibouti	BA.1.1	ON099634.1
109	Homo sapiens	2022-01-29	Djibouti	BA.1.18	ON099635.1
110	Homo sapiens	2022-02-01	Djibouti	BA.1.1	ON099636.1
106	Homo sapiens	2022-01-06	Djibouti	BA.1.1	ON099637.1
109	Homo sapiens	2022-01-26	Djibouti	BA.1.15	ON099638.1
109	Homo sapiens	2022-01-26	Djibouti	BA.1	ON099639.1
109	Homo sapiens	2022-01-25	Djibouti	BA.1.15	ON099640.1
109	Homo sapiens	2022-01-27	Djibouti	BA.1.1	ON099641.1
109	Homo sapiens	2022-01-26	Djibouti	BA.1.18	ON099642.1
109	Homo sapiens	2022-01-27	Djibouti	BA.1.1	ON099643.1
109	Homo sapiens	2022-01-27	Djibouti	BA.1.1	ON099644.1
109	Homo sapiens	2022-01-27	Djibouti	BA.1.15	ON099645.1
109	Homo sapiens	2022-01-26	Djibouti	BA.1.1	ON099646.1
109	Homo sapiens	2022-01-26	Djibouti	BA.1.1	ON099647.1
110	Homo sapiens	2022-02-04	Djibouti	BA.1.1	ON099648.1
110	Homo sapiens	2022-02-04	Djibouti	BA.1.1	ON099649.1
110	Homo sapiens	2022-02-06	Djibouti	BA.1.1	ON099650.1
111	Homo sapiens	2022-02-07	Djibouti	BA.1.1	ON099651.1
108	Homo sapiens	2022-01-18	Djibouti	BA.1.15	ON099652.1
106	Homo sapiens	2022-01-07	Djibouti	BA.1.1	ON099653.1
106	Homo sapiens	2022-01-08	Djibouti	BA.1.1	ON099654.1
106	Homo sapiens	2022-01-06	Djibouti	BA.1.1	ON099655.1
106	Homo sapiens	2022-01-06	Djibouti	BA.1.1	ON099656.1
107	Homo sapiens	2022-01-15	Djibouti	BA.1.1	ON099657.1
107	Homo sapiens	2022-01-15	Djibouti	BA.1.1	ON099658.1
108	Homo sapiens	2022-01-17	Djibouti	BA.1.1	ON099659.1
108	Homo sapiens	2022-01-17	Djibouti	BA.1.1	ON099660.1
108	Homo sapiens	2022-01-20	Djibouti	BA.1.1	ON099661.1
107	Homo sapiens	2022-01-10	Djibouti	BA.1.15	ON099662.1
107	Homo sapiens	2022-01-14	Djibouti	BA.1	ON099663.1
108	Homo sapiens	2022-01-18	Djibouti	BA.1	ON099664.1
107	Homo sapiens	2022-01-10	Djibouti	BA.1.15	ON113309.1
109	Homo sapiens	2022-01-30	Djibouti	BA.1.1	ON113310.1
112	Homo sapiens	2022-02-15	Djibouti	BA.2	ON951982.1
111	Homo sapiens	2022-02-08	Djibouti	BA.1.1	ON951983.1
111	Homo sapiens	2022-02-07	Djibouti	BA.1.1	ON951984.1
118	Homo sapiens	2022-04-01	Djibouti	BA.2	ON951985.1
118	Homo sapiens	2022-04-02	Djibouti	BA.2	ON951986.1
120	Homo sapiens	2022-04-14	Djibouti	BA.2	ON951987.1
122	Homo sapiens	2022-04-27	Djibouti	BA.2.3	ON951988.1
122	Homo sapiens	2022-04-27	Djibouti	BA.2.3	ON951989.1
111	Homo sapiens	2022-02-07	Djibouti	BA.1.1	ON951990.1
111	Homo sapiens	2022-02-11	Djibouti	BA.1.1	ON951991.1
111	Homo sapiens	2022-02-08	Djibouti	BA.1.18	ON951992.1
122	Homo sapiens	2022-04-27	Djibouti	BA.2.3	ON951993.1
122	Homo sapiens	2022-04-27	Djibouti	BA.2.3	ON951994.1
122	Homo sapiens	2022-04-27	Djibouti	BA.2.3	ON951995.1
122	Homo sapiens	2022-04-27	Djibouti	BA.2.3	ON951996.1
122	Homo sapiens	2022-04-27	Djibouti	BA.2.3	ON951997.1
122	Homo sapiens	2022-04-27	Djibouti	BA.2.3	ON951998.1
122	Homo sapiens	2022-04-29	Djibouti	BA.2.3	ON951999.1
122	Homo sapiens	2022-04-29	Djibouti	BA.2.3	ON952000.1
122	Homo sapiens	2022-04-28	Djibouti	BA.2.3	ON952001.1
122	Homo sapiens	2022-04-29	Djibouti	BA.2.3	ON952002.1
122	Homo sapiens	2022-04-30	Djibouti	BA.2.10	ON952003.1
122	Homo sapiens	2022-04-30	Djibouti	BA.2.3	ON952004.1
122	Homo sapiens	2022-04-30	Djibouti	BA.2.3	ON952005.1
122	Homo sapiens	2022-04-29	Djibouti	BA.2.3	ON952006.1
122	Homo sapiens	2022-04-30	Djibouti	BA.2.3	ON952007.1
120	Homo sapiens	2022-04-13	Djibouti	BA.2.3	ON952008.1
122	Homo sapiens	2022-04-27	Djibouti	BA.2.3	ON952009.1
122	Homo sapiens	2022-04-27	Djibouti	BA.2.3	ON952010.1
129	Homo sapiens	2022-06-13	Djibouti	BF.5	OP508792.1
124	Homo sapiens	2022-05-13	Djibouti	BA.2.3	OP508793.1
124	Homo sapiens	2022-05-10	Djibouti	BA.2	OP508794.1
123	Homo sapiens	2022-05-05	Djibouti	BA.2.10	OP508795.1
124	Homo sapiens	2022-05-14	Djibouti	BA.2	OP508796.1
124	Homo sapiens	2022-05-10	Djibouti	BA.2.10	OP508797.1
125	Homo sapiens	2022-05-16	Djibouti	BA.2.10	OP508798.1
125	Homo sapiens	2022-05-16	Djibouti	BA.2.10	OP508799.1
125	Homo sapiens	2022-05-16	Djibouti	BA.2.38	OP508800.1
124	Homo sapiens	2022-05-12	Djibouti	BA.2.3	OP508801.1
124	Homo sapiens	2022-05-10	Djibouti	BA.2.10	OP508802.1
124	Homo sapiens	2022-05-10	Djibouti	BA.2.3	OP508803.1
124	Homo sapiens	2022-05-12	Djibouti	BA.2.3	OP508804.1
124	Homo sapiens	2022-05-09	Djibouti	BA.2.3	OP508805.1
124	Homo sapiens	2022-05-09	Djibouti	BA.2.3	OP508806.1
124	Homo sapiens	2022-05-10	Djibouti	BA.2.10	OP508807.1
124	Homo sapiens	2022-05-09	Djibouti	BA.2	OP508808.1
124	Homo sapiens	2022-05-09	Djibouti	BA.2.3	OP508809.1
124	Homo sapiens	2022-05-09	Djibouti	BA.2.3	OP508810.1
123	Homo sapiens	2022-05-08	Djibouti	BA.2	OP508811.1
123	Homo sapiens	2022-05-05	Djibouti	BA.2	OP508812.1
123	Homo sapiens	2022-05-03	Djibouti	BA.2.23	OP508813.1
123	Homo sapiens	2022-05-03	Djibouti	BA.2.9	OP508814.1
123	Homo sapiens	2022-05-03	Djibouti	BA.2.3	OP508815.1
123	Homo sapiens	2022-05-03	Djibouti	BA.2.3	OP508816.1
125	Homo sapiens	2022-05-16	Djibouti	BA.4.1.1	OP508817.1
125	Homo sapiens	2022-05-18	Djibouti	BA.2.3	OP508818.1
125	Homo sapiens	2022-05-20	Djibouti	BF.2	OP508819.1
125	Homo sapiens	2022-05-22	Djibouti	BA.2	OP508820.1
126	Homo sapiens	2022-05-23	Djibouti	BF.2	OP508821.1
126	Homo sapiens	2022-05-23	Djibouti	BF.2	OP508822.1
126	Homo sapiens	2022-05-26	Djibouti	BA.2.10	OP508823.1
127	Homo sapiens	2022-06-01	Djibouti	BA.2.10	OP508824.1
127	Homo sapiens	2022-05-30	Djibouti	BA.2.3	OP508825.1
129	Homo sapiens	2022-06-13	Djibouti	BF.5	OP508826.1
128	Homo sapiens	2022-06-12	Djibouti	BF.5	OP508827.1
125	Homo sapiens	2022-05-22	Djibouti	BA.2.10	OP508828.1
127	Homo sapiens	2022-06-01	Djibouti	BA.4.1.1	OP508829.1
128	Homo sapiens	2022-06-10	Djibouti	BA.4.1.1	OP508830.1
125	Homo sapiens	2022-05-22	Djibouti	BA.2.10	OP508831.1
128	Homo sapiens	2022-06-10	Djibouti	BF.5	OP508832.1
128	Homo sapiens	2022-06-12	Djibouti	BF.5	OP508833.1
128	Homo sapiens	2022-06-06	Djibouti	BA.4.1.1	OP508834.1
128	Homo sapiens	2022-06-12	Djibouti	BA.5.2.1	OP508835.1
126	Homo sapiens	2022-05-25	Djibouti	BA.2.10	OP508836.1
125	Homo sapiens	2022-05-20	Djibouti	BA.2.3	OP508837.1
127	Homo sapiens	2022-05-30	Djibouti	BA.2.3	OP508838.1
128	Homo sapiens	2022-06-06	Djibouti	BA.4.1.1	OP508839.1
126	Homo sapiens	2022-05-25	Djibouti	BA.2.7	OP508840.1
126	Homo sapiens	2022-05-27	Djibouti	BA.2.38	OP508841.1
126	Homo sapiens	2022-05-27	Djibouti	BA.2	OP508842.1
128	Homo sapiens	2022-06-07	Djibouti	BA.2.3	OP508843.1
129	Homo sapiens	2022-06-13	Djibouti	BF.5	OP508844.1
129	Homo sapiens	2022-06-14	Djibouti	BF.5	OP508845.1
129	Homo sapiens	2022-06-14	Djibouti	BF.5	OP508846.1
129	Homo sapiens	2022-06-14	Djibouti	BF.5	OP508847.1
129	Homo sapiens	2022-06-14	Djibouti	BA.2	OP508848.1
130	Homo sapiens	2022-06-22	Djibouti	BF.5	OP508849.1
129	Homo sapiens	2022-06-18	Djibouti	BF.5	OP508850.1
130	Homo sapiens	2022-06-20	Djibouti	BF.5	OP508851.1
130	Homo sapiens	2022-06-21	Djibouti	BF.5	OP508852.1
129	Homo sapiens	2022-06-16	Djibouti	BF.5	OP508853.1
130	Homo sapiens	2022-06-21	Djibouti	BF.5	OP508854.1
129	Homo sapiens	2022-06-16	Djibouti	BF.5	OP508855.1
129	Homo sapiens	2022-06-16	Djibouti	BF.5	OP508856.1
130	Homo sapiens	2022-06-20	Djibouti	BF.5	OP508857.1
130	Homo sapiens	2022-06-21	Djibouti	BF.5	OP508858.1
130	Homo sapiens	2022-06-21	Djibouti	BF.5	OP508859.1
129	Homo sapiens	2022-06-16	Djibouti	BF.5	OP508860.1
130	Homo sapiens	2022-06-21	Djibouti	BF.5	OP508861.1
129	Homo sapiens	2022-06-16	Djibouti	BF.5	OP508862.1
129	Homo sapiens	2022-06-16	Djibouti	BF.5	OP508863.1
130	Homo sapiens	2022-06-24	Djibouti	BF.5	OP508864.1
132	Homo sapiens	2022-07-04	Djibouti	BF.5	OP508865.1
131	Homo sapiens	2022-07-02	Djibouti	BF.5	OP508866.1
132	Homo sapiens	2022-07-05	Djibouti	BA.5.2.1	OP508867.1
131	Homo sapiens	2022-07-01	Djibouti	BF.5	OP508868.1
131	Homo sapiens	2022-07-03	Djibouti	BF.5	OP508869.1
131	Homo sapiens	2022-06-29	Djibouti	BA.4.1	OP508870.1
131	Homo sapiens	2022-06-30	Djibouti	BA.5.2.1	OP508871.1
131	Homo sapiens	2022-07-01	Djibouti	BF.5	OP508872.1
130	Homo sapiens	2022-06-26	Djibouti	BA.2	OP508873.1
132	Homo sapiens	2022-07-04	Djibouti	BA.5.1	OP508874.1
132	Homo sapiens	2022-07-04	Djibouti	BF.5	OP508875.1
132	Homo sapiens	2022-07-05	Djibouti	BF.5	OP508876.1
131	Homo sapiens	2022-06-30	Djibouti	BF.5	OP508877.1
132	Homo sapiens	2022-07-05	Djibouti	BF.5	OP508878.1
132	Homo sapiens	2022-07-05	Djibouti	BF.5	OP508879.1
132	Homo sapiens	2022-07-05	Djibouti	BF.5	OP508880.1
124	Homo sapiens	2022-05-13	Djibouti	BA.2.3	OP508881.1
124	Homo sapiens	2022-05-12	Djibouti	BA.2	OP508882.1
131	Homo sapiens	2022-06-28	Djibouti	BF.5	OP508883.1
131	Homo sapiens	2022-06-28	Djibouti	BF.5	OP508884.1
131	Homo sapiens	2022-06-28	Djibouti	BF.5	OP508885.1
131	Homo sapiens	2022-06-30	Djibouti	BF.5	OP508886.1
131	Homo sapiens	2022-06-30	Djibouti	BA.5.2.1	OP508887.1
131	Homo sapiens	2022-06-30	Djibouti	BF.5	OP508888.1
131	Homo sapiens	2022-06-30	Djibouti	BF.5	OP508889.1
131	Homo sapiens	2022-06-29	Djibouti	BF.5	OP508890.1
130	Homo sapiens	2022-06-24	Djibouti	BF.5	OP508891.1
131	Homo sapiens	2022-06-29	Djibouti	BF.5	OP508892.1
131	Homo sapiens	2022-06-29	Djibouti	BF.5	OP508893.1
131	Homo sapiens	2022-06-29	Djibouti	BF.5	OP508894.1
130	Homo sapiens	2022-06-24	Djibouti	BA.4.1	OP508895.1
130	Homo sapiens	2022-06-23	Djibouti	BF.5	OP508896.1
130	Homo sapiens	2022-06-22	Djibouti	BF.5	OP508897.1
130	Homo sapiens	2022-06-22	Djibouti	BF.5	OP508898.1
130	Homo sapiens	2022-06-24	Djibouti	BF.5	OP508899.1
130	Homo sapiens	2022-06-26	Djibouti	BF.5	OP508900.1
130	Homo sapiens	2022-06-24	Djibouti	BF.5	OP508901.1
130	Homo sapiens	2022-06-22	Djibouti	BF.5	OP508902.1
130	Homo sapiens	2022-06-23	Djibouti	BF.5	OP508903.1
130	Homo sapiens	2022-06-26	Djibouti	BF.5	OP508904.1
131	Homo sapiens	2022-06-27	Djibouti	BA.2.12.1	OP508905.1
108	Homo sapiens	2022-01-20	Djibouti	BF.5	OP508906.1
128	Homo sapiens	2022-06-10	Djibouti	BF.5	OP508907.1
132	Homo sapiens	2022-07-05	Djibouti	BA.5.1.10	OP809725.1
133	Homo sapiens	2022-07-13	Djibouti	BA.5.2	OP809726.1
132	Homo sapiens	2022-07-09	Djibouti	BF.5	OP809727.1
132	Homo sapiens	2022-07-09	Djibouti	BF.5	OP809728.1
132	Homo sapiens	2022-07-05	Djibouti	BF.5	OP809729.1
133	Homo sapiens	2022-07-11	Djibouti	BF.5	OP809730.1
132	Homo sapiens	2022-07-09	Djibouti	BF.5	OP809731.1
132	Homo sapiens	2022-07-08	Djibouti	BF.5	OP809732.1
132	Homo sapiens	2022-07-07	Djibouti	BF.5	OP809733.1
132	Homo sapiens	2022-07-05	Djibouti	BA.5.2.1	OP809734.1
135	Homo sapiens	2022-07-30	Djibouti	BA.5.1.23	OP809735.1
133	Homo sapiens	2022-07-11	Djibouti	BA.5.1.1	OP809736.1
132	Homo sapiens	2022-07-09	Djibouti	BF.5	OP809737.1
132	Homo sapiens	2022-07-08	Djibouti	BA.5.2.1	OP809738.1
132	Homo sapiens	2022-07-07	Djibouti	BA.5.1.1	OP809739.1
136	Homo sapiens	2022-08-01	Djibouti	BA.5.1.23	OP809740.1
131	Homo sapiens	2022-06-28	Djibouti	BF.5	OP809741.1
135	Homo sapiens	2022-07-31	Djibouti	BE.1.1	OP809742.1
135	Homo sapiens	2022-07-30	Djibouti	BE.1.1	OP809743.1
134	Homo sapiens	2022-07-24	Djibouti	BF.5	OP809744.1
135	Homo sapiens	2022-07-30	Djibouti	BF.5	OP809745.1
135	Homo sapiens	2022-07-25	Djibouti	BF.5	OP809746.1
135	Homo sapiens	2022-07-28	Djibouti	BA.5.2.24	OP809747.1
135	Homo sapiens	2022-07-25	Djibouti	BA.4	OP809748.1
135	Homo sapiens	2022-07-28	Djibouti	BE.1.1	OP809749.1
135	Homo sapiens	2022-07-28	Djibouti	BE.1.1	OP809750.1
134	Homo sapiens	2022-07-24	Djibouti	BA.2.10.3	OP809751.1
134	Homo sapiens	2022-07-24	Djibouti	BA.4	OP809752.1
135	Homo sapiens	2022-07-29	Djibouti	BA.4.1.9	OP809753.1
135	Homo sapiens	2022-07-30	Djibouti	BA.4	OP809754.1
134	Homo sapiens	2022-07-22	Djibouti	BA.4	OP809755.1
136	Homo sapiens	2022-08-07	Djibouti	BA.5.1.23	OP809756.1
136	Homo sapiens	2022-08-01	Djibouti	BE.1.1	OP809757.1
135	Homo sapiens	2022-07-31	Djibouti	BE.1.1	OP809758.1
135	Homo sapiens	2022-07-31	Djibouti	BE.1.1	OP809759.1
135	Homo sapiens	2022-07-30	Djibouti	BE.1.1	OP809760.1
135	Homo sapiens	2022-07-30	Djibouti	BA.5.2	OP809761.1
134	Homo sapiens	2022-07-20	Djibouti	BA.4	OP809762.1
134	Homo sapiens	2022-07-18	Djibouti	BF.5	OP809763.1
134	Homo sapiens	2022-07-18	Djibouti	BF.5	OP809764.1
134	Homo sapiens	2022-07-18	Djibouti	BF.5	OP809765.1
134	Homo sapiens	2022-07-18	Djibouti	BA.4	OP809766.1
133	Homo sapiens	2022-07-16	Djibouti	BA.5.2.1	OP809767.1
134	Homo sapiens	2022-07-20	Djibouti	BA.4.1.9	OP809768.1
133	Homo sapiens	2022-07-14	Djibouti	BA.4.1.9	OP809769.1
134	Homo sapiens	2022-07-20	Djibouti	BF.5	OP809770.1
137	Homo sapiens	2022-08-10	Djibouti	BA.4.1.9	OP809771.1
135	Homo sapiens	2022-07-31	Djibouti	BF.5	OP809772.1
133	Homo sapiens	2022-07-14	Djibouti	BF.5	OP809773.1
133	Homo sapiens	2022-07-16	Djibouti	BF.5	OP809774.1
136	Homo sapiens	2022-08-01	Djibouti	BE.1.1	OP809775.1
137	Homo sapiens	2022-08-11	Djibouti	BA.5.1.23	OP809776.1
136	Homo sapiens	2022-08-04	Djibouti	BE.1.1	OP809777.1
131	Homo sapiens	2022-07-02	Djibouti	BA.2.12.1	OQ026463.1
