52	Homo sapiens	2020-12-27	Dominican Republic	B.1.1.7	MW494127.1
59	Homo sapiens	2021-02-12	Dominican Republic	B.1.1.7	EPI_ISL_1378833
63	Homo sapiens	2021-03-11	Dominican Republic	A.2.5	EPI_ISL_1378834
63	Homo sapiens	2021-03-11	Dominican Republic	B.1.575	EPI_ISL_1378836
63	Homo sapiens	2021-03-11	Dominican Republic	B.1.575	EPI_ISL_1378837
63	Homo sapiens	2021-03-11	Dominican Republic	B.1.575	EPI_ISL_1378839
63	Homo sapiens	2021-03-08	Dominican Republic	B.1.526	EPI_ISL_1378840
63	Homo sapiens	2021-03-12	Dominican Republic	B.1.1.7	EPI_ISL_1378842
47	Homo sapiens	2020-11-18	Dominican Republic	B.1	EPI_ISL_1378844
65	Homo sapiens	2021-03-27	Dominican Republic	B.1.575	EPI_ISL_2274000
64	Homo sapiens	2021-03-18	Dominican Republic	B.1.575	EPI_ISL_2274025
64	Homo sapiens	2021-03-18	Dominican Republic	B.1.575	EPI_ISL_2274026
64	Homo sapiens	2021-03-17	Dominican Republic	B.1.630	EPI_ISL_2274018
64	Homo sapiens	2021-03-17	Dominican Republic	B.1.623	EPI_ISL_2274020
64	Homo sapiens	2021-03-17	Dominican Republic	B.1.575	EPI_ISL_2274022
64	Homo sapiens	2021-03-17	Dominican Republic	B.1.639	EPI_ISL_2274023
64	Homo sapiens	2021-03-17	Dominican Republic	A.2.5	EPI_ISL_2274024
64	Homo sapiens	2021-03-16	Dominican Republic	B.1.575	EPI_ISL_2274014
64	Homo sapiens	2021-03-16	Dominican Republic	B.1.575	EPI_ISL_2274015
64	Homo sapiens	2021-03-16	Dominican Republic	B.1.637	EPI_ISL_2274019
64	Homo sapiens	2021-03-15	Dominican Republic	B.1.637	EPI_ISL_2274006
64	Homo sapiens	2021-03-15	Dominican Republic	B.1.575	EPI_ISL_2274007
64	Homo sapiens	2021-03-15	Dominican Republic	B.1.575	EPI_ISL_2274012
64	Homo sapiens	2021-03-15	Dominican Republic	B.1.575	EPI_ISL_2274013
64	Homo sapiens	2021-03-15	Dominican Republic	B.1.575	EPI_ISL_2274016
64	Homo sapiens	2021-03-15	Dominican Republic	B.1.575	EPI_ISL_2274017
63	Homo sapiens	2021-03-13	Dominican Republic	P.1	EPI_ISL_2274005
63	Homo sapiens	2021-03-12	Dominican Republic	B.1.575	EPI_ISL_2274009
63	Homo sapiens	2021-03-12	Dominican Republic	A.2.5	EPI_ISL_2274010
63	Homo sapiens	2021-03-11	Dominican Republic	P.1	EPI_ISL_2274004
63	Homo sapiens	2021-03-11	Dominican Republic	B.1.575	EPI_ISL_2274008
63	Homo sapiens	2021-03-10	Dominican Republic	B.1.575	EPI_ISL_2274002
63	Homo sapiens	2021-03-10	Dominican Republic	B.1.575	EPI_ISL_2274003
63	Homo sapiens	2021-03-09	Dominican Republic	A.2.5	EPI_ISL_2274011
62	Homo sapiens	2021-03-01	Dominican Republic	B.1.575	EPI_ISL_2273999
59	Homo sapiens	2021-02-09	Dominican Republic	B.1.526	EPI_ISL_2501709
57	Homo sapiens	2021-01-26	Dominican Republic	B.1.575	EPI_ISL_2501714
56	Homo sapiens	2021-01-18	Dominican Republic	B.1.575	EPI_ISL_2501713
55	Homo sapiens	2021-01-15	Dominican Republic	B.1.575	EPI_ISL_2501710
55	Homo sapiens	2021-01-15	Dominican Republic	B.1.575	EPI_ISL_2501711
55	Homo sapiens	2021-01-15	Dominican Republic	B.1.575	EPI_ISL_2501712
55	Homo sapiens	2021-01-15	Dominican Republic	B.1.575	EPI_ISL_2501715
55	Homo sapiens	2021-01-15	Dominican Republic	B.1.575	EPI_ISL_2501716
55	Homo sapiens	2021-01-14	Dominican Republic	B.1	EPI_ISL_2501707
55	Homo sapiens	2021-01-13	Dominican Republic	B.1.575	EPI_ISL_2501708
55	Homo sapiens	2021-01-13	Dominican Republic	B.1.239	EPI_ISL_2501729
55	Homo sapiens	2021-01-13	Dominican Republic	B.1.239	EPI_ISL_2501730
68	Homo sapiens	2021-04-15	Dominican Republic	P.1	EPI_ISL_2776171
68	Homo sapiens	2021-04-15	Dominican Republic	B.1.637	EPI_ISL_2776173
68	Homo sapiens	2021-04-14	Dominican Republic	B.1.526	EPI_ISL_2776175
67	Homo sapiens	2021-04-08	Dominican Republic	B.1.1.7	EPI_ISL_2776182
67	Homo sapiens	2021-04-07	Dominican Republic	P.1	EPI_ISL_2776178
67	Homo sapiens	2021-04-07	Dominican Republic	P.1	EPI_ISL_2776179
67	Homo sapiens	2021-04-07	Dominican Republic	B.1.637	EPI_ISL_2776180
66	Homo sapiens	2021-03-30	Dominican Republic	B.1.1.7	EPI_ISL_2776164
66	Homo sapiens	2021-03-30	Dominican Republic	P.1	EPI_ISL_2776166
65	Homo sapiens	2021-03-26	Dominican Republic	B.1.526	EPI_ISL_2776159
64	Homo sapiens	2021-03-19	Dominican Republic	B.1.1.7	EPI_ISL_2776157
62	Homo sapiens	2021-03-05	Dominican Republic	B.1.526	EPI_ISL_2776162
62	Homo sapiens	2021-03-05	Dominican Republic	B.1.526	EPI_ISL_2776168
57	Homo sapiens	2021-01-27	Dominican Republic	B.1	EPI_ISL_2776204
57	Homo sapiens	2021-01-26	Dominican Republic	B.1.575	EPI_ISL_2776193
57	Homo sapiens	2021-01-26	Dominican Republic	B.1.575	EPI_ISL_2776195
57	Homo sapiens	2021-01-26	Dominican Republic	B.1.575	EPI_ISL_2776199
57	Homo sapiens	2021-01-26	Dominican Republic	B.1.575	EPI_ISL_2776201
55	Homo sapiens	2021-01-14	Dominican Republic	B.1.575	EPI_ISL_2776183
55	Homo sapiens	2021-01-14	Dominican Republic	B.1.575	EPI_ISL_2776184
55	Homo sapiens	2021-01-14	Dominican Republic	B.1.575	EPI_ISL_2776189
55	Homo sapiens	2021-01-14	Dominican Republic	B.1.575	EPI_ISL_2776191
73	Homo sapiens	2021-05-21	Dominican Republic	B.1.630	EPI_ISL_3045385
73	Homo sapiens	2021-05-21	Dominican Republic	B.1	EPI_ISL_3045386
73	Homo sapiens	2021-05-21	Dominican Republic	B.1	EPI_ISL_3045387
73	Homo sapiens	2021-05-21	Dominican Republic	B.1	EPI_ISL_3045391
73	Homo sapiens	2021-05-21	Dominican Republic	B.1	EPI_ISL_3045392
73	Homo sapiens	2021-05-21	Dominican Republic	P.1	EPI_ISL_3045393
73	Homo sapiens	2021-05-21	Dominican Republic	B.1.1.7	EPI_ISL_3045394
73	Homo sapiens	2021-05-21	Dominican Republic	B.1.621	EPI_ISL_3045397
73	Homo sapiens	2021-05-21	Dominican Republic	B.1.621.1	EPI_ISL_3045398
73	Homo sapiens	2021-05-21	Dominican Republic	AY.99.2	EPI_ISL_3045403
73	Homo sapiens	2021-05-21	Dominican Republic	P.1	EPI_ISL_3045404
73	Homo sapiens	2021-05-21	Dominican Republic	B.1	EPI_ISL_3045405
73	Homo sapiens	2021-05-21	Dominican Republic	B.1.621.1	EPI_ISL_3045406
73	Homo sapiens	2021-05-21	Dominican Republic	AY.100	EPI_ISL_3045407
73	Homo sapiens	2021-05-21	Dominican Republic	B.1.637	EPI_ISL_3045408
73	Homo sapiens	2021-05-21	Dominican Republic	B.1.621.1	EPI_ISL_3045410
73	Homo sapiens	2021-05-21	Dominican Republic	C.37.1	EPI_ISL_3045411
73	Homo sapiens	2021-05-21	Dominican Republic	P.1	EPI_ISL_3045415
73	Homo sapiens	2021-05-21	Dominican Republic	B.1.526	EPI_ISL_3045416
73	Homo sapiens	2021-05-21	Dominican Republic	B.1.621.1	EPI_ISL_3045417
73	Homo sapiens	2021-05-21	Dominican Republic	P.1	EPI_ISL_3045418
73	Homo sapiens	2021-05-20	Dominican Republic	B.1.621.1	EPI_ISL_3045400
73	Homo sapiens	2021-05-20	Dominican Republic	C.37.1	EPI_ISL_3045401
73	Homo sapiens	2021-05-20	Dominican Republic	AY.99.2	EPI_ISL_3045402
73	Homo sapiens	2021-05-20	Dominican Republic	P.1	EPI_ISL_3045419
73	Homo sapiens	2021-05-20	Dominican Republic	P.1	EPI_ISL_3045420
73	Homo sapiens	2021-05-20	Dominican Republic	B.1.637	EPI_ISL_3045421
73	Homo sapiens	2021-05-18	Dominican Republic	B.1	EPI_ISL_3045390
73	Homo sapiens	2021-05-18	Dominican Republic	B.1.621	EPI_ISL_3045396
64	Homo sapiens	2021-03-16	Dominican Republic	B.1.637	EPI_ISL_3045369
63	Homo sapiens	2021-03-12	Dominican Republic	A.2.5	EPI_ISL_3045367
72	Homo sapiens	2021-05-12	Dominican Republic	B.1.630	EPI_ISL_3104710
72	Homo sapiens	2021-05-12	Dominican Republic	B.1.637	EPI_ISL_3104724
72	Homo sapiens	2021-05-12	Dominican Republic	C.37.1	EPI_ISL_3104718
72	Homo sapiens	2021-05-11	Dominican Republic	B.1.637	EPI_ISL_3104762
72	Homo sapiens	2021-05-11	Dominican Republic	B.1.637	EPI_ISL_3104761
71	Homo sapiens	2021-05-06	Dominican Republic	B.1.637	EPI_ISL_3104759
71	Homo sapiens	2021-05-06	Dominican Republic	B.1.637	EPI_ISL_3104760
71	Homo sapiens	2021-05-06	Dominican Republic	B.1.637	EPI_ISL_3104758
71	Homo sapiens	2021-05-04	Dominican Republic	B.1.637	EPI_ISL_3104757
71	Homo sapiens	2021-05-04	Dominican Republic	B.1.1.7	EPI_ISL_3104684
71	Homo sapiens	2021-05-04	Dominican Republic	B.1.637	EPI_ISL_3104754
71	Homo sapiens	2021-05-04	Dominican Republic	B.1.637	EPI_ISL_3104756
71	Homo sapiens	2021-05-04	Dominican Republic	B.1.637	EPI_ISL_3104755
71	Homo sapiens	2021-05-04	Dominican Republic	B.1.1.7	EPI_ISL_3104683
71	Homo sapiens	2021-05-03	Dominican Republic	B.1.1.7	EPI_ISL_3104690
71	Homo sapiens	2021-05-03	Dominican Republic	B.1.526	EPI_ISL_3104795
71	Homo sapiens	2021-05-03	Dominican Republic	B.1.1.7	EPI_ISL_3104685
71	Homo sapiens	2021-05-03	Dominican Republic	B.1.637	EPI_ISL_3104753
71	Homo sapiens	2021-05-03	Dominican Republic	B.1.526	EPI_ISL_3104794
68	Homo sapiens	2021-04-15	Dominican Republic	B.1.625	EPI_ISL_3105501
68	Homo sapiens	2021-04-13	Dominican Republic	B.1.625	EPI_ISL_3105503
68	Homo sapiens	2021-04-13	Dominican Republic	B.1.625	EPI_ISL_3105502
66	Homo sapiens	2021-03-30	Dominican Republic	B.1.1.7	EPI_ISL_3105488
65	Homo sapiens	2021-03-24	Dominican Republic	B.1.1.7	EPI_ISL_3105535
65	Homo sapiens	2021-03-24	Dominican Republic	B.1	EPI_ISL_3105539
75	Homo sapiens	2021-05-31	Dominican Republic	B.1.630	EPI_ISL_3190270
73	Homo sapiens	2021-05-21	Dominican Republic	B.1.1.7	EPI_ISL_3190269
79	Homo sapiens	2021-06-29	Dominican Republic	B.1.621.1	EPI_ISL_3236451
79	Homo sapiens	2021-06-29	Dominican Republic	B.1.621.1	EPI_ISL_3236450
75	Homo sapiens	2021-05-31	Dominican Republic	B.1.621.1	EPI_ISL_3236444
75	Homo sapiens	2021-05-31	Dominican Republic	B.1.621.1	EPI_ISL_3236440
75	Homo sapiens	2021-05-31	Dominican Republic	B.1.621.1	EPI_ISL_3236441
73	Homo sapiens	2021-05-18	Dominican Republic	B.1.621.1	EPI_ISL_3236433
73	Homo sapiens	2021-05-18	Dominican Republic	B.1.621.1	EPI_ISL_3236438
73	Homo sapiens	2021-05-18	Dominican Republic	B.1.621.1	EPI_ISL_3236437
73	Homo sapiens	2021-05-18	Dominican Republic	B.1.621.1	EPI_ISL_3236439
73	Homo sapiens	2021-05-18	Dominican Republic	B.1.621.1	EPI_ISL_3188609
73	Homo sapiens	2021-05-18	Dominican Republic	B.1.621.1	EPI_ISL_3188610
73	Homo sapiens	2021-05-18	Dominican Republic	B.1.621.1	EPI_ISL_3188611
72	Homo sapiens	2021-05-12	Dominican Republic	B.1.621.1	EPI_ISL_3188570
72	Homo sapiens	2021-05-12	Dominican Republic	B.1.621.1	EPI_ISL_3188569
72	Homo sapiens	2021-05-12	Dominican Republic	B.1.621.1	EPI_ISL_3188606
72	Homo sapiens	2021-05-12	Dominican Republic	B.1.621.1	EPI_ISL_3188607
72	Homo sapiens	2021-05-12	Dominican Republic	B.1.621.1	EPI_ISL_3188571
72	Homo sapiens	2021-05-12	Dominican Republic	B.1.621.1	EPI_ISL_3188608
72	Homo sapiens	2021-05-11	Dominican Republic	B.1.621.1	EPI_ISL_3188605
72	Homo sapiens	2021-05-10	Dominican Republic	B.1.621.1	EPI_ISL_3188601
72	Homo sapiens	2021-05-10	Dominican Republic	B.1.621.1	EPI_ISL_3188602
72	Homo sapiens	2021-05-10	Dominican Republic	B.1.621.1	EPI_ISL_3188572
72	Homo sapiens	2021-05-10	Dominican Republic	B.1.621.1	EPI_ISL_3188603
72	Homo sapiens	2021-05-10	Dominican Republic	B.1.621.1	EPI_ISL_3188617
72	Homo sapiens	2021-05-10	Dominican Republic	B.1.621.1	EPI_ISL_3188604
71	Homo sapiens	2021-05-06	Dominican Republic	B.1.621.1	EPI_ISL_3188599
71	Homo sapiens	2021-05-06	Dominican Republic	B.1.621.1	EPI_ISL_3188600
71	Homo sapiens	2021-05-04	Dominican Republic	B.1.621.1	EPI_ISL_3188598
71	Homo sapiens	2021-05-03	Dominican Republic	B.1.621.1	EPI_ISL_3188597
76	Homo sapiens	2021-06-10	Dominican Republic	B.1.621.1	EPI_ISL_3827558
64	Homo sapiens	2021-03-15	Dominican Republic	B.1.637	EPI_ISL_3828021
64	Homo sapiens	2021-03-19	Dominican Republic	B.1.526	EPI_ISL_2776156
83	Homo sapiens	2021-07-30	Dominican Republic	B.1.621.1	EPI_ISL_4220361
83	Homo sapiens	2021-07-27	Dominican Republic	AY.43	EPI_ISL_4220373
83	Homo sapiens	2021-07-27	Dominican Republic	B.1.621.1	EPI_ISL_4220383
83	Homo sapiens	2021-07-26	Dominican Republic	B.1.526	EPI_ISL_4220368
82	Homo sapiens	2021-07-24	Dominican Republic	B.1.621.1	EPI_ISL_4220372
82	Homo sapiens	2021-07-22	Dominican Republic	B.1.621.1	EPI_ISL_4220354
82	Homo sapiens	2021-07-22	Dominican Republic	B.1.621.1	EPI_ISL_4220352
82	Homo sapiens	2021-07-21	Dominican Republic	B.1.621.1	EPI_ISL_4220353
79	Homo sapiens	2021-07-02	Dominican Republic	B.1.621.1	EPI_ISL_5687696
79	Homo sapiens	2021-07-01	Dominican Republic	B.1.621.1	EPI_ISL_5621502
79	Homo sapiens	2021-06-30	Dominican Republic	B.1.621.1	EPI_ISL_5621499
78	Homo sapiens	2021-06-27	Dominican Republic	B.1.621.1	EPI_ISL_5621195
74	Homo sapiens	2021-05-24	Dominican Republic	BB.2	EPI_ISL_6368859
73	Homo sapiens	2021-05-21	Dominican Republic	B.1.1.7	EPI_ISL_6368803
73	Homo sapiens	2021-05-21	Dominican Republic	B.1.1.7	EPI_ISL_6368807
73	Homo sapiens	2021-05-21	Dominican Republic	B.1.1.7	EPI_ISL_6368808
73	Homo sapiens	2021-05-21	Dominican Republic	B.1.630	EPI_ISL_6368830
73	Homo sapiens	2021-05-21	Dominican Republic	B.1.621.1	EPI_ISL_6368833
73	Homo sapiens	2021-05-21	Dominican Republic	B.1.621.1	EPI_ISL_6368834
73	Homo sapiens	2021-05-21	Dominican Republic	B.1.621.1	EPI_ISL_6368838
73	Homo sapiens	2021-05-21	Dominican Republic	B.1.621.1	EPI_ISL_6368839
73	Homo sapiens	2021-05-21	Dominican Republic	B.1.621.1	EPI_ISL_6368840
73	Homo sapiens	2021-05-21	Dominican Republic	B.1.621.1	EPI_ISL_6368841
73	Homo sapiens	2021-05-21	Dominican Republic	B.1.621.1	EPI_ISL_6368842
73	Homo sapiens	2021-05-21	Dominican Republic	B.1.621.1	EPI_ISL_6368843
73	Homo sapiens	2021-05-21	Dominican Republic	B.1.621.1	EPI_ISL_6368858
73	Homo sapiens	2021-05-21	Dominican Republic	B.1.621.1	EPI_ISL_6368860
73	Homo sapiens	2021-05-21	Dominican Republic	B.1.637	EPI_ISL_6368864
73	Homo sapiens	2021-05-21	Dominican Republic	B.1.637	EPI_ISL_6368869
73	Homo sapiens	2021-05-20	Dominican Republic	P.1	EPI_ISL_6368812
73	Homo sapiens	2021-05-20	Dominican Republic	P.1	EPI_ISL_6368814
73	Homo sapiens	2021-05-20	Dominican Republic	P.1	EPI_ISL_6368817
73	Homo sapiens	2021-05-20	Dominican Republic	P.1.10	EPI_ISL_6368819
73	Homo sapiens	2021-05-20	Dominican Republic	P.1	EPI_ISL_6368822
73	Homo sapiens	2021-05-20	Dominican Republic	AY.68	EPI_ISL_6368827
73	Homo sapiens	2021-05-20	Dominican Republic	B.1.621.1	EPI_ISL_6368853
73	Homo sapiens	2021-05-20	Dominican Republic	B.1.637	EPI_ISL_6368863
73	Homo sapiens	2021-05-20	Dominican Republic	B.1.637	EPI_ISL_6368872
73	Homo sapiens	2021-05-20	Dominican Republic	B.1.526	EPI_ISL_6368873
73	Homo sapiens	2021-05-18	Dominican Republic	P.1	EPI_ISL_6368824
73	Homo sapiens	2021-05-18	Dominican Republic	B.1.621.1	EPI_ISL_6368837
73	Homo sapiens	2021-05-17	Dominican Republic	P.1	EPI_ISL_6368823
73	Homo sapiens	2021-05-17	Dominican Republic	P.1	EPI_ISL_6368825
73	Homo sapiens	2021-05-17	Dominican Republic	B.1.630	EPI_ISL_6368829
73	Homo sapiens	2021-05-17	Dominican Republic	B.1.621.1	EPI_ISL_6368846
73	Homo sapiens	2021-05-17	Dominican Republic	B.1.621.1	EPI_ISL_6368849
73	Homo sapiens	2021-05-17	Dominican Republic	B.1.621.1	EPI_ISL_6368851
73	Homo sapiens	2021-05-17	Dominican Republic	B.1.621.1	EPI_ISL_6368855
73	Homo sapiens	2021-05-17	Dominican Republic	B.1.621.1	EPI_ISL_6368856
73	Homo sapiens	2021-05-17	Dominican Republic	B.1.621.1	EPI_ISL_6368857
73	Homo sapiens	2021-05-17	Dominican Republic	B.1.637	EPI_ISL_6368870
72	Homo sapiens	2021-05-15	Dominican Republic	P.1	EPI_ISL_6368820
72	Homo sapiens	2021-05-10	Dominican Republic	P.1	EPI_ISL_6368816
72	Homo sapiens	2021-05-10	Dominican Republic	P.1	EPI_ISL_6368826
72	Homo sapiens	2021-05-10	Dominican Republic	B.1.621.1	EPI_ISL_6368832
72	Homo sapiens	2021-05-10	Dominican Republic	B.1.621.1	EPI_ISL_6368835
72	Homo sapiens	2021-05-10	Dominican Republic	B.1.621.1	EPI_ISL_6368836
72	Homo sapiens	2021-05-10	Dominican Republic	B.1.621.1	EPI_ISL_6368844
72	Homo sapiens	2021-05-10	Dominican Republic	B.1.621.1	EPI_ISL_6368845
72	Homo sapiens	2021-05-10	Dominican Republic	B.1.621.1	EPI_ISL_6368847
72	Homo sapiens	2021-05-10	Dominican Republic	B.1.621	EPI_ISL_6368850
72	Homo sapiens	2021-05-10	Dominican Republic	B.1.621.1	EPI_ISL_6368852
72	Homo sapiens	2021-05-10	Dominican Republic	B.1.637	EPI_ISL_6368871
64	Homo sapiens	2021-03-17	Dominican Republic	B.1.1.7	EPI_ISL_6437541
64	Homo sapiens	2021-03-17	Dominican Republic	B.1.575	EPI_ISL_6437552
64	Homo sapiens	2021-03-17	Dominican Republic	B.1.575	EPI_ISL_6437555
63	Homo sapiens	2021-03-14	Dominican Republic	B.1.575	EPI_ISL_6437554
63	Homo sapiens	2021-03-08	Dominican Republic	B.1.575	EPI_ISL_6437548
62	Homo sapiens	2021-03-05	Dominican Republic	B.1.575	EPI_ISL_6437546
62	Homo sapiens	2021-03-03	Dominican Republic	B.1.575	EPI_ISL_6437553
95	Homo sapiens	2021-10-19	Dominican Republic	AY.119	EPI_ISL_6898341
95	Homo sapiens	2021-10-19	Dominican Republic	AY.43	EPI_ISL_6898342
95	Homo sapiens	2021-10-19	Dominican Republic	AY.119	EPI_ISL_6898348
95	Homo sapiens	2021-10-18	Dominican Republic	AY.119	EPI_ISL_6898293
95	Homo sapiens	2021-10-18	Dominican Republic	AY.119	EPI_ISL_6898294
95	Homo sapiens	2021-10-18	Dominican Republic	AY.43	EPI_ISL_6898299
95	Homo sapiens	2021-10-18	Dominican Republic	AY.43	EPI_ISL_6898301
95	Homo sapiens	2021-10-18	Dominican Republic	AY.43	EPI_ISL_6898302
95	Homo sapiens	2021-10-18	Dominican Republic	AY.43	EPI_ISL_6898311
95	Homo sapiens	2021-10-18	Dominican Republic	AY.119	EPI_ISL_6898315
95	Homo sapiens	2021-10-18	Dominican Republic	AY.3	EPI_ISL_6898320
95	Homo sapiens	2021-10-18	Dominican Republic	AY.3	EPI_ISL_6898325
95	Homo sapiens	2021-10-18	Dominican Republic	AY.14	EPI_ISL_6898326
95	Homo sapiens	2021-10-18	Dominican Republic	AY.25	EPI_ISL_6898336
95	Homo sapiens	2021-10-18	Dominican Republic	AY.3	EPI_ISL_6898954
95	Homo sapiens	2021-10-18	Dominican Republic	AY.43	EPI_ISL_6898979
94	Homo sapiens	2021-10-17	Dominican Republic	AY.119	EPI_ISL_6898264
94	Homo sapiens	2021-10-17	Dominican Republic	AY.43	EPI_ISL_6898273
94	Homo sapiens	2021-10-17	Dominican Republic	AY.103	EPI_ISL_6898280
94	Homo sapiens	2021-10-17	Dominican Republic	AY.43	EPI_ISL_6898286
94	Homo sapiens	2021-10-16	Dominican Republic	AY.3	EPI_ISL_6898260
94	Homo sapiens	2021-10-16	Dominican Republic	AY.34.2	EPI_ISL_6899009
94	Homo sapiens	2021-10-15	Dominican Republic	AY.25.1	EPI_ISL_6898192
94	Homo sapiens	2021-10-15	Dominican Republic	AY.43	EPI_ISL_6898201
94	Homo sapiens	2021-10-15	Dominican Republic	AY.119	EPI_ISL_6898209
94	Homo sapiens	2021-10-15	Dominican Republic	AY.119	EPI_ISL_6898210
94	Homo sapiens	2021-10-15	Dominican Republic	AY.44	EPI_ISL_6898219
94	Homo sapiens	2021-10-15	Dominican Republic	AY.3	EPI_ISL_6898220
94	Homo sapiens	2021-10-15	Dominican Republic	AY.3	EPI_ISL_6898223
94	Homo sapiens	2021-10-15	Dominican Republic	AY.44	EPI_ISL_6898224
94	Homo sapiens	2021-10-15	Dominican Republic	AY.14	EPI_ISL_6898230
94	Homo sapiens	2021-10-15	Dominican Republic	AY.119	EPI_ISL_6898237
94	Homo sapiens	2021-10-15	Dominican Republic	AY.119	EPI_ISL_6898243
94	Homo sapiens	2021-10-15	Dominican Republic	AY.43	EPI_ISL_6898244
94	Homo sapiens	2021-10-15	Dominican Republic	AY.43	EPI_ISL_6898249
94	Homo sapiens	2021-10-15	Dominican Republic	AY.103	EPI_ISL_6898259
94	Homo sapiens	2021-10-15	Dominican Republic	AY.103	EPI_ISL_6898964
94	Homo sapiens	2021-10-15	Dominican Republic	AY.98.1	EPI_ISL_6898978
94	Homo sapiens	2021-10-15	Dominican Republic	P.1	EPI_ISL_6898991
94	Homo sapiens	2021-10-14	Dominican Republic	AY.25.1	EPI_ISL_6898077
94	Homo sapiens	2021-10-14	Dominican Republic	AY.43	EPI_ISL_6898083
94	Homo sapiens	2021-10-14	Dominican Republic	AY.119	EPI_ISL_6898091
94	Homo sapiens	2021-10-14	Dominican Republic	AY.3	EPI_ISL_6898097
94	Homo sapiens	2021-10-14	Dominican Republic	AY.122	EPI_ISL_6898099
94	Homo sapiens	2021-10-14	Dominican Republic	AY.119	EPI_ISL_6898100
94	Homo sapiens	2021-10-14	Dominican Republic	AY.119	EPI_ISL_6898107
94	Homo sapiens	2021-10-14	Dominican Republic	AY.44	EPI_ISL_6898111
94	Homo sapiens	2021-10-14	Dominican Republic	AY.119.2	EPI_ISL_6898117
94	Homo sapiens	2021-10-14	Dominican Republic	AY.3	EPI_ISL_6898123
94	Homo sapiens	2021-10-14	Dominican Republic	AY.44	EPI_ISL_6898124
94	Homo sapiens	2021-10-14	Dominican Republic	AY.119	EPI_ISL_6898128
94	Homo sapiens	2021-10-14	Dominican Republic	AY.119	EPI_ISL_6898134
94	Homo sapiens	2021-10-14	Dominican Republic	AY.100	EPI_ISL_6898138
94	Homo sapiens	2021-10-14	Dominican Republic	AY.43	EPI_ISL_6898139
94	Homo sapiens	2021-10-14	Dominican Republic	AY.119	EPI_ISL_6898146
94	Homo sapiens	2021-10-14	Dominican Republic	AY.43	EPI_ISL_6898151
94	Homo sapiens	2021-10-14	Dominican Republic	AY.43	EPI_ISL_6898157
94	Homo sapiens	2021-10-14	Dominican Republic	AY.119.2	EPI_ISL_6898158
94	Homo sapiens	2021-10-14	Dominican Republic	AY.113	EPI_ISL_6898166
94	Homo sapiens	2021-10-14	Dominican Republic	AY.43	EPI_ISL_6898167
94	Homo sapiens	2021-10-14	Dominican Republic	AY.122	EPI_ISL_6898173
94	Homo sapiens	2021-10-14	Dominican Republic	AY.25.1	EPI_ISL_6898179
94	Homo sapiens	2021-10-14	Dominican Republic	AY.43	EPI_ISL_6898185
94	Homo sapiens	2021-10-14	Dominican Republic	AY.25.1	EPI_ISL_6898186
94	Homo sapiens	2021-10-14	Dominican Republic	AY.34.2	EPI_ISL_6898977
94	Homo sapiens	2021-10-14	Dominican Republic	P.1	EPI_ISL_6898990
94	Homo sapiens	2021-10-14	Dominican Republic	AY.25	EPI_ISL_6899018
94	Homo sapiens	2021-10-14	Dominican Republic	AY.117	EPI_ISL_6899026
94	Homo sapiens	2021-10-13	Dominican Republic	AY.119	EPI_ISL_6898023
94	Homo sapiens	2021-10-13	Dominican Republic	AY.119	EPI_ISL_6898031
94	Homo sapiens	2021-10-13	Dominican Republic	AY.43	EPI_ISL_6898032
94	Homo sapiens	2021-10-13	Dominican Republic	AY.43	EPI_ISL_6898040
94	Homo sapiens	2021-10-13	Dominican Republic	AY.119	EPI_ISL_6898049
94	Homo sapiens	2021-10-13	Dominican Republic	AY.43	EPI_ISL_6898052
94	Homo sapiens	2021-10-13	Dominican Republic	AY.119	EPI_ISL_6898053
94	Homo sapiens	2021-10-13	Dominican Republic	AY.44	EPI_ISL_6898060
94	Homo sapiens	2021-10-13	Dominican Republic	AY.119.2	EPI_ISL_6898066
94	Homo sapiens	2021-10-13	Dominican Republic	AY.43	EPI_ISL_6898948
94	Homo sapiens	2021-10-13	Dominican Republic	AY.35	EPI_ISL_6898976
94	Homo sapiens	2021-10-13	Dominican Republic	AY.119	EPI_ISL_6899025
94	Homo sapiens	2021-10-12	Dominican Republic	AY.14	EPI_ISL_6897993
94	Homo sapiens	2021-10-12	Dominican Republic	AY.103	EPI_ISL_6898000
94	Homo sapiens	2021-10-12	Dominican Republic	AY.47	EPI_ISL_6898002
94	Homo sapiens	2021-10-12	Dominican Republic	AY.119	EPI_ISL_6898004
94	Homo sapiens	2021-10-12	Dominican Republic	AY.113	EPI_ISL_6898012
94	Homo sapiens	2021-10-12	Dominican Republic	AY.25.1	EPI_ISL_6898017
94	Homo sapiens	2021-10-12	Dominican Republic	AY.103	EPI_ISL_6898963
94	Homo sapiens	2021-10-11	Dominican Republic	AY.3	EPI_ISL_6897952
94	Homo sapiens	2021-10-11	Dominican Republic	AY.43	EPI_ISL_6897959
94	Homo sapiens	2021-10-11	Dominican Republic	AY.103	EPI_ISL_6897962
94	Homo sapiens	2021-10-11	Dominican Republic	AY.43	EPI_ISL_6897963
94	Homo sapiens	2021-10-11	Dominican Republic	AY.43	EPI_ISL_6897970
94	Homo sapiens	2021-10-11	Dominican Republic	AY.119	EPI_ISL_6897977
94	Homo sapiens	2021-10-11	Dominican Republic	AY.119	EPI_ISL_6897981
94	Homo sapiens	2021-10-11	Dominican Republic	AY.119.1	EPI_ISL_6897987
94	Homo sapiens	2021-10-11	Dominican Republic	AY.35	EPI_ISL_6898949
94	Homo sapiens	2021-10-11	Dominican Republic	AY.119	EPI_ISL_6898950
93	Homo sapiens	2021-10-09	Dominican Republic	AY.3.1	EPI_ISL_6897949
93	Homo sapiens	2021-10-09	Dominican Republic	AY.35	EPI_ISL_6898971
93	Homo sapiens	2021-10-08	Dominican Republic	AY.14	EPI_ISL_6897924
93	Homo sapiens	2021-10-08	Dominican Republic	AY.62	EPI_ISL_6897928
93	Homo sapiens	2021-10-08	Dominican Republic	AY.119	EPI_ISL_6897936
93	Homo sapiens	2021-10-08	Dominican Republic	AY.3	EPI_ISL_6897944
93	Homo sapiens	2021-10-08	Dominican Republic	AY.43	EPI_ISL_6897948
93	Homo sapiens	2021-10-08	Dominican Republic	AY.3	EPI_ISL_6898965
93	Homo sapiens	2021-10-08	Dominican Republic	AY.35	EPI_ISL_6898970
93	Homo sapiens	2021-10-07	Dominican Republic	AY.119	EPI_ISL_6897916
95	Homo sapiens	2021-10-20	Dominican Republic	AY.25.1	OM180410.1
95	Homo sapiens	2021-10-20	Dominican Republic	AY.43	OM180411.1
95	Homo sapiens	2021-10-19	Dominican Republic	AY.119	OM180401.1
95	Homo sapiens	2021-10-19	Dominican Republic	AY.25.1	OM180407.1
95	Homo sapiens	2021-10-19	Dominican Republic	AY.43	OM180404.1
95	Homo sapiens	2021-10-19	Dominican Republic	AY.43	OM180409.1
95	Homo sapiens	2021-10-19	Dominican Republic	AY.43	OM180406.1
95	Homo sapiens	2021-10-19	Dominican Republic	AY.35	OM180402.1
95	Homo sapiens	2021-10-19	Dominican Republic	AY.43	OM180403.1
95	Homo sapiens	2021-10-19	Dominican Republic	AY.119	OM180405.1
95	Homo sapiens	2021-10-18	Dominican Republic	AY.43	OM180388.1
95	Homo sapiens	2021-10-18	Dominican Republic	AY.122	OM180398.1
95	Homo sapiens	2021-10-18	Dominican Republic	AY.43	OM180376.1
95	Homo sapiens	2021-10-18	Dominican Republic	AY.35	OM180377.1
95	Homo sapiens	2021-10-18	Dominican Republic	AY.119	OM180385.1
95	Homo sapiens	2021-10-18	Dominican Republic	AY.117	OM180394.1
95	Homo sapiens	2021-10-18	Dominican Republic	AY.43	OM180393.1
95	Homo sapiens	2021-10-18	Dominican Republic	AY.25.1	OM180372.1
95	Homo sapiens	2021-10-18	Dominican Republic	AY.119	OM180384.1
95	Homo sapiens	2021-10-18	Dominican Republic	AY.43	OM180389.1
95	Homo sapiens	2021-10-18	Dominican Republic	AY.43	OM180386.1
95	Homo sapiens	2021-10-18	Dominican Republic	AY.119	OM180379.1
95	Homo sapiens	2021-10-18	Dominican Republic	AY.25	OM180370.1
95	Homo sapiens	2021-10-18	Dominican Republic	AY.39	OM180381.1
95	Homo sapiens	2021-10-18	Dominican Republic	AY.39	OM180387.1
95	Homo sapiens	2021-10-18	Dominican Republic	B.1.617.2	OM180371.1
95	Homo sapiens	2021-10-18	Dominican Republic	AY.25	OM180399.1
95	Homo sapiens	2021-10-18	Dominican Republic	AY.42	OM180391.1
95	Homo sapiens	2021-10-18	Dominican Republic	AY.122	OM180375.1
95	Homo sapiens	2021-10-18	Dominican Republic	AY.113	OM180380.1
95	Homo sapiens	2021-10-18	Dominican Republic	AY.35	OM180395.1
95	Homo sapiens	2021-10-18	Dominican Republic	AY.25	OM180390.1
95	Homo sapiens	2021-10-18	Dominican Republic	AY.43	OM180378.1
95	Homo sapiens	2021-10-18	Dominican Republic	AY.100	OM180373.1
95	Homo sapiens	2021-10-18	Dominican Republic	AY.3	OM180396.1
95	Homo sapiens	2021-10-18	Dominican Republic	AY.113	OM180383.1
95	Homo sapiens	2021-10-18	Dominican Republic	AY.3	OM180374.1
95	Homo sapiens	2021-10-18	Dominican Republic	AY.43	OM180392.1
95	Homo sapiens	2021-10-18	Dominican Republic	AY.14	OM180397.1
94	Homo sapiens	2021-10-17	Dominican Republic	AY.119	OM180369.1
94	Homo sapiens	2021-10-17	Dominican Republic	AY.100	OM180368.1
94	Homo sapiens	2021-10-16	Dominican Republic	AY.43	OM180366.1
94	Homo sapiens	2021-10-16	Dominican Republic	AY.3	OM180367.1
94	Homo sapiens	2021-10-15	Dominican Republic	AY.119	OM180360.1
94	Homo sapiens	2021-10-15	Dominican Republic	AY.119	OM180365.1
94	Homo sapiens	2021-10-15	Dominican Republic	AY.35	OM180364.1
94	Homo sapiens	2021-10-15	Dominican Republic	AY.39	OM180361.1
94	Homo sapiens	2021-10-15	Dominican Republic	AY.43	OM180362.1
94	Homo sapiens	2021-10-15	Dominican Republic	AY.3	OM180363.1
94	Homo sapiens	2021-10-15	Dominican Republic	AY.14	OM180359.1
94	Homo sapiens	2021-10-14	Dominican Republic	AY.25.1	OM180357.1
94	Homo sapiens	2021-10-14	Dominican Republic	AY.122	OM180358.1
94	Homo sapiens	2021-10-13	Dominican Republic	AY.119	OM180355.1
94	Homo sapiens	2021-10-13	Dominican Republic	AY.43	OM180356.1
94	Homo sapiens	2021-10-13	Dominican Republic	AY.4	OM180354.1
94	Homo sapiens	2021-10-17	Dominican Republic	AY.35	OM181480.1
94	Homo sapiens	2021-10-15	Dominican Republic	AY.35	OM181471.1
94	Homo sapiens	2021-10-15	Dominican Republic	AY.25.1	OM181460.1
94	Homo sapiens	2021-10-15	Dominican Republic	AY.119	OM181462.1
94	Homo sapiens	2021-10-15	Dominican Republic	AY.35	OM181477.1
94	Homo sapiens	2021-10-15	Dominican Republic	AY.25.1	OM181478.1
94	Homo sapiens	2021-10-15	Dominican Republic	AY.3	OM181456.1
94	Homo sapiens	2021-10-15	Dominican Republic	AY.43	OM181473.1
94	Homo sapiens	2021-10-15	Dominican Republic	AY.119	OM181464.1
94	Homo sapiens	2021-10-15	Dominican Republic	B.1.639	OM181474.1
94	Homo sapiens	2021-10-15	Dominican Republic	AY.118	OM181458.1
94	Homo sapiens	2021-10-15	Dominican Republic	B.1.639	OM181472.1
94	Homo sapiens	2021-10-15	Dominican Republic	AY.122	OM181466.1
94	Homo sapiens	2021-10-15	Dominican Republic	AY.14	OM181469.1
94	Homo sapiens	2021-10-15	Dominican Republic	AY.37	OM181461.1
94	Homo sapiens	2021-10-15	Dominican Republic	AY.3	OM181457.1
94	Homo sapiens	2021-10-15	Dominican Republic	AY.47	OM181479.1
94	Homo sapiens	2021-10-15	Dominican Republic	AY.119	OM181465.1
94	Homo sapiens	2021-10-15	Dominican Republic	AY.35	OM181476.1
94	Homo sapiens	2021-10-15	Dominican Republic	AY.119	OM181459.1
94	Homo sapiens	2021-10-15	Dominican Republic	AY.119	OM181470.1
94	Homo sapiens	2021-10-15	Dominican Republic	B.1.630	OM181475.1
94	Homo sapiens	2021-10-15	Dominican Republic	AY.43.8	OM181467.1
94	Homo sapiens	2021-10-15	Dominican Republic	AY.25.1	OM181468.1
94	Homo sapiens	2021-10-15	Dominican Republic	AY.47	OM181463.1
94	Homo sapiens	2021-10-14	Dominican Republic	AY.35	OM181444.1
94	Homo sapiens	2021-10-14	Dominican Republic	AY.43	OM181439.1
94	Homo sapiens	2021-10-14	Dominican Republic	AY.25.1	OM181440.1
94	Homo sapiens	2021-10-14	Dominican Republic	AY.119.2	OM181448.1
94	Homo sapiens	2021-10-14	Dominican Republic	AY.119	OM181441.1
94	Homo sapiens	2021-10-14	Dominican Republic	AY.119	OM181446.1
94	Homo sapiens	2021-10-14	Dominican Republic	AY.119	OM181454.1
94	Homo sapiens	2021-10-14	Dominican Republic	AY.43	OM181451.1
94	Homo sapiens	2021-10-14	Dominican Republic	B.1.621.1	OM181443.1
94	Homo sapiens	2021-10-14	Dominican Republic	AY.119.2	OM181450.1
94	Homo sapiens	2021-10-14	Dominican Republic	AY.119.2	OM181445.1
94	Homo sapiens	2021-10-14	Dominican Republic	AY.119	OM181449.1
94	Homo sapiens	2021-10-14	Dominican Republic	AY.119.2	OM181455.1
94	Homo sapiens	2021-10-14	Dominican Republic	AY.119.2	OM181452.1
94	Homo sapiens	2021-10-14	Dominican Republic	AY.25.1	OM181447.1
94	Homo sapiens	2021-10-14	Dominican Republic	AY.25.1	OM181453.1
94	Homo sapiens	2021-10-13	Dominican Republic	AY.119	OM181433.1
94	Homo sapiens	2021-10-13	Dominican Republic	AY.43	OM181432.1
94	Homo sapiens	2021-10-13	Dominican Republic	AY.103	OM181437.1
94	Homo sapiens	2021-10-13	Dominican Republic	AY.119	OM181434.1
94	Homo sapiens	2021-10-13	Dominican Republic	AY.25.1	OM181435.1
94	Homo sapiens	2021-10-13	Dominican Republic	AY.25	OM181436.1
94	Homo sapiens	2021-10-12	Dominican Republic	B.1.621.1	OM181428.1
94	Homo sapiens	2021-10-12	Dominican Republic	AY.14	OM181424.1
94	Homo sapiens	2021-10-12	Dominican Republic	AY.113	OM181423.1
94	Homo sapiens	2021-10-12	Dominican Republic	AY.25	OM181430.1
94	Homo sapiens	2021-10-12	Dominican Republic	AY.43	OM181429.1
94	Homo sapiens	2021-10-12	Dominican Republic	AY.43	OM181431.1
94	Homo sapiens	2021-10-12	Dominican Republic	AY.25.1	OM181427.1
94	Homo sapiens	2021-10-12	Dominican Republic	BB.2	OM181422.1
94	Homo sapiens	2021-10-12	Dominican Republic	AY.43	OM181426.1
94	Homo sapiens	2021-10-12	Dominican Republic	AY.25	OM181425.1
94	Homo sapiens	2021-10-11	Dominican Republic	AY.43	OM181415.1
94	Homo sapiens	2021-10-11	Dominican Republic	AY.43	OM181419.1
94	Homo sapiens	2021-10-11	Dominican Republic	AY.117	OM181421.1
94	Homo sapiens	2021-10-11	Dominican Republic	AY.25.1	OM181420.1
94	Homo sapiens	2021-10-11	Dominican Republic	AY.43	OM181413.1
94	Homo sapiens	2021-10-11	Dominican Republic	AY.35	OM181416.1
94	Homo sapiens	2021-10-11	Dominican Republic	AY.43	OM181412.1
94	Homo sapiens	2021-10-11	Dominican Republic	AY.25	OM181418.1
94	Homo sapiens	2021-10-11	Dominican Republic	AY.113	OM181417.1
94	Homo sapiens	2021-10-11	Dominican Republic	AY.43	OM181414.1
94	Homo sapiens	2021-10-11	Dominican Republic	AY.119	OM181411.1
93	Homo sapiens	2021-10-10	Dominican Republic	AY.119.2	OM181410.1
93	Homo sapiens	2021-10-09	Dominican Republic	AY.119	OM181407.1
93	Homo sapiens	2021-10-09	Dominican Republic	AY.43	OM181409.1
93	Homo sapiens	2021-10-09	Dominican Republic	AY.43	OM181408.1
93	Homo sapiens	2021-10-08	Dominican Republic	AY.119	OM181400.1
93	Homo sapiens	2021-10-08	Dominican Republic	AY.3	OM181406.1
93	Homo sapiens	2021-10-08	Dominican Republic	AY.3	OM181401.1
93	Homo sapiens	2021-10-08	Dominican Republic	AY.119	OM181402.1
93	Homo sapiens	2021-10-08	Dominican Republic	AY.25.1	OM181403.1
93	Homo sapiens	2021-10-08	Dominican Republic	AY.119	OM181405.1
93	Homo sapiens	2021-10-08	Dominican Republic	AY.44	OM181399.1
93	Homo sapiens	2021-10-08	Dominican Republic	AY.43	OM181398.1
93	Homo sapiens	2021-10-07	Dominican Republic	AY.14	OM181397.1
103	Homo sapiens	2021-12-13	Dominican Republic	AY.43	OM248637.1
103	Homo sapiens	2021-12-13	Dominican Republic	AY.43	OM248638.1
103	Homo sapiens	2021-12-13	Dominican Republic	AY.43	OM248636.1
103	Homo sapiens	2021-12-13	Dominican Republic	AY.43	OM248635.1
102	Homo sapiens	2021-12-10	Dominican Republic	AY.43	OM248630.1
102	Homo sapiens	2021-12-10	Dominican Republic	AY.75	OM248628.1
102	Homo sapiens	2021-12-10	Dominican Republic	AY.25.1	OM248632.1
102	Homo sapiens	2021-12-10	Dominican Republic	AY.3	OM248629.1
102	Homo sapiens	2021-12-10	Dominican Republic	AY.119	OM248634.1
102	Homo sapiens	2021-12-10	Dominican Republic	AY.43	OM248633.1
102	Homo sapiens	2021-12-10	Dominican Republic	AY.119	OM248631.1
102	Homo sapiens	2021-12-09	Dominican Republic	AY.103	OM248622.1
102	Homo sapiens	2021-12-09	Dominican Republic	AY.43	OM248625.1
102	Homo sapiens	2021-12-09	Dominican Republic	AY.39	OM248620.1
102	Homo sapiens	2021-12-09	Dominican Republic	AY.119	OM248624.1
102	Homo sapiens	2021-12-09	Dominican Republic	AY.35	OM248623.1
102	Homo sapiens	2021-12-09	Dominican Republic	AY.119.2	OM248627.1
102	Homo sapiens	2021-12-09	Dominican Republic	AY.43	OM248626.1
102	Homo sapiens	2021-12-09	Dominican Republic	AY.3	OM248621.1
102	Homo sapiens	2021-12-08	Dominican Republic	AY.43	OM248601.1
102	Homo sapiens	2021-12-08	Dominican Republic	AY.43	OM248618.1
102	Homo sapiens	2021-12-08	Dominican Republic	AY.47	OM248619.1
102	Homo sapiens	2021-12-08	Dominican Republic	AY.119	OM248604.1
102	Homo sapiens	2021-12-08	Dominican Republic	AY.43	OM248614.1
102	Homo sapiens	2021-12-08	Dominican Republic	AY.119	OM248605.1
102	Homo sapiens	2021-12-08	Dominican Republic	AY.25	OM248611.1
102	Homo sapiens	2021-12-08	Dominican Republic	AY.119.2	OM248599.1
102	Homo sapiens	2021-12-08	Dominican Republic	AY.119.2	OM248607.1
102	Homo sapiens	2021-12-08	Dominican Republic	AY.119	OM248609.1
102	Homo sapiens	2021-12-08	Dominican Republic	AY.43	OM248616.1
102	Homo sapiens	2021-12-08	Dominican Republic	AY.47	OM248606.1
102	Homo sapiens	2021-12-08	Dominican Republic	AY.35	OM248603.1
102	Homo sapiens	2021-12-08	Dominican Republic	AY.43	OM248612.1
102	Homo sapiens	2021-12-08	Dominican Republic	AY.25.1	OM248610.1
102	Homo sapiens	2021-12-08	Dominican Republic	AY.3	OM248602.1
102	Homo sapiens	2021-12-08	Dominican Republic	AY.25.1	OM248617.1
102	Homo sapiens	2021-12-08	Dominican Republic	AY.43	OM248600.1
102	Homo sapiens	2021-12-08	Dominican Republic	AY.43	OM248613.1
102	Homo sapiens	2021-12-08	Dominican Republic	AY.119.2	OM248608.1
102	Homo sapiens	2021-12-07	Dominican Republic	AY.119	OM248586.1
102	Homo sapiens	2021-12-07	Dominican Republic	AY.43	OM248595.1
102	Homo sapiens	2021-12-07	Dominican Republic	AY.103	OM248581.1
102	Homo sapiens	2021-12-07	Dominican Republic	AY.43	OM248589.1
102	Homo sapiens	2021-12-07	Dominican Republic	AY.43	OM248580.1
102	Homo sapiens	2021-12-07	Dominican Republic	AY.3	OM248582.1
102	Homo sapiens	2021-12-07	Dominican Republic	AY.119	OM248584.1
102	Homo sapiens	2021-12-07	Dominican Republic	AY.35	OM248593.1
102	Homo sapiens	2021-12-07	Dominican Republic	AY.43	OM248583.1
102	Homo sapiens	2021-12-07	Dominican Republic	AY.117	OM248590.1
102	Homo sapiens	2021-12-07	Dominican Republic	AY.119	OM248598.1
102	Homo sapiens	2021-12-07	Dominican Republic	AY.3	OM248587.1
102	Homo sapiens	2021-12-07	Dominican Republic	AY.43	OM248585.1
102	Homo sapiens	2021-12-07	Dominican Republic	AY.43	OM248596.1
102	Homo sapiens	2021-12-07	Dominican Republic	AY.43	OM248597.1
102	Homo sapiens	2021-12-07	Dominican Republic	AY.43	OM248588.1
102	Homo sapiens	2021-12-07	Dominican Republic	AY.119	OM248592.1
102	Homo sapiens	2021-12-07	Dominican Republic	AY.119	OM248594.1
102	Homo sapiens	2021-12-06	Dominican Republic	AY.39	OM248571.1
102	Homo sapiens	2021-12-06	Dominican Republic	AY.119.2	OM248566.1
102	Homo sapiens	2021-12-06	Dominican Republic	AY.3	OM248558.1
102	Homo sapiens	2021-12-06	Dominican Republic	AY.119.2	OM248576.1
102	Homo sapiens	2021-12-06	Dominican Republic	AY.43	OM248572.1
102	Homo sapiens	2021-12-06	Dominican Republic	AY.3	OM248564.1
102	Homo sapiens	2021-12-06	Dominican Republic	AY.43	OM248561.1
102	Homo sapiens	2021-12-06	Dominican Republic	AY.3	OM248568.1
102	Homo sapiens	2021-12-06	Dominican Republic	AY.43	OM248575.1
102	Homo sapiens	2021-12-06	Dominican Republic	AY.119	OM248565.1
102	Homo sapiens	2021-12-06	Dominican Republic	AY.43	OM248560.1
102	Homo sapiens	2021-12-06	Dominican Republic	AY.122	OM248577.1
102	Homo sapiens	2021-12-06	Dominican Republic	AY.119	OM248567.1
102	Homo sapiens	2021-12-06	Dominican Republic	AY.43	OM248559.1
102	Homo sapiens	2021-12-06	Dominican Republic	AY.43	OM248563.1
102	Homo sapiens	2021-12-06	Dominican Republic	AY.119	OM248570.1
102	Homo sapiens	2021-12-06	Dominican Republic	AY.43	OM248574.1
102	Homo sapiens	2021-12-06	Dominican Republic	AY.119	OM248573.1
102	Homo sapiens	2021-12-06	Dominican Republic	AY.25.1	OM248569.1
102	Homo sapiens	2021-12-06	Dominican Republic	AY.113	OM248579.1
102	Homo sapiens	2021-12-06	Dominican Republic	AY.119.2	OM248562.1
102	Homo sapiens	2021-12-06	Dominican Republic	AY.119	OM248578.1
101	Homo sapiens	2021-12-04	Dominican Republic	AY.25.1	OM248557.1
101	Homo sapiens	2021-12-03	Dominican Republic	AY.43	OM248547.1
101	Homo sapiens	2021-12-03	Dominican Republic	AY.119	OM248548.1
101	Homo sapiens	2021-12-03	Dominican Republic	AY.119	OM248546.1
101	Homo sapiens	2021-12-03	Dominican Republic	AY.103	OM248545.1
101	Homo sapiens	2021-12-03	Dominican Republic	AY.43	OM248553.1
101	Homo sapiens	2021-12-03	Dominican Republic	AY.25.1	OM248552.1
101	Homo sapiens	2021-12-03	Dominican Republic	AY.35	OM248551.1
101	Homo sapiens	2021-12-03	Dominican Republic	AY.35	OM248556.1
101	Homo sapiens	2021-12-03	Dominican Republic	AY.14	OM248549.1
101	Homo sapiens	2021-12-03	Dominican Republic	AY.43	OM248554.1
101	Homo sapiens	2021-12-03	Dominican Republic	AY.44	OM248555.1
101	Homo sapiens	2021-12-02	Dominican Republic	AY.43	OM248536.1
101	Homo sapiens	2021-12-02	Dominican Republic	AY.43	OM248544.1
101	Homo sapiens	2021-12-02	Dominican Republic	AY.113	OM248525.1
101	Homo sapiens	2021-12-02	Dominican Republic	AY.119	OM248531.1
101	Homo sapiens	2021-12-02	Dominican Republic	AY.43	OM248522.1
101	Homo sapiens	2021-12-02	Dominican Republic	AY.119	OM248535.1
101	Homo sapiens	2021-12-02	Dominican Republic	AY.3	OM248530.1
101	Homo sapiens	2021-12-02	Dominican Republic	AY.44	OM248527.1
101	Homo sapiens	2021-12-02	Dominican Republic	AY.44	OM248542.1
101	Homo sapiens	2021-12-02	Dominican Republic	AY.103	OM248520.1
101	Homo sapiens	2021-12-02	Dominican Republic	AY.119	OM248541.1
101	Homo sapiens	2021-12-02	Dominican Republic	AY.103	OM248532.1
101	Homo sapiens	2021-12-02	Dominican Republic	AY.119.2	OM248540.1
101	Homo sapiens	2021-12-02	Dominican Republic	AY.119.2	OM248539.1
101	Homo sapiens	2021-12-02	Dominican Republic	AY.119.2	OM248526.1
101	Homo sapiens	2021-12-02	Dominican Republic	AY.103	OM248534.1
101	Homo sapiens	2021-12-02	Dominican Republic	AY.25.1	OM248538.1
101	Homo sapiens	2021-12-02	Dominican Republic	AY.119.2	OM248537.1
101	Homo sapiens	2021-12-02	Dominican Republic	AY.43	OM248521.1
101	Homo sapiens	2021-12-02	Dominican Republic	AY.119	OM248523.1
101	Homo sapiens	2021-12-02	Dominican Republic	AY.3	OM248543.1
101	Homo sapiens	2021-12-02	Dominican Republic	AY.119	OM248533.1
101	Homo sapiens	2021-12-02	Dominican Republic	AY.43	OM248524.1
101	Homo sapiens	2021-12-02	Dominican Republic	AY.119	OM248529.1
101	Homo sapiens	2021-12-01	Dominican Republic	AY.119.2	OM248510.1
101	Homo sapiens	2021-12-01	Dominican Republic	AY.47	OM248518.1
101	Homo sapiens	2021-12-01	Dominican Republic	AY.43	OM248512.1
101	Homo sapiens	2021-12-01	Dominican Republic	AY.43	OM248515.1
101	Homo sapiens	2021-12-01	Dominican Republic	AY.43	OM248517.1
101	Homo sapiens	2021-12-01	Dominican Republic	AY.43	OM248519.1
101	Homo sapiens	2021-12-01	Dominican Republic	AY.43	OM248516.1
101	Homo sapiens	2021-12-01	Dominican Republic	AY.119	OM248511.1
101	Homo sapiens	2021-12-01	Dominican Republic	AY.25.1	OM248514.1
101	Homo sapiens	2021-12-01	Dominican Republic	AY.119	OM248513.1
101	Homo sapiens	2021-11-30	Dominican Republic	AY.43	OM248507.1
101	Homo sapiens	2021-11-30	Dominican Republic	AY.119	OM248508.1
101	Homo sapiens	2021-11-30	Dominican Republic	AY.117	OM248504.1
101	Homo sapiens	2021-11-30	Dominican Republic	AY.43	OM248505.1
101	Homo sapiens	2021-11-30	Dominican Republic	AY.119	OM248506.1
101	Homo sapiens	2021-11-30	Dominican Republic	AY.25.1	OM248509.1
101	Homo sapiens	2021-11-29	Dominican Republic	AY.119.2	OM248499.1
101	Homo sapiens	2021-11-29	Dominican Republic	AY.43	OM248503.1
101	Homo sapiens	2021-11-29	Dominican Republic	AY.3	OM248501.1
101	Homo sapiens	2021-11-29	Dominican Republic	AY.43	OM248502.1
101	Homo sapiens	2021-11-29	Dominican Republic	AY.119	OM248498.1
100	Homo sapiens	2021-11-25	Dominican Republic	AY.119	OM248497.1
100	Homo sapiens	2021-11-22	Dominican Republic	AY.43	OM248496.1
99	Homo sapiens	2021-11-19	Dominican Republic	AY.43	OM248495.1
99	Homo sapiens	2021-11-17	Dominican Republic	AY.119	OM248494.1
55	Homo sapiens	2021-01-12	Dominican Republic	B.1	EPI_ISL_3105491
55	Homo sapiens	2021-01-15	Dominican Republic	B.1	EPI_ISL_3105536
55	Homo sapiens	2021-01-13	Dominican Republic	B.1	EPI_ISL_3105538
84	Homo sapiens	2021-08-02	Dominican Republic	B.1.621.1	EPI_ISL_4220363
84	Homo sapiens	2021-08-02	Dominican Republic	B.1.621.1	EPI_ISL_4220369
84	Homo sapiens	2021-08-02	Dominican Republic	B.1.621.1	EPI_ISL_4220379
94	Homo sapiens	2021-10-14	Dominican Republic	AY.103	EPI_ISL_8482362
95	Homo sapiens	2021-10-19	Dominican Republic	AY.43	EPI_ISL_8482834
98	Homo sapiens	2021-11-08	Dominican Republic	AY.119	EPI_ISL_9405828
97	Homo sapiens	2021-11-03	Dominican Republic	AY.44	EPI_ISL_9405829
98	Homo sapiens	2021-11-12	Dominican Republic	AY.43	EPI_ISL_9405830
98	Homo sapiens	2021-11-10	Dominican Republic	AY.117	EPI_ISL_9405831
98	Homo sapiens	2021-11-11	Dominican Republic	AY.43	EPI_ISL_9405832
98	Homo sapiens	2021-11-12	Dominican Republic	AY.43	EPI_ISL_9405833
98	Homo sapiens	2021-11-10	Dominican Republic	AY.25.1	EPI_ISL_9405834
98	Homo sapiens	2021-11-10	Dominican Republic	AY.14	EPI_ISL_9405835
98	Homo sapiens	2021-11-11	Dominican Republic	AY.100	EPI_ISL_9405836
98	Homo sapiens	2021-11-12	Dominican Republic	AY.43	EPI_ISL_9405837
98	Homo sapiens	2021-11-12	Dominican Republic	AY.25.1	EPI_ISL_9405838
98	Homo sapiens	2021-11-11	Dominican Republic	AY.43	EPI_ISL_9405839
98	Homo sapiens	2021-11-12	Dominican Republic	AY.119	EPI_ISL_9405840
98	Homo sapiens	2021-11-11	Dominican Republic	AY.119	EPI_ISL_9405841
98	Homo sapiens	2021-11-08	Dominican Republic	AY.43	EPI_ISL_9405842
98	Homo sapiens	2021-11-12	Dominican Republic	AY.35	EPI_ISL_9405843
99	Homo sapiens	2021-11-15	Dominican Republic	AY.3	EPI_ISL_9405844
98	Homo sapiens	2021-11-12	Dominican Republic	AY.43	EPI_ISL_9405845
99	Homo sapiens	2021-11-15	Dominican Republic	AY.43	EPI_ISL_9405846
99	Homo sapiens	2021-11-15	Dominican Republic	AY.43	EPI_ISL_9405847
99	Homo sapiens	2021-11-15	Dominican Republic	AY.43	EPI_ISL_9405849
99	Homo sapiens	2021-11-15	Dominican Republic	AY.119.2	EPI_ISL_9405850
99	Homo sapiens	2021-11-15	Dominican Republic	AY.43	EPI_ISL_9405851
99	Homo sapiens	2021-11-16	Dominican Republic	AY.43	EPI_ISL_9405852
99	Homo sapiens	2021-11-16	Dominican Republic	AY.119	EPI_ISL_9405853
99	Homo sapiens	2021-11-15	Dominican Republic	AY.3	EPI_ISL_9405854
99	Homo sapiens	2021-11-16	Dominican Republic	AY.3	EPI_ISL_9405855
99	Homo sapiens	2021-11-15	Dominican Republic	AY.122	EPI_ISL_9405856
99	Homo sapiens	2021-11-17	Dominican Republic	AY.3	EPI_ISL_9405857
99	Homo sapiens	2021-11-17	Dominican Republic	AY.39	EPI_ISL_9405858
99	Homo sapiens	2021-11-16	Dominican Republic	AY.119.2	EPI_ISL_9405859
99	Homo sapiens	2021-11-16	Dominican Republic	AY.3	EPI_ISL_9405860
99	Homo sapiens	2021-11-15	Dominican Republic	AY.3	EPI_ISL_9405861
99	Homo sapiens	2021-11-17	Dominican Republic	AY.119.2	EPI_ISL_9405862
99	Homo sapiens	2021-11-18	Dominican Republic	AY.43	EPI_ISL_9405863
99	Homo sapiens	2021-11-18	Dominican Republic	AY.43	EPI_ISL_9405864
99	Homo sapiens	2021-11-18	Dominican Republic	AY.43	EPI_ISL_9405865
100	Homo sapiens	2021-11-22	Dominican Republic	AY.43	EPI_ISL_9405867
100	Homo sapiens	2021-11-22	Dominican Republic	AY.43	EPI_ISL_9405868
100	Homo sapiens	2021-11-22	Dominican Republic	AY.35	EPI_ISL_9405869
100	Homo sapiens	2021-11-22	Dominican Republic	AY.3	EPI_ISL_9405870
100	Homo sapiens	2021-11-22	Dominican Republic	AY.119	EPI_ISL_9405871
100	Homo sapiens	2021-11-22	Dominican Republic	AY.3	EPI_ISL_9405872
100	Homo sapiens	2021-11-22	Dominican Republic	AY.113	EPI_ISL_9405873
100	Homo sapiens	2021-11-22	Dominican Republic	AY.43	EPI_ISL_9405874
100	Homo sapiens	2021-11-23	Dominican Republic	AY.43	EPI_ISL_9405876
100	Homo sapiens	2021-11-22	Dominican Republic	AY.119	EPI_ISL_9405877
100	Homo sapiens	2021-11-22	Dominican Republic	AY.43	EPI_ISL_9405879
100	Homo sapiens	2021-11-22	Dominican Republic	AY.119.2	EPI_ISL_9405880
100	Homo sapiens	2021-11-23	Dominican Republic	AY.43	EPI_ISL_9405881
100	Homo sapiens	2021-11-23	Dominican Republic	AY.43	EPI_ISL_9405882
100	Homo sapiens	2021-11-23	Dominican Republic	AY.103	EPI_ISL_9405884
100	Homo sapiens	2021-11-23	Dominican Republic	AY.43	EPI_ISL_9405885
100	Homo sapiens	2021-11-23	Dominican Republic	AY.43	EPI_ISL_9405886
100	Homo sapiens	2021-11-22	Dominican Republic	AY.25.1	EPI_ISL_9405887
100	Homo sapiens	2021-11-23	Dominican Republic	AY.3	EPI_ISL_9405889
100	Homo sapiens	2021-11-24	Dominican Republic	AY.88	EPI_ISL_9405891
100	Homo sapiens	2021-11-23	Dominican Republic	AY.43	EPI_ISL_9405892
100	Homo sapiens	2021-11-23	Dominican Republic	AY.43	EPI_ISL_9405894
100	Homo sapiens	2021-11-24	Dominican Republic	AY.103	EPI_ISL_9405896
100	Homo sapiens	2021-11-23	Dominican Republic	AY.43	EPI_ISL_9405898
100	Homo sapiens	2021-11-24	Dominican Republic	AY.43	EPI_ISL_9405899
100	Homo sapiens	2021-11-23	Dominican Republic	AY.119	EPI_ISL_9405900
100	Homo sapiens	2021-11-25	Dominican Republic	AY.113	EPI_ISL_9405901
100	Homo sapiens	2021-11-24	Dominican Republic	AY.3	EPI_ISL_9405902
100	Homo sapiens	2021-11-24	Dominican Republic	AY.119	EPI_ISL_9405903
100	Homo sapiens	2021-11-24	Dominican Republic	AY.119.2	EPI_ISL_9405904
100	Homo sapiens	2021-11-25	Dominican Republic	AY.35	EPI_ISL_9405905
100	Homo sapiens	2021-11-26	Dominican Republic	AY.35	EPI_ISL_9405906
99	Homo sapiens	2021-11-18	Dominican Republic	AY.119.2	EPI_ISL_9405907
101	Homo sapiens	2021-12-02	Dominican Republic	BA.1	EPI_ISL_9405908
96	Homo sapiens	2021-10-27	Dominican Republic	AY.119	EPI_ISL_9413609
96	Homo sapiens	2021-10-29	Dominican Republic	AY.3	EPI_ISL_9413611
96	Homo sapiens	2021-10-31	Dominican Republic	AY.119.2	EPI_ISL_9413612
55	Homo sapiens	2021-01-11	Dominican Republic	AY.43	EPI_ISL_9413613
59	Homo sapiens	2021-02-11	Dominican Republic	AY.43	EPI_ISL_9413614
59	Homo sapiens	2021-02-11	Dominican Republic	AY.3	EPI_ISL_9413617
59	Homo sapiens	2021-02-11	Dominican Republic	AY.43	EPI_ISL_9413618
96	Homo sapiens	2021-10-29	Dominican Republic	AY.100	EPI_ISL_9413619
63	Homo sapiens	2021-03-11	Dominican Republic	AY.3	EPI_ISL_9413621
96	Homo sapiens	2021-10-31	Dominican Republic	AY.43	EPI_ISL_9413624
96	Homo sapiens	2021-10-28	Dominican Republic	AY.43	EPI_ISL_9413625
96	Homo sapiens	2021-10-30	Dominican Republic	AY.43	EPI_ISL_9413627
96	Homo sapiens	2021-10-31	Dominican Republic	AY.43	EPI_ISL_9413628
96	Homo sapiens	2021-10-29	Dominican Republic	AY.119	EPI_ISL_9413629
96	Homo sapiens	2021-10-29	Dominican Republic	AY.119	EPI_ISL_9413631
96	Homo sapiens	2021-10-26	Dominican Republic	AY.3	EPI_ISL_9413632
55	Homo sapiens	2021-01-11	Dominican Republic	AY.35	EPI_ISL_9413633
55	Homo sapiens	2021-01-11	Dominican Republic	AY.119	EPI_ISL_9413634
96	Homo sapiens	2021-10-29	Dominican Republic	AY.39	EPI_ISL_9413635
59	Homo sapiens	2021-02-11	Dominican Republic	AY.119	EPI_ISL_9413636
55	Homo sapiens	2021-01-11	Dominican Republic	AY.43	EPI_ISL_9413637
55	Homo sapiens	2021-01-11	Dominican Republic	AY.100	EPI_ISL_9413638
96	Homo sapiens	2021-10-25	Dominican Republic	AY.43	EPI_ISL_9413640
55	Homo sapiens	2021-01-11	Dominican Republic	AY.119.2	EPI_ISL_9413641
63	Homo sapiens	2021-03-11	Dominican Republic	AY.119	EPI_ISL_9413642
55	Homo sapiens	2021-01-11	Dominican Republic	AY.119	EPI_ISL_9413643
59	Homo sapiens	2021-02-11	Dominican Republic	AY.3	EPI_ISL_9413645
67	Homo sapiens	2021-04-11	Dominican Republic	AY.43	EPI_ISL_9413646
55	Homo sapiens	2021-01-11	Dominican Republic	AY.119	EPI_ISL_9413647
59	Homo sapiens	2021-02-11	Dominican Republic	AY.3	EPI_ISL_9413648
63	Homo sapiens	2021-03-11	Dominican Republic	AY.119	EPI_ISL_9413650
55	Homo sapiens	2021-01-11	Dominican Republic	AY.3	EPI_ISL_9413651
63	Homo sapiens	2021-03-11	Dominican Republic	AY.119	EPI_ISL_9413652
59	Homo sapiens	2021-02-11	Dominican Republic	AY.44	EPI_ISL_9413653
63	Homo sapiens	2021-03-11	Dominican Republic	AY.119	EPI_ISL_9413654
72	Homo sapiens	2021-05-11	Dominican Republic	AY.43	EPI_ISL_9413655
72	Homo sapiens	2021-05-11	Dominican Republic	AY.3	EPI_ISL_9413656
72	Homo sapiens	2021-05-11	Dominican Republic	AY.119	EPI_ISL_9413657
63	Homo sapiens	2021-03-11	Dominican Republic	AY.119	EPI_ISL_9413658
96	Homo sapiens	2021-10-29	Dominican Republic	AY.119	EPI_ISL_9413659
59	Homo sapiens	2021-02-11	Dominican Republic	AY.3	EPI_ISL_9413660
67	Homo sapiens	2021-04-11	Dominican Republic	AY.25	EPI_ISL_9413661
72	Homo sapiens	2021-05-11	Dominican Republic	AY.117	EPI_ISL_9413665
47	Homo sapiens	2020-11-16	Dominican Republic	B.1.234	EPI_ISL_9670835
47	Homo sapiens	2020-11-16	Dominican Republic	B.1.1	EPI_ISL_9670837
60	Homo sapiens	2021-02-15	Dominican Republic	B.1.429	EPI_ISL_9671868
94	Homo sapiens	2021-10-14	Dominican Republic	AY.43	EPI_ISL_9708671
104	Homo sapiens	2021-12-20	Dominican Republic	BA.1.15	EPI_ISL_9802250
105	Homo sapiens	2021-12-27	Dominican Republic	AY.113	EPI_ISL_9802251
104	Homo sapiens	2021-12-21	Dominican Republic	BA.1	EPI_ISL_9802253
104	Homo sapiens	2021-12-23	Dominican Republic	BA.1.15	EPI_ISL_9802261
104	Homo sapiens	2021-12-23	Dominican Republic	BA.1	EPI_ISL_9802265
105	Homo sapiens	2021-12-27	Dominican Republic	AY.43	EPI_ISL_9802267
105	Homo sapiens	2021-12-27	Dominican Republic	BA.1	EPI_ISL_9802269
105	Homo sapiens	2021-12-27	Dominican Republic	BA.1.1	EPI_ISL_9802270
105	Homo sapiens	2021-12-27	Dominican Republic	BA.1.1	EPI_ISL_9802272
105	Homo sapiens	2021-12-27	Dominican Republic	BA.1	EPI_ISL_9802273
105	Homo sapiens	2021-12-27	Dominican Republic	BA.1.1	EPI_ISL_9802276
105	Homo sapiens	2021-12-27	Dominican Republic	BA.1.1	EPI_ISL_9802285
105	Homo sapiens	2021-12-28	Dominican Republic	BA.1	EPI_ISL_9802294
105	Homo sapiens	2021-12-29	Dominican Republic	BA.1.1	EPI_ISL_9802299
105	Homo sapiens	2021-12-29	Dominican Republic	BA.1.15	EPI_ISL_9802303
105	Homo sapiens	2021-12-29	Dominican Republic	BA.1.1	EPI_ISL_9802310
110	Homo sapiens	2022-02-02	Dominican Republic	BA.1	EPI_ISL_9882180
112	Homo sapiens	2022-02-15	Dominican Republic	BA.1	EPI_ISL_10398035
130	Homo sapiens	2022-06-23	Dominican Republic	BA.4.1	EPI_ISL_13690289
130	Homo sapiens	2022-06-20	Dominican Republic	BA.2.12.1	EPI_ISL_13690288
131	Homo sapiens	2022-07-02	Dominican Republic	BA.4.1	EPI_ISL_13811382
132	Homo sapiens	2022-07-04	Dominican Republic	BA.5.1.3	EPI_ISL_13811383
131	Homo sapiens	2022-07-01	Dominican Republic	BA.5.6	EPI_ISL_13811396
131	Homo sapiens	2022-07-01	Dominican Republic	BA.2.12.1	EPI_ISL_13811390
131	Homo sapiens	2022-06-28	Dominican Republic	BA.4.6	EPI_ISL_13811379
132	Homo sapiens	2022-07-04	Dominican Republic	BA.2.12.1	EPI_ISL_13811386
131	Homo sapiens	2022-06-28	Dominican Republic	BA.2.12.1	EPI_ISL_13811380
132	Homo sapiens	2022-07-04	Dominican Republic	BA.4.1	EPI_ISL_13811384
131	Homo sapiens	2022-07-01	Dominican Republic	BA.4.4	EPI_ISL_13811394
131	Homo sapiens	2022-07-01	Dominican Republic	BA.4.1	EPI_ISL_13811393
131	Homo sapiens	2022-06-28	Dominican Republic	BA.4.1	EPI_ISL_13811381
132	Homo sapiens	2022-07-04	Dominican Republic	BA.4.6	EPI_ISL_13811385
131	Homo sapiens	2022-06-28	Dominican Republic	BA.4.1	EPI_ISL_13811397
132	Homo sapiens	2022-07-04	Dominican Republic	BA.4.6	EPI_ISL_13811405
131	Homo sapiens	2022-07-01	Dominican Republic	BA.4.1	EPI_ISL_13811399
131	Homo sapiens	2022-07-01	Dominican Republic	BA.2.12.1	EPI_ISL_13811400
131	Homo sapiens	2022-06-28	Dominican Republic	BA.5.6	EPI_ISL_13811407
132	Homo sapiens	2022-07-04	Dominican Republic	BA.4.6	EPI_ISL_13811419
131	Homo sapiens	2022-06-28	Dominican Republic	BA.4.1	EPI_ISL_13811415
131	Homo sapiens	2022-06-28	Dominican Republic	BA.4.4	EPI_ISL_13811404
131	Homo sapiens	2022-06-28	Dominican Republic	BA.2	EPI_ISL_13811408
132	Homo sapiens	2022-07-05	Dominican Republic	BA.4.6	EPI_ISL_13965550
131	Homo sapiens	2022-07-01	Dominican Republic	BA.5.6	EPI_ISL_13998181
131	Homo sapiens	2022-06-28	Dominican Republic	BA.4.4	EPI_ISL_13998180
133	Homo sapiens	2022-07-14	Dominican Republic	BA.4.4	EPI_ISL_13998948
132	Homo sapiens	2022-07-09	Dominican Republic	BF.5	EPI_ISL_13998909
133	Homo sapiens	2022-07-11	Dominican Republic	BA.4.4	EPI_ISL_13998908
132	Homo sapiens	2022-07-09	Dominican Republic	BA.2.12.1	EPI_ISL_13998924
133	Homo sapiens	2022-07-14	Dominican Republic	BA.4.6	EPI_ISL_13998928
133	Homo sapiens	2022-07-11	Dominican Republic	BA.4.6	EPI_ISL_13998919
133	Homo sapiens	2022-07-11	Dominican Republic	BA.4.6	EPI_ISL_13998918
133	Homo sapiens	2022-07-11	Dominican Republic	BA.5.6	EPI_ISL_13998917
133	Homo sapiens	2022-07-11	Dominican Republic	BA.2.12.1	EPI_ISL_13998911
133	Homo sapiens	2022-07-13	Dominican Republic	BA.5.2.9	EPI_ISL_13998934
133	Homo sapiens	2022-07-14	Dominican Republic	BA.2.12.1	EPI_ISL_13998939
134	Homo sapiens	2022-07-18	Dominican Republic	BA.5.6	EPI_ISL_14151657
134	Homo sapiens	2022-07-18	Dominican Republic	BA.4.6	EPI_ISL_14151678
133	Homo sapiens	2022-07-16	Dominican Republic	BA.4.1	EPI_ISL_14151668
134	Homo sapiens	2022-07-18	Dominican Republic	BA.4.6	EPI_ISL_14151682
134	Homo sapiens	2022-07-18	Dominican Republic	BA.2.12.1	EPI_ISL_14151661
134	Homo sapiens	2022-07-18	Dominican Republic	BA.4.6	EPI_ISL_14151651
134	Homo sapiens	2022-07-20	Dominican Republic	BA.4.6	EPI_ISL_14151692
133	Homo sapiens	2022-07-14	Dominican Republic	BA.4.1	EPI_ISL_14151685
134	Homo sapiens	2022-07-19	Dominican Republic	BA.4.6	EPI_ISL_14151684
125	Homo sapiens	2022-05-19	Dominican Republic	BA.2.12.1	EPI_ISL_14061669
125	Homo sapiens	2022-05-21	Dominican Republic	BA.2	EPI_ISL_14061681
125	Homo sapiens	2022-05-20	Dominican Republic	BA.4.1	EPI_ISL_14061687
126	Homo sapiens	2022-05-25	Dominican Republic	BA.2.9	EPI_ISL_14061693
126	Homo sapiens	2022-05-26	Dominican Republic	BA.2.12.1	EPI_ISL_14061697
126	Homo sapiens	2022-05-25	Dominican Republic	BA.2.36	EPI_ISL_14061701
135	Homo sapiens	2022-07-27	Dominican Republic	BA.5.6	EPI_ISL_14276633
135	Homo sapiens	2022-07-28	Dominican Republic	BA.4.6	EPI_ISL_14276637
135	Homo sapiens	2022-07-28	Dominican Republic	BA.4.6	EPI_ISL_14276634
135	Homo sapiens	2022-07-25	Dominican Republic	BA.5.2.21	EPI_ISL_14276618
136	Homo sapiens	2022-08-02	Dominican Republic	BA.4.6	EPI_ISL_14426324
136	Homo sapiens	2022-08-02	Dominican Republic	BA.5.1	EPI_ISL_14426320
136	Homo sapiens	2022-08-03	Dominican Republic	BA.4.6	EPI_ISL_14426342
135	Homo sapiens	2022-07-29	Dominican Republic	BA.4.6	EPI_ISL_14426311
136	Homo sapiens	2022-08-02	Dominican Republic	BA.4.6	EPI_ISL_14426321
136	Homo sapiens	2022-08-02	Dominican Republic	BA.4.6	EPI_ISL_14426337
136	Homo sapiens	2022-08-02	Dominican Republic	BA.4.6	EPI_ISL_14426333
136	Homo sapiens	2022-08-03	Dominican Republic	BA.4.6	EPI_ISL_14426334
136	Homo sapiens	2022-08-03	Dominican Republic	BA.4.6	EPI_ISL_14426335
136	Homo sapiens	2022-08-04	Dominican Republic	BA.4.6	EPI_ISL_14426352
136	Homo sapiens	2022-08-02	Dominican Republic	BA.4.6	EPI_ISL_14426327
137	Homo sapiens	2022-08-09	Dominican Republic	BA.4.6	EPI_ISL_14614286
136	Homo sapiens	2022-08-05	Dominican Republic	BA.4.6	EPI_ISL_14614289
137	Homo sapiens	2022-08-10	Dominican Republic	BA.4.6	EPI_ISL_14614288
137	Homo sapiens	2022-08-09	Dominican Republic	BA.4.6	EPI_ISL_14614287
137	Homo sapiens	2022-08-10	Dominican Republic	BA.4.6	EPI_ISL_14614294
137	Homo sapiens	2022-08-09	Dominican Republic	BA.4.6	EPI_ISL_14614291
137	Homo sapiens	2022-08-09	Dominican Republic	BA.5.6	EPI_ISL_14614290
138	Homo sapiens	2022-08-17	Dominican Republic	BE.1.1	EPI_ISL_14805804
138	Homo sapiens	2022-08-18	Dominican Republic	BA.4.6	EPI_ISL_14805809
138	Homo sapiens	2022-08-19	Dominican Republic	BA.4.6	EPI_ISL_14805817
138	Homo sapiens	2022-08-19	Dominican Republic	BA.4.6	EPI_ISL_14805825
138	Homo sapiens	2022-08-20	Dominican Republic	BA.5.5	EPI_ISL_14903213
138	Homo sapiens	2022-08-21	Dominican Republic	BA.4.6	EPI_ISL_14903210
139	Homo sapiens	2022-08-22	Dominican Republic	BA.4.6	EPI_ISL_14903227
138	Homo sapiens	2022-08-20	Dominican Republic	BA.4.6	EPI_ISL_14903220
139	Homo sapiens	2022-08-22	Dominican Republic	BA.2	EPI_ISL_14903211
139	Homo sapiens	2022-08-23	Dominican Republic	BA.5.2.1	EPI_ISL_14903244
139	Homo sapiens	2022-08-23	Dominican Republic	BA.4.6	EPI_ISL_14903245
139	Homo sapiens	2022-08-23	Dominican Republic	BA.5.2.1	EPI_ISL_14903243
124	Homo sapiens	2022-05-09	Dominican Republic	BA.2	EPI_ISL_15096343
107	Homo sapiens	2022-01-14	Dominican Republic	BA.1	EPI_ISL_15096333
123	Homo sapiens	2022-05-05	Dominican Republic	BA.2	EPI_ISL_15096341
107	Homo sapiens	2022-01-14	Dominican Republic	BA.1	EPI_ISL_15096332
131	Homo sapiens	2022-06-30	Dominican Republic	BA.4.6	EPI_ISL_15096350
118	Homo sapiens	2022-04-01	Dominican Republic	BA.1	EPI_ISL_15096312
128	Homo sapiens	2022-06-06	Dominican Republic	BA.2.12.1	EPI_ISL_15096345
108	Homo sapiens	2022-01-17	Dominican Republic	BA.1.1	EPI_ISL_15096334
129	Homo sapiens	2022-06-15	Dominican Republic	BA.2.12.1	EPI_ISL_15096346
131	Homo sapiens	2022-06-30	Dominican Republic	BA.2.12.1	EPI_ISL_15096349
131	Homo sapiens	2022-06-27	Dominican Republic	BA.4.1	EPI_ISL_15096348
108	Homo sapiens	2022-01-19	Dominican Republic	BA.1	EPI_ISL_15096338
114	Homo sapiens	2022-03-01	Dominican Republic	BA.1	EPI_ISL_15096311
122	Homo sapiens	2022-05-01	Dominican Republic	BA.1	EPI_ISL_15096314
107	Homo sapiens	2022-01-13	Dominican Republic	BA.1.20	EPI_ISL_15096326
122	Homo sapiens	2022-05-01	Dominican Republic	BA.1.1	EPI_ISL_15096313
107	Homo sapiens	2022-01-11	Dominican Republic	BA.1	EPI_ISL_15096323
131	Homo sapiens	2022-07-01	Dominican Republic	BA.1.1	EPI_ISL_15096318
108	Homo sapiens	2022-01-19	Dominican Republic	BA.1.1	EPI_ISL_15096335
108	Homo sapiens	2022-01-19	Dominican Republic	BA.1	EPI_ISL_15096336
108	Homo sapiens	2022-01-19	Dominican Republic	BA.1.20	EPI_ISL_15096337
109	Homo sapiens	2022-01-26	Dominican Republic	BA.1.1	EPI_ISL_15096339
107	Homo sapiens	2022-01-14	Dominican Republic	BA.1	EPI_ISL_15096327
141	Homo sapiens	2022-09-06	Dominican Republic	BA.4.6	EPI_ISL_15164626
141	Homo sapiens	2022-09-05	Dominican Republic	BA.4.6	EPI_ISL_15164619
141	Homo sapiens	2022-09-05	Dominican Republic	BA.4.6	EPI_ISL_15164617
141	Homo sapiens	2022-09-08	Dominican Republic	BA.4.6	EPI_ISL_15164640
141	Homo sapiens	2022-09-09	Dominican Republic	BA.4.6	EPI_ISL_15164644
142	Homo sapiens	2022-09-15	Dominican Republic	BA.4.6	EPI_ISL_15164582
143	Homo sapiens	2022-09-22	Dominican Republic	BA.4.6	EPI_ISL_15256125
143	Homo sapiens	2022-09-21	Dominican Republic	BA.5.2	EPI_ISL_15256122
140	Homo sapiens	2022-08-31	Dominican Republic	BA.5.2.1	EPI_ISL_15146572
139	Homo sapiens	2022-08-27	Dominican Republic	BA.4.6.2	EPI_ISL_15146564
140	Homo sapiens	2022-09-01	Dominican Republic	BA.4.6	EPI_ISL_15146578
145	Homo sapiens	2022-10-04	Dominican Republic	BA.4.6	EPI_ISL_15647845
145	Homo sapiens	2022-10-06	Dominican Republic	BA.4.6	EPI_ISL_15647849
146	Homo sapiens	2022-10-13	Dominican Republic	BA.5.1	EPI_ISL_15647869
146	Homo sapiens	2022-10-13	Dominican Republic	BQ.1	EPI_ISL_15647870
146	Homo sapiens	2022-10-16	Dominican Republic	BQ.1	EPI_ISL_15647877
145	Homo sapiens	2022-10-07	Dominican Republic	BA.4.6	EPI_ISL_15647854
146	Homo sapiens	2022-10-16	Dominican Republic	BQ.1	EPI_ISL_15647878
145	Homo sapiens	2022-10-05	Dominican Republic	BA.4.6.2	EPI_ISL_15647848
145	Homo sapiens	2022-10-07	Dominican Republic	BA.4.6.2	EPI_ISL_15647853
148	Homo sapiens	2022-10-26	Dominican Republic	BQ.1.25	EPI_ISL_15664907
148	Homo sapiens	2022-10-26	Dominican Republic	XBB.1	EPI_ISL_15664918
148	Homo sapiens	2022-10-24	Dominican Republic	BF.13	EPI_ISL_15664916
147	Homo sapiens	2022-10-18	Dominican Republic	BA.4.6	EPI_ISL_15664934
150	Homo sapiens	2022-11-09	Dominican Republic	BA.4.6.2	EPI_ISL_15861457
150	Homo sapiens	2022-11-07	Dominican Republic	BQ.1	EPI_ISL_15861421
150	Homo sapiens	2022-11-08	Dominican Republic	BA.4.6	EPI_ISL_15861424
150	Homo sapiens	2022-11-07	Dominican Republic	BQ.1	EPI_ISL_15861441
149	Homo sapiens	2022-11-04	Dominican Republic	BQ.1	EPI_ISL_15861433
150	Homo sapiens	2022-11-08	Dominican Republic	XBB.1	EPI_ISL_15861427
150	Homo sapiens	2022-11-07	Dominican Republic	XBB.1	EPI_ISL_15861422
149	Homo sapiens	2022-11-05	Dominican Republic	XBB.1	EPI_ISL_15861451
151	Homo sapiens	2022-11-14	Dominican Republic	BQ.1.1.3	EPI_ISL_15932400
151	Homo sapiens	2022-11-15	Dominican Republic	BQ.1	EPI_ISL_15932389
151	Homo sapiens	2022-11-14	Dominican Republic	XBB.1	EPI_ISL_15932381
151	Homo sapiens	2022-11-14	Dominican Republic	XBB.1	EPI_ISL_15932383
151	Homo sapiens	2022-11-17	Dominican Republic	BQ.1.1.5	EPI_ISL_15932420
151	Homo sapiens	2022-11-16	Dominican Republic	XBB.1	EPI_ISL_15932407
151	Homo sapiens	2022-11-18	Dominican Republic	XBB.1	EPI_ISL_15932447
151	Homo sapiens	2022-11-16	Dominican Republic	XBB.1	EPI_ISL_15932405
150	Homo sapiens	2022-11-11	Dominican Republic	XBB.1	EPI_ISL_15932374
151	Homo sapiens	2022-11-17	Dominican Republic	XBB.1	EPI_ISL_15932427
151	Homo sapiens	2022-11-15	Dominican Republic	XBB.1	EPI_ISL_15932414
151	Homo sapiens	2022-11-17	Dominican Republic	BQ.1	EPI_ISL_15932418
152	Homo sapiens	2022-11-25	Dominican Republic	XBB.1	EPI_ISL_16022322
152	Homo sapiens	2022-11-22	Dominican Republic	XBB.1	EPI_ISL_16022361
126	Homo sapiens	2022-05-25	Dominican Republic	B.1.1.7	EPI_ISL_16104036
125	Homo sapiens	2022-05-17	Dominican Republic	B.1.621.1	EPI_ISL_16106748
125	Homo sapiens	2022-05-19	Dominican Republic	B.1.621.1	EPI_ISL_16106736
125	Homo sapiens	2022-05-19	Dominican Republic	B.1.621.1	EPI_ISL_16106734
125	Homo sapiens	2022-05-19	Dominican Republic	B.1.526	EPI_ISL_16106707
125	Homo sapiens	2022-05-17	Dominican Republic	B.1.621.1	EPI_ISL_16106685
125	Homo sapiens	2022-05-17	Dominican Republic	B.1.621.1	EPI_ISL_16106691
125	Homo sapiens	2022-05-20	Dominican Republic	B.1.621.1	EPI_ISL_16106742
125	Homo sapiens	2022-05-17	Dominican Republic	B.1.621.1	EPI_ISL_16106693
125	Homo sapiens	2022-05-17	Dominican Republic	B.1.621.1	EPI_ISL_16106689
125	Homo sapiens	2022-05-17	Dominican Republic	B.1.621.1	EPI_ISL_16106683
125	Homo sapiens	2022-05-17	Dominican Republic	B.1.621.1	EPI_ISL_16106726
125	Homo sapiens	2022-05-17	Dominican Republic	B.1.621.1	EPI_ISL_16106680
125	Homo sapiens	2022-05-20	Dominican Republic	B.1.621.1	EPI_ISL_16106714
125	Homo sapiens	2022-05-17	Dominican Republic	B.1.621.1	EPI_ISL_16106725
125	Homo sapiens	2022-05-17	Dominican Republic	B.1.621.1	EPI_ISL_16106729
125	Homo sapiens	2022-05-17	Dominican Republic	B.1.621.1	EPI_ISL_16106727
126	Homo sapiens	2022-05-25	Dominican Republic	B.1.1.7	EPI_ISL_16132220
155	Homo sapiens	2022-12-14	Dominican Republic	XBB.1	EPI_ISL_16283037
160	Homo sapiens	2023-01-19	Dominican Republic	XBB.1	EPI_ISL_16837078
161	Homo sapiens	2023-01-26	Dominican Republic	BQ.1.1.30	EPI_ISL_16837089
162	Homo sapiens	2023-01-30	Dominican Republic	XBB.1.5	EPI_ISL_16837091
159	Homo sapiens	2023-01-13	Dominican Republic	BA.5.2.6	EPI_ISL_16837068
160	Homo sapiens	2023-01-18	Dominican Republic	XBB.1	EPI_ISL_16837077
161	Homo sapiens	2023-01-24	Dominican Republic	XBB.1	EPI_ISL_16837082
163	Homo sapiens	2023-02-06	Dominican Republic	BQ.1.1.5	EPI_ISL_17053524
163	Homo sapiens	2023-02-08	Dominican Republic	BQ.1.1.32	EPI_ISL_17053518
165	Homo sapiens	2023-02-20	Dominican Republic	BQ.1.1.4	EPI_ISL_17053515
163	Homo sapiens	2023-02-10	Dominican Republic	XBB.1.5	EPI_ISL_17053527
163	Homo sapiens	2023-02-09	Dominican Republic	XBB.1.5	EPI_ISL_17053528
163	Homo sapiens	2023-02-10	Dominican Republic	XBB.1.5	EPI_ISL_17053529
163	Homo sapiens	2023-02-09	Dominican Republic	XBB.1.5	EPI_ISL_17053522
165	Homo sapiens	2023-02-20	Dominican Republic	XBB.1.5	EPI_ISL_17053513
164	Homo sapiens	2023-02-16	Dominican Republic	XBB.1	EPI_ISL_17053511
169	Homo sapiens	2023-03-23	Dominican Republic	XBB.1.5	EPI_ISL_17430589
166	Homo sapiens	2023-02-28	Dominican Republic	XBB.1.5	EPI_ISL_17430583
167	Homo sapiens	2023-03-08	Dominican Republic	AY.43	EPI_ISL_17430587
165	Homo sapiens	2023-02-21	Dominican Republic	XBB.1.5	EPI_ISL_17430580
165	Homo sapiens	2023-02-23	Dominican Republic	XBB.1.5	EPI_ISL_17430581
166	Homo sapiens	2023-02-28	Dominican Republic	XBB.1.5	EPI_ISL_17430585
