38	Homo sapiens	2020-09-16	El Salvador	B.1	EPI_ISL_671974
70	Homo sapiens	2021-04-30	El Salvador	XB	EPI_ISL_3275282
70	Homo sapiens	2021-04-30	El Salvador	XB	EPI_ISL_3275283
70	Homo sapiens	2021-04-30	El Salvador	XB	EPI_ISL_3275281
70	Homo sapiens	2021-04-30	El Salvador	B.1.631	EPI_ISL_3275287
70	Homo sapiens	2021-04-30	El Salvador	B.1.427	EPI_ISL_3275341
70	Homo sapiens	2021-04-30	El Salvador	B.1.427	EPI_ISL_3275342
70	Homo sapiens	2021-04-30	El Salvador	B.1.627	EPI_ISL_3275273
70	Homo sapiens	2021-04-30	El Salvador	B.1	EPI_ISL_3275343
70	Homo sapiens	2021-04-30	El Salvador	B.1.627	EPI_ISL_3275275
70	Homo sapiens	2021-04-30	El Salvador	B.1	EPI_ISL_3275345
70	Homo sapiens	2021-04-30	El Salvador	B.1.429	EPI_ISL_3275323
70	Homo sapiens	2021-04-29	El Salvador	B.1.427	EPI_ISL_3275325
70	Homo sapiens	2021-04-29	El Salvador	B.1.631	EPI_ISL_3275262
70	Homo sapiens	2021-04-29	El Salvador	B.1.627	EPI_ISL_3275266
70	Homo sapiens	2021-04-29	El Salvador	B.1.627	EPI_ISL_3275288
70	Homo sapiens	2021-04-29	El Salvador	B.1.627	EPI_ISL_3275328
70	Homo sapiens	2021-04-29	El Salvador	C.37.1	EPI_ISL_3275319
70	Homo sapiens	2021-04-29	El Salvador	B.1.627	EPI_ISL_3275267
70	Homo sapiens	2021-04-29	El Salvador	B.1	EPI_ISL_3275291
70	Homo sapiens	2021-04-29	El Salvador	B.1.631	EPI_ISL_3275263
70	Homo sapiens	2021-04-29	El Salvador	B.1.631	EPI_ISL_3275264
70	Homo sapiens	2021-04-29	El Salvador	B.1.427	EPI_ISL_3275331
70	Homo sapiens	2021-04-29	El Salvador	B.1.427	EPI_ISL_3275332
70	Homo sapiens	2021-04-29	El Salvador	B.1.1.7	EPI_ISL_3275307
70	Homo sapiens	2021-04-29	El Salvador	B.1.627	EPI_ISL_3275269
70	Homo sapiens	2021-04-29	El Salvador	XB	EPI_ISL_3275278
70	Homo sapiens	2021-04-29	El Salvador	XB	EPI_ISL_3275290
70	Homo sapiens	2021-04-29	El Salvador	B.1.631	EPI_ISL_3275260
70	Homo sapiens	2021-04-29	El Salvador	XB	EPI_ISL_3275279
70	Homo sapiens	2021-04-29	El Salvador	B.1.631	EPI_ISL_3275285
70	Homo sapiens	2021-04-29	El Salvador	B.1.631	EPI_ISL_3275284
70	Homo sapiens	2021-04-29	El Salvador	A.2.5	EPI_ISL_3275335
70	Homo sapiens	2021-04-29	El Salvador	B.1.627	EPI_ISL_3275274
70	Homo sapiens	2021-04-29	El Salvador	B.1.1.7	EPI_ISL_3275308
70	Homo sapiens	2021-04-29	El Salvador	B.1.627	EPI_ISL_3275270
70	Homo sapiens	2021-04-29	El Salvador	B.1.627	EPI_ISL_3275265
70	Homo sapiens	2021-04-29	El Salvador	XB	EPI_ISL_3275280
70	Homo sapiens	2021-04-29	El Salvador	A.2.5	EPI_ISL_3275316
70	Homo sapiens	2021-04-29	El Salvador	A.2.5	EPI_ISL_3275317
70	Homo sapiens	2021-04-29	El Salvador	B.1.427	EPI_ISL_3275337
70	Homo sapiens	2021-04-29	El Salvador	B.1.627	EPI_ISL_3275271
70	Homo sapiens	2021-04-29	El Salvador	B.1.627	EPI_ISL_3275277
70	Homo sapiens	2021-04-29	El Salvador	B.1.631	EPI_ISL_3275261
84	Homo sapiens	2021-08-02	El Salvador	AY.54	EPI_ISL_5158231
84	Homo sapiens	2021-08-02	El Salvador	AY.20	EPI_ISL_5158232
84	Homo sapiens	2021-08-02	El Salvador	C.37	EPI_ISL_5158233
84	Homo sapiens	2021-08-02	El Salvador	C.37	EPI_ISL_5158234
84	Homo sapiens	2021-08-02	El Salvador	C.37	EPI_ISL_5158235
84	Homo sapiens	2021-08-02	El Salvador	C.37	EPI_ISL_5158236
84	Homo sapiens	2021-08-02	El Salvador	C.37	EPI_ISL_5158237
84	Homo sapiens	2021-08-02	El Salvador	C.37	EPI_ISL_5158238
84	Homo sapiens	2021-08-02	El Salvador	A.2.5	EPI_ISL_5158260
84	Homo sapiens	2021-08-02	El Salvador	A.2.5	EPI_ISL_5158261
84	Homo sapiens	2021-08-02	El Salvador	B.1.1.7	EPI_ISL_5158263
84	Homo sapiens	2021-08-02	El Salvador	B.1.631	EPI_ISL_5264664
84	Homo sapiens	2021-08-02	El Salvador	B.1.631	EPI_ISL_5264665
84	Homo sapiens	2021-08-02	El Salvador	B.1.631	EPI_ISL_5264666
84	Homo sapiens	2021-08-02	El Salvador	B.1.631	EPI_ISL_5264667
84	Homo sapiens	2021-08-02	El Salvador	B.1.631	EPI_ISL_5264668
79	Homo sapiens	2021-07-04	El Salvador	A.2.5	EPI_ISL_5158255
79	Homo sapiens	2021-07-04	El Salvador	A.2.5	EPI_ISL_5158252
79	Homo sapiens	2021-07-04	El Salvador	A.2.5	EPI_ISL_5158253
79	Homo sapiens	2021-07-04	El Salvador	A.2.5	EPI_ISL_5158254
79	Homo sapiens	2021-07-04	El Salvador	A.2.5	EPI_ISL_5158256
79	Homo sapiens	2021-07-04	El Salvador	A.2.5	EPI_ISL_5158257
79	Homo sapiens	2021-07-04	El Salvador	A.2.5	EPI_ISL_5158258
79	Homo sapiens	2021-07-04	El Salvador	A.2.5	EPI_ISL_5158259
79	Homo sapiens	2021-07-02	El Salvador	XB	EPI_ISL_5264658
79	Homo sapiens	2021-07-02	El Salvador	A.2.5	EPI_ISL_5158262
79	Homo sapiens	2021-07-02	El Salvador	A.2.5	EPI_ISL_5158250
79	Homo sapiens	2021-07-02	El Salvador	A.2.5	EPI_ISL_5158251
79	Homo sapiens	2021-07-02	El Salvador	A.2.5	EPI_ISL_5158249
79	Homo sapiens	2021-07-02	El Salvador	XB	EPI_ISL_5264659
75	Homo sapiens	2021-06-04	El Salvador	A.2.5	EPI_ISL_5158248
75	Homo sapiens	2021-06-02	El Salvador	A.2.5	EPI_ISL_5158247
75	Homo sapiens	2021-06-01	El Salvador	B.1.631	EPI_ISL_5264662
75	Homo sapiens	2021-06-01	El Salvador	B.1.631	EPI_ISL_5264663
75	Homo sapiens	2021-05-31	El Salvador	A.2.5	EPI_ISL_5158264
71	Homo sapiens	2021-05-08	El Salvador	A.2.5	EPI_ISL_5158246
71	Homo sapiens	2021-05-05	El Salvador	A.2.5	EPI_ISL_5158245
71	Homo sapiens	2021-05-05	El Salvador	A.2.5	EPI_ISL_5158242
71	Homo sapiens	2021-05-05	El Salvador	A.2.5	EPI_ISL_5158243
71	Homo sapiens	2021-05-05	El Salvador	A.2.5	EPI_ISL_5158244
71	Homo sapiens	2021-05-04	El Salvador	A.2.5	EPI_ISL_5158241
70	Homo sapiens	2021-04-30	El Salvador	B.1.427	EPI_ISL_5158230
82	Homo sapiens	2021-07-23	El Salvador	B.1.427	EPI_ISL_6681565
82	Homo sapiens	2021-07-23	El Salvador	B.1.627	EPI_ISL_6681588
82	Homo sapiens	2021-07-23	El Salvador	B.1.427	EPI_ISL_6681599
82	Homo sapiens	2021-07-23	El Salvador	B.1.427	EPI_ISL_6681601
82	Homo sapiens	2021-07-23	El Salvador	A.2.5	EPI_ISL_6681616
82	Homo sapiens	2021-07-23	El Salvador	B.1.427	EPI_ISL_6681625
82	Homo sapiens	2021-07-23	El Salvador	B.1.427	EPI_ISL_6681644
82	Homo sapiens	2021-07-23	El Salvador	B.1.427	EPI_ISL_6681645
82	Homo sapiens	2021-07-23	El Salvador	B.1	EPI_ISL_6681653
82	Homo sapiens	2021-07-23	El Salvador	B.1	EPI_ISL_6681675
82	Homo sapiens	2021-07-23	El Salvador	XB	EPI_ISL_6681677
82	Homo sapiens	2021-07-23	El Salvador	B.1.429	EPI_ISL_6681685
82	Homo sapiens	2021-07-23	El Salvador	B.1.627	EPI_ISL_6681693
82	Homo sapiens	2021-07-23	El Salvador	B.1.631	EPI_ISL_6681695
82	Homo sapiens	2021-07-23	El Salvador	B.1.631	EPI_ISL_6681704
82	Homo sapiens	2021-07-23	El Salvador	B.1.631	EPI_ISL_6681705
82	Homo sapiens	2021-07-23	El Salvador	XB	EPI_ISL_6681713
82	Homo sapiens	2021-07-23	El Salvador	XB	EPI_ISL_6681714
82	Homo sapiens	2021-07-23	El Salvador	XB	EPI_ISL_6681722
82	Homo sapiens	2021-07-23	El Salvador	XB	EPI_ISL_6681727
82	Homo sapiens	2021-07-23	El Salvador	XB	EPI_ISL_6681728
82	Homo sapiens	2021-07-23	El Salvador	XB	EPI_ISL_6681731
82	Homo sapiens	2021-07-23	El Salvador	B.1.627	EPI_ISL_6681739
82	Homo sapiens	2021-07-23	El Salvador	B.1.627	EPI_ISL_6681748
82	Homo sapiens	2021-07-23	El Salvador	B.1.627	EPI_ISL_6681754
82	Homo sapiens	2021-07-23	El Salvador	B.1.627	EPI_ISL_6681756
82	Homo sapiens	2021-07-23	El Salvador	B.1.627	EPI_ISL_6681762
82	Homo sapiens	2021-07-23	El Salvador	B.1.627	EPI_ISL_6681768
82	Homo sapiens	2021-07-23	El Salvador	B.1.627	EPI_ISL_6681773
82	Homo sapiens	2021-07-23	El Salvador	B.1.627	EPI_ISL_6681777
82	Homo sapiens	2021-07-23	El Salvador	B.1.627	EPI_ISL_6681778
82	Homo sapiens	2021-07-23	El Salvador	B.1.631	EPI_ISL_6681781
82	Homo sapiens	2021-07-23	El Salvador	B.1.631	EPI_ISL_6681787
82	Homo sapiens	2021-07-23	El Salvador	B.1.631	EPI_ISL_6681801
82	Homo sapiens	2021-07-23	El Salvador	B.1.631	EPI_ISL_6681806
82	Homo sapiens	2021-07-23	El Salvador	B.1.631	EPI_ISL_6681807
82	Homo sapiens	2021-07-23	El Salvador	C.37.1	EPI_ISL_6681816
82	Homo sapiens	2021-07-23	El Salvador	A.2.5	EPI_ISL_6681845
82	Homo sapiens	2021-07-23	El Salvador	A.2.5	EPI_ISL_6681853
82	Homo sapiens	2021-07-23	El Salvador	B.1.1.7	EPI_ISL_6681887
82	Homo sapiens	2021-07-23	El Salvador	B.1.1.7	EPI_ISL_6681892
101	Homo sapiens	2021-12-03	El Salvador	AY.100	EPI_ISL_8106965
101	Homo sapiens	2021-12-03	El Salvador	AY.3	EPI_ISL_8106966
101	Homo sapiens	2021-12-03	El Salvador	AY.100	EPI_ISL_8106967
101	Homo sapiens	2021-12-03	El Salvador	AY.100	EPI_ISL_8106968
101	Homo sapiens	2021-12-02	El Salvador	AY.100	EPI_ISL_8106953
101	Homo sapiens	2021-12-01	El Salvador	AY.100	EPI_ISL_8106921
101	Homo sapiens	2021-11-29	El Salvador	AY.100	EPI_ISL_8106934
101	Homo sapiens	2021-11-29	El Salvador	AY.100	EPI_ISL_8106925
101	Homo sapiens	2021-11-29	El Salvador	AY.25	EPI_ISL_8106915
100	Homo sapiens	2021-11-28	El Salvador	AY.100	EPI_ISL_8106935
100	Homo sapiens	2021-11-28	El Salvador	AY.100	EPI_ISL_8106936
100	Homo sapiens	2021-11-28	El Salvador	AY.100	EPI_ISL_8106937
100	Homo sapiens	2021-11-27	El Salvador	AY.100	EPI_ISL_8106924
100	Homo sapiens	2021-11-27	El Salvador	AY.100	EPI_ISL_8106942
100	Homo sapiens	2021-11-27	El Salvador	AY.103	EPI_ISL_8106941
100	Homo sapiens	2021-11-24	El Salvador	AY.100	EPI_ISL_8106962
100	Homo sapiens	2021-11-23	El Salvador	AY.119	EPI_ISL_8106947
100	Homo sapiens	2021-11-23	El Salvador	AY.100	EPI_ISL_8106948
99	Homo sapiens	2021-11-18	El Salvador	AY.43.1	EPI_ISL_8106963
99	Homo sapiens	2021-11-18	El Salvador	AY.113	EPI_ISL_8106952
99	Homo sapiens	2021-11-16	El Salvador	AY.100	EPI_ISL_8106920
99	Homo sapiens	2021-11-15	El Salvador	AY.113	EPI_ISL_8106927
99	Homo sapiens	2021-11-15	El Salvador	AY.44	EPI_ISL_8106908
98	Homo sapiens	2021-11-14	El Salvador	AY.100	EPI_ISL_8106946
98	Homo sapiens	2021-11-14	El Salvador	AY.100	EPI_ISL_8106951
98	Homo sapiens	2021-11-11	El Salvador	AY.100	EPI_ISL_8106917
98	Homo sapiens	2021-11-10	El Salvador	AY.44	EPI_ISL_8106909
98	Homo sapiens	2021-11-10	El Salvador	AY.25	EPI_ISL_8106957
98	Homo sapiens	2021-11-09	El Salvador	AY.113	EPI_ISL_8106945
98	Homo sapiens	2021-11-08	El Salvador	AY.25.1	EPI_ISL_8106923
98	Homo sapiens	2021-11-08	El Salvador	AY.100	EPI_ISL_8106950
98	Homo sapiens	2021-11-08	El Salvador	AY.20	EPI_ISL_8106933
98	Homo sapiens	2021-11-08	El Salvador	AY.113	EPI_ISL_8106907
97	Homo sapiens	2021-11-07	El Salvador	AY.119	EPI_ISL_8106905
97	Homo sapiens	2021-11-07	El Salvador	AY.44	EPI_ISL_8106904
97	Homo sapiens	2021-11-06	El Salvador	AY.25.1	EPI_ISL_8106938
97	Homo sapiens	2021-11-06	El Salvador	AY.100	EPI_ISL_8106960
97	Homo sapiens	2021-11-06	El Salvador	AY.113	EPI_ISL_8106955
97	Homo sapiens	2021-11-05	El Salvador	AY.25	EPI_ISL_8106918
97	Homo sapiens	2021-11-05	El Salvador	AY.44	EPI_ISL_8106903
97	Homo sapiens	2021-11-05	El Salvador	AY.100	EPI_ISL_8106929
97	Homo sapiens	2021-11-05	El Salvador	AY.44	EPI_ISL_8106928
97	Homo sapiens	2021-11-05	El Salvador	AY.100	EPI_ISL_8106930
97	Homo sapiens	2021-11-05	El Salvador	AY.113	EPI_ISL_8106964
97	Homo sapiens	2021-11-04	El Salvador	AY.100	EPI_ISL_8106932
97	Homo sapiens	2021-11-04	El Salvador	AY.25.1	EPI_ISL_8106939
97	Homo sapiens	2021-11-04	El Salvador	AY.25	EPI_ISL_8106906
97	Homo sapiens	2021-11-04	El Salvador	AY.54	EPI_ISL_8106949
97	Homo sapiens	2021-11-04	El Salvador	AY.25	EPI_ISL_8106954
97	Homo sapiens	2021-11-03	El Salvador	AY.100	EPI_ISL_8106961
97	Homo sapiens	2021-11-03	El Salvador	AY.113	EPI_ISL_8106959
97	Homo sapiens	2021-11-03	El Salvador	AY.100	EPI_ISL_8106912
97	Homo sapiens	2021-11-03	El Salvador	AY.100	EPI_ISL_8106910
97	Homo sapiens	2021-11-03	El Salvador	AY.113	EPI_ISL_8106911
97	Homo sapiens	2021-11-03	El Salvador	AY.113	EPI_ISL_8106913
97	Homo sapiens	2021-11-03	El Salvador	AY.113	EPI_ISL_8106914
97	Homo sapiens	2021-11-03	El Salvador	AY.113	EPI_ISL_8106958
97	Homo sapiens	2021-11-03	El Salvador	AY.113	EPI_ISL_8106944
97	Homo sapiens	2021-11-01	El Salvador	AY.100	EPI_ISL_8106922
97	Homo sapiens	2021-11-01	El Salvador	AY.100	EPI_ISL_8106931
97	Homo sapiens	2021-11-01	El Salvador	AY.44	EPI_ISL_8106926
97	Homo sapiens	2021-11-01	El Salvador	AY.113	EPI_ISL_8106919
107	Homo sapiens	2022-01-10	El Salvador	BA.1.1	EPI_ISL_9915330
107	Homo sapiens	2022-01-11	El Salvador	BA.1.1	EPI_ISL_9915331
107	Homo sapiens	2022-01-15	El Salvador	BA.1.1	EPI_ISL_9915346
108	Homo sapiens	2022-01-18	El Salvador	BA.1.19	EPI_ISL_9915366
107	Homo sapiens	2022-01-12	El Salvador	BA.1.1	EPI_ISL_9915332
107	Homo sapiens	2022-01-12	El Salvador	BA.1.1	EPI_ISL_9915333
107	Homo sapiens	2022-01-13	El Salvador	BA.1.15	EPI_ISL_9915334
107	Homo sapiens	2022-01-13	El Salvador	BA.1	EPI_ISL_9915336
107	Homo sapiens	2022-01-13	El Salvador	BA.1.19	EPI_ISL_9915337
107	Homo sapiens	2022-01-14	El Salvador	BA.1.1	EPI_ISL_9915340
107	Homo sapiens	2022-01-13	El Salvador	BA.1.1	EPI_ISL_9915339
107	Homo sapiens	2022-01-13	El Salvador	BA.1.1	EPI_ISL_9915338
107	Homo sapiens	2022-01-15	El Salvador	BA.1.1	EPI_ISL_9915344
107	Homo sapiens	2022-01-14	El Salvador	BA.1.17	EPI_ISL_9915343
107	Homo sapiens	2022-01-14	El Salvador	BA.1	EPI_ISL_9915341
107	Homo sapiens	2022-01-15	El Salvador	BA.1.1	EPI_ISL_9915345
107	Homo sapiens	2022-01-16	El Salvador	BA.1.1	EPI_ISL_9915355
107	Homo sapiens	2022-01-15	El Salvador	BA.1.1	EPI_ISL_9915347
107	Homo sapiens	2022-01-16	El Salvador	BA.1.1	EPI_ISL_9915353
107	Homo sapiens	2022-01-16	El Salvador	BA.1.1	EPI_ISL_9915349
108	Homo sapiens	2022-01-17	El Salvador	BA.1.18	EPI_ISL_9915357
107	Homo sapiens	2022-01-16	El Salvador	BA.1.1	EPI_ISL_9915352
108	Homo sapiens	2022-01-17	El Salvador	BA.1.1	EPI_ISL_9915356
108	Homo sapiens	2022-01-18	El Salvador	BA.1.1	EPI_ISL_9915362
108	Homo sapiens	2022-01-17	El Salvador	BA.1.1	EPI_ISL_9915361
108	Homo sapiens	2022-01-18	El Salvador	BA.1.1	EPI_ISL_9915367
108	Homo sapiens	2022-01-22	El Salvador	BA.1.1	EPI_ISL_9915387
108	Homo sapiens	2022-01-21	El Salvador	BA.1.1.18	EPI_ISL_9915380
108	Homo sapiens	2022-01-19	El Salvador	BA.1.1	EPI_ISL_9915371
108	Homo sapiens	2022-01-19	El Salvador	BA.1.1	EPI_ISL_9915375
108	Homo sapiens	2022-01-21	El Salvador	BA.1.15	EPI_ISL_9915382
108	Homo sapiens	2022-01-22	El Salvador	BA.1.1	EPI_ISL_9915389
108	Homo sapiens	2022-01-22	El Salvador	BA.1.1	EPI_ISL_9915386
104	Homo sapiens	2021-12-22	El Salvador	AY.100	EPI_ISL_9915396
101	Homo sapiens	2021-12-03	El Salvador	AY.100	EPI_ISL_9915391
104	Homo sapiens	2021-12-22	El Salvador	BA.1.1	EPI_ISL_9915395
103	Homo sapiens	2021-12-13	El Salvador	AY.103	EPI_ISL_9915392
103	Homo sapiens	2021-12-15	El Salvador	AY.25.1	EPI_ISL_9915393
105	Homo sapiens	2021-12-30	El Salvador	BA.1	EPI_ISL_9915398
108	Homo sapiens	2022-01-23	El Salvador	BA.1.1	EPI_ISL_9915390
107	Homo sapiens	2022-01-13	El Salvador	BA.1.1	EPI_ISL_9915335
108	Homo sapiens	2022-01-21	El Salvador	BA.1.15	EPI_ISL_9915383
104	Homo sapiens	2021-12-22	El Salvador	BA.1.1	EPI_ISL_9915394
104	Homo sapiens	2021-12-25	El Salvador	BA.1.1	EPI_ISL_9915397
108	Homo sapiens	2022-01-19	El Salvador	BA.1.15	EPI_ISL_9915370
108	Homo sapiens	2022-01-22	El Salvador	BA.1.1	EPI_ISL_9915388
108	Homo sapiens	2022-01-22	El Salvador	BA.1.1	EPI_ISL_9915384
108	Homo sapiens	2022-01-22	El Salvador	BA.1.17	EPI_ISL_9915385
108	Homo sapiens	2022-01-21	El Salvador	BA.1.1	EPI_ISL_9915381
108	Homo sapiens	2022-01-19	El Salvador	BA.1.1	EPI_ISL_9915374
108	Homo sapiens	2022-01-20	El Salvador	BA.1.1	EPI_ISL_9915377
108	Homo sapiens	2022-01-20	El Salvador	BA.1.1	EPI_ISL_9915379
107	Homo sapiens	2022-01-16	El Salvador	BA.1.1	EPI_ISL_9915354
108	Homo sapiens	2022-01-20	El Salvador	BA.1.15	EPI_ISL_9915378
108	Homo sapiens	2022-01-19	El Salvador	BA.1.1	EPI_ISL_9915373
108	Homo sapiens	2022-01-19	El Salvador	BA.1.1	EPI_ISL_9915372
108	Homo sapiens	2022-01-19	El Salvador	BA.1.17	EPI_ISL_9915369
108	Homo sapiens	2022-01-17	El Salvador	BA.1.1	EPI_ISL_9915359
108	Homo sapiens	2022-01-18	El Salvador	BA.1.1	EPI_ISL_9915364
108	Homo sapiens	2022-01-18	El Salvador	BA.1.1	EPI_ISL_9915365
108	Homo sapiens	2022-01-19	El Salvador	BA.1.1	EPI_ISL_9915368
108	Homo sapiens	2022-01-17	El Salvador	BA.1.18	EPI_ISL_9915360
108	Homo sapiens	2022-01-18	El Salvador	BA.1	EPI_ISL_9915363
107	Homo sapiens	2022-01-16	El Salvador	BA.1	EPI_ISL_9915351
108	Homo sapiens	2022-01-17	El Salvador	BA.1.1	EPI_ISL_9915358
107	Homo sapiens	2022-01-16	El Salvador	BA.1	EPI_ISL_9915350
107	Homo sapiens	2022-01-15	El Salvador	AY.119	EPI_ISL_9915348
107	Homo sapiens	2022-01-14	El Salvador	BA.1.1	EPI_ISL_9915342
106	Homo sapiens	2022-01-04	El Salvador	BA.1.15	EPI_ISL_11680160
106	Homo sapiens	2022-01-04	El Salvador	BA.1.18	EPI_ISL_11680162
106	Homo sapiens	2022-01-04	El Salvador	BA.1.15	EPI_ISL_11680161
106	Homo sapiens	2022-01-03	El Salvador	BA.1.1	EPI_ISL_11680156
106	Homo sapiens	2022-01-04	El Salvador	BA.1.1	EPI_ISL_11680163
106	Homo sapiens	2022-01-04	El Salvador	BA.1.1	EPI_ISL_11680159
106	Homo sapiens	2022-01-03	El Salvador	BA.1.15	EPI_ISL_11680157
106	Homo sapiens	2022-01-03	El Salvador	BA.1.1	EPI_ISL_11680158
106	Homo sapiens	2022-01-03	El Salvador	BA.1.1	EPI_ISL_11680155
106	Homo sapiens	2022-01-03	El Salvador	BA.1.15	EPI_ISL_11680154
106	Homo sapiens	2022-01-03	El Salvador	BA.1.1	EPI_ISL_11680151
106	Homo sapiens	2022-01-03	El Salvador	BA.1.1	EPI_ISL_11680153
106	Homo sapiens	2022-01-03	El Salvador	BA.1.1	EPI_ISL_11680150
106	Homo sapiens	2022-01-03	El Salvador	BA.1	EPI_ISL_11680146
106	Homo sapiens	2022-01-03	El Salvador	BA.1.1	EPI_ISL_11680152
106	Homo sapiens	2022-01-06	El Salvador	BA.1.1	EPI_ISL_11680184
106	Homo sapiens	2022-01-03	El Salvador	BA.1.1	EPI_ISL_11680148
106	Homo sapiens	2022-01-03	El Salvador	BA.1.1	EPI_ISL_11680147
106	Homo sapiens	2022-01-03	El Salvador	BA.1.1	EPI_ISL_11680144
106	Homo sapiens	2022-01-03	El Salvador	BA.1.1	EPI_ISL_11680149
106	Homo sapiens	2022-01-06	El Salvador	BA.1.1	EPI_ISL_11680188
106	Homo sapiens	2022-01-06	El Salvador	BA.1.1	EPI_ISL_11680183
106	Homo sapiens	2022-01-06	El Salvador	BA.1.1	EPI_ISL_11680187
106	Homo sapiens	2022-01-03	El Salvador	BA.1.1	EPI_ISL_11680143
106	Homo sapiens	2022-01-03	El Salvador	BA.1.1	EPI_ISL_11680141
106	Homo sapiens	2022-01-07	El Salvador	BA.1.1	EPI_ISL_11680189
106	Homo sapiens	2022-01-03	El Salvador	BA.1.15	EPI_ISL_11680145
105	Homo sapiens	2022-01-02	El Salvador	BA.1.15	EPI_ISL_11680140
106	Homo sapiens	2022-01-06	El Salvador	BA.1.17	EPI_ISL_11680179
106	Homo sapiens	2022-01-03	El Salvador	BA.1.1	EPI_ISL_11680142
106	Homo sapiens	2022-01-06	El Salvador	BA.1.15	EPI_ISL_11680180
106	Homo sapiens	2022-01-06	El Salvador	BA.1.1	EPI_ISL_11680186
106	Homo sapiens	2022-01-06	El Salvador	BA.1.1	EPI_ISL_11680185
106	Homo sapiens	2022-01-05	El Salvador	BA.1.1	EPI_ISL_11680174
106	Homo sapiens	2022-01-06	El Salvador	BA.1.1	EPI_ISL_11680182
103	Homo sapiens	2021-12-13	El Salvador	AY.100	EPI_ISL_11680214
106	Homo sapiens	2022-01-06	El Salvador	BA.1.1	EPI_ISL_11680181
106	Homo sapiens	2022-01-06	El Salvador	BA.1.1	EPI_ISL_11680177
106	Homo sapiens	2022-01-05	El Salvador	BA.1.1	EPI_ISL_11680176
106	Homo sapiens	2022-01-06	El Salvador	BA.1.1	EPI_ISL_11680178
106	Homo sapiens	2022-01-05	El Salvador	BA.1.17.2	EPI_ISL_11680173
106	Homo sapiens	2022-01-05	El Salvador	BA.1.18	EPI_ISL_11680172
106	Homo sapiens	2022-01-05	El Salvador	BA.1.1	EPI_ISL_11680175
106	Homo sapiens	2022-01-05	El Salvador	BA.1.15	EPI_ISL_11680171
106	Homo sapiens	2022-01-05	El Salvador	BA.1	EPI_ISL_11680170
106	Homo sapiens	2022-01-05	El Salvador	BA.1.1	EPI_ISL_11680169
106	Homo sapiens	2022-01-04	El Salvador	BA.1.1	EPI_ISL_11680166
106	Homo sapiens	2022-01-04	El Salvador	BA.1.1	EPI_ISL_11680168
106	Homo sapiens	2022-01-04	El Salvador	BA.1.1	EPI_ISL_11680167
107	Homo sapiens	2022-01-14	El Salvador	BA.1.1	EPI_ISL_11680218
107	Homo sapiens	2022-01-14	El Salvador	BA.1.1	EPI_ISL_11680217
107	Homo sapiens	2022-01-14	El Salvador	BA.1	EPI_ISL_11680219
102	Homo sapiens	2021-12-07	El Salvador	AY.100	EPI_ISL_11680213
107	Homo sapiens	2022-01-14	El Salvador	BA.1.1	EPI_ISL_11680216
106	Homo sapiens	2022-01-07	El Salvador	BA.1.1	EPI_ISL_11680192
106	Homo sapiens	2022-01-07	El Salvador	BA.1.1	EPI_ISL_11680204
107	Homo sapiens	2022-01-14	El Salvador	BA.1.1	EPI_ISL_11680215
102	Homo sapiens	2021-12-08	El Salvador	AY.25	EPI_ISL_11680210
106	Homo sapiens	2022-01-07	El Salvador	BA.1.1	EPI_ISL_11680199
106	Homo sapiens	2022-01-07	El Salvador	BA.1.1	EPI_ISL_11680198
101	Homo sapiens	2021-12-05	El Salvador	BA.1.20	EPI_ISL_11680231
101	Homo sapiens	2021-12-05	El Salvador	BA.1	EPI_ISL_11680230
102	Homo sapiens	2021-12-08	El Salvador	AY.113	EPI_ISL_11680212
106	Homo sapiens	2022-01-07	El Salvador	BA.1.1	EPI_ISL_11680195
102	Homo sapiens	2021-12-08	El Salvador	AY.25	EPI_ISL_11680211
106	Homo sapiens	2022-01-07	El Salvador	BA.1.1	EPI_ISL_11680194
106	Homo sapiens	2022-01-07	El Salvador	BA.1.1	EPI_ISL_11680197
106	Homo sapiens	2022-01-07	El Salvador	BA.1.15	EPI_ISL_11680196
106	Homo sapiens	2022-01-07	El Salvador	BA.1.1	EPI_ISL_11680191
106	Homo sapiens	2022-01-07	El Salvador	BA.1	EPI_ISL_11680190
106	Homo sapiens	2022-01-07	El Salvador	BA.1.1	EPI_ISL_11680193
106	Homo sapiens	2022-01-07	El Salvador	BA.1.1	EPI_ISL_11680207
101	Homo sapiens	2021-12-05	El Salvador	BA.1.15	EPI_ISL_11680229
107	Homo sapiens	2022-01-14	El Salvador	BA.1.1	EPI_ISL_11680228
106	Homo sapiens	2022-01-07	El Salvador	BA.1.1	EPI_ISL_11680206
102	Homo sapiens	2021-12-06	El Salvador	AY.103	EPI_ISL_11680208
102	Homo sapiens	2021-12-07	El Salvador	AY.100	EPI_ISL_11680209
106	Homo sapiens	2022-01-07	El Salvador	BA.1.1	EPI_ISL_11680203
107	Homo sapiens	2022-01-14	El Salvador	BA.1.1	EPI_ISL_11680225
107	Homo sapiens	2022-01-14	El Salvador	BA.1.1	EPI_ISL_11680224
106	Homo sapiens	2022-01-07	El Salvador	BA.1.1	EPI_ISL_11680202
107	Homo sapiens	2022-01-14	El Salvador	BA.1	EPI_ISL_11680227
106	Homo sapiens	2022-01-07	El Salvador	BA.1.1	EPI_ISL_11680205
107	Homo sapiens	2022-01-14	El Salvador	BA.1.20	EPI_ISL_11680226
107	Homo sapiens	2022-01-14	El Salvador	BA.1.1	EPI_ISL_11680221
107	Homo sapiens	2022-01-14	El Salvador	BA.1.1	EPI_ISL_11680222
107	Homo sapiens	2022-01-14	El Salvador	BA.1.1	EPI_ISL_11680220
107	Homo sapiens	2022-01-14	El Salvador	BA.1.1	EPI_ISL_11680223
106	Homo sapiens	2022-01-07	El Salvador	BA.1.1	EPI_ISL_11680201
106	Homo sapiens	2022-01-07	El Salvador	BA.1	EPI_ISL_11680200
126	Homo sapiens	2022-05-29	El Salvador	BA.2.12.1	EPI_ISL_13839644
125	Homo sapiens	2022-05-19	El Salvador	BA.4.2	EPI_ISL_13839623
119	Homo sapiens	2022-04-07	El Salvador	BA.2	EPI_ISL_13839602
126	Homo sapiens	2022-05-28	El Salvador	BA.2.18	EPI_ISL_13839639
125	Homo sapiens	2022-05-21	El Salvador	BA.2	EPI_ISL_13839625
126	Homo sapiens	2022-05-27	El Salvador	BA.2	EPI_ISL_13839632
125	Homo sapiens	2022-05-22	El Salvador	BA.2	EPI_ISL_13839626
126	Homo sapiens	2022-05-29	El Salvador	BA.2.12.1	EPI_ISL_13839646
121	Homo sapiens	2022-04-24	El Salvador	BA.2.12.1	EPI_ISL_13839606
126	Homo sapiens	2022-05-29	El Salvador	BA.2.12.1	EPI_ISL_13839645
126	Homo sapiens	2022-05-27	El Salvador	BA.2	EPI_ISL_13839631
126	Homo sapiens	2022-05-25	El Salvador	BA.2.12.1	EPI_ISL_13839630
126	Homo sapiens	2022-05-27	El Salvador	BA.2.12.1	EPI_ISL_13839635
126	Homo sapiens	2022-05-27	El Salvador	BA.2.12.1	EPI_ISL_13839638
123	Homo sapiens	2022-05-04	El Salvador	BA.2.10	EPI_ISL_13839614
126	Homo sapiens	2022-05-29	El Salvador	BA.2.12.1	EPI_ISL_13839641
121	Homo sapiens	2022-04-22	El Salvador	BA.2.12.1	EPI_ISL_13839604
126	Homo sapiens	2022-05-29	El Salvador	BA.2.12.1	EPI_ISL_13839640
127	Homo sapiens	2022-06-02	El Salvador	BA.4.2	EPI_ISL_13839651
126	Homo sapiens	2022-05-24	El Salvador	BA.2.9	EPI_ISL_13839629
127	Homo sapiens	2022-05-30	El Salvador	BA.2.12.1	EPI_ISL_13839647
127	Homo sapiens	2022-06-02	El Salvador	BA.2.12.1	EPI_ISL_13839652
126	Homo sapiens	2022-05-29	El Salvador	BA.2.12.1	EPI_ISL_13839642
127	Homo sapiens	2022-06-01	El Salvador	BA.2.3	EPI_ISL_13839648
127	Homo sapiens	2022-06-01	El Salvador	BA.2	EPI_ISL_13839649
123	Homo sapiens	2022-05-05	El Salvador	BA.2.9	EPI_ISL_13839615
125	Homo sapiens	2022-05-18	El Salvador	BA.2.73	EPI_ISL_13839618
123	Homo sapiens	2022-05-03	El Salvador	BA.2	EPI_ISL_13839613
122	Homo sapiens	2022-04-29	El Salvador	BA.2	EPI_ISL_13839608
133	Homo sapiens	2022-07-13	El Salvador	BA.2.12	EPI_ISL_15185660
134	Homo sapiens	2022-07-20	El Salvador	BA.2.12.1	EPI_ISL_15185720
134	Homo sapiens	2022-07-23	El Salvador	BA.5.5	EPI_ISL_15185732
134	Homo sapiens	2022-07-19	El Salvador	BA.5.1.1	EPI_ISL_15185713
134	Homo sapiens	2022-07-19	El Salvador	BA.5.2.1	EPI_ISL_15185714
134	Homo sapiens	2022-07-19	El Salvador	BA.5.2.1	EPI_ISL_15185710
134	Homo sapiens	2022-07-20	El Salvador	BA.2.3	EPI_ISL_15185721
134	Homo sapiens	2022-07-21	El Salvador	BA.5.2.1	EPI_ISL_15185727
134	Homo sapiens	2022-07-23	El Salvador	BA.5.2.1	EPI_ISL_15185734
134	Homo sapiens	2022-07-23	El Salvador	BA.5.1	EPI_ISL_15185735
133	Homo sapiens	2022-07-13	El Salvador	BA.5	EPI_ISL_15185661
133	Homo sapiens	2022-07-15	El Salvador	BA.2.12.1	EPI_ISL_15185664
133	Homo sapiens	2022-07-15	El Salvador	BA.5.2.1	EPI_ISL_15185666
133	Homo sapiens	2022-07-16	El Salvador	BA.5	EPI_ISL_15185673
133	Homo sapiens	2022-07-16	El Salvador	BA.2.12.1	EPI_ISL_15185676
132	Homo sapiens	2022-07-09	El Salvador	BA.5.5	EPI_ISL_15185642
132	Homo sapiens	2022-07-10	El Salvador	BA.5.2.1	EPI_ISL_15185644
132	Homo sapiens	2022-07-10	El Salvador	BA.4.2	EPI_ISL_15185645
132	Homo sapiens	2022-07-10	El Salvador	BA.5.5	EPI_ISL_15185646
133	Homo sapiens	2022-07-11	El Salvador	BA.2.3	EPI_ISL_15185647
133	Homo sapiens	2022-07-11	El Salvador	BA.2.3	EPI_ISL_15185649
133	Homo sapiens	2022-07-16	El Salvador	BA.5.5	EPI_ISL_15185681
133	Homo sapiens	2022-07-12	El Salvador	BA.5.2.1	EPI_ISL_15185657
133	Homo sapiens	2022-07-16	El Salvador	BA.5.5	EPI_ISL_15185680
133	Homo sapiens	2022-07-16	El Salvador	BA.4	EPI_ISL_15185684
133	Homo sapiens	2022-07-16	El Salvador	BA.5.5	EPI_ISL_15185686
133	Homo sapiens	2022-07-16	El Salvador	BA.5.1	EPI_ISL_15185687
133	Homo sapiens	2022-07-17	El Salvador	BA.5.2	EPI_ISL_15185688
133	Homo sapiens	2022-07-17	El Salvador	BA.5.1	EPI_ISL_15185694
133	Homo sapiens	2022-07-17	El Salvador	BA.5.2.1	EPI_ISL_15185697
134	Homo sapiens	2022-07-18	El Salvador	BA.5.5	EPI_ISL_15185698
134	Homo sapiens	2022-07-18	El Salvador	BA.5.2.1	EPI_ISL_15185705
134	Homo sapiens	2022-07-18	El Salvador	BA.2.12.1	EPI_ISL_15185706
134	Homo sapiens	2022-07-19	El Salvador	BA.2.12.1	EPI_ISL_15185708
134	Homo sapiens	2022-07-19	El Salvador	BA.5.2.1	EPI_ISL_15185709
134	Homo sapiens	2022-07-18	El Salvador	BA.5.5	EPI_ISL_15185701
134	Homo sapiens	2022-07-18	El Salvador	BA.5.2.1	EPI_ISL_15185702
134	Homo sapiens	2022-07-18	El Salvador	BA.5.5	EPI_ISL_15185703
134	Homo sapiens	2022-07-18	El Salvador	BA.2.12.1	EPI_ISL_15185704
134	Homo sapiens	2022-07-19	El Salvador	BA.5.5	EPI_ISL_15185717
134	Homo sapiens	2022-07-19	El Salvador	BA.5	EPI_ISL_15185718
134	Homo sapiens	2022-07-19	El Salvador	BA.5	EPI_ISL_15185711
134	Homo sapiens	2022-07-19	El Salvador	BA.4	EPI_ISL_15185715
135	Homo sapiens	2022-07-25	El Salvador	BA.5.5	EPI_ISL_15185738
135	Homo sapiens	2022-07-26	El Salvador	BA.2.12.1	EPI_ISL_15185739
134	Homo sapiens	2022-07-24	El Salvador	BA.5.5	EPI_ISL_15185737
134	Homo sapiens	2022-07-23	El Salvador	BA.5.1	EPI_ISL_15185736
139	Homo sapiens	2022-08-27	El Salvador	BA.5.2.1	EPI_ISL_16935490
150	Homo sapiens	2022-11-07	El Salvador	XBB.1	EPI_ISL_16935493
151	Homo sapiens	2022-11-16	El Salvador	XBB.1	EPI_ISL_16935497
149	Homo sapiens	2022-11-04	El Salvador	XBB.1	EPI_ISL_16935491
151	Homo sapiens	2022-11-17	El Salvador	XBB.1	EPI_ISL_16935498
154	Homo sapiens	2022-12-06	El Salvador	XBB.1	EPI_ISL_17261423
151	Homo sapiens	2022-11-15	El Salvador	XBB.1	EPI_ISL_17261452
151	Homo sapiens	2022-11-15	El Salvador	XBB.1	EPI_ISL_17261432
151	Homo sapiens	2022-11-19	El Salvador	XBB.1	EPI_ISL_17261472
151	Homo sapiens	2022-11-17	El Salvador	XBB.1	EPI_ISL_17261461
151	Homo sapiens	2022-11-18	El Salvador	XBB.1	EPI_ISL_17261440
152	Homo sapiens	2022-11-26	El Salvador	XBB.1	EPI_ISL_17261489
152	Homo sapiens	2022-11-22	El Salvador	XBB.1	EPI_ISL_17261483
152	Homo sapiens	2022-11-22	El Salvador	XBB.1	EPI_ISL_17261480
152	Homo sapiens	2022-11-22	El Salvador	XBB.1	EPI_ISL_17261482
152	Homo sapiens	2022-11-22	El Salvador	XBB.1	EPI_ISL_17261481
151	Homo sapiens	2022-11-14	El Salvador	XBB.1	EPI_ISL_17261447
152	Homo sapiens	2022-11-23	El Salvador	XBB.1	EPI_ISL_17261484
151	Homo sapiens	2022-11-14	El Salvador	XBB.1	EPI_ISL_17261448
151	Homo sapiens	2022-11-16	El Salvador	BQ.1.1	EPI_ISL_17261431
151	Homo sapiens	2022-11-18	El Salvador	XBB.1	EPI_ISL_17261442
151	Homo sapiens	2022-11-16	El Salvador	XBB.1	EPI_ISL_17261439
151	Homo sapiens	2022-11-19	El Salvador	XBB.1	EPI_ISL_17261471
152	Homo sapiens	2022-11-21	El Salvador	XBB.1	EPI_ISL_17261474
151	Homo sapiens	2022-11-18	El Salvador	XBB.1	EPI_ISL_17261465
153	Homo sapiens	2022-11-30	El Salvador	XBB.1	EPI_ISL_17261490
151	Homo sapiens	2022-11-17	El Salvador	XBB.1	EPI_ISL_17261462
151	Homo sapiens	2022-11-19	El Salvador	XBB.1	EPI_ISL_17261468
151	Homo sapiens	2022-11-18	El Salvador	XBB.1	EPI_ISL_17261443
151	Homo sapiens	2022-11-14	El Salvador	XBB.1	EPI_ISL_17261445
155	Homo sapiens	2022-12-12	El Salvador	XBB.1	EPI_ISL_17261422
151	Homo sapiens	2022-11-18	El Salvador	XBB.1	EPI_ISL_17261467
155	Homo sapiens	2022-12-16	El Salvador	XBB.1	EPI_ISL_17261429
153	Homo sapiens	2022-12-04	El Salvador	XBB.1	EPI_ISL_17261428
151	Homo sapiens	2022-11-17	El Salvador	XBB.1	EPI_ISL_17261466
152	Homo sapiens	2022-11-25	El Salvador	XBB.1	EPI_ISL_17261488
152	Homo sapiens	2022-11-21	El Salvador	BQ.1.1	EPI_ISL_17261475
151	Homo sapiens	2022-11-14	El Salvador	XBB.1	EPI_ISL_17261444
151	Homo sapiens	2022-11-20	El Salvador	XBB.1	EPI_ISL_17261473
151	Homo sapiens	2022-11-15	El Salvador	XBB.1	EPI_ISL_17261454
151	Homo sapiens	2022-11-14	El Salvador	BQ.1.14	EPI_ISL_17261450
153	Homo sapiens	2022-12-01	El Salvador	XBB.1	EPI_ISL_17261425
152	Homo sapiens	2022-11-21	El Salvador	XBB.1	EPI_ISL_17261478
151	Homo sapiens	2022-11-16	El Salvador	XBB.1	EPI_ISL_17261455
151	Homo sapiens	2022-11-18	El Salvador	XBB.1	EPI_ISL_17261433
153	Homo sapiens	2022-12-03	El Salvador	XBB.1	EPI_ISL_17261426
151	Homo sapiens	2022-11-15	El Salvador	XBB.1	EPI_ISL_17261453
151	Homo sapiens	2022-11-16	El Salvador	XBB.1	EPI_ISL_17261459
153	Homo sapiens	2022-12-04	El Salvador	XBB.1	EPI_ISL_17261427
151	Homo sapiens	2022-11-16	El Salvador	XBB.1	EPI_ISL_17261456
151	Homo sapiens	2022-11-16	El Salvador	XBB.1	EPI_ISL_17261460
153	Homo sapiens	2022-12-01	El Salvador	XBB.1	EPI_ISL_17261424
152	Homo sapiens	2022-11-26	El Salvador	XBB.1	EPI_ISL_17261437
151	Homo sapiens	2022-11-19	El Salvador	XBB.1	EPI_ISL_17261469
151	Homo sapiens	2022-11-19	El Salvador	XBB.1	EPI_ISL_17261435
152	Homo sapiens	2022-11-23	El Salvador	XBB.1	EPI_ISL_17261485
151	Homo sapiens	2022-11-19	El Salvador	XBB.1	EPI_ISL_17261470
151	Homo sapiens	2022-11-17	El Salvador	XBB.1	EPI_ISL_17261463
151	Homo sapiens	2022-11-19	El Salvador	XBB.1	EPI_ISL_17261434
153	Homo sapiens	2022-11-29	El Salvador	XBB.1	EPI_ISL_17261438
152	Homo sapiens	2022-11-21	El Salvador	XBB.1	EPI_ISL_17261476
151	Homo sapiens	2022-11-17	El Salvador	XBB.1	EPI_ISL_17261464
151	Homo sapiens	2022-11-16	El Salvador	XBB.1	EPI_ISL_17261458
