51	Homo sapiens	2020-12-20	Ethiopia	B.1	MW703380.1
51	Homo sapiens	2020-12-20	Ethiopia	B.1	MW703382.1
55	Homo sapiens	2021-01-13	Ethiopia	B.1.480	EPI_ISL_1169919
46	Homo sapiens	2020-11-15	Ethiopia	B.1	EPI_ISL_1170957
47	Homo sapiens	2020-11-16	Ethiopia	B.1	EPI_ISL_1170958
58	Homo sapiens	2021-02-03	Ethiopia	B.1.480	EPI_ISL_1897644
57	Homo sapiens	2021-01-26	Ethiopia	B.1.480	EPI_ISL_1897646
57	Homo sapiens	2021-01-26	Ethiopia	B.1	EPI_ISL_1897648
56	Homo sapiens	2021-01-23	Ethiopia	B.1.1.7	EPI_ISL_1897884
56	Homo sapiens	2021-01-23	Ethiopia	B.1	EPI_ISL_1898258
58	Homo sapiens	2021-02-01	Ethiopia	B.1	EPI_ISL_1898554
56	Homo sapiens	2021-01-23	Ethiopia	B.1	EPI_ISL_1898814
58	Homo sapiens	2021-02-04	Ethiopia	B.1.1.7	EPI_ISL_1899047
56	Homo sapiens	2021-01-23	Ethiopia	B.1.1.7	EPI_ISL_1899281
57	Homo sapiens	2021-01-27	Ethiopia	B.1	EPI_ISL_1899485
58	Homo sapiens	2021-02-04	Ethiopia	B.1	EPI_ISL_2241494
58	Homo sapiens	2021-02-04	Ethiopia	B.1.480	EPI_ISL_2241622
58	Homo sapiens	2021-02-01	Ethiopia	A	EPI_ISL_2241611
57	Homo sapiens	2021-01-28	Ethiopia	B.1.480	EPI_ISL_2241493
46	Homo sapiens	2020-11-10	Ethiopia	B.1	MZ172409.1
51	Homo sapiens	2020-12-19	Ethiopia	B.1.480	EPI_ISL_3071135
51	Homo sapiens	2020-12-18	Ethiopia	B.1	EPI_ISL_3071136
46	Homo sapiens	2020-11-10	Ethiopia	B.1	EPI_ISL_3071137
51	Homo sapiens	2020-12-19	Ethiopia	B.1.480	MZ172407.1
51	Homo sapiens	2020-12-18	Ethiopia	B.1	MZ172408.1
83	Homo sapiens	2021-07-27	Ethiopia	AY.120.2	EPI_ISL_4629059
82	Homo sapiens	2021-07-20	Ethiopia	AY.120.2	EPI_ISL_4875043
74	Homo sapiens	2021-05-25	Ethiopia	B.1.1.7	EPI_ISL_4874922
74	Homo sapiens	2021-05-25	Ethiopia	B.1.1.7	EPI_ISL_4874921
84	Homo sapiens	2021-08-02	Ethiopia	AY.120	EPI_ISL_5146929
84	Homo sapiens	2021-08-02	Ethiopia	AY.120	EPI_ISL_5146931
84	Homo sapiens	2021-08-02	Ethiopia	AY.120.1	EPI_ISL_5146932
84	Homo sapiens	2021-08-02	Ethiopia	AY.120	EPI_ISL_5146933
84	Homo sapiens	2021-08-02	Ethiopia	AY.120	EPI_ISL_5146930
83	Homo sapiens	2021-07-30	Ethiopia	AY.120	EPI_ISL_5146892
83	Homo sapiens	2021-07-30	Ethiopia	AY.95	EPI_ISL_5146901
83	Homo sapiens	2021-07-30	Ethiopia	AY.120	EPI_ISL_5146893
83	Homo sapiens	2021-07-30	Ethiopia	AY.95	EPI_ISL_5146896
83	Homo sapiens	2021-07-30	Ethiopia	AY.120	EPI_ISL_5146904
83	Homo sapiens	2021-07-30	Ethiopia	AY.120	EPI_ISL_5146907
83	Homo sapiens	2021-07-30	Ethiopia	AY.120	EPI_ISL_5146912
83	Homo sapiens	2021-07-30	Ethiopia	AY.120	EPI_ISL_5146897
83	Homo sapiens	2021-07-30	Ethiopia	AY.120.2	EPI_ISL_5146910
83	Homo sapiens	2021-07-30	Ethiopia	B.1.617.2	EPI_ISL_5146898
83	Homo sapiens	2021-07-30	Ethiopia	AY.120	EPI_ISL_5146895
83	Homo sapiens	2021-07-30	Ethiopia	AY.120	EPI_ISL_5146902
83	Homo sapiens	2021-07-30	Ethiopia	AY.102	EPI_ISL_5146903
83	Homo sapiens	2021-07-30	Ethiopia	AY.120	EPI_ISL_5146908
83	Homo sapiens	2021-07-30	Ethiopia	AY.120	EPI_ISL_5146914
83	Homo sapiens	2021-07-30	Ethiopia	AY.102	EPI_ISL_5146894
83	Homo sapiens	2021-07-30	Ethiopia	AY.120	EPI_ISL_5146900
83	Homo sapiens	2021-07-30	Ethiopia	AY.120	EPI_ISL_5146905
83	Homo sapiens	2021-07-30	Ethiopia	AY.120	EPI_ISL_5146906
83	Homo sapiens	2021-07-30	Ethiopia	AY.120	EPI_ISL_5146911
83	Homo sapiens	2021-07-29	Ethiopia	AY.120	EPI_ISL_5099121
83	Homo sapiens	2021-07-29	Ethiopia	B.1.617.2	EPI_ISL_5099122
83	Homo sapiens	2021-07-29	Ethiopia	AY.120	EPI_ISL_5099123
83	Homo sapiens	2021-07-29	Ethiopia	AY.120	EPI_ISL_5099124
83	Homo sapiens	2021-07-29	Ethiopia	AY.120	EPI_ISL_5099125
83	Homo sapiens	2021-07-29	Ethiopia	AY.120	EPI_ISL_5099126
83	Homo sapiens	2021-07-29	Ethiopia	AY.120	EPI_ISL_5099129
83	Homo sapiens	2021-07-29	Ethiopia	AY.120.2	EPI_ISL_5099130
83	Homo sapiens	2021-07-29	Ethiopia	AY.120	EPI_ISL_5099132
83	Homo sapiens	2021-07-29	Ethiopia	AY.120	EPI_ISL_5099163
83	Homo sapiens	2021-07-29	Ethiopia	AY.120	EPI_ISL_5099164
83	Homo sapiens	2021-07-29	Ethiopia	AY.120	EPI_ISL_5099165
83	Homo sapiens	2021-07-29	Ethiopia	AY.120	EPI_ISL_5146916
83	Homo sapiens	2021-07-29	Ethiopia	AY.120	EPI_ISL_5146924
83	Homo sapiens	2021-07-29	Ethiopia	AY.120	EPI_ISL_5146889
83	Homo sapiens	2021-07-29	Ethiopia	AY.112	EPI_ISL_5146890
83	Homo sapiens	2021-07-29	Ethiopia	AY.120	EPI_ISL_5146915
83	Homo sapiens	2021-07-29	Ethiopia	AY.120	EPI_ISL_5146886
83	Homo sapiens	2021-07-29	Ethiopia	AY.120	EPI_ISL_5146917
83	Homo sapiens	2021-07-29	Ethiopia	AY.120	EPI_ISL_5146918
83	Homo sapiens	2021-07-29	Ethiopia	AY.120	EPI_ISL_5146919
83	Homo sapiens	2021-07-29	Ethiopia	AY.120	EPI_ISL_5146923
83	Homo sapiens	2021-07-29	Ethiopia	AY.112	EPI_ISL_5146885
83	Homo sapiens	2021-07-29	Ethiopia	AY.120	EPI_ISL_5146887
83	Homo sapiens	2021-07-29	Ethiopia	AY.32	EPI_ISL_5146888
83	Homo sapiens	2021-07-29	Ethiopia	AY.120	EPI_ISL_5146921
83	Homo sapiens	2021-07-29	Ethiopia	AY.120	EPI_ISL_5146928
83	Homo sapiens	2021-07-29	Ethiopia	AY.120	EPI_ISL_5146883
83	Homo sapiens	2021-07-29	Ethiopia	AY.120	EPI_ISL_5146891
83	Homo sapiens	2021-07-29	Ethiopia	AY.120	EPI_ISL_5146925
83	Homo sapiens	2021-07-29	Ethiopia	AY.120	EPI_ISL_5146884
83	Homo sapiens	2021-07-29	Ethiopia	AY.17	EPI_ISL_5146922
83	Homo sapiens	2021-07-29	Ethiopia	AY.120	EPI_ISL_5146926
83	Homo sapiens	2021-07-29	Ethiopia	AY.20	EPI_ISL_5146927
83	Homo sapiens	2021-07-27	Ethiopia	AY.120.2	EPI_ISL_5099117
83	Homo sapiens	2021-07-27	Ethiopia	AY.120	EPI_ISL_5099118
83	Homo sapiens	2021-07-27	Ethiopia	B.1.617.2	EPI_ISL_5099119
83	Homo sapiens	2021-07-27	Ethiopia	B.1.617.2	EPI_ISL_5099120
81	Homo sapiens	2021-07-17	Ethiopia	AY.120	EPI_ISL_5146934
81	Homo sapiens	2021-07-15	Ethiopia	B.1.480	EPI_ISL_5425632
81	Homo sapiens	2021-07-15	Ethiopia	B.1	EPI_ISL_5425644
81	Homo sapiens	2021-07-15	Ethiopia	B.1.480	EPI_ISL_5425636
81	Homo sapiens	2021-07-14	Ethiopia	A	EPI_ISL_5429017
81	Homo sapiens	2021-07-14	Ethiopia	B.1.480	EPI_ISL_5429019
81	Homo sapiens	2021-07-14	Ethiopia	A	EPI_ISL_5429020
81	Homo sapiens	2021-07-13	Ethiopia	B.1.480	EPI_ISL_5425634
84	Homo sapiens	2021-08-04	Ethiopia	AY.120.2	EPI_ISL_6506301
84	Homo sapiens	2021-08-02	Ethiopia	AY.112	EPI_ISL_6506284
83	Homo sapiens	2021-07-31	Ethiopia	AY.120	EPI_ISL_6506274
83	Homo sapiens	2021-07-30	Ethiopia	B.1.617.2	EPI_ISL_6506263
83	Homo sapiens	2021-07-29	Ethiopia	AY.120	EPI_ISL_6506261
58	Homo sapiens	2021-02-04	Ethiopia	B.1.1.7	OL840809.1
58	Homo sapiens	2021-02-01	Ethiopia	B.1	OL840807.1
57	Homo sapiens	2021-01-27	Ethiopia	B.1.480	OL840811.1
57	Homo sapiens	2021-01-26	Ethiopia	B.1.480	OL840803.1
57	Homo sapiens	2021-01-26	Ethiopia	B.1	OL840804.1
56	Homo sapiens	2021-01-23	Ethiopia	B.1.1.7	OL840805.1
56	Homo sapiens	2021-01-23	Ethiopia	B.1	OL840806.1
56	Homo sapiens	2021-01-23	Ethiopia	B.1	OL840808.1
56	Homo sapiens	2021-01-23	Ethiopia	B.1.1.7	OL840810.1
105	Homo sapiens	2021-12-27	Ethiopia	BA.1.1	EPI_ISL_11295005
105	Homo sapiens	2021-12-27	Ethiopia	BA.1	EPI_ISL_11294995
106	Homo sapiens	2022-01-03	Ethiopia	BA.1.1	EPI_ISL_11294973
106	Homo sapiens	2022-01-04	Ethiopia	BA.1.1	EPI_ISL_11294957
106	Homo sapiens	2022-01-04	Ethiopia	BA.1.1	EPI_ISL_11294954
106	Homo sapiens	2022-01-03	Ethiopia	BA.1.1	EPI_ISL_11294970
106	Homo sapiens	2022-01-03	Ethiopia	BA.1.1	EPI_ISL_11294972
106	Homo sapiens	2022-01-04	Ethiopia	BA.1.1	EPI_ISL_11294963
106	Homo sapiens	2022-01-04	Ethiopia	BA.1.17	EPI_ISL_11294961
106	Homo sapiens	2022-01-04	Ethiopia	BA.1	EPI_ISL_11294960
105	Homo sapiens	2021-12-27	Ethiopia	BA.1.17	EPI_ISL_11295019
105	Homo sapiens	2021-12-27	Ethiopia	BA.1.1	EPI_ISL_11295025
107	Homo sapiens	2022-01-13	Ethiopia	BA.1.17	EPI_ISL_11294977
105	Homo sapiens	2021-12-27	Ethiopia	BA.1.1	EPI_ISL_11295028
105	Homo sapiens	2021-12-27	Ethiopia	BA.1.17	EPI_ISL_11295022
105	Homo sapiens	2021-12-27	Ethiopia	BA.1.17	EPI_ISL_11295021
105	Homo sapiens	2021-12-27	Ethiopia	BA.1.1	EPI_ISL_11295013
105	Homo sapiens	2021-12-27	Ethiopia	BA.1	EPI_ISL_11295002
105	Homo sapiens	2021-12-27	Ethiopia	BA.1	EPI_ISL_11295012
105	Homo sapiens	2021-12-27	Ethiopia	BA.1	EPI_ISL_11294998
105	Homo sapiens	2021-12-27	Ethiopia	BA.1	EPI_ISL_11295017
105	Homo sapiens	2021-12-27	Ethiopia	BA.1.18	EPI_ISL_11294999
105	Homo sapiens	2021-12-27	Ethiopia	BA.1.1	EPI_ISL_11295001
105	Homo sapiens	2021-12-27	Ethiopia	BA.1.1	EPI_ISL_11295016
105	Homo sapiens	2021-12-27	Ethiopia	BA.1.1	EPI_ISL_11295015
105	Homo sapiens	2021-12-27	Ethiopia	BA.1.1	EPI_ISL_11295010
105	Homo sapiens	2021-12-27	Ethiopia	BA.1.1	EPI_ISL_11295007
105	Homo sapiens	2021-12-27	Ethiopia	BA.1.1	EPI_ISL_11294997
105	Homo sapiens	2021-12-27	Ethiopia	BA.1	EPI_ISL_11294985
105	Homo sapiens	2021-12-27	Ethiopia	BA.1	EPI_ISL_11295008
105	Homo sapiens	2021-12-27	Ethiopia	BA.1.1	EPI_ISL_11295009
105	Homo sapiens	2021-12-27	Ethiopia	BA.1.1	EPI_ISL_11294992
105	Homo sapiens	2021-12-27	Ethiopia	BA.1.1	EPI_ISL_11294991
105	Homo sapiens	2021-12-27	Ethiopia	BA.1.1	EPI_ISL_11294994
105	Homo sapiens	2021-12-27	Ethiopia	BA.1.17	EPI_ISL_11295006
107	Homo sapiens	2022-01-10	Ethiopia	BA.1.1	EPI_ISL_11294982
105	Homo sapiens	2021-12-27	Ethiopia	BA.1.1	EPI_ISL_11294984
105	Homo sapiens	2021-12-27	Ethiopia	AY.95	EPI_ISL_11294993
105	Homo sapiens	2021-12-27	Ethiopia	BA.1.1	EPI_ISL_11295004
105	Homo sapiens	2021-12-27	Ethiopia	BA.1.17	EPI_ISL_11294986
105	Homo sapiens	2021-12-27	Ethiopia	BA.1.1	EPI_ISL_11294989
105	Homo sapiens	2021-12-27	Ethiopia	BA.1.17	EPI_ISL_11294988
110	Homo sapiens	2022-02-04	Ethiopia	BA.1.1	EPI_ISL_11295036
110	Homo sapiens	2022-02-01	Ethiopia	BA.1.1	EPI_ISL_11295042
110	Homo sapiens	2022-02-01	Ethiopia	BA.1.1	EPI_ISL_11295048
110	Homo sapiens	2022-02-04	Ethiopia	BA.1.1	EPI_ISL_11295039
110	Homo sapiens	2022-02-01	Ethiopia	BA.1.1	EPI_ISL_11295044
110	Homo sapiens	2022-02-01	Ethiopia	BA.1.17	EPI_ISL_11295049
