80	Homo sapiens	2021-07-07	Fiji	AY.82	EPI_ISL_4820104
80	Homo sapiens	2021-07-06	Fiji	AY.82	EPI_ISL_4820100
80	Homo sapiens	2021-07-06	Fiji	AY.82	EPI_ISL_4820262
80	Homo sapiens	2021-07-06	Fiji	AY.82	EPI_ISL_4820101
80	Homo sapiens	2021-07-06	Fiji	AY.82	EPI_ISL_4820263
80	Homo sapiens	2021-07-06	Fiji	AY.82	EPI_ISL_4820283
80	Homo sapiens	2021-07-06	Fiji	AY.82	EPI_ISL_4820102
80	Homo sapiens	2021-07-06	Fiji	AY.82	EPI_ISL_4820103
80	Homo sapiens	2021-07-06	Fiji	AY.82	EPI_ISL_4820264
80	Homo sapiens	2021-07-06	Fiji	AY.82	EPI_ISL_4820265
80	Homo sapiens	2021-07-05	Fiji	AY.82	EPI_ISL_4820081
80	Homo sapiens	2021-07-05	Fiji	AY.82	EPI_ISL_4820251
80	Homo sapiens	2021-07-05	Fiji	AY.82	EPI_ISL_4820259
80	Homo sapiens	2021-07-05	Fiji	AY.82	EPI_ISL_4820095
80	Homo sapiens	2021-07-05	Fiji	AY.82	EPI_ISL_4820260
80	Homo sapiens	2021-07-05	Fiji	AY.82	EPI_ISL_4820261
80	Homo sapiens	2021-07-05	Fiji	AY.82	EPI_ISL_4820096
80	Homo sapiens	2021-07-05	Fiji	AY.82	EPI_ISL_4820097
80	Homo sapiens	2021-07-05	Fiji	AY.82	EPI_ISL_4820098
80	Homo sapiens	2021-07-05	Fiji	AY.82	EPI_ISL_4820099
80	Homo sapiens	2021-07-05	Fiji	AY.82	EPI_ISL_4820253
80	Homo sapiens	2021-07-05	Fiji	AY.82	EPI_ISL_4820254
80	Homo sapiens	2021-07-05	Fiji	AY.82	EPI_ISL_4820255
80	Homo sapiens	2021-07-05	Fiji	AY.82	EPI_ISL_4819973
80	Homo sapiens	2021-07-05	Fiji	AY.82	EPI_ISL_4820091
80	Homo sapiens	2021-07-05	Fiji	AY.82	EPI_ISL_4820092
80	Homo sapiens	2021-07-05	Fiji	AY.82	EPI_ISL_4820258
80	Homo sapiens	2021-07-05	Fiji	AY.82	EPI_ISL_4820094
79	Homo sapiens	2021-07-03	Fiji	AY.82	EPI_ISL_4820250
79	Homo sapiens	2021-07-03	Fiji	AY.82	EPI_ISL_4820249
79	Homo sapiens	2021-07-02	Fiji	AY.82	EPI_ISL_4820248
79	Homo sapiens	2021-07-01	Fiji	AY.82	EPI_ISL_4820273
79	Homo sapiens	2021-07-01	Fiji	AY.82	EPI_ISL_4820275
77	Homo sapiens	2021-06-19	Fiji	AY.82	EPI_ISL_4820189
77	Homo sapiens	2021-06-19	Fiji	AY.82	EPI_ISL_4820190
77	Homo sapiens	2021-06-19	Fiji	AY.82	EPI_ISL_4820191
77	Homo sapiens	2021-06-19	Fiji	AY.82	EPI_ISL_4820192
77	Homo sapiens	2021-06-19	Fiji	AY.82	EPI_ISL_4820193
77	Homo sapiens	2021-06-18	Fiji	AY.82	EPI_ISL_4820134
77	Homo sapiens	2021-06-18	Fiji	AY.82	EPI_ISL_4820143
77	Homo sapiens	2021-06-18	Fiji	AY.82	EPI_ISL_4820144
77	Homo sapiens	2021-06-18	Fiji	AY.82	EPI_ISL_4820145
77	Homo sapiens	2021-06-18	Fiji	AY.82	EPI_ISL_4820146
77	Homo sapiens	2021-06-18	Fiji	AY.82	EPI_ISL_4820281
77	Homo sapiens	2021-06-18	Fiji	AY.82	EPI_ISL_4820147
77	Homo sapiens	2021-06-18	Fiji	AY.82	EPI_ISL_4820148
77	Homo sapiens	2021-06-18	Fiji	AY.82	EPI_ISL_4820149
77	Homo sapiens	2021-06-18	Fiji	AY.82	EPI_ISL_4820150
77	Homo sapiens	2021-06-18	Fiji	AY.82	EPI_ISL_4820151
77	Homo sapiens	2021-06-18	Fiji	AY.82	EPI_ISL_4820152
77	Homo sapiens	2021-06-18	Fiji	AY.82	EPI_ISL_4820157
77	Homo sapiens	2021-06-18	Fiji	AY.82	EPI_ISL_4820158
77	Homo sapiens	2021-06-18	Fiji	AY.82	EPI_ISL_4820159
77	Homo sapiens	2021-06-18	Fiji	AY.82	EPI_ISL_4820160
77	Homo sapiens	2021-06-18	Fiji	AY.82	EPI_ISL_4820282
77	Homo sapiens	2021-06-18	Fiji	AY.82	EPI_ISL_4820161
77	Homo sapiens	2021-06-18	Fiji	AY.82	EPI_ISL_4820162
77	Homo sapiens	2021-06-18	Fiji	AY.82	EPI_ISL_4820163
77	Homo sapiens	2021-06-18	Fiji	AY.82	EPI_ISL_4820164
77	Homo sapiens	2021-06-18	Fiji	AY.82	EPI_ISL_4820165
77	Homo sapiens	2021-06-18	Fiji	AY.82	EPI_ISL_4820166
77	Homo sapiens	2021-06-18	Fiji	AY.82	EPI_ISL_4820167
77	Homo sapiens	2021-06-18	Fiji	AY.82	EPI_ISL_4820168
77	Homo sapiens	2021-06-18	Fiji	AY.82	EPI_ISL_4820169
77	Homo sapiens	2021-06-18	Fiji	AY.82	EPI_ISL_4820170
77	Homo sapiens	2021-06-18	Fiji	AY.82	EPI_ISL_4820171
77	Homo sapiens	2021-06-18	Fiji	AY.82	EPI_ISL_4820172
77	Homo sapiens	2021-06-18	Fiji	AY.82	EPI_ISL_4820173
77	Homo sapiens	2021-06-18	Fiji	AY.82	EPI_ISL_4820174
77	Homo sapiens	2021-06-18	Fiji	AY.82	EPI_ISL_4820175
77	Homo sapiens	2021-06-18	Fiji	AY.82	EPI_ISL_4820176
77	Homo sapiens	2021-06-18	Fiji	AY.82	EPI_ISL_4820177
77	Homo sapiens	2021-06-18	Fiji	AY.82	EPI_ISL_4820178
77	Homo sapiens	2021-06-18	Fiji	AY.82	EPI_ISL_4820179
77	Homo sapiens	2021-06-18	Fiji	AY.82	EPI_ISL_4820180
77	Homo sapiens	2021-06-18	Fiji	AY.82	EPI_ISL_4820181
77	Homo sapiens	2021-06-18	Fiji	AY.82	EPI_ISL_4820182
77	Homo sapiens	2021-06-18	Fiji	AY.82	EPI_ISL_4820183
77	Homo sapiens	2021-06-17	Fiji	AY.82	EPI_ISL_4820127
77	Homo sapiens	2021-06-17	Fiji	AY.82	EPI_ISL_4820135
77	Homo sapiens	2021-06-17	Fiji	AY.82	EPI_ISL_4820136
77	Homo sapiens	2021-06-17	Fiji	AY.82	EPI_ISL_4820137
77	Homo sapiens	2021-06-17	Fiji	AY.82	EPI_ISL_4820138
77	Homo sapiens	2021-06-17	Fiji	AY.82	EPI_ISL_4820139
77	Homo sapiens	2021-06-17	Fiji	AY.82	EPI_ISL_4820140
77	Homo sapiens	2021-06-17	Fiji	AY.82	EPI_ISL_4820141
77	Homo sapiens	2021-06-17	Fiji	AY.82	EPI_ISL_4820142
77	Homo sapiens	2021-06-17	Fiji	AY.82	EPI_ISL_4820153
77	Homo sapiens	2021-06-17	Fiji	AY.82	EPI_ISL_4820154
77	Homo sapiens	2021-06-17	Fiji	AY.82	EPI_ISL_4820155
77	Homo sapiens	2021-06-17	Fiji	AY.82	EPI_ISL_4820156
77	Homo sapiens	2021-06-17	Fiji	AY.82	EPI_ISL_4820122
77	Homo sapiens	2021-06-17	Fiji	AY.82	EPI_ISL_4820271
77	Homo sapiens	2021-06-17	Fiji	AY.82	EPI_ISL_4820272
77	Homo sapiens	2021-06-16	Fiji	AY.82	EPI_ISL_4820124
77	Homo sapiens	2021-06-16	Fiji	AY.82	EPI_ISL_4820125
77	Homo sapiens	2021-06-16	Fiji	AY.82	EPI_ISL_4820126
77	Homo sapiens	2021-06-16	Fiji	AY.82	EPI_ISL_4819974
77	Homo sapiens	2021-06-16	Fiji	AY.82	EPI_ISL_4820130
77	Homo sapiens	2021-06-16	Fiji	AY.82	EPI_ISL_4820131
77	Homo sapiens	2021-06-16	Fiji	AY.82	EPI_ISL_4820053
77	Homo sapiens	2021-06-16	Fiji	AY.82	EPI_ISL_4820054
77	Homo sapiens	2021-06-16	Fiji	AY.82	EPI_ISL_4820267
77	Homo sapiens	2021-06-16	Fiji	AY.82	EPI_ISL_4820119
77	Homo sapiens	2021-06-16	Fiji	AY.82	EPI_ISL_4820120
77	Homo sapiens	2021-06-16	Fiji	AY.82	EPI_ISL_4820268
77	Homo sapiens	2021-06-16	Fiji	AY.82	EPI_ISL_4820269
77	Homo sapiens	2021-06-16	Fiji	AY.82	EPI_ISL_4820121
77	Homo sapiens	2021-06-16	Fiji	AY.82	EPI_ISL_4820132
77	Homo sapiens	2021-06-16	Fiji	AY.82	EPI_ISL_4820117
77	Homo sapiens	2021-06-16	Fiji	AY.82	EPI_ISL_4820118
77	Homo sapiens	2021-06-15	Fiji	AY.82	EPI_ISL_4820228
77	Homo sapiens	2021-06-15	Fiji	AY.82	EPI_ISL_4820229
77	Homo sapiens	2021-06-15	Fiji	AY.82	EPI_ISL_4820270
77	Homo sapiens	2021-06-14	Fiji	AY.82	EPI_ISL_4820207
77	Homo sapiens	2021-06-14	Fiji	AY.82	EPI_ISL_4820226
77	Homo sapiens	2021-06-14	Fiji	AY.82	EPI_ISL_4820227
76	Homo sapiens	2021-06-08	Fiji	AY.82	EPI_ISL_4820206
76	Homo sapiens	2021-06-08	Fiji	AY.82	EPI_ISL_4820208
76	Homo sapiens	2021-06-08	Fiji	AY.82	EPI_ISL_4820209
76	Homo sapiens	2021-06-08	Fiji	AY.82	EPI_ISL_4820210
76	Homo sapiens	2021-06-08	Fiji	AY.82	EPI_ISL_4820211
76	Homo sapiens	2021-06-07	Fiji	AY.82	EPI_ISL_4820199
76	Homo sapiens	2021-06-07	Fiji	AY.82	EPI_ISL_4820200
76	Homo sapiens	2021-06-07	Fiji	AY.82	EPI_ISL_4820201
76	Homo sapiens	2021-06-07	Fiji	AY.82	EPI_ISL_4820202
76	Homo sapiens	2021-06-07	Fiji	AY.82	EPI_ISL_4820203
76	Homo sapiens	2021-06-07	Fiji	AY.82	EPI_ISL_4820205
76	Homo sapiens	2021-06-07	Fiji	AY.82	EPI_ISL_4820070
75	Homo sapiens	2021-06-06	Fiji	AY.82	EPI_ISL_4820198
75	Homo sapiens	2021-06-04	Fiji	AY.82	EPI_ISL_4820195
75	Homo sapiens	2021-06-04	Fiji	AY.82	EPI_ISL_4820196
75	Homo sapiens	2021-06-04	Fiji	AY.82	EPI_ISL_4820197
68	Homo sapiens	2021-04-12	Fiji	B.1.1.7	EPI_ISL_4819972
64	Homo sapiens	2021-03-16	Fiji	AU.3	EPI_ISL_4820293
61	Homo sapiens	2021-02-28	Fiji	B.1.1.7	EPI_ISL_4819971
57	Homo sapiens	2021-01-30	Fiji	B.1.468	EPI_ISL_4820046
48	Homo sapiens	2020-11-28	Fiji	B.1.596.1	EPI_ISL_4820289
14	Homo sapiens	2020-04-03	Fiji	B.6.6	EPI_ISL_4820287
14	Homo sapiens	2020-04-01	Fiji	B.6.6	EPI_ISL_4820286
13	Homo sapiens	2020-03-23	Fiji	B.31	EPI_ISL_4820285
12	Homo sapiens	2020-03-19	Fiji	A.1	EPI_ISL_4820284
