12	Homo sapiens	2020-03-22	Gabon	A	EPI_ISL_539573
13	Homo sapiens	2020-03-27	Gabon	B.1.178	EPI_ISL_539574
13	Homo sapiens	2020-03-27	Gabon	A	EPI_ISL_539575
13	Homo sapiens	2020-03-27	Gabon	B.1	EPI_ISL_539576
67	Homo sapiens	2021-04-06	Gabon	B.1.1.7	EPI_ISL_1615655
53	Homo sapiens	2020-12-28	Gabon	B.1.1.7	EPI_ISL_1760554
60	Homo sapiens	2021-02-21	Gabon	B.1.351	EPI_ISL_1760555
55	Homo sapiens	2021-01-12	Gabon	B.1.1.7	EPI_ISL_1760556
63	Homo sapiens	2021-03-08	Gabon	B.1.1.7	EPI_ISL_1911957
63	Homo sapiens	2021-03-10	Gabon	B.1.1.7	EPI_ISL_1911965
63	Homo sapiens	2021-03-11	Gabon	B.1.1.7	EPI_ISL_1913030
63	Homo sapiens	2021-03-10	Gabon	B.1.1.7	EPI_ISL_1913034
60	Homo sapiens	2021-02-17	Gabon	B.1.1.7	EPI_ISL_1913035
63	Homo sapiens	2021-03-08	Gabon	B.1.1.7	EPI_ISL_1913050
62	Homo sapiens	2021-03-05	Gabon	B.1.1.7	EPI_ISL_1913052
62	Homo sapiens	2021-03-05	Gabon	B.1.1.7	EPI_ISL_1913055
63	Homo sapiens	2021-03-10	Gabon	B.1.1.7	EPI_ISL_1913058
63	Homo sapiens	2021-03-11	Gabon	B.1.1.7	EPI_ISL_1913060
64	Homo sapiens	2021-03-16	Gabon	B.1.1.7	EPI_ISL_1913070
67	Homo sapiens	2021-04-08	Gabon	B.1.619	EPI_ISL_1913075
68	Homo sapiens	2021-04-16	Gabon	B.1.1.318	EPI_ISL_1913078
68	Homo sapiens	2021-04-16	Gabon	B.1.1.318	EPI_ISL_1913080
58	Homo sapiens	2021-02-04	Gabon	B.1.1	EPI_ISL_1935059
66	Homo sapiens	2021-03-30	Gabon	B.1	EPI_ISL_2035987
66	Homo sapiens	2021-03-30	Gabon	B.1.1.318	EPI_ISL_2036090
66	Homo sapiens	2021-03-30	Gabon	B.1.1.7	EPI_ISL_2036130
66	Homo sapiens	2021-03-29	Gabon	B.1.1.7	EPI_ISL_2036091
65	Homo sapiens	2021-03-23	Gabon	B.1.1.7	EPI_ISL_2036078
65	Homo sapiens	2021-03-23	Gabon	B.1.1.318	EPI_ISL_2036080
64	Homo sapiens	2021-03-20	Gabon	B.1.1.318	EPI_ISL_2036270
64	Homo sapiens	2021-03-15	Gabon	B.1.1.7	EPI_ISL_2036271
63	Homo sapiens	2021-03-14	Gabon	B.1.1.7	EPI_ISL_2036261
63	Homo sapiens	2021-03-09	Gabon	B.1.1.7	EPI_ISL_2036201
63	Homo sapiens	2021-03-08	Gabon	B.1	EPI_ISL_2036200
62	Homo sapiens	2021-03-03	Gabon	B.1.1.7	EPI_ISL_2036273
61	Homo sapiens	2021-02-26	Gabon	B.1.1.7	EPI_ISL_2036198
61	Homo sapiens	2021-02-26	Gabon	B.1.1.7	EPI_ISL_2036199
67	Homo sapiens	2021-04-07	Gabon	B.1.1.7	EPI_ISL_2097218
67	Homo sapiens	2021-04-07	Gabon	B.1.1.7	EPI_ISL_2097219
30	Homo sapiens	2020-07-25	Gabon	B.1.1	EPI_ISL_2097223
17	Homo sapiens	2020-04-25	Gabon	B.1.1	EPI_ISL_2097224
17	Homo sapiens	2020-04-25	Gabon	B.1.1	EPI_ISL_2097225
17	Homo sapiens	2020-04-25	Gabon	B.1.1	EPI_ISL_2097227
17	Homo sapiens	2020-04-25	Gabon	B.1.1	EPI_ISL_2097229
17	Homo sapiens	2020-04-25	Gabon	B.1.1	EPI_ISL_2097228
67	Homo sapiens	2021-04-11	Gabon	B.1.1.7	EPI_ISL_2156795
66	Homo sapiens	2021-04-01	Gabon	B.1.1.7	EPI_ISL_2156769
66	Homo sapiens	2021-04-01	Gabon	B.1.1.7	EPI_ISL_2156770
66	Homo sapiens	2021-03-30	Gabon	B.1.525	EPI_ISL_2156768
62	Homo sapiens	2021-03-01	Gabon	B.1.1.7	EPI_ISL_2156796
60	Homo sapiens	2021-02-19	Gabon	B.1.1.7	EPI_ISL_2156809
59	Homo sapiens	2021-02-14	Gabon	B.1	EPI_ISL_2137843
59	Homo sapiens	2021-02-13	Gabon	B.1	EPI_ISL_2156807
59	Homo sapiens	2021-02-10	Gabon	B.1	EPI_ISL_2156806
58	Homo sapiens	2021-02-01	Gabon	B.1.351	EPI_ISL_2137842
58	Homo sapiens	2021-02-01	Gabon	B.1.351	EPI_ISL_2137841
30	Homo sapiens	2020-07-25	Gabon	B.1.1	EPI_ISL_2156825
71	Homo sapiens	2021-05-05	Gabon	B.1.1.7	EPI_ISL_2434975
71	Homo sapiens	2021-05-05	Gabon	B.1.620	EPI_ISL_2434979
68	Homo sapiens	2021-04-14	Gabon	B.1.1.7	EPI_ISL_2424159
67	Homo sapiens	2021-04-08	Gabon	B.1.214.2	EPI_ISL_2424158
65	Homo sapiens	2021-03-25	Gabon	B.1.1.7	EPI_ISL_2424139
61	Homo sapiens	2021-02-24	Gabon	B.1.1.7	EPI_ISL_3129932
66	Homo sapiens	2021-04-01	Gabon	B.1.1.7	EPI_ISL_3355520
66	Homo sapiens	2021-04-01	Gabon	B.1.1.7	EPI_ISL_3355899
67	Homo sapiens	2021-04-06	Gabon	B.1.214.2	EPI_ISL_3360861
65	Homo sapiens	2021-03-25	Gabon	B.1	EPI_ISL_3369750
62	Homo sapiens	2021-03-06	Gabon	B.1.466.2	EPI_ISL_3356350
63	Homo sapiens	2021-03-08	Gabon	B.1.525	EPI_ISL_3461130
63	Homo sapiens	2021-03-08	Gabon	B.1.525	EPI_ISL_3461131
63	Homo sapiens	2021-03-08	Gabon	A.27	EPI_ISL_3461132
67	Homo sapiens	2021-04-11	Gabon	B.1.1.318	EPI_ISL_3461135
67	Homo sapiens	2021-04-08	Gabon	B.1.525	EPI_ISL_3461142
64	Homo sapiens	2021-03-20	Gabon	B.1.1.318	EPI_ISL_3461144
67	Homo sapiens	2021-04-11	Gabon	B.1.351	EPI_ISL_3461145
68	Homo sapiens	2021-04-18	Gabon	B.1.525	EPI_ISL_3462058
69	Homo sapiens	2021-04-20	Gabon	B.1.525	EPI_ISL_3462093
67	Homo sapiens	2021-04-11	Gabon	B.1.525	EPI_ISL_3462095
91	Homo sapiens	2021-09-24	Gabon	AY.43	EPI_ISL_4700337
91	Homo sapiens	2021-09-23	Gabon	AY.34	EPI_ISL_4701273
91	Homo sapiens	2021-09-21	Gabon	AY.43	EPI_ISL_4703359
91	Homo sapiens	2021-09-21	Gabon	AY.34	EPI_ISL_4698960
91	Homo sapiens	2021-09-20	Gabon	AY.34	EPI_ISL_4701531
88	Homo sapiens	2021-09-03	Gabon	AY.34	EPI_ISL_4702221
88	Homo sapiens	2021-09-03	Gabon	AY.34	EPI_ISL_4701947
87	Homo sapiens	2021-08-23	Gabon	AY.43	EPI_ISL_4706483
85	Homo sapiens	2021-08-13	Gabon	AY.43	EPI_ISL_4704580
85	Homo sapiens	2021-08-13	Gabon	AY.43	EPI_ISL_4704012
85	Homo sapiens	2021-08-13	Gabon	AY.43	EPI_ISL_4705281
82	Homo sapiens	2021-07-22	Gabon	B.1.1.318	EPI_ISL_4702800
81	Homo sapiens	2021-07-12	Gabon	B.1.1.318	EPI_ISL_4703106
92	Homo sapiens	2021-09-30	Gabon	AY.34	EPI_ISL_5031201
92	Homo sapiens	2021-09-30	Gabon	B.1.1.7	EPI_ISL_5031219
92	Homo sapiens	2021-09-30	Gabon	AY.34	EPI_ISL_5031211
91	Homo sapiens	2021-09-24	Gabon	AY.43	EPI_ISL_5031221
91	Homo sapiens	2021-09-24	Gabon	AY.34	EPI_ISL_5031200
91	Homo sapiens	2021-09-24	Gabon	AY.34	EPI_ISL_5031206
91	Homo sapiens	2021-09-24	Gabon	AY.34	EPI_ISL_5031213
92	Homo sapiens	2021-09-30	Gabon	AY.34	EPI_ISL_5050350
66	Homo sapiens	2021-03-29	Gabon	B.1.1.7	EPI_ISL_8886242
66	Homo sapiens	2021-03-29	Gabon	B.1.1.7	EPI_ISL_8886243
63	Homo sapiens	2021-03-12	Gabon	B.1.1.7	EPI_ISL_8886236
63	Homo sapiens	2021-03-11	Gabon	B.1.1.7	EPI_ISL_8886233
63	Homo sapiens	2021-03-10	Gabon	B.1.1.7	EPI_ISL_8886230
63	Homo sapiens	2021-03-10	Gabon	B.1.1.7	EPI_ISL_8886231
63	Homo sapiens	2021-03-08	Gabon	B.1.1.7	EPI_ISL_8886267
62	Homo sapiens	2021-03-03	Gabon	B.1.1.7	EPI_ISL_8886227
19	Homo sapiens	2020-05-04	Gabon	B.1.1	EPI_ISL_8886183
63	Homo sapiens	2021-03-10	Gabon	B.1.1.318	OM732011.1
14	Homo sapiens	2020-04-01	Gabon	B.1.1	EPI_ISL_11522712
17	Homo sapiens	2020-04-22	Gabon	A	EPI_ISL_11522715
17	Homo sapiens	2020-04-20	Gabon	B.1.1	EPI_ISL_11522716
17	Homo sapiens	2020-04-25	Gabon	B.1.1	EPI_ISL_11522717
14	Homo sapiens	2020-04-01	Gabon	B.1	EPI_ISL_11522711
91	Homo sapiens	2021-09-22	Gabon	AY.34	EPI_ISL_11522632
32	Homo sapiens	2020-08-04	Gabon	B.1.1	EPI_ISL_11522752
60	Homo sapiens	2021-02-21	Gabon	B.1.214.2	EPI_ISL_11522629
32	Homo sapiens	2020-08-04	Gabon	B.1.1	EPI_ISL_11522744
82	Homo sapiens	2021-07-22	Gabon	B.1.1.318	EPI_ISL_11522605
22	Homo sapiens	2020-05-27	Gabon	B.1.1.83	EPI_ISL_11522731
77	Homo sapiens	2021-06-17	Gabon	B.1.1.318	EPI_ISL_11522602
21	Homo sapiens	2020-05-23	Gabon	B.1.1	EPI_ISL_11522732
20	Homo sapiens	2020-05-14	Gabon	B.1.1.275	EPI_ISL_11522728
19	Homo sapiens	2020-05-06	Gabon	B.1.1	EPI_ISL_11522723
19	Homo sapiens	2020-05-05	Gabon	B.1.1	EPI_ISL_11522724
18	Homo sapiens	2020-04-29	Gabon	B.1.1	EPI_ISL_11522720
77	Homo sapiens	2021-06-18	Gabon	B.1.1.318	EPI_ISL_11522603
19	Homo sapiens	2020-05-05	Gabon	B.1.1	EPI_ISL_11522725
18	Homo sapiens	2020-04-29	Gabon	B.1.1	EPI_ISL_11522719
14	Homo sapiens	2020-04-01	Gabon	B.1.1	EPI_ISL_11522713
32	Homo sapiens	2020-08-04	Gabon	B.1.1	EPI_ISL_11522748
91	Homo sapiens	2021-09-22	Gabon	AY.43	EPI_ISL_11522687
57	Homo sapiens	2021-01-27	Gabon	B.1.351	EPI_ISL_11522681
55	Homo sapiens	2021-01-16	Gabon	A.21	EPI_ISL_11522678
75	Homo sapiens	2021-06-01	Gabon	B.1.1.318	EPI_ISL_11522598
72	Homo sapiens	2021-05-12	Gabon	B.1.1.318	EPI_ISL_11522594
62	Homo sapiens	2021-03-01	Gabon	B.1.1.7	EPI_ISL_11522532
63	Homo sapiens	2021-03-10	Gabon	B.1.1.7	EPI_ISL_11522534
58	Homo sapiens	2021-02-05	Gabon	B.1	EPI_ISL_11522526
63	Homo sapiens	2021-03-10	Gabon	B.1.1.7	EPI_ISL_11522556
71	Homo sapiens	2021-05-06	Gabon	B.1.1.318	EPI_ISL_11522550
58	Homo sapiens	2021-02-02	Gabon	B.1.1.7	EPI_ISL_11522552
62	Homo sapiens	2021-03-03	Gabon	B.1.1.7	EPI_ISL_11522548
69	Homo sapiens	2021-04-19	Gabon	B.1.1.7	EPI_ISL_11522542
70	Homo sapiens	2021-04-30	Gabon	B.1.1.7	EPI_ISL_11522545
69	Homo sapiens	2021-04-20	Gabon	B.1.1.7	EPI_ISL_11522543
66	Homo sapiens	2021-04-03	Gabon	B.1.1.7	EPI_ISL_11522540
67	Homo sapiens	2021-04-09	Gabon	B.1.1.318	EPI_ISL_11522570
67	Homo sapiens	2021-04-11	Gabon	B.1.1.7	EPI_ISL_11522541
67	Homo sapiens	2021-04-08	Gabon	B.1.1.7	EPI_ISL_11522539
66	Homo sapiens	2021-04-01	Gabon	B.1.1.7	EPI_ISL_11522537
66	Homo sapiens	2021-04-01	Gabon	B.1.1.7	EPI_ISL_11522538
69	Homo sapiens	2021-04-20	Gabon	B.1.1.318	EPI_ISL_11522576
67	Homo sapiens	2021-04-08	Gabon	B.1.1.318	EPI_ISL_11522571
69	Homo sapiens	2021-04-21	Gabon	B.1.1.318	EPI_ISL_11522577
67	Homo sapiens	2021-04-09	Gabon	B.1.1.318	EPI_ISL_11522572
68	Homo sapiens	2021-04-12	Gabon	B.1.1.318	EPI_ISL_11522573
65	Homo sapiens	2021-03-23	Gabon	B.1.1.318	EPI_ISL_11522566
66	Homo sapiens	2021-03-30	Gabon	B.1.1.7	EPI_ISL_11522558
72	Homo sapiens	2021-05-12	Gabon	B.1.1.318	EPI_ISL_11522592
71	Homo sapiens	2021-05-03	Gabon	B.1.1.318	EPI_ISL_11522585
16	Homo sapiens	2020-04-14	Gabon	B.1.128	EPI_ISL_11522714
91	Homo sapiens	2021-09-21	Gabon	AY.34	EPI_ISL_11522630
32	Homo sapiens	2020-08-04	Gabon	B.1.1	EPI_ISL_11522751
27	Homo sapiens	2020-07-02	Gabon	B.1	EPI_ISL_11522737
19	Homo sapiens	2020-05-05	Gabon	B.1.1	EPI_ISL_11522764
59	Homo sapiens	2021-02-10	Gabon	A.21	EPI_ISL_11522758
92	Homo sapiens	2021-09-29	Gabon	AY.34	EPI_ISL_11522637
12	Homo sapiens	2020-03-21	Gabon	B.1.1.161	EPI_ISL_11522797
60	Homo sapiens	2021-02-21	Gabon	B.1.525	EPI_ISL_11522671
12	Homo sapiens	2020-03-21	Gabon	B.1.1	EPI_ISL_11522798
47	Homo sapiens	2020-11-18	Gabon	B.1.1	EPI_ISL_11522784
94	Homo sapiens	2021-10-11	Gabon	AY.43	EPI_ISL_11522692
91	Homo sapiens	2021-09-24	Gabon	AY.43	EPI_ISL_11522689
24	Homo sapiens	2020-06-08	Gabon	B.1.1	EPI_ISL_11522733
29	Homo sapiens	2020-07-18	Gabon	B.1.1	EPI_ISL_11522741
29	Homo sapiens	2020-07-18	Gabon	B.1.1	EPI_ISL_11522742
58	Homo sapiens	2021-02-05	Gabon	A.21	EPI_ISL_11522755
23	Homo sapiens	2020-06-02	Gabon	B.1.1	EPI_ISL_11522769
19	Homo sapiens	2020-05-06	Gabon	B.1.1	EPI_ISL_11522766
24	Homo sapiens	2020-06-14	Gabon	B.1.1	EPI_ISL_11522771
54	Homo sapiens	2021-01-08	Gabon	A.21	EPI_ISL_11522790
68	Homo sapiens	2021-04-12	Gabon	B.1.1.7	EPI_ISL_11522561
75	Homo sapiens	2021-06-03	Gabon	B.1.1.318	EPI_ISL_11522567
71	Homo sapiens	2021-05-08	Gabon	B.1.1.318	EPI_ISL_11522590
75	Homo sapiens	2021-06-01	Gabon	B.1.1.318	EPI_ISL_11522596
93	Homo sapiens	2021-10-08	Gabon	AY.34	EPI_ISL_11522641
95	Homo sapiens	2021-10-21	Gabon	AY.34	EPI_ISL_11522649
66	Homo sapiens	2021-03-30	Gabon	B.1.525	EPI_ISL_11522663
66	Homo sapiens	2021-03-30	Gabon	B.1.525	EPI_ISL_11522674
26	Homo sapiens	2020-06-27	Gabon	B.1.1	EPI_ISL_11522776
63	Homo sapiens	2021-03-08	Gabon	B.1	EPI_ISL_11522759
26	Homo sapiens	2020-06-24	Gabon	B.1.1	EPI_ISL_11522774
28	Homo sapiens	2020-07-08	Gabon	B.1.1	EPI_ISL_11522778
25	Homo sapiens	2020-06-15	Gabon	B.1.1	EPI_ISL_11522667
22	Homo sapiens	2020-05-27	Gabon	B.1.1	EPI_ISL_11522730
32	Homo sapiens	2020-08-04	Gabon	B.1.1	EPI_ISL_11522705
66	Homo sapiens	2021-04-03	Gabon	B.1.1.7	EPI_ISL_11522707
31	Homo sapiens	2020-07-27	Gabon	B.1.1	EPI_ISL_11522710
21	Homo sapiens	2020-05-22	Gabon	B.1.1	EPI_ISL_11522729
60	Homo sapiens	2021-02-21	Gabon	B.1.619	EPI_ISL_11522700
70	Homo sapiens	2021-04-26	Gabon	B.1.1.318	EPI_ISL_11522704
59	Homo sapiens	2021-02-10	Gabon	B.1	EPI_ISL_11522701
19	Homo sapiens	2020-05-04	Gabon	B.1.1	EPI_ISL_11522721
77	Homo sapiens	2021-06-16	Gabon	B.1.1.318	EPI_ISL_11522600
87	Homo sapiens	2021-08-27	Gabon	AY.34	EPI_ISL_11522708
19	Homo sapiens	2020-05-05	Gabon	B.1.1	EPI_ISL_11522727
19	Homo sapiens	2020-05-05	Gabon	B.1.128	EPI_ISL_11522726
77	Homo sapiens	2021-06-16	Gabon	B.1.1.318	EPI_ISL_11522601
19	Homo sapiens	2020-05-06	Gabon	B.1.1	EPI_ISL_11522722
81	Homo sapiens	2021-07-12	Gabon	B.1.1.318	EPI_ISL_11522604
17	Homo sapiens	2020-04-26	Gabon	B.1.1	EPI_ISL_11522718
60	Homo sapiens	2021-02-21	Gabon	B.1.525	EPI_ISL_11522668
33	Homo sapiens	2020-08-14	Gabon	B.1.1	EPI_ISL_11522753
29	Homo sapiens	2020-07-14	Gabon	B.1.1	EPI_ISL_11522738
58	Homo sapiens	2021-02-05	Gabon	A.21	EPI_ISL_11522754
32	Homo sapiens	2020-08-04	Gabon	B.1.1	EPI_ISL_11522746
29	Homo sapiens	2020-07-18	Gabon	B.1.1	EPI_ISL_11522740
32	Homo sapiens	2020-08-04	Gabon	B.1.1	EPI_ISL_11522750
32	Homo sapiens	2020-08-04	Gabon	B.1.1	EPI_ISL_11522745
32	Homo sapiens	2020-08-04	Gabon	B.1.1	EPI_ISL_11522747
24	Homo sapiens	2020-06-08	Gabon	B.1.1	EPI_ISL_11522734
32	Homo sapiens	2020-08-04	Gabon	B.1.1	EPI_ISL_11522749
29	Homo sapiens	2020-07-18	Gabon	B.1.1	EPI_ISL_11522739
24	Homo sapiens	2020-06-08	Gabon	B.1.1	EPI_ISL_11522735
26	Homo sapiens	2020-06-24	Gabon	B.1.1	EPI_ISL_11522773
19	Homo sapiens	2020-05-06	Gabon	B.1.1.99	EPI_ISL_11522651
21	Homo sapiens	2020-05-22	Gabon	B.1.1	EPI_ISL_11522655
56	Homo sapiens	2021-01-18	Gabon	B.1	EPI_ISL_11522763
26	Homo sapiens	2020-06-24	Gabon	B.1.128	EPI_ISL_11522775
94	Homo sapiens	2021-10-12	Gabon	AY.34	EPI_ISL_11522645
54	Homo sapiens	2021-01-07	Gabon	B.1	EPI_ISL_11522762
24	Homo sapiens	2020-06-12	Gabon	B.1.1	EPI_ISL_11522736
23	Homo sapiens	2020-06-02	Gabon	B.1.1	EPI_ISL_11522768
29	Homo sapiens	2020-07-19	Gabon	B.1.1	EPI_ISL_11522697
24	Homo sapiens	2020-06-11	Gabon	B.1.1	EPI_ISL_11522652
23	Homo sapiens	2020-06-05	Gabon	B.1.1	EPI_ISL_11522770
30	Homo sapiens	2020-07-24	Gabon	B.1.1	EPI_ISL_11522698
57	Homo sapiens	2021-01-27	Gabon	B.1.351	EPI_ISL_11522653
96	Homo sapiens	2021-10-25	Gabon	AY.34	EPI_ISL_11522650
92	Homo sapiens	2021-09-27	Gabon	AY.34	EPI_ISL_11522636
75	Homo sapiens	2021-06-01	Gabon	B.1.1.318	EPI_ISL_11522654
19	Homo sapiens	2020-05-06	Gabon	B.1.1	EPI_ISL_11522767
94	Homo sapiens	2021-10-14	Gabon	AY.34	EPI_ISL_11522646
19	Homo sapiens	2020-05-08	Gabon	B.1.1	EPI_ISL_11522765
63	Homo sapiens	2021-03-09	Gabon	B.1	EPI_ISL_11522760
67	Homo sapiens	2021-04-09	Gabon	B.1.525	EPI_ISL_11522676
64	Homo sapiens	2021-03-15	Gabon	B.1	EPI_ISL_11522761
92	Homo sapiens	2021-09-30	Gabon	AY.34	EPI_ISL_11522639
59	Homo sapiens	2021-02-10	Gabon	A.21	EPI_ISL_11522757
59	Homo sapiens	2021-02-10	Gabon	B.1	EPI_ISL_11522756
57	Homo sapiens	2021-01-27	Gabon	A.21	EPI_ISL_11522786
27	Homo sapiens	2020-07-03	Gabon	B.1.1	EPI_ISL_11522777
39	Homo sapiens	2020-09-21	Gabon	B.1.1	EPI_ISL_11522795
59	Homo sapiens	2021-02-10	Gabon	B.1	EPI_ISL_11522791
64	Homo sapiens	2021-03-21	Gabon	B.1.525	EPI_ISL_11522672
64	Homo sapiens	2021-03-21	Gabon	B.1.525	EPI_ISL_11522675
69	Homo sapiens	2021-04-20	Gabon	B.1.1.318	EPI_ISL_11522677
60	Homo sapiens	2021-02-21	Gabon	B.1.525	EPI_ISL_11522670
58	Homo sapiens	2021-02-05	Gabon	B.1	EPI_ISL_11522794
19	Homo sapiens	2020-05-06	Gabon	B.1.1	EPI_ISL_11522792
58	Homo sapiens	2021-02-03	Gabon	B.1	EPI_ISL_11522793
31	Homo sapiens	2020-08-02	Gabon	B.1.1	EPI_ISL_11522781
64	Homo sapiens	2021-03-17	Gabon	B.1.525	EPI_ISL_11522673
23	Homo sapiens	2020-06-02	Gabon	B.1.1	EPI_ISL_11522788
33	Homo sapiens	2020-08-13	Gabon	B.1.1	EPI_ISL_11522657
24	Homo sapiens	2020-06-09	Gabon	B.1.1.1	EPI_ISL_11522789
60	Homo sapiens	2021-02-21	Gabon	B.1.525	EPI_ISL_11522669
31	Homo sapiens	2020-08-01	Gabon	B.1.1	EPI_ISL_11522780
34	Homo sapiens	2020-08-21	Gabon	B.1.1	EPI_ISL_11522660
71	Homo sapiens	2021-05-05	Gabon	B.1.620	EPI_ISL_11522664
92	Homo sapiens	2021-09-29	Gabon	AY.43	EPI_ISL_11522690
94	Homo sapiens	2021-10-11	Gabon	AY.43	EPI_ISL_11522693
59	Homo sapiens	2021-02-09	Gabon	A.21	EPI_ISL_11522686
55	Homo sapiens	2021-01-15	Gabon	A.21	EPI_ISL_11522785
71	Homo sapiens	2021-05-08	Gabon	B.1.620	EPI_ISL_11522665
37	Homo sapiens	2020-09-11	Gabon	B.1.1	EPI_ISL_11522782
94	Homo sapiens	2021-10-14	Gabon	AY.43	EPI_ISL_11522696
59	Homo sapiens	2021-02-13	Gabon	B.1	EPI_ISL_11522787
38	Homo sapiens	2020-09-17	Gabon	B.1.1	EPI_ISL_11522783
30	Homo sapiens	2020-07-24	Gabon	B.1.1	EPI_ISL_11522779
32	Homo sapiens	2020-08-08	Gabon	B.1.1	EPI_ISL_11522659
23	Homo sapiens	2020-06-04	Gabon	B.1.1	EPI_ISL_11522666
59	Homo sapiens	2021-02-12	Gabon	B.1.1.7	EPI_ISL_11522661
19	Homo sapiens	2020-05-06	Gabon	B.1.128	EPI_ISL_11522662
26	Homo sapiens	2020-06-24	Gabon	B.1.1	EPI_ISL_11522658
22	Homo sapiens	2020-05-27	Gabon	B.1.1	EPI_ISL_11522656
94	Homo sapiens	2021-10-12	Gabon	B.1.617.2	EPI_ISL_11522695
75	Homo sapiens	2021-06-01	Gabon	B.1.1.318	EPI_ISL_11522597
75	Homo sapiens	2021-06-02	Gabon	B.1.1.318	EPI_ISL_11522599
72	Homo sapiens	2021-05-14	Gabon	B.1.1.318	EPI_ISL_11522595
67	Homo sapiens	2021-04-08	Gabon	B.1.619	EPI_ISL_11522699
94	Homo sapiens	2021-10-11	Gabon	AY.43	EPI_ISL_11522694
57	Homo sapiens	2021-01-27	Gabon	B.1.351	EPI_ISL_11522680
59	Homo sapiens	2021-02-09	Gabon	B.1.351	EPI_ISL_11522682
60	Homo sapiens	2021-02-16	Gabon	B.1.351	EPI_ISL_11522683
29	Homo sapiens	2020-07-14	Gabon	B.1.1	EPI_ISL_11522684
57	Homo sapiens	2021-01-27	Gabon	B.1.351	EPI_ISL_11522679
62	Homo sapiens	2021-03-03	Gabon	B.1.1.7	EPI_ISL_11522531
59	Homo sapiens	2021-02-09	Gabon	B.1.1.7	EPI_ISL_11522528
63	Homo sapiens	2021-03-10	Gabon	B.1.1.7	EPI_ISL_11522533
59	Homo sapiens	2021-02-12	Gabon	B.1.1.7	EPI_ISL_11522529
57	Homo sapiens	2021-01-27	Gabon	B.1.1.7	EPI_ISL_11522553
60	Homo sapiens	2021-02-16	Gabon	B.1.1.7	EPI_ISL_11522530
58	Homo sapiens	2021-02-05	Gabon	B.1.1.7	EPI_ISL_11522525
61	Homo sapiens	2021-02-26	Gabon	B.1.1.7	EPI_ISL_11522527
62	Homo sapiens	2021-03-01	Gabon	B.1.1.7	EPI_ISL_11522554
63	Homo sapiens	2021-03-11	Gabon	B.1.1.7	EPI_ISL_11522555
71	Homo sapiens	2021-05-08	Gabon	B.1.1.7	EPI_ISL_11522547
71	Homo sapiens	2021-05-05	Gabon	B.1.1.7	EPI_ISL_11522546
59	Homo sapiens	2021-02-14	Gabon	B.1.1.7	EPI_ISL_11522551
69	Homo sapiens	2021-04-20	Gabon	B.1.1.7	EPI_ISL_11522544
66	Homo sapiens	2021-03-29	Gabon	B.1.1.7	EPI_ISL_11522535
66	Homo sapiens	2021-03-30	Gabon	B.1.1.7	EPI_ISL_11522536
59	Homo sapiens	2021-02-09	Gabon	B.1.1.7	EPI_ISL_11522549
69	Homo sapiens	2021-04-20	Gabon	B.1.1.318	EPI_ISL_11522575
69	Homo sapiens	2021-04-21	Gabon	B.1.1.318	EPI_ISL_11522578
68	Homo sapiens	2021-04-12	Gabon	B.1.1.318	EPI_ISL_11522574
67	Homo sapiens	2021-04-08	Gabon	B.1.1.318	EPI_ISL_11522569
65	Homo sapiens	2021-03-26	Gabon	B.1.1.318	EPI_ISL_11522565
64	Homo sapiens	2021-03-19	Gabon	B.1.1.7	EPI_ISL_11522562
62	Homo sapiens	2021-03-03	Gabon	B.1.1.318	EPI_ISL_11522568
72	Homo sapiens	2021-05-12	Gabon	B.1.1.318	EPI_ISL_11522564
67	Homo sapiens	2021-04-06	Gabon	B.1.1.7	EPI_ISL_11522559
66	Homo sapiens	2021-03-31	Gabon	B.1.1.7	EPI_ISL_11522560
64	Homo sapiens	2021-03-15	Gabon	B.1.1.7	EPI_ISL_11522557
60	Homo sapiens	2021-02-21	Gabon	L.3	EPI_ISL_11522563
72	Homo sapiens	2021-05-12	Gabon	B.1.1.318	EPI_ISL_11522593
72	Homo sapiens	2021-05-12	Gabon	B.1.1.318	EPI_ISL_11522591
69	Homo sapiens	2021-04-20	Gabon	B.1.1.318	EPI_ISL_11522581
71	Homo sapiens	2021-05-07	Gabon	B.1.1.318	EPI_ISL_11522588
68	Homo sapiens	2021-04-18	Gabon	B.1.1.318	EPI_ISL_11522580
71	Homo sapiens	2021-05-06	Gabon	B.1.1.318	EPI_ISL_11522586
70	Homo sapiens	2021-04-30	Gabon	B.1.1.318	EPI_ISL_11522584
71	Homo sapiens	2021-05-06	Gabon	B.1.1.318	EPI_ISL_11522587
71	Homo sapiens	2021-05-07	Gabon	B.1.1.318	EPI_ISL_11522589
68	Homo sapiens	2021-04-18	Gabon	B.1.1.318	EPI_ISL_11522579
29	Homo sapiens	2020-07-18	Gabon	B.1.1	EPI_ISL_11522743
25	Homo sapiens	2020-06-15	Gabon	B.1.1	EPI_ISL_11522772
63	Homo sapiens	2021-03-10	Gabon	B.1.1.318	EPI_ISL_13393318
66	Homo sapiens	2021-04-01	Gabon	B.1.1.7	EPI_ISL_3355989
66	Homo sapiens	2021-04-01	Gabon	B.1.1.7	EPI_ISL_3355466
