18	Homo sapiens	2020-04-30	Gambia	B.1.1	EPI_ISL_471163
19	Homo sapiens	2020-05-04	Gambia	B.1.1	EPI_ISL_471167
19	Homo sapiens	2020-05-07	Gambia	B.1.1	EPI_ISL_471171
31	Homo sapiens	2020-07-30	Gambia	B.1.292	EPI_ISL_560997
31	Homo sapiens	2020-07-30	Gambia	B.1.292	EPI_ISL_561000
31	Homo sapiens	2020-07-30	Gambia	B.1.416	EPI_ISL_561001
31	Homo sapiens	2020-07-30	Gambia	B.1.416	EPI_ISL_561003
31	Homo sapiens	2020-07-30	Gambia	B.1.1.466	EPI_ISL_561004
31	Homo sapiens	2020-07-30	Gambia	B.1.416	EPI_ISL_561006
31	Homo sapiens	2020-07-30	Gambia	B.1.1.466	EPI_ISL_561009
31	Homo sapiens	2020-07-30	Gambia	B.1.416	EPI_ISL_561011
31	Homo sapiens	2020-07-30	Gambia	B.1.416	EPI_ISL_561012
31	Homo sapiens	2020-07-30	Gambia	B.1.416	EPI_ISL_561013
20	Homo sapiens	2020-05-14	Gambia	B.1.1	EPI_ISL_561021
20	Homo sapiens	2020-05-16	Gambia	B.1.1	EPI_ISL_561022
22	Homo sapiens	2020-05-28	Gambia	B.1.1	EPI_ISL_561034
23	Homo sapiens	2020-06-07	Gambia	B.1.1	EPI_ISL_561038
30	Homo sapiens	2020-07-25	Gambia	B.1.292	EPI_ISL_561041
31	Homo sapiens	2020-07-27	Gambia	B.1.416	EPI_ISL_561042
31	Homo sapiens	2020-07-27	Gambia	B.1.1.466	EPI_ISL_561043
31	Homo sapiens	2020-07-27	Gambia	B.1.416	EPI_ISL_561052
31	Homo sapiens	2020-07-27	Gambia	B.1	EPI_ISL_561060
31	Homo sapiens	2020-07-27	Gambia	B.1.1.466	EPI_ISL_561062
31	Homo sapiens	2020-07-27	Gambia	B.1.416	EPI_ISL_561068
31	Homo sapiens	2020-07-27	Gambia	B.1.416	EPI_ISL_561069
31	Homo sapiens	2020-07-27	Gambia	B.1.1.242	EPI_ISL_561070
31	Homo sapiens	2020-07-27	Gambia	B.1.1.242	EPI_ISL_561071
31	Homo sapiens	2020-07-27	Gambia	B.1.416	EPI_ISL_561073
31	Homo sapiens	2020-07-27	Gambia	B.1.416	EPI_ISL_561074
31	Homo sapiens	2020-07-27	Gambia	B.1.416	EPI_ISL_561075
31	Homo sapiens	2020-07-27	Gambia	B.1.1.466	EPI_ISL_561076
31	Homo sapiens	2020-07-27	Gambia	B.1.1.466	EPI_ISL_561077
31	Homo sapiens	2020-07-27	Gambia	B.1.416	EPI_ISL_561079
31	Homo sapiens	2020-07-27	Gambia	B.1.1.242	EPI_ISL_561081
31	Homo sapiens	2020-07-27	Gambia	B.1.416	EPI_ISL_561082
31	Homo sapiens	2020-07-27	Gambia	B.1.416	EPI_ISL_561083
31	Homo sapiens	2020-07-27	Gambia	B.1.1.466	EPI_ISL_561084
31	Homo sapiens	2020-07-27	Gambia	B.1.1.466	EPI_ISL_561085
31	Homo sapiens	2020-07-27	Gambia	B.1.1.466	EPI_ISL_561087
31	Homo sapiens	2020-07-27	Gambia	B.1	EPI_ISL_561088
31	Homo sapiens	2020-07-27	Gambia	B.1.1	EPI_ISL_561090
31	Homo sapiens	2020-07-27	Gambia	B.1.1.466	EPI_ISL_561091
31	Homo sapiens	2020-07-27	Gambia	B.1.416	EPI_ISL_561093
31	Homo sapiens	2020-07-27	Gambia	B.1.1.466	EPI_ISL_561095
31	Homo sapiens	2020-07-27	Gambia	B.1.1.466	EPI_ISL_561096
31	Homo sapiens	2020-07-27	Gambia	B.1.416	EPI_ISL_561097
31	Homo sapiens	2020-07-27	Gambia	B.1.416	EPI_ISL_561098
31	Homo sapiens	2020-07-27	Gambia	B.1.1.466	EPI_ISL_561099
31	Homo sapiens	2020-07-27	Gambia	B.1.1.466	EPI_ISL_561100
31	Homo sapiens	2020-07-27	Gambia	B.1.1	EPI_ISL_561102
30	Homo sapiens	2020-07-21	Gambia	B.1.1.466	EPI_ISL_561105
30	Homo sapiens	2020-07-21	Gambia	B.1.416	EPI_ISL_561107
30	Homo sapiens	2020-07-21	Gambia	B.1.416	EPI_ISL_561110
30	Homo sapiens	2020-07-21	Gambia	B.1.292	EPI_ISL_561111
30	Homo sapiens	2020-07-21	Gambia	B.1.416	EPI_ISL_561112
30	Homo sapiens	2020-07-21	Gambia	B.1.1.466	EPI_ISL_561113
30	Homo sapiens	2020-07-21	Gambia	B.1.416	EPI_ISL_561114
30	Homo sapiens	2020-07-21	Gambia	B.1.416	EPI_ISL_561115
30	Homo sapiens	2020-07-21	Gambia	B.1.416	EPI_ISL_561116
30	Homo sapiens	2020-07-21	Gambia	B.1.416	EPI_ISL_561119
30	Homo sapiens	2020-07-21	Gambia	B.1.1.466	EPI_ISL_561120
30	Homo sapiens	2020-07-21	Gambia	B.1.1.466	EPI_ISL_561121
30	Homo sapiens	2020-07-21	Gambia	B.1.416	EPI_ISL_561122
30	Homo sapiens	2020-07-21	Gambia	B.1.416	EPI_ISL_561125
30	Homo sapiens	2020-07-21	Gambia	B.1.416	EPI_ISL_561127
30	Homo sapiens	2020-07-21	Gambia	B.1.416	EPI_ISL_561128
30	Homo sapiens	2020-07-21	Gambia	B.1.416	EPI_ISL_561129
30	Homo sapiens	2020-07-21	Gambia	B.1.292	EPI_ISL_561130
30	Homo sapiens	2020-07-21	Gambia	B.1.416	EPI_ISL_561131
30	Homo sapiens	2020-07-21	Gambia	B.1.416	EPI_ISL_561132
30	Homo sapiens	2020-07-21	Gambia	B.1.1.466	EPI_ISL_561133
30	Homo sapiens	2020-07-21	Gambia	B.1.416	EPI_ISL_561135
30	Homo sapiens	2020-07-21	Gambia	B.1.1.466	EPI_ISL_561137
30	Homo sapiens	2020-07-21	Gambia	B.1.416	EPI_ISL_561138
30	Homo sapiens	2020-07-22	Gambia	B.1.416	EPI_ISL_561139
30	Homo sapiens	2020-07-22	Gambia	B.1.1	EPI_ISL_561140
30	Homo sapiens	2020-07-22	Gambia	B.1.1	EPI_ISL_561141
30	Homo sapiens	2020-07-22	Gambia	B.1.416	EPI_ISL_561142
30	Homo sapiens	2020-07-22	Gambia	B.1.416	EPI_ISL_561143
30	Homo sapiens	2020-07-22	Gambia	B.1.1	EPI_ISL_561144
30	Homo sapiens	2020-07-22	Gambia	B.1	EPI_ISL_561145
30	Homo sapiens	2020-07-22	Gambia	B.1.416	EPI_ISL_561146
30	Homo sapiens	2020-07-22	Gambia	B.1.1.466	EPI_ISL_561148
30	Homo sapiens	2020-07-24	Gambia	B.1.582	EPI_ISL_561150
30	Homo sapiens	2020-07-24	Gambia	B.1.1	EPI_ISL_561151
30	Homo sapiens	2020-07-24	Gambia	B.1.416	EPI_ISL_561153
30	Homo sapiens	2020-07-24	Gambia	B.1.1	EPI_ISL_561154
30	Homo sapiens	2020-07-24	Gambia	B.1.416	EPI_ISL_561155
30	Homo sapiens	2020-07-24	Gambia	B.1.1.466	EPI_ISL_561156
30	Homo sapiens	2020-07-24	Gambia	B.1.1.466	EPI_ISL_561157
30	Homo sapiens	2020-07-24	Gambia	B.1.416	EPI_ISL_561158
30	Homo sapiens	2020-07-24	Gambia	B.1.1	EPI_ISL_561159
30	Homo sapiens	2020-07-25	Gambia	B.1.1	EPI_ISL_561160
30	Homo sapiens	2020-07-25	Gambia	B.1.1	EPI_ISL_561162
30	Homo sapiens	2020-07-25	Gambia	B.1.1.242	EPI_ISL_561164
30	Homo sapiens	2020-07-25	Gambia	B.1.1.466	EPI_ISL_561165
30	Homo sapiens	2020-07-25	Gambia	B.1	EPI_ISL_561166
30	Homo sapiens	2020-07-25	Gambia	B.1.1.466	EPI_ISL_561167
30	Homo sapiens	2020-07-25	Gambia	B.1.1	EPI_ISL_561168
31	Homo sapiens	2020-07-27	Gambia	B.1.1	EPI_ISL_561170
31	Homo sapiens	2020-07-27	Gambia	B.1.1	EPI_ISL_561172
31	Homo sapiens	2020-07-27	Gambia	B.1	EPI_ISL_561173
31	Homo sapiens	2020-07-27	Gambia	B.1.1.242	EPI_ISL_561174
31	Homo sapiens	2020-07-27	Gambia	B.1.1.242	EPI_ISL_561176
31	Homo sapiens	2020-07-27	Gambia	B.1.416	EPI_ISL_561177
31	Homo sapiens	2020-07-27	Gambia	B.1.416	EPI_ISL_561178
31	Homo sapiens	2020-07-27	Gambia	B.1.416	EPI_ISL_561180
31	Homo sapiens	2020-07-27	Gambia	B.1.416	EPI_ISL_561181
31	Homo sapiens	2020-07-27	Gambia	B.1.416	EPI_ISL_561182
31	Homo sapiens	2020-07-27	Gambia	B.1.416	EPI_ISL_561184
31	Homo sapiens	2020-07-27	Gambia	B.1.416	EPI_ISL_561185
31	Homo sapiens	2020-07-27	Gambia	B.1.416	EPI_ISL_561188
31	Homo sapiens	2020-07-27	Gambia	B.1.416	EPI_ISL_561189
31	Homo sapiens	2020-07-27	Gambia	B.1.416	EPI_ISL_561190
31	Homo sapiens	2020-07-27	Gambia	B.1.416	EPI_ISL_561191
31	Homo sapiens	2020-07-27	Gambia	B.1.1.466	EPI_ISL_561193
31	Homo sapiens	2020-07-27	Gambia	B.1.1.242	EPI_ISL_561194
31	Homo sapiens	2020-07-27	Gambia	B.1.416	EPI_ISL_561195
31	Homo sapiens	2020-07-27	Gambia	B.1.416	EPI_ISL_561196
31	Homo sapiens	2020-07-27	Gambia	B.1.416	EPI_ISL_561197
31	Homo sapiens	2020-07-27	Gambia	B.1.416	EPI_ISL_561198
31	Homo sapiens	2020-07-27	Gambia	B.1.416	EPI_ISL_561199
31	Homo sapiens	2020-07-27	Gambia	B.1.416	EPI_ISL_561200
31	Homo sapiens	2020-07-27	Gambia	B.1.416	EPI_ISL_561201
31	Homo sapiens	2020-07-27	Gambia	B.1.1	EPI_ISL_561202
26	Homo sapiens	2020-06-27	Gambia	B.1.416	EPI_ISL_561212
27	Homo sapiens	2020-06-30	Gambia	B.1.416	EPI_ISL_561215
27	Homo sapiens	2020-07-02	Gambia	B.1.292	EPI_ISL_561223
27	Homo sapiens	2020-07-04	Gambia	B.1.292	EPI_ISL_561229
32	Homo sapiens	2020-08-04	Gambia	B.1.1.466	EPI_ISL_561237
30	Homo sapiens	2020-07-20	Gambia	B.1.1	EPI_ISL_561238
29	Homo sapiens	2020-07-16	Gambia	B.1.1	EPI_ISL_561240
29	Homo sapiens	2020-07-15	Gambia	B.1.1	EPI_ISL_561241
30	Homo sapiens	2020-07-21	Gambia	B.1.292	EPI_ISL_561249
30	Homo sapiens	2020-07-21	Gambia	B.1.416	EPI_ISL_561260
30	Homo sapiens	2020-07-24	Gambia	B.1.1	EPI_ISL_561268
34	Homo sapiens	2020-08-18	Gambia	B.1.1.466	EPI_ISL_561283
25	Homo sapiens	2020-06-17	Gambia	B.1.416	EPI_ISL_561285
32	Homo sapiens	2020-08-03	Gambia	B.1.416	EPI_ISL_561288
32	Homo sapiens	2020-08-04	Gambia	B.1.416	EPI_ISL_561289
30	Homo sapiens	2020-07-23	Gambia	B.1.1	EPI_ISL_561290
30	Homo sapiens	2020-07-25	Gambia	B.1.1.242	EPI_ISL_561291
32	Homo sapiens	2020-08-07	Gambia	B.1.416	EPI_ISL_561292
30	Homo sapiens	2020-07-25	Gambia	B.1.416	EPI_ISL_561293
30	Homo sapiens	2020-07-25	Gambia	B.1.1.466	EPI_ISL_561294
31	Homo sapiens	2020-07-27	Gambia	B.1.1.466	EPI_ISL_561295
31	Homo sapiens	2020-07-27	Gambia	B.1.1.242	EPI_ISL_561297
30	Homo sapiens	2020-07-26	Gambia	B.1.1.466	EPI_ISL_561304
29	Homo sapiens	2020-07-17	Gambia	B.1.416	EPI_ISL_561310
33	Homo sapiens	2020-08-12	Gambia	B.1.416	EPI_ISL_811016
33	Homo sapiens	2020-08-13	Gambia	B.1.416	EPI_ISL_811018
34	Homo sapiens	2020-08-17	Gambia	B.1.416	EPI_ISL_811021
34	Homo sapiens	2020-08-17	Gambia	B.1.416	EPI_ISL_811022
34	Homo sapiens	2020-08-18	Gambia	B.1.416	EPI_ISL_811023
34	Homo sapiens	2020-08-18	Gambia	B.1.416	EPI_ISL_811024
34	Homo sapiens	2020-08-20	Gambia	B.1.416	EPI_ISL_811025
34	Homo sapiens	2020-08-20	Gambia	B.1.416	EPI_ISL_811026
34	Homo sapiens	2020-08-20	Gambia	B.1.416	EPI_ISL_811027
35	Homo sapiens	2020-08-25	Gambia	B.1.416	EPI_ISL_811028
37	Homo sapiens	2020-09-09	Gambia	B.1.416	EPI_ISL_811033
39	Homo sapiens	2020-09-22	Gambia	B.1.416	EPI_ISL_811034
39	Homo sapiens	2020-09-22	Gambia	B.1.416	EPI_ISL_811035
63	Homo sapiens	2021-03-10	Gambia	B.1.1.318	EPI_ISL_1620171
62	Homo sapiens	2021-03-03	Gambia	B.1.1.7	EPI_ISL_1731562
62	Homo sapiens	2021-03-03	Gambia	B.1.1.7	EPI_ISL_1731563
62	Homo sapiens	2021-03-04	Gambia	B.1.1.7	EPI_ISL_1731564
63	Homo sapiens	2021-03-08	Gambia	B.1.1.7	EPI_ISL_1731566
64	Homo sapiens	2021-03-15	Gambia	B.1.1.318	EPI_ISL_1731567
12	Homo sapiens	2020-03-20	Gambia	B.1.1.8	MZ040125.1
12	Homo sapiens	2020-03-22	Gambia	B.1.1.8	MZ040126.1
13	Homo sapiens	2020-03-24	Gambia	B.1.1.8	MZ040127.1
12	Homo sapiens	2020-03-17	Gambia	B.1.1.8	MZ040128.1
12	Homo sapiens	2020-03-21	Gambia	B.6	MZ040129.1
17	Homo sapiens	2020-04-20	Gambia	B.1	MZ040130.1
61	Homo sapiens	2021-02-22	Gambia	B.1.1.420	EPI_ISL_2958654
60	Homo sapiens	2021-02-17	Gambia	B.1.1.420	EPI_ISL_2958653
37	Homo sapiens	2020-09-09	Gambia	B.1.292	EPI_ISL_2958650
33	Homo sapiens	2020-08-10	Gambia	B.1.416	EPI_ISL_2958649
71	Homo sapiens	2021-05-03	Gambia	B.1.1.7	EPI_ISL_6471606
57	Homo sapiens	2021-01-25	Gambia	B.1.1.420	EPI_ISL_6471586
13	Homo sapiens	2020-03-26	Gambia	B.1	EPI_ISL_455795
13	Homo sapiens	2020-03-23	Gambia	B.6	EPI_ISL_455794
87	Homo sapiens	2021-08-29	Gambia	B.1.1.7	EPI_ISL_8363767
134	Homo sapiens	2022-07-18	Gambia	BA.1.1	EPI_ISL_14241257
111	Homo sapiens	2022-02-08	Gambia	BA.5.1.12	EPI_ISL_14426799
135	Homo sapiens	2022-07-29	Gambia	BA.5.1.21	EPI_ISL_14426783
137	Homo sapiens	2022-08-09	Gambia	BA.1.1	EPI_ISL_14598996
63	Homo sapiens	2021-03-09	Gambia	B.1.1.318	OP581443.1
55	Homo sapiens	2021-01-15	Gambia	B.1.1.420	OP581463.1
55	Homo sapiens	2021-01-15	Gambia	B.1	OP581468.1
55	Homo sapiens	2021-01-16	Gambia	B.1.1.420	OP581474.1
55	Homo sapiens	2021-01-17	Gambia	B.1.1.420	OP581476.1
55	Homo sapiens	2021-01-13	Gambia	B.1.1.7	OP581480.1
59	Homo sapiens	2021-02-13	Gambia	B.1.1.420	OP581528.1
58	Homo sapiens	2021-02-01	Gambia	B.1	OP581530.1
57	Homo sapiens	2021-01-25	Gambia	B.1.416	OP581531.1
57	Homo sapiens	2021-01-29	Gambia	B.1.1.7	OP581548.1
57	Homo sapiens	2021-01-27	Gambia	B.1.1.7	OP581555.1
57	Homo sapiens	2021-01-27	Gambia	B.1.1.420	OP581556.1
57	Homo sapiens	2021-01-27	Gambia	B.1.1.420	OP581557.1
57	Homo sapiens	2021-01-28	Gambia	B.1.1.420	OP581560.1
57	Homo sapiens	2021-01-28	Gambia	B.1.1.420	OP581561.1
57	Homo sapiens	2021-01-29	Gambia	B.1.1.420	OP581565.1
57	Homo sapiens	2021-01-29	Gambia	B.1	OP581566.1
58	Homo sapiens	2021-02-01	Gambia	B.1.1.420	OP581570.1
59	Homo sapiens	2021-02-08	Gambia	B.1.1.420	OP581572.1
59	Homo sapiens	2021-02-08	Gambia	B.1.1.420	OP581573.1
63	Homo sapiens	2021-03-09	Gambia	B.1.1.420	OP581575.1
60	Homo sapiens	2021-02-17	Gambia	B.1.1.7	OP581576.1
60	Homo sapiens	2021-02-20	Gambia	B.1.1.7	OP581583.1
61	Homo sapiens	2021-02-23	Gambia	B.1.1.7	OP581584.1
62	Homo sapiens	2021-03-03	Gambia	B.1.1.420	OP581585.1
61	Homo sapiens	2021-02-22	Gambia	B.1.1.420	OP581588.1
61	Homo sapiens	2021-02-22	Gambia	B.1.1.7	OP581589.1
59	Homo sapiens	2021-02-08	Gambia	B.1.1.420	OP581591.1
59	Homo sapiens	2021-02-08	Gambia	B.1.1.420	OP581592.1
59	Homo sapiens	2021-02-08	Gambia	B.1	OP581593.1
59	Homo sapiens	2021-02-12	Gambia	R.1	OP581595.1
59	Homo sapiens	2021-02-14	Gambia	B.1.1.420	OP581600.1
59	Homo sapiens	2021-02-13	Gambia	B.1.1.7	OP581612.1
59	Homo sapiens	2021-02-14	Gambia	A.27	OP581615.1
60	Homo sapiens	2021-02-15	Gambia	B.1.1.420	OP581616.1
60	Homo sapiens	2021-02-15	Gambia	B.1.1.420	OP581619.1
61	Homo sapiens	2021-02-22	Gambia	B.1.1.420	OP581624.1
62	Homo sapiens	2021-03-01	Gambia	B.1.1.7	OP581665.1
62	Homo sapiens	2021-03-02	Gambia	B.1.1.7	OP581666.1
63	Homo sapiens	2021-03-08	Gambia	A.27	OP581668.1
64	Homo sapiens	2021-03-16	Gambia	A.27	OP581670.1
56	Homo sapiens	2021-01-21	Gambia	B.1.1.466	OP581690.1
58	Homo sapiens	2021-02-02	Gambia	B.1.1.7	OP581692.1
58	Homo sapiens	2021-02-02	Gambia	B.1.1.7	OP581693.1
66	Homo sapiens	2021-04-02	Gambia	B.1.1.7	OP581694.1
66	Homo sapiens	2021-04-02	Gambia	B.1.1.7	OP581695.1
66	Homo sapiens	2021-04-02	Gambia	B.1.1.7	OP581697.1
58	Homo sapiens	2021-02-04	Gambia	B.1.1.420	OP581698.1
82	Homo sapiens	2021-07-20	Gambia	B.1.1.466	OP581701.1
83	Homo sapiens	2021-07-27	Gambia	B.1.1	OP581702.1
58	Homo sapiens	2021-02-05	Gambia	B.1.1.420	OP581715.1
58	Homo sapiens	2021-02-07	Gambia	B.1.1.420	OP581718.1
57	Homo sapiens	2021-01-31	Gambia	B.1.1.7	OP581720.1
58	Homo sapiens	2021-02-02	Gambia	A.27	OP581721.1
58	Homo sapiens	2021-02-02	Gambia	B.1.1.7	OP581722.1
58	Homo sapiens	2021-02-03	Gambia	A.27	OP581723.1
58	Homo sapiens	2021-02-03	Gambia	A.27	OP581724.1
58	Homo sapiens	2021-02-03	Gambia	A.27	OP581726.1
58	Homo sapiens	2021-02-03	Gambia	B.1.1.7	OP581727.1
58	Homo sapiens	2021-02-04	Gambia	B.1.1.420	OP581729.1
58	Homo sapiens	2021-02-04	Gambia	B.1.1.420	OP581730.1
58	Homo sapiens	2021-02-04	Gambia	B.1.1.420	OP581731.1
60	Homo sapiens	2021-02-18	Gambia	Q.4	OP581749.1
59	Homo sapiens	2021-02-13	Gambia	B.1.1.420	OP581763.1
59	Homo sapiens	2021-02-13	Gambia	B.1	OP581765.1
59	Homo sapiens	2021-02-14	Gambia	B.1.1.420	OP581776.1
31	Homo sapiens	2020-07-27	Gambia	B.1.1.466	OP581786.1
31	Homo sapiens	2020-07-27	Gambia	B.1.416	OP581788.1
139	Homo sapiens	2022-08-25	Gambia	BA.5.2.20	EPI_ISL_15494972
141	Homo sapiens	2022-09-05	Gambia	BA.5.1.12	EPI_ISL_15496369
137	Homo sapiens	2022-08-08	Gambia	BA.5.1.21	EPI_ISL_15496362
139	Homo sapiens	2022-08-26	Gambia	AY.34	EPI_ISL_15496365
