21	Homo sapiens	2020-05-23	Ghana	B.1.1.485	MT890210.1
21	Homo sapiens	2020-05-24	Ghana	A.11	MT890230.1
12	Homo sapiens	2020-03-22	Ghana	A.11	EPI_ISL_515181
13	Homo sapiens	2020-03-27	Ghana	A	EPI_ISL_515182
30	Homo sapiens	2020-07-20	Ghana	B.1.1	MW523390.1
30	Homo sapiens	2020-07-20	Ghana	B.1.1.485	MW523392.1
35	Homo sapiens	2020-08-24	Ghana	B.1.1	MW523399.1
30	Homo sapiens	2020-07-20	Ghana	B.1.1.485	EPI_ISL_884826
30	Homo sapiens	2020-07-20	Ghana	B.1.1	EPI_ISL_884829
30	Homo sapiens	2020-07-20	Ghana	B.1.1	EPI_ISL_884830
30	Homo sapiens	2020-07-20	Ghana	B.1.1.485	EPI_ISL_884831
30	Homo sapiens	2020-07-20	Ghana	B.1.1.485	EPI_ISL_884832
30	Homo sapiens	2020-07-20	Ghana	B.1.1.485	EPI_ISL_884834
30	Homo sapiens	2020-07-21	Ghana	B.1.1.485	EPI_ISL_884837
35	Homo sapiens	2020-08-24	Ghana	B.1.1	EPI_ISL_884839
31	Homo sapiens	2020-07-30	Ghana	B.1.1.359	EPI_ISL_884840
31	Homo sapiens	2020-07-30	Ghana	B.1.1	EPI_ISL_884842
30	Homo sapiens	2020-07-22	Ghana	B.1.1	EPI_ISL_884844
30	Homo sapiens	2020-07-21	Ghana	B.1.1	EPI_ISL_884847
30	Homo sapiens	2020-07-21	Ghana	B.1.1.174	EPI_ISL_884848
30	Homo sapiens	2020-07-21	Ghana	A	EPI_ISL_884849
30	Homo sapiens	2020-07-21	Ghana	B.1.1	EPI_ISL_884850
30	Homo sapiens	2020-07-21	Ghana	B.1.482	EPI_ISL_884851
31	Homo sapiens	2020-07-31	Ghana	B.1.1	EPI_ISL_884852
32	Homo sapiens	2020-08-03	Ghana	B.1.1.359	EPI_ISL_884854
52	Homo sapiens	2020-12-23	Ghana	B.1.1.7	MW598426.1
54	Homo sapiens	2021-01-06	Ghana	B.1.177	EPI_ISL_944646
54	Homo sapiens	2021-01-06	Ghana	B.1.177	EPI_ISL_944647
54	Homo sapiens	2021-01-06	Ghana	B.1.177.81	EPI_ISL_944649
54	Homo sapiens	2021-01-06	Ghana	B.1	EPI_ISL_944650
53	Homo sapiens	2021-01-02	Ghana	B.1.36	EPI_ISL_944652
54	Homo sapiens	2021-01-06	Ghana	B.1.1	EPI_ISL_944653
54	Homo sapiens	2021-01-06	Ghana	B.1.1	EPI_ISL_944655
54	Homo sapiens	2021-01-10	Ghana	B.1	EPI_ISL_944656
54	Homo sapiens	2021-01-10	Ghana	B.1	EPI_ISL_944657
54	Homo sapiens	2021-01-06	Ghana	A.23.1	EPI_ISL_944663
54	Homo sapiens	2021-01-08	Ghana	B.1.1.7	MW662138.1
54	Homo sapiens	2021-01-08	Ghana	B.1.1.7	MW662139.1
54	Homo sapiens	2021-01-10	Ghana	B.1.1.7	MW662140.1
54	Homo sapiens	2021-01-10	Ghana	B.1.1.7	MW662141.1
54	Homo sapiens	2021-01-10	Ghana	B.1.1.7	MW662142.1
54	Homo sapiens	2021-01-10	Ghana	B.1.1.7	MW662143.1
55	Homo sapiens	2021-01-11	Ghana	B.1.1.7	MW662144.1
55	Homo sapiens	2021-01-11	Ghana	B.1.1.7	MW662145.1
55	Homo sapiens	2021-01-12	Ghana	B.1.1.7	MW662146.1
55	Homo sapiens	2021-01-12	Ghana	B.1.1.7	MW662147.1
55	Homo sapiens	2021-01-12	Ghana	B.1.1.7	MW662148.1
55	Homo sapiens	2021-01-13	Ghana	B.1.1.7	MW662149.1
55	Homo sapiens	2021-01-14	Ghana	B.1.1.7	MW662150.1
55	Homo sapiens	2021-01-14	Ghana	B.1.1.7	MW662151.1
51	Homo sapiens	2020-12-17	Ghana	B.1.1.7	MW662152.1
52	Homo sapiens	2020-12-22	Ghana	B.1.1.7	MW662153.1
52	Homo sapiens	2020-12-23	Ghana	B.1.1.7	MW662154.1
52	Homo sapiens	2020-12-24	Ghana	B.1.1.7	MW662155.1
52	Homo sapiens	2020-12-24	Ghana	B.1.1.7	MW662157.1
52	Homo sapiens	2020-12-24	Ghana	B.1.1.7	MW662158.1
52	Homo sapiens	2020-12-24	Ghana	B.1.1.7	MW662159.1
52	Homo sapiens	2020-12-24	Ghana	B.1.1.7	MW662160.1
52	Homo sapiens	2020-12-24	Ghana	B.1.1.7	MW662161.1
52	Homo sapiens	2020-12-24	Ghana	B.1.1.7	MW662162.1
52	Homo sapiens	2020-12-26	Ghana	B.1.1.7	MW662163.1
52	Homo sapiens	2020-12-26	Ghana	B.1.1.7	MW662165.1
52	Homo sapiens	2020-12-27	Ghana	B.1.1.7	MW662166.1
36	Homo sapiens	2020-09-03	Ghana	B.1.1	EPI_ISL_1255105
34	Homo sapiens	2020-08-20	Ghana	B.1.1	EPI_ISL_1255106
31	Homo sapiens	2020-07-30	Ghana	B.1.1.359	EPI_ISL_1255107
34	Homo sapiens	2020-08-20	Ghana	A.11	EPI_ISL_1255109
31	Homo sapiens	2020-07-30	Ghana	B.1.1	EPI_ISL_1255110
34	Homo sapiens	2020-08-20	Ghana	B.1.1	EPI_ISL_1255111
32	Homo sapiens	2020-08-04	Ghana	A.11	EPI_ISL_1255113
35	Homo sapiens	2020-08-24	Ghana	B.1.1.359	EPI_ISL_1255115
30	Homo sapiens	2020-07-20	Ghana	B.1.1.485	EPI_ISL_1255116
30	Homo sapiens	2020-07-20	Ghana	B.1.1.462	EPI_ISL_1255117
31	Homo sapiens	2020-07-30	Ghana	B.1.1.485	EPI_ISL_1255119
54	Homo sapiens	2021-01-07	Ghana	B.1.1.7	EPI_ISL_1255120
54	Homo sapiens	2021-01-07	Ghana	B.1.1.7	EPI_ISL_1255121
54	Homo sapiens	2021-01-07	Ghana	B.1.1.7	EPI_ISL_1255122
55	Homo sapiens	2021-01-12	Ghana	B.1.1.7	EPI_ISL_1255123
55	Homo sapiens	2021-01-14	Ghana	B.1.1.7	EPI_ISL_1255124
55	Homo sapiens	2021-01-15	Ghana	B.1.1.7	EPI_ISL_1255125
55	Homo sapiens	2021-01-15	Ghana	B.1.1.7	EPI_ISL_1255126
55	Homo sapiens	2021-01-15	Ghana	B.1.1.7	EPI_ISL_1255127
55	Homo sapiens	2021-01-15	Ghana	B.1.1.7	EPI_ISL_1255128
55	Homo sapiens	2021-01-15	Ghana	B.1.1.7	EPI_ISL_1255129
55	Homo sapiens	2021-01-15	Ghana	B.1.1.7	EPI_ISL_1255131
55	Homo sapiens	2021-01-15	Ghana	B.1.1.7	EPI_ISL_1255132
55	Homo sapiens	2021-01-15	Ghana	B.1.1.7	EPI_ISL_1255133
55	Homo sapiens	2021-01-15	Ghana	B.1.1.7	EPI_ISL_1255134
55	Homo sapiens	2021-01-15	Ghana	B.1.1.7	EPI_ISL_1255135
55	Homo sapiens	2021-01-15	Ghana	B.1.1.7	EPI_ISL_1255136
55	Homo sapiens	2021-01-15	Ghana	B.1.1.7	EPI_ISL_1255137
55	Homo sapiens	2021-01-15	Ghana	B.1.1.7	EPI_ISL_1255138
55	Homo sapiens	2021-01-15	Ghana	B.1.1.7	EPI_ISL_1255139
55	Homo sapiens	2021-01-16	Ghana	B.1.1.7	EPI_ISL_1255140
30	Homo sapiens	2020-07-25	Ghana	B.1.1	EPI_ISL_1255144
34	Homo sapiens	2020-08-21	Ghana	B.1.1.359	EPI_ISL_1255145
35	Homo sapiens	2020-08-24	Ghana	B.1.1	EPI_ISL_1255147
35	Homo sapiens	2020-08-24	Ghana	B.1.1.485	EPI_ISL_1255150
35	Homo sapiens	2020-08-26	Ghana	B.1.1	EPI_ISL_1255151
35	Homo sapiens	2020-08-27	Ghana	B.1.1	EPI_ISL_1255154
35	Homo sapiens	2020-08-27	Ghana	B.1.1.117	EPI_ISL_1255155
35	Homo sapiens	2020-08-27	Ghana	B.1.1	EPI_ISL_1255156
53	Homo sapiens	2021-01-01	Ghana	B.1	EPI_ISL_1255157
54	Homo sapiens	2021-01-06	Ghana	B.1.1	EPI_ISL_1255160
54	Homo sapiens	2021-01-07	Ghana	B.1.1.7	EPI_ISL_1255161
54	Homo sapiens	2021-01-08	Ghana	B.1.1	EPI_ISL_1255162
50	Homo sapiens	2020-12-08	Ghana	B.1	EPI_ISL_1255165
51	Homo sapiens	2020-12-14	Ghana	B.1.1.359	EPI_ISL_1255167
51	Homo sapiens	2020-12-14	Ghana	B.1	EPI_ISL_1255168
49	Homo sapiens	2020-12-02	Ghana	B.1.1	EPI_ISL_1255169
49	Homo sapiens	2020-12-02	Ghana	B.1.1	EPI_ISL_1255170
50	Homo sapiens	2020-12-11	Ghana	B.1.1	EPI_ISL_1255173
49	Homo sapiens	2020-12-03	Ghana	B.1.1	EPI_ISL_1255174
49	Homo sapiens	2020-12-03	Ghana	B.1	EPI_ISL_1255175
51	Homo sapiens	2020-12-17	Ghana	B.1.1	EPI_ISL_1255176
49	Homo sapiens	2020-12-03	Ghana	B.1	EPI_ISL_1255177
49	Homo sapiens	2020-12-03	Ghana	B.1	EPI_ISL_1255179
49	Homo sapiens	2020-12-03	Ghana	B.1	EPI_ISL_1255180
49	Homo sapiens	2020-12-03	Ghana	B.1	EPI_ISL_1255181
50	Homo sapiens	2020-12-09	Ghana	B.1.1.359	EPI_ISL_1255183
55	Homo sapiens	2021-01-15	Ghana	B.1.1.7	EPI_ISL_1255184
55	Homo sapiens	2021-01-15	Ghana	B.1.1.7	EPI_ISL_1255185
33	Homo sapiens	2020-08-12	Ghana	B.1	EPI_ISL_1255186
48	Homo sapiens	2020-11-28	Ghana	B.1	EPI_ISL_1255187
48	Homo sapiens	2020-11-23	Ghana	B.1.1	EPI_ISL_1255191
48	Homo sapiens	2020-11-23	Ghana	B.1.1	EPI_ISL_1255192
48	Homo sapiens	2020-11-23	Ghana	B.1	EPI_ISL_1255193
55	Homo sapiens	2021-01-12	Ghana	B.1.1.7	EPI_ISL_1255207
55	Homo sapiens	2021-01-12	Ghana	B.1.1.359	EPI_ISL_1255208
55	Homo sapiens	2021-01-12	Ghana	B.1.1.359	EPI_ISL_1255210
55	Homo sapiens	2021-01-11	Ghana	B.1.1.7	EPI_ISL_1255215
55	Homo sapiens	2021-01-11	Ghana	B.1.1	EPI_ISL_1255218
53	Homo sapiens	2021-01-01	Ghana	B.1	EPI_ISL_1255220
53	Homo sapiens	2021-01-01	Ghana	B.1	EPI_ISL_1255221
54	Homo sapiens	2021-01-08	Ghana	B.1.1	EPI_ISL_1255223
54	Homo sapiens	2021-01-07	Ghana	B.1.1.7	EPI_ISL_1255225
32	Homo sapiens	2020-08-03	Ghana	B.1.1	EPI_ISL_1255228
48	Homo sapiens	2020-11-23	Ghana	B.1.1	EPI_ISL_1255230
50	Homo sapiens	2020-12-11	Ghana	B.1.1	EPI_ISL_1255232
48	Homo sapiens	2020-11-27	Ghana	B.1.1	EPI_ISL_1255235
48	Homo sapiens	2020-11-29	Ghana	B.1	EPI_ISL_1255237
44	Homo sapiens	2020-10-30	Ghana	B.1.1.359	EPI_ISL_1255238
29	Homo sapiens	2020-07-17	Ghana	B.1.1	EPI_ISL_1255242
30	Homo sapiens	2020-07-22	Ghana	B.1.1.485	EPI_ISL_1255244
28	Homo sapiens	2020-07-07	Ghana	B.1.1.485	EPI_ISL_1255245
30	Homo sapiens	2020-07-23	Ghana	B.1.1	EPI_ISL_1255246
30	Homo sapiens	2020-07-26	Ghana	B.1.1	EPI_ISL_1255247
29	Homo sapiens	2020-07-17	Ghana	B.1.1	EPI_ISL_1255248
44	Homo sapiens	2020-10-26	Ghana	B.1.1	EPI_ISL_1255252
44	Homo sapiens	2020-10-26	Ghana	B.1.1	EPI_ISL_1255253
45	Homo sapiens	2020-11-03	Ghana	B.1	EPI_ISL_1255254
47	Homo sapiens	2020-11-19	Ghana	B.1	EPI_ISL_1255257
47	Homo sapiens	2020-11-20	Ghana	B.1.1	EPI_ISL_1255259
48	Homo sapiens	2020-11-23	Ghana	B.1.1	EPI_ISL_1255260
48	Homo sapiens	2020-11-23	Ghana	B.1.1	EPI_ISL_1255261
48	Homo sapiens	2020-11-27	Ghana	B.1.1	EPI_ISL_1255263
59	Homo sapiens	2021-02-08	Ghana	B.1.1.7	EPI_ISL_1255264
59	Homo sapiens	2021-02-09	Ghana	B.1.1.7	EPI_ISL_1255265
59	Homo sapiens	2021-02-09	Ghana	B.1.1.7	EPI_ISL_1255266
59	Homo sapiens	2021-02-09	Ghana	B.1.1.7	EPI_ISL_1255267
59	Homo sapiens	2021-02-10	Ghana	B.1.1	EPI_ISL_1255268
59	Homo sapiens	2021-02-10	Ghana	B.1.525	EPI_ISL_1255270
59	Homo sapiens	2021-02-10	Ghana	B.1.1.7	EPI_ISL_1255271
58	Homo sapiens	2021-02-04	Ghana	B.1.1.7	EPI_ISL_1255272
58	Homo sapiens	2021-02-04	Ghana	B.1.1.7	EPI_ISL_1255273
58	Homo sapiens	2021-02-04	Ghana	B.1.1.7	EPI_ISL_1255275
56	Homo sapiens	2021-01-18	Ghana	B.1.1.7	EPI_ISL_1255276
59	Homo sapiens	2021-02-10	Ghana	B.1.1.7	EPI_ISL_1255277
54	Homo sapiens	2021-01-10	Ghana	B.1.1.7	EPI_ISL_1018071
54	Homo sapiens	2021-01-10	Ghana	R.1	EPI_ISL_1018072
54	Homo sapiens	2021-01-10	Ghana	L.3	EPI_ISL_1018073
54	Homo sapiens	2021-01-10	Ghana	B.1.351	EPI_ISL_1018074
55	Homo sapiens	2021-01-11	Ghana	B.1	EPI_ISL_1018075
55	Homo sapiens	2021-01-12	Ghana	B.1.2	EPI_ISL_1018076
55	Homo sapiens	2021-01-12	Ghana	L.3	EPI_ISL_1018077
55	Homo sapiens	2021-01-12	Ghana	R.1	EPI_ISL_1018078
55	Homo sapiens	2021-01-12	Ghana	B.1.351	EPI_ISL_1018079
55	Homo sapiens	2021-01-12	Ghana	B.1.1.487	EPI_ISL_1018080
55	Homo sapiens	2021-01-12	Ghana	R.1	EPI_ISL_1018081
55	Homo sapiens	2021-01-13	Ghana	B.1.525	EPI_ISL_1018082
55	Homo sapiens	2021-01-13	Ghana	B.1.1.7	EPI_ISL_1018083
55	Homo sapiens	2021-01-13	Ghana	B.1.2	EPI_ISL_1018084
55	Homo sapiens	2021-01-14	Ghana	B.1.351	EPI_ISL_1018085
55	Homo sapiens	2021-01-14	Ghana	B.1.351	EPI_ISL_1018086
55	Homo sapiens	2021-01-14	Ghana	B.1.2	EPI_ISL_1018087
50	Homo sapiens	2020-12-10	Ghana	B.1.1.7	EPI_ISL_1018088
50	Homo sapiens	2020-12-10	Ghana	B.1	EPI_ISL_1018089
52	Homo sapiens	2020-12-22	Ghana	B.1.1	EPI_ISL_1018090
52	Homo sapiens	2020-12-23	Ghana	A	EPI_ISL_1018091
52	Homo sapiens	2020-12-23	Ghana	B.1.1.7	EPI_ISL_1018092
52	Homo sapiens	2020-12-24	Ghana	B.1.1	EPI_ISL_1018093
52	Homo sapiens	2020-12-24	Ghana	B.1.361	EPI_ISL_1018094
52	Homo sapiens	2020-12-24	Ghana	B.1.1	EPI_ISL_1018095
52	Homo sapiens	2020-12-27	Ghana	B.1.1	EPI_ISL_1018096
52	Homo sapiens	2020-12-27	Ghana	B.1.1.7	EPI_ISL_1018097
52	Homo sapiens	2020-12-27	Ghana	R.1	EPI_ISL_1018098
45	Homo sapiens	2020-11-06	Ghana	B.1.1.485	EPI_ISL_1018099
46	Homo sapiens	2020-11-13	Ghana	B.1.1	EPI_ISL_1018100
46	Homo sapiens	2020-11-13	Ghana	B.1.1.359	EPI_ISL_1018101
64	Homo sapiens	2021-03-16	Ghana	B.1.1.7	EPI_ISL_2001074
64	Homo sapiens	2021-03-15	Ghana	B.1.1.7	EPI_ISL_2001079
58	Homo sapiens	2021-02-05	Ghana	B.1.1.7	EPI_ISL_2001095
58	Homo sapiens	2021-02-04	Ghana	B.1.1.7	EPI_ISL_2001092
58	Homo sapiens	2021-02-04	Ghana	B.1.1.7	EPI_ISL_2001093
58	Homo sapiens	2021-02-03	Ghana	B.1.1.7	EPI_ISL_2001091
58	Homo sapiens	2021-02-02	Ghana	B.1.1.7	EPI_ISL_2001089
58	Homo sapiens	2021-02-02	Ghana	B.1.1.7	EPI_ISL_2001090
57	Homo sapiens	2021-01-31	Ghana	B.1.1.7	EPI_ISL_2001081
57	Homo sapiens	2021-01-31	Ghana	B.1.1.7	EPI_ISL_2001086
57	Homo sapiens	2021-01-31	Ghana	B.1.1.7	EPI_ISL_2001088
69	Homo sapiens	2021-04-20	Ghana	B.1.1.318	EPI_ISL_2285861
69	Homo sapiens	2021-04-20	Ghana	B.1.617.2	EPI_ISL_2285862
67	Homo sapiens	2021-04-11	Ghana	B.1.1.7	EPI_ISL_2285852
67	Homo sapiens	2021-04-05	Ghana	B.1.1.7	EPI_ISL_2285844
63	Homo sapiens	2021-03-13	Ghana	B.1.525	EPI_ISL_2361921
63	Homo sapiens	2021-03-12	Ghana	B.1.1.7	EPI_ISL_2361920
63	Homo sapiens	2021-03-10	Ghana	B.1.525	EPI_ISL_2361923
63	Homo sapiens	2021-03-09	Ghana	B.1.1.7	EPI_ISL_2361917
63	Homo sapiens	2021-03-09	Ghana	B.1.1.318	EPI_ISL_2361918
62	Homo sapiens	2021-03-06	Ghana	B.1.525	EPI_ISL_2361922
62	Homo sapiens	2021-03-05	Ghana	B.1.1.7	EPI_ISL_2361916
62	Homo sapiens	2021-03-05	Ghana	B.1.1.7	EPI_ISL_2361906
62	Homo sapiens	2021-03-04	Ghana	B.1.1.318	EPI_ISL_2348486
62	Homo sapiens	2021-03-04	Ghana	B.1.1.318	EPI_ISL_2361905
61	Homo sapiens	2021-02-26	Ghana	B.1.1.7	EPI_ISL_2361914
61	Homo sapiens	2021-02-26	Ghana	B.1.1.7	EPI_ISL_2361915
60	Homo sapiens	2021-02-20	Ghana	B.1.525	EPI_ISL_2361913
60	Homo sapiens	2021-02-19	Ghana	B.1.1.7	EPI_ISL_2361911
60	Homo sapiens	2021-02-19	Ghana	B.1.1.7	EPI_ISL_2361912
60	Homo sapiens	2021-02-17	Ghana	B.1.1.7	EPI_ISL_2361908
63	Homo sapiens	2021-03-10	Ghana	B.1.525	EPI_ISL_2376389
62	Homo sapiens	2021-03-05	Ghana	B.1.1.7	EPI_ISL_2376387
62	Homo sapiens	2021-03-05	Ghana	B.1.1.7	EPI_ISL_2376388
61	Homo sapiens	2021-02-26	Ghana	B.1.1.7	EPI_ISL_2376386
61	Homo sapiens	2021-02-25	Ghana	B.1.525	EPI_ISL_2376385
61	Homo sapiens	2021-02-24	Ghana	A.27	EPI_ISL_2376384
60	Homo sapiens	2021-02-18	Ghana	B.1.525	EPI_ISL_2376383
70	Homo sapiens	2021-04-28	Ghana	B.1.1.318	EPI_ISL_2422595
69	Homo sapiens	2021-04-24	Ghana	B.1.1.7	EPI_ISL_2422615
69	Homo sapiens	2021-04-24	Ghana	B.1.1.7	EPI_ISL_2422627
69	Homo sapiens	2021-04-20	Ghana	B.1.1.318	EPI_ISL_2422605
66	Homo sapiens	2021-04-03	Ghana	B.1.1.318	EPI_ISL_2422594
66	Homo sapiens	2021-04-03	Ghana	B.1.1.318	EPI_ISL_2422614
66	Homo sapiens	2021-04-03	Ghana	B.1.1.318	EPI_ISL_2422619
66	Homo sapiens	2021-04-03	Ghana	B.1.1.318	EPI_ISL_2422625
66	Homo sapiens	2021-04-01	Ghana	B.1.1.318	EPI_ISL_2422610
66	Homo sapiens	2021-04-01	Ghana	B.1.1.318	EPI_ISL_2422612
66	Homo sapiens	2021-03-30	Ghana	B.1.1.7	EPI_ISL_2422568
66	Homo sapiens	2021-03-30	Ghana	B.1.1.7	EPI_ISL_2422570
66	Homo sapiens	2021-03-30	Ghana	B.1.1.7	EPI_ISL_2422571
66	Homo sapiens	2021-03-30	Ghana	B.1.1.7	EPI_ISL_2422604
66	Homo sapiens	2021-03-29	Ghana	B.1.1.318	EPI_ISL_2422600
65	Homo sapiens	2021-03-26	Ghana	B.1.1.7	EPI_ISL_2422566
65	Homo sapiens	2021-03-25	Ghana	B.1.1.318	EPI_ISL_2422564
65	Homo sapiens	2021-03-24	Ghana	B.1.1.7	EPI_ISL_2422558
65	Homo sapiens	2021-03-24	Ghana	B.1.1.7	EPI_ISL_2422560
65	Homo sapiens	2021-03-24	Ghana	B.1.1.7	EPI_ISL_2422561
65	Homo sapiens	2021-03-23	Ghana	B.1.1.7	EPI_ISL_2422557
64	Homo sapiens	2021-03-20	Ghana	B.1.526	EPI_ISL_2422552
64	Homo sapiens	2021-03-20	Ghana	B.1.1.7	EPI_ISL_2422553
64	Homo sapiens	2021-03-18	Ghana	B.1.526	EPI_ISL_2422548
64	Homo sapiens	2021-03-18	Ghana	B.1.1.7	EPI_ISL_2422550
64	Homo sapiens	2021-03-18	Ghana	B.1.1.7	EPI_ISL_2422551
64	Homo sapiens	2021-03-17	Ghana	B.1.1.7	EPI_ISL_2422546
64	Homo sapiens	2021-03-17	Ghana	B.1.1.7	EPI_ISL_2422547
64	Homo sapiens	2021-03-15	Ghana	B.1.1.7	EPI_ISL_2422544
64	Homo sapiens	2021-03-15	Ghana	B.1.1.7	EPI_ISL_2422593
63	Homo sapiens	2021-03-14	Ghana	B.1.1.318	EPI_ISL_2422543
62	Homo sapiens	2021-03-06	Ghana	B.1.1.7	EPI_ISL_2422583
62	Homo sapiens	2021-03-04	Ghana	B.1.1.7	EPI_ISL_2422581
62	Homo sapiens	2021-03-01	Ghana	B.1.1.7	EPI_ISL_2422577
62	Homo sapiens	2021-03-01	Ghana	B.1.1.7	EPI_ISL_2422579
62	Homo sapiens	2021-03-01	Ghana	B.1.1.7	EPI_ISL_2422575
62	Homo sapiens	2021-03-01	Ghana	B.1.1.7	EPI_ISL_2422574
60	Homo sapiens	2021-02-17	Ghana	B.1.525	EPI_ISL_2422507
60	Homo sapiens	2021-02-17	Ghana	B.1.1.318	EPI_ISL_2422508
60	Homo sapiens	2021-02-16	Ghana	B.1.525	EPI_ISL_2422506
60	Homo sapiens	2021-02-15	Ghana	B.1.1.7	EPI_ISL_2422504
60	Homo sapiens	2021-02-15	Ghana	B.1.525	EPI_ISL_2422509
59	Homo sapiens	2021-02-12	Ghana	B.1.525	EPI_ISL_2422503
59	Homo sapiens	2021-02-11	Ghana	B.1.1.7	EPI_ISL_2422533
58	Homo sapiens	2021-02-03	Ghana	B.1.525	EPI_ISL_2422603
58	Homo sapiens	2021-02-01	Ghana	B.1.1.7	EPI_ISL_2422518
57	Homo sapiens	2021-01-29	Ghana	B.1.1.7	EPI_ISL_2422511
55	Homo sapiens	2021-01-13	Ghana	B.1.1.7	EPI_ISL_2422497
54	Homo sapiens	2021-01-10	Ghana	B.1.1	EPI_ISL_2422495
44	Homo sapiens	2020-10-27	Ghana	B.1.1.359	EPI_ISL_2422515
44	Homo sapiens	2020-10-26	Ghana	B.1.1.359	EPI_ISL_2422516
36	Homo sapiens	2020-09-03	Ghana	B.1.1	EPI_ISL_2422524
36	Homo sapiens	2020-09-03	Ghana	B.1.1	EPI_ISL_2422528
36	Homo sapiens	2020-09-03	Ghana	B.1.1	EPI_ISL_2422530
36	Homo sapiens	2020-09-02	Ghana	B.1.398	EPI_ISL_2422521
31	Homo sapiens	2020-07-27	Ghana	B.1.1	EPI_ISL_2422500
28	Homo sapiens	2020-07-08	Ghana	B.1.1	EPI_ISL_2422514
62	Homo sapiens	2021-03-05	Ghana	B.1.1.7	EPI_ISL_2535785
62	Homo sapiens	2021-03-05	Ghana	B.1.1.7	EPI_ISL_2535787
62	Homo sapiens	2021-03-05	Ghana	B.1.1.7	EPI_ISL_2535789
61	Homo sapiens	2021-02-24	Ghana	B.1.1.7	EPI_ISL_2535830
61	Homo sapiens	2021-02-24	Ghana	B.1.1.7	EPI_ISL_2535831
60	Homo sapiens	2021-02-19	Ghana	B.1.1.7	EPI_ISL_2535824
60	Homo sapiens	2021-02-17	Ghana	B.1.525	EPI_ISL_2535822
60	Homo sapiens	2021-02-17	Ghana	B.1.1.7	EPI_ISL_2535823
59	Homo sapiens	2021-02-12	Ghana	B.1.1.7	EPI_ISL_2535817
59	Homo sapiens	2021-02-12	Ghana	B.1.1.7	EPI_ISL_2535819
59	Homo sapiens	2021-02-10	Ghana	B.1.1.7	EPI_ISL_2535813
59	Homo sapiens	2021-02-08	Ghana	B.1.1.7	EPI_ISL_2535812
58	Homo sapiens	2021-02-05	Ghana	B.1.1.7	EPI_ISL_2535809
58	Homo sapiens	2021-02-05	Ghana	B.1.1	EPI_ISL_2535811
58	Homo sapiens	2021-02-01	Ghana	B.1.1.7	EPI_ISL_2535807
58	Homo sapiens	2021-02-01	Ghana	B.1.1.7	EPI_ISL_2535808
57	Homo sapiens	2021-01-28	Ghana	B.1.1.7	EPI_ISL_2535803
57	Homo sapiens	2021-01-28	Ghana	B.1.1.7	EPI_ISL_2535802
57	Homo sapiens	2021-01-28	Ghana	B.1.1.7	EPI_ISL_2535804
57	Homo sapiens	2021-01-28	Ghana	B.1.1.7	EPI_ISL_2535805
57	Homo sapiens	2021-01-28	Ghana	B.1.1.7	EPI_ISL_2535806
54	Homo sapiens	2021-01-08	Ghana	B.1	EPI_ISL_2535801
76	Homo sapiens	2021-06-09	Ghana	B.1.1.318	EPI_ISL_2836911
76	Homo sapiens	2021-06-09	Ghana	B.1.1.318	EPI_ISL_2836925
75	Homo sapiens	2021-06-02	Ghana	B.1.1.318	EPI_ISL_2836946
75	Homo sapiens	2021-05-31	Ghana	B.1.1.318	EPI_ISL_2836937
74	Homo sapiens	2021-05-28	Ghana	B.1.1.318	EPI_ISL_2836920
74	Homo sapiens	2021-05-25	Ghana	B.1.1.318	EPI_ISL_2836943
74	Homo sapiens	2021-05-24	Ghana	B.1.1.318	EPI_ISL_2836921
74	Homo sapiens	2021-05-24	Ghana	B.1.1.318	EPI_ISL_2836922
73	Homo sapiens	2021-05-21	Ghana	B.1.1.318	EPI_ISL_2836928
73	Homo sapiens	2021-05-21	Ghana	B.1.1.7	EPI_ISL_2836950
73	Homo sapiens	2021-05-20	Ghana	B.1.1.318	EPI_ISL_2836929
73	Homo sapiens	2021-05-20	Ghana	B.1.1.318	EPI_ISL_2836967
73	Homo sapiens	2021-05-18	Ghana	B.1.1.318	EPI_ISL_2836888
73	Homo sapiens	2021-05-17	Ghana	B.1.1.318	EPI_ISL_2836951
73	Homo sapiens	2021-05-17	Ghana	B.1.1.318	EPI_ISL_2836952
72	Homo sapiens	2021-05-14	Ghana	B.1.525	EPI_ISL_2836909
72	Homo sapiens	2021-05-14	Ghana	B.1.1.318	EPI_ISL_2836903
72	Homo sapiens	2021-05-11	Ghana	B.1.1.318	EPI_ISL_2836887
72	Homo sapiens	2021-05-11	Ghana	B.1.1.318	EPI_ISL_2836915
72	Homo sapiens	2021-05-11	Ghana	B.1.1.318	EPI_ISL_2836934
71	Homo sapiens	2021-05-07	Ghana	B.1.525	EPI_ISL_2836886
70	Homo sapiens	2021-04-29	Ghana	B.1.1.318	EPI_ISL_2836875
70	Homo sapiens	2021-04-29	Ghana	B.1.1.318	EPI_ISL_2836880
70	Homo sapiens	2021-04-29	Ghana	B.1.525	EPI_ISL_2836882
70	Homo sapiens	2021-04-28	Ghana	B.1.525	EPI_ISL_2836890
68	Homo sapiens	2021-04-18	Ghana	B.1.1.7	EPI_ISL_2873866
66	Homo sapiens	2021-04-03	Ghana	B.1.1.7	EPI_ISL_2873844
65	Homo sapiens	2021-03-25	Ghana	B.1.525	EPI_ISL_2836895
63	Homo sapiens	2021-03-09	Ghana	B.1.1.7	EPI_ISL_2836906
63	Homo sapiens	2021-03-08	Ghana	B.1.525	EPI_ISL_2836900
61	Homo sapiens	2021-02-26	Ghana	B.1.1.7	EPI_ISL_2836852
60	Homo sapiens	2021-02-15	Ghana	B.1.525	EPI_ISL_2836893
56	Homo sapiens	2021-01-18	Ghana	B.1.1.7	EPI_ISL_2836850
71	Homo sapiens	2021-05-04	Ghana	B.1.1.318	EPI_ISL_2968005
71	Homo sapiens	2021-05-04	Ghana	B.1.1.318	EPI_ISL_2967994
70	Homo sapiens	2021-04-29	Ghana	B.1.1.318	EPI_ISL_2967996
70	Homo sapiens	2021-04-29	Ghana	B.1.1.318	EPI_ISL_2968030
70	Homo sapiens	2021-04-27	Ghana	B.1.1.318	EPI_ISL_2968024
68	Homo sapiens	2021-04-16	Ghana	B.1.1.318	EPI_ISL_2968002
68	Homo sapiens	2021-04-15	Ghana	B.1.1.318	EPI_ISL_2968011
68	Homo sapiens	2021-04-13	Ghana	B.1.1.318	EPI_ISL_2968014
68	Homo sapiens	2021-04-13	Ghana	B.1.1.318	EPI_ISL_2968019
68	Homo sapiens	2021-04-13	Ghana	B.1.1.318	EPI_ISL_2968007
67	Homo sapiens	2021-04-07	Ghana	B.1.1.7	EPI_ISL_2968006
60	Homo sapiens	2021-02-19	Ghana	B.1.1.7	EPI_ISL_2968022
63	Homo sapiens	2021-03-12	Ghana	B.1.1.7	EPI_ISL_2508374
63	Homo sapiens	2021-03-12	Ghana	B.1.1.7	EPI_ISL_2508379
63	Homo sapiens	2021-03-12	Ghana	B.1.1.7	EPI_ISL_2508385
63	Homo sapiens	2021-03-11	Ghana	B.1.1.7	EPI_ISL_2508377
60	Homo sapiens	2021-02-19	Ghana	B.1.1.7	EPI_ISL_2508381
60	Homo sapiens	2021-02-19	Ghana	B.1.1.7	EPI_ISL_2508382
59	Homo sapiens	2021-02-09	Ghana	B.1.1.7	EPI_ISL_2508388
59	Homo sapiens	2021-02-09	Ghana	B.1.1.7	EPI_ISL_2508389
59	Homo sapiens	2021-02-09	Ghana	B.1.1.7	EPI_ISL_2508390
59	Homo sapiens	2021-02-09	Ghana	B.1.1.7	EPI_ISL_2508391
59	Homo sapiens	2021-02-09	Ghana	B.1.1.7	EPI_ISL_2508392
59	Homo sapiens	2021-02-09	Ghana	B.1.1.7	EPI_ISL_2508394
59	Homo sapiens	2021-02-09	Ghana	B.1.1.7	EPI_ISL_2508395
57	Homo sapiens	2021-01-31	Ghana	B.1.1.7	EPI_ISL_2508387
55	Homo sapiens	2021-01-16	Ghana	B.1.1.7	EPI_ISL_2508370
80	Homo sapiens	2021-07-05	Ghana	B.1.1.318	EPI_ISL_3268125
79	Homo sapiens	2021-06-30	Ghana	B.1.1.318	EPI_ISL_3268124
78	Homo sapiens	2021-06-22	Ghana	B.1.1.318	EPI_ISL_3268123
78	Homo sapiens	2021-06-21	Ghana	B.1.1.318	EPI_ISL_3268114
75	Homo sapiens	2021-05-31	Ghana	B.1.1.318	EPI_ISL_3268108
75	Homo sapiens	2021-05-31	Ghana	B.1.1.318	EPI_ISL_3268111
74	Homo sapiens	2021-05-27	Ghana	B.1.1.318	EPI_ISL_3268116
74	Homo sapiens	2021-05-27	Ghana	B.1.1.318	EPI_ISL_3268117
74	Homo sapiens	2021-05-25	Ghana	B.1.1.318	EPI_ISL_3268107
73	Homo sapiens	2021-05-17	Ghana	B.1.1.318	EPI_ISL_3268106
73	Homo sapiens	2021-05-17	Ghana	B.1.1.318	EPI_ISL_3268110
73	Homo sapiens	2021-05-17	Ghana	B.1.1.318	EPI_ISL_3268113
73	Homo sapiens	2021-05-17	Ghana	B.1.1.318	EPI_ISL_3268120
72	Homo sapiens	2021-05-12	Ghana	B.1.1.318	EPI_ISL_3268118
72	Homo sapiens	2021-05-11	Ghana	B.1.1.318	EPI_ISL_3268105
72	Homo sapiens	2021-05-11	Ghana	B.1.1.318	EPI_ISL_3268109
68	Homo sapiens	2021-04-15	Ghana	B.1.1.318	EPI_ISL_3268126
68	Homo sapiens	2021-04-15	Ghana	B.1.1.318	EPI_ISL_3268127
68	Homo sapiens	2021-04-15	Ghana	B.1.525	EPI_ISL_3268190
67	Homo sapiens	2021-04-07	Ghana	B.1.1.318	EPI_ISL_3268119
78	Homo sapiens	2021-06-25	Ghana	B.1.525	EPI_ISL_3869496
84	Homo sapiens	2021-08-02	Ghana	AY.88	EPI_ISL_3980503
83	Homo sapiens	2021-07-30	Ghana	AY.122	EPI_ISL_3980487
83	Homo sapiens	2021-07-30	Ghana	B.1.617.2	EPI_ISL_3980489
83	Homo sapiens	2021-07-28	Ghana	B.1.617.2	EPI_ISL_3980478
83	Homo sapiens	2021-07-27	Ghana	B.1.617.2	EPI_ISL_3980473
83	Homo sapiens	2021-07-27	Ghana	AY.20	EPI_ISL_3980470
83	Homo sapiens	2021-07-26	Ghana	AY.88	EPI_ISL_3980467
83	Homo sapiens	2021-07-26	Ghana	B.1.617.2	EPI_ISL_3980527
82	Homo sapiens	2021-07-23	Ghana	AY.88	EPI_ISL_3980463
82	Homo sapiens	2021-07-23	Ghana	B.1.617.2	EPI_ISL_3980464
82	Homo sapiens	2021-07-22	Ghana	AY.37	EPI_ISL_3980455
82	Homo sapiens	2021-07-22	Ghana	AY.88	EPI_ISL_3980457
82	Homo sapiens	2021-07-22	Ghana	AY.88	EPI_ISL_3980458
82	Homo sapiens	2021-07-22	Ghana	B.1.1.318	EPI_ISL_3980459
82	Homo sapiens	2021-07-22	Ghana	AY.88	EPI_ISL_3980460
82	Homo sapiens	2021-07-22	Ghana	AY.88	EPI_ISL_3980461
82	Homo sapiens	2021-07-22	Ghana	B.1.617.2	EPI_ISL_3980462
82	Homo sapiens	2021-07-22	Ghana	AY.88	EPI_ISL_3980522
82	Homo sapiens	2021-07-22	Ghana	AY.88	EPI_ISL_3980523
82	Homo sapiens	2021-07-20	Ghana	AY.88	EPI_ISL_3980520
82	Homo sapiens	2021-07-19	Ghana	AY.88	EPI_ISL_3980452
82	Homo sapiens	2021-07-19	Ghana	B.1.617.2	EPI_ISL_3980453
82	Homo sapiens	2021-07-19	Ghana	AY.37	EPI_ISL_3980454
81	Homo sapiens	2021-07-15	Ghana	AY.88	EPI_ISL_3980447
81	Homo sapiens	2021-07-15	Ghana	B.1.1.318	EPI_ISL_3980448
74	Homo sapiens	2021-05-24	Ghana	B.1.1.318	EPI_ISL_4602039
73	Homo sapiens	2021-05-19	Ghana	B.1.1.318	EPI_ISL_4602037
72	Homo sapiens	2021-05-12	Ghana	B.1.617.2	EPI_ISL_4602054
72	Homo sapiens	2021-05-12	Ghana	B.1.1.7	EPI_ISL_4602060
70	Homo sapiens	2021-04-28	Ghana	B.1.1.318	EPI_ISL_4602091
46	Homo sapiens	2020-11-11	Ghana	B.1.1	EPI_ISL_4602078
75	Homo sapiens	2021-05-31	Ghana	B.1	EPI_ISL_5334594
74	Homo sapiens	2021-05-27	Ghana	A.11	EPI_ISL_5334595
74	Homo sapiens	2021-05-26	Ghana	B.1.1.318	EPI_ISL_5334600
73	Homo sapiens	2021-05-23	Ghana	B.1.1.318	EPI_ISL_5334618
73	Homo sapiens	2021-05-21	Ghana	B.1.525	EPI_ISL_5334605
73	Homo sapiens	2021-05-21	Ghana	B.1.525	EPI_ISL_5334607
73	Homo sapiens	2021-05-21	Ghana	B.1.1.318	EPI_ISL_5334617
69	Homo sapiens	2021-04-20	Ghana	B.1.617.2	EPI_ISL_5751066
69	Homo sapiens	2021-04-20	Ghana	B.1.1.318	EPI_ISL_5751152
67	Homo sapiens	2021-04-11	Ghana	B.1.1.7	EPI_ISL_5751142
67	Homo sapiens	2021-04-05	Ghana	B.1.1.7	EPI_ISL_5751178
79	Homo sapiens	2021-06-29	Ghana	B.1.1.318	EPI_ISL_5659367
79	Homo sapiens	2021-06-28	Ghana	AY.55	EPI_ISL_5659363
78	Homo sapiens	2021-06-26	Ghana	B.1.617.2	EPI_ISL_5659359
77	Homo sapiens	2021-06-20	Ghana	AY.88	EPI_ISL_5659352
77	Homo sapiens	2021-06-20	Ghana	AY.88	EPI_ISL_5659353
77	Homo sapiens	2021-06-17	Ghana	AY.37	EPI_ISL_5659351
75	Homo sapiens	2021-06-06	Ghana	B.1.617.2	EPI_ISL_5659350
100	Homo sapiens	2021-11-26	Ghana	BA.1.17	EPI_ISL_6939036
100	Homo sapiens	2021-11-25	Ghana	AY.122	EPI_ISL_6939030
100	Homo sapiens	2021-11-25	Ghana	AY.4	EPI_ISL_6939031
100	Homo sapiens	2021-11-25	Ghana	BA.1.1	EPI_ISL_6939035
100	Homo sapiens	2021-11-24	Ghana	AY.43	EPI_ISL_6939029
100	Homo sapiens	2021-11-24	Ghana	AY.100	EPI_ISL_6939032
100	Homo sapiens	2021-11-23	Ghana	B.1.617.2	EPI_ISL_6939028
99	Homo sapiens	2021-11-21	Ghana	B.1.617.2	EPI_ISL_6939025
99	Homo sapiens	2021-11-21	Ghana	AY.133	EPI_ISL_6939026
99	Homo sapiens	2021-11-21	Ghana	AY.27	EPI_ISL_6939027
99	Homo sapiens	2021-11-19	Ghana	AY.133	EPI_ISL_6939024
99	Homo sapiens	2021-11-18	Ghana	AY.109	EPI_ISL_6939022
99	Homo sapiens	2021-11-18	Ghana	AY.65	EPI_ISL_6939023
98	Homo sapiens	2021-11-14	Ghana	AY.4	EPI_ISL_6939021
98	Homo sapiens	2021-11-13	Ghana	AY.3	EPI_ISL_6939020
98	Homo sapiens	2021-11-13	Ghana	B.1.617.2	EPI_ISL_6939037
98	Homo sapiens	2021-11-11	Ghana	AY.4.2	EPI_ISL_6939018
98	Homo sapiens	2021-11-11	Ghana	AY.133	EPI_ISL_6939019
98	Homo sapiens	2021-11-08	Ghana	AY.122.6	EPI_ISL_6939017
93	Homo sapiens	2021-10-04	Ghana	AY.5	EPI_ISL_6944009
93	Homo sapiens	2021-10-04	Ghana	AY.36	EPI_ISL_6944010
93	Homo sapiens	2021-10-04	Ghana	AY.88	EPI_ISL_6944011
93	Homo sapiens	2021-10-06	Ghana	AY.4	EPI_ISL_6944012
93	Homo sapiens	2021-10-07	Ghana	AY.109	EPI_ISL_6944014
93	Homo sapiens	2021-10-07	Ghana	AY.107	EPI_ISL_6944015
93	Homo sapiens	2021-10-08	Ghana	B.1.617.2	EPI_ISL_6944016
93	Homo sapiens	2021-10-09	Ghana	AY.122	EPI_ISL_6944017
94	Homo sapiens	2021-10-11	Ghana	AY.122	EPI_ISL_6944019
94	Homo sapiens	2021-10-11	Ghana	B.1.617.2	EPI_ISL_6944020
94	Homo sapiens	2021-10-13	Ghana	AY.36	EPI_ISL_6944021
94	Homo sapiens	2021-10-13	Ghana	AY.88	EPI_ISL_6944022
94	Homo sapiens	2021-10-13	Ghana	AY.88	EPI_ISL_6944023
94	Homo sapiens	2021-10-13	Ghana	AY.88	EPI_ISL_6944024
94	Homo sapiens	2021-10-14	Ghana	AY.103	EPI_ISL_6944027
94	Homo sapiens	2021-10-14	Ghana	AY.36	EPI_ISL_6944028
94	Homo sapiens	2021-10-16	Ghana	B.1.617.2	EPI_ISL_6944029
94	Homo sapiens	2021-10-16	Ghana	AY.122	EPI_ISL_6944030
94	Homo sapiens	2021-10-16	Ghana	AY.114	EPI_ISL_6944031
95	Homo sapiens	2021-10-18	Ghana	AY.112	EPI_ISL_6944032
95	Homo sapiens	2021-10-19	Ghana	AY.43	EPI_ISL_6944034
95	Homo sapiens	2021-10-19	Ghana	AY.36	EPI_ISL_6944035
95	Homo sapiens	2021-10-20	Ghana	B.1.617.2	EPI_ISL_6944036
95	Homo sapiens	2021-10-20	Ghana	AY.88	EPI_ISL_6944037
95	Homo sapiens	2021-10-20	Ghana	B.1.617.2	EPI_ISL_6944038
95	Homo sapiens	2021-10-20	Ghana	AY.88	EPI_ISL_6944039
95	Homo sapiens	2021-10-22	Ghana	AY.36	EPI_ISL_6944040
95	Homo sapiens	2021-10-22	Ghana	B.1.617.2	EPI_ISL_6944041
95	Homo sapiens	2021-10-22	Ghana	AY.122	EPI_ISL_6944042
95	Homo sapiens	2021-10-22	Ghana	AY.4	EPI_ISL_6944043
95	Homo sapiens	2021-10-24	Ghana	AY.88	EPI_ISL_6944045
95	Homo sapiens	2021-10-24	Ghana	AY.4	EPI_ISL_6944046
96	Homo sapiens	2021-10-25	Ghana	AY.98	EPI_ISL_6944048
96	Homo sapiens	2021-10-25	Ghana	AY.122	EPI_ISL_6944049
96	Homo sapiens	2021-10-26	Ghana	B.1.617.2	EPI_ISL_6944050
96	Homo sapiens	2021-10-28	Ghana	AY.36	EPI_ISL_6944051
96	Homo sapiens	2021-10-28	Ghana	AY.122	EPI_ISL_6944052
96	Homo sapiens	2021-10-28	Ghana	AY.122	EPI_ISL_6944053
96	Homo sapiens	2021-10-28	Ghana	B.1.617.2	EPI_ISL_6944054
96	Homo sapiens	2021-10-30	Ghana	AY.4	EPI_ISL_6944055
96	Homo sapiens	2021-10-30	Ghana	AY.122	EPI_ISL_6944056
96	Homo sapiens	2021-10-30	Ghana	AY.36	EPI_ISL_6944057
96	Homo sapiens	2021-10-30	Ghana	AY.4	EPI_ISL_6944058
97	Homo sapiens	2021-11-01	Ghana	AY.44	EPI_ISL_6944059
98	Homo sapiens	2021-11-08	Ghana	AY.122	EPI_ISL_6944062
98	Homo sapiens	2021-11-12	Ghana	B.1.617.2	EPI_ISL_7130076
98	Homo sapiens	2021-11-08	Ghana	AY.88	EPI_ISL_7130075
96	Homo sapiens	2021-10-30	Ghana	B.1.617.2	EPI_ISL_7130091
96	Homo sapiens	2021-10-27	Ghana	AY.109	EPI_ISL_7130078
96	Homo sapiens	2021-10-26	Ghana	AY.88	EPI_ISL_7130073
96	Homo sapiens	2021-10-26	Ghana	AY.88	EPI_ISL_7130074
95	Homo sapiens	2021-10-22	Ghana	B.1.617.2	EPI_ISL_7130068
95	Homo sapiens	2021-10-22	Ghana	AY.109	EPI_ISL_7130066
95	Homo sapiens	2021-10-22	Ghana	AY.88	EPI_ISL_7130067
95	Homo sapiens	2021-10-20	Ghana	AY.39	EPI_ISL_7130064
95	Homo sapiens	2021-10-20	Ghana	AY.36	EPI_ISL_7130065
94	Homo sapiens	2021-10-13	Ghana	AY.88	EPI_ISL_7130063
94	Homo sapiens	2021-10-12	Ghana	AY.88	EPI_ISL_7130061
94	Homo sapiens	2021-10-12	Ghana	AY.88	EPI_ISL_7130062
92	Homo sapiens	2021-09-27	Ghana	AY.88	EPI_ISL_7130057
92	Homo sapiens	2021-09-27	Ghana	AY.88	EPI_ISL_7130058
92	Homo sapiens	2021-09-27	Ghana	B.1.617.2	EPI_ISL_7130077
92	Homo sapiens	2021-09-27	Ghana	AY.88	EPI_ISL_7130059
92	Homo sapiens	2021-09-27	Ghana	AY.88	EPI_ISL_7130060
91	Homo sapiens	2021-09-24	Ghana	B.1.617.2	EPI_ISL_7130080
91	Homo sapiens	2021-09-24	Ghana	AY.88	EPI_ISL_7130054
91	Homo sapiens	2021-09-24	Ghana	AY.88	EPI_ISL_7130055
91	Homo sapiens	2021-09-24	Ghana	AY.88	EPI_ISL_7130056
91	Homo sapiens	2021-09-24	Ghana	B.1.617.2	EPI_ISL_7130090
91	Homo sapiens	2021-09-20	Ghana	AY.88	EPI_ISL_7130053
90	Homo sapiens	2021-09-17	Ghana	AY.88	EPI_ISL_7130052
90	Homo sapiens	2021-09-15	Ghana	AY.122	EPI_ISL_7130047
90	Homo sapiens	2021-09-15	Ghana	AY.88	EPI_ISL_7130079
87	Homo sapiens	2021-08-27	Ghana	AY.88	EPI_ISL_7130046
86	Homo sapiens	2021-08-20	Ghana	AY.122	EPI_ISL_7130043
86	Homo sapiens	2021-08-20	Ghana	AY.109	EPI_ISL_7130044
86	Homo sapiens	2021-08-20	Ghana	AY.122	EPI_ISL_7130045
80	Homo sapiens	2021-07-05	Ghana	AY.109	EPI_ISL_3980506
78	Homo sapiens	2021-06-25	Ghana	B.1.617.2	EPI_ISL_3980516
78	Homo sapiens	2021-06-23	Ghana	AY.33	EPI_ISL_3980513
78	Homo sapiens	2021-06-23	Ghana	AY.122	EPI_ISL_3980515
77	Homo sapiens	2021-06-20	Ghana	AY.44	EPI_ISL_3980510
102	Homo sapiens	2021-12-09	Ghana	BA.1.15	EPI_ISL_8065980
102	Homo sapiens	2021-12-08	Ghana	BA.1.1	EPI_ISL_8065975
101	Homo sapiens	2021-11-29	Ghana	B.1.617.2	EPI_ISL_8065965
100	Homo sapiens	2021-11-25	Ghana	BA.1	EPI_ISL_8065963
90	Homo sapiens	2021-09-19	Ghana	AY.39	EPI_ISL_8065806
90	Homo sapiens	2021-09-18	Ghana	AY.37	EPI_ISL_8065802
90	Homo sapiens	2021-09-18	Ghana	AY.88	EPI_ISL_8065805
90	Homo sapiens	2021-09-18	Ghana	AY.88	EPI_ISL_8065801
90	Homo sapiens	2021-09-18	Ghana	AY.88	EPI_ISL_8065804
90	Homo sapiens	2021-09-17	Ghana	AY.88	EPI_ISL_8065777
90	Homo sapiens	2021-09-17	Ghana	AY.88	EPI_ISL_8065772
90	Homo sapiens	2021-09-17	Ghana	AY.88	EPI_ISL_8065776
90	Homo sapiens	2021-09-17	Ghana	AY.88	EPI_ISL_8065781
90	Homo sapiens	2021-09-17	Ghana	AY.122	EPI_ISL_8065785
90	Homo sapiens	2021-09-17	Ghana	AY.109	EPI_ISL_8065790
90	Homo sapiens	2021-09-17	Ghana	AY.88	EPI_ISL_8065800
90	Homo sapiens	2021-09-17	Ghana	AY.88	EPI_ISL_8065799
90	Homo sapiens	2021-09-17	Ghana	AY.88	EPI_ISL_8065775
90	Homo sapiens	2021-09-17	Ghana	AY.88	EPI_ISL_8065771
90	Homo sapiens	2021-09-17	Ghana	AY.88	EPI_ISL_8065797
90	Homo sapiens	2021-09-17	Ghana	AY.88	EPI_ISL_8065784
90	Homo sapiens	2021-09-17	Ghana	AY.122	EPI_ISL_8065786
90	Homo sapiens	2021-09-17	Ghana	B.1.617.2	EPI_ISL_8065794
90	Homo sapiens	2021-09-17	Ghana	AY.88	EPI_ISL_8065788
90	Homo sapiens	2021-09-17	Ghana	B.1.617.2	EPI_ISL_8065787
90	Homo sapiens	2021-09-17	Ghana	AY.88	EPI_ISL_8065780
90	Homo sapiens	2021-09-17	Ghana	AY.88	EPI_ISL_8065783
90	Homo sapiens	2021-09-17	Ghana	AY.88	EPI_ISL_8065778
90	Homo sapiens	2021-09-17	Ghana	AY.75	EPI_ISL_8065779
90	Homo sapiens	2021-09-17	Ghana	AY.88	EPI_ISL_8065774
90	Homo sapiens	2021-09-17	Ghana	AY.122	EPI_ISL_8065795
90	Homo sapiens	2021-09-17	Ghana	AY.88	EPI_ISL_8065798
90	Homo sapiens	2021-09-17	Ghana	AY.88	EPI_ISL_8065791
90	Homo sapiens	2021-09-17	Ghana	AY.88	EPI_ISL_8065792
90	Homo sapiens	2021-09-17	Ghana	AY.122	EPI_ISL_8065789
90	Homo sapiens	2021-09-15	Ghana	AY.122	EPI_ISL_8065768
90	Homo sapiens	2021-09-15	Ghana	AY.88	EPI_ISL_8065764
90	Homo sapiens	2021-09-15	Ghana	AY.88	EPI_ISL_8065766
90	Homo sapiens	2021-09-15	Ghana	B.1.617.2	EPI_ISL_8065769
90	Homo sapiens	2021-09-15	Ghana	AY.88	EPI_ISL_8065762
90	Homo sapiens	2021-09-15	Ghana	AY.88	EPI_ISL_8065767
90	Homo sapiens	2021-09-15	Ghana	AY.122	EPI_ISL_8065763
90	Homo sapiens	2021-09-14	Ghana	AY.88	EPI_ISL_8065745
90	Homo sapiens	2021-09-14	Ghana	B.1.617.2	EPI_ISL_8065750
90	Homo sapiens	2021-09-14	Ghana	AY.88	EPI_ISL_8065756
90	Homo sapiens	2021-09-14	Ghana	AY.122	EPI_ISL_8065753
90	Homo sapiens	2021-09-14	Ghana	AY.88	EPI_ISL_8065747
90	Homo sapiens	2021-09-14	Ghana	B.1.617.2	EPI_ISL_8065752
90	Homo sapiens	2021-09-14	Ghana	AY.88	EPI_ISL_8065757
90	Homo sapiens	2021-09-14	Ghana	AY.88	EPI_ISL_8065758
90	Homo sapiens	2021-09-14	Ghana	AY.88	EPI_ISL_8065749
90	Homo sapiens	2021-09-14	Ghana	AY.88	EPI_ISL_8065748
90	Homo sapiens	2021-09-13	Ghana	AY.88	EPI_ISL_8065739
89	Homo sapiens	2021-09-08	Ghana	AY.88	EPI_ISL_8065688
89	Homo sapiens	2021-09-08	Ghana	AY.109	EPI_ISL_8065692
89	Homo sapiens	2021-09-08	Ghana	AY.88	EPI_ISL_8065681
89	Homo sapiens	2021-09-08	Ghana	AY.88	EPI_ISL_8065684
89	Homo sapiens	2021-09-08	Ghana	B.1.617.2	EPI_ISL_8065677
89	Homo sapiens	2021-09-08	Ghana	AY.88	EPI_ISL_8065689
89	Homo sapiens	2021-09-08	Ghana	AY.109	EPI_ISL_8065702
89	Homo sapiens	2021-09-08	Ghana	AY.88	EPI_ISL_8065701
89	Homo sapiens	2021-09-08	Ghana	B.1.617.2	EPI_ISL_8065695
89	Homo sapiens	2021-09-08	Ghana	AY.88	EPI_ISL_8065690
89	Homo sapiens	2021-09-08	Ghana	AY.122	EPI_ISL_8065691
89	Homo sapiens	2021-09-08	Ghana	AY.88	EPI_ISL_8065687
89	Homo sapiens	2021-09-08	Ghana	AY.122	EPI_ISL_8065680
89	Homo sapiens	2021-09-08	Ghana	AY.88	EPI_ISL_8065685
89	Homo sapiens	2021-09-08	Ghana	AY.37	EPI_ISL_8065686
89	Homo sapiens	2021-09-08	Ghana	B.1.617.2	EPI_ISL_8065683
89	Homo sapiens	2021-09-08	Ghana	B.1.617.2	EPI_ISL_8065678
89	Homo sapiens	2021-09-08	Ghana	AY.88	EPI_ISL_8065679
89	Homo sapiens	2021-09-08	Ghana	AY.88	EPI_ISL_8065676
82	Homo sapiens	2021-07-20	Ghana	AY.88	EPI_ISL_8065666
82	Homo sapiens	2021-07-20	Ghana	AY.88	EPI_ISL_8065665
82	Homo sapiens	2021-07-20	Ghana	B.1.617.2	EPI_ISL_8065660
82	Homo sapiens	2021-07-20	Ghana	AY.88	EPI_ISL_8065661
82	Homo sapiens	2021-07-20	Ghana	B.1.617.2	EPI_ISL_8065667
82	Homo sapiens	2021-07-20	Ghana	AY.88	EPI_ISL_8065668
82	Homo sapiens	2021-07-20	Ghana	AY.88	EPI_ISL_8065669
82	Homo sapiens	2021-07-19	Ghana	AY.88	EPI_ISL_8065657
82	Homo sapiens	2021-07-19	Ghana	AY.88	EPI_ISL_8065659
80	Homo sapiens	2021-07-09	Ghana	B.1.617.2	EPI_ISL_8065637
80	Homo sapiens	2021-07-09	Ghana	AY.88	EPI_ISL_8065643
80	Homo sapiens	2021-07-09	Ghana	AY.88	EPI_ISL_8065633
80	Homo sapiens	2021-07-09	Ghana	AY.88	EPI_ISL_8065630
80	Homo sapiens	2021-07-09	Ghana	AY.122	EPI_ISL_8065629
80	Homo sapiens	2021-07-09	Ghana	AY.88	EPI_ISL_8065624
80	Homo sapiens	2021-07-09	Ghana	AY.122	EPI_ISL_8065641
80	Homo sapiens	2021-07-09	Ghana	AY.88	EPI_ISL_8065642
80	Homo sapiens	2021-07-09	Ghana	B.1.617.2	EPI_ISL_8065640
80	Homo sapiens	2021-07-09	Ghana	AY.88	EPI_ISL_8065634
80	Homo sapiens	2021-07-09	Ghana	AY.88	EPI_ISL_8065635
80	Homo sapiens	2021-07-09	Ghana	AY.88	EPI_ISL_8065632
80	Homo sapiens	2021-07-09	Ghana	B.1.617.2	EPI_ISL_8065639
80	Homo sapiens	2021-07-09	Ghana	B.1.617.2	EPI_ISL_8065636
80	Homo sapiens	2021-07-09	Ghana	AY.88	EPI_ISL_8065627
80	Homo sapiens	2021-07-09	Ghana	AY.122	EPI_ISL_8065628
80	Homo sapiens	2021-07-09	Ghana	AY.88	EPI_ISL_8065626
80	Homo sapiens	2021-07-09	Ghana	AY.88	EPI_ISL_8065646
77	Homo sapiens	2021-06-17	Ghana	AY.88	EPI_ISL_8065585
77	Homo sapiens	2021-06-17	Ghana	AY.88	EPI_ISL_8065611
77	Homo sapiens	2021-06-17	Ghana	AY.88	EPI_ISL_8065590
77	Homo sapiens	2021-06-17	Ghana	AY.88	EPI_ISL_8065606
77	Homo sapiens	2021-06-17	Ghana	AY.88	EPI_ISL_8065617
77	Homo sapiens	2021-06-17	Ghana	AY.88	EPI_ISL_8065604
77	Homo sapiens	2021-06-16	Ghana	AY.45	EPI_ISL_8065580
77	Homo sapiens	2021-06-16	Ghana	B.1.1.7	EPI_ISL_8065579
77	Homo sapiens	2021-06-16	Ghana	AY.88	EPI_ISL_8065578
77	Homo sapiens	2021-06-15	Ghana	B.1.525	EPI_ISL_8065574
75	Homo sapiens	2021-06-04	Ghana	B.1.1.318	EPI_ISL_8065563
75	Homo sapiens	2021-06-04	Ghana	B.1.1.318	EPI_ISL_8065565
75	Homo sapiens	2021-06-03	Ghana	B.1.1.318	EPI_ISL_8065560
75	Homo sapiens	2021-06-03	Ghana	B.1.1.318	EPI_ISL_8065561
75	Homo sapiens	2021-06-03	Ghana	AY.88	EPI_ISL_8065562
75	Homo sapiens	2021-06-03	Ghana	B.1.1.318	EPI_ISL_8065558
75	Homo sapiens	2021-06-03	Ghana	B.1.1.318	EPI_ISL_8065559
75	Homo sapiens	2021-06-02	Ghana	B.1.1.318	EPI_ISL_8065555
75	Homo sapiens	2021-06-02	Ghana	B.1.1.318	EPI_ISL_8065556
75	Homo sapiens	2021-06-02	Ghana	B.1.1.318	EPI_ISL_8065554
75	Homo sapiens	2021-06-02	Ghana	B.1.1.318	EPI_ISL_8065552
75	Homo sapiens	2021-06-01	Ghana	B.1.351.3	EPI_ISL_8065548
75	Homo sapiens	2021-06-01	Ghana	B.1.1.318	EPI_ISL_8065547
75	Homo sapiens	2021-06-01	Ghana	B.1.351.3	EPI_ISL_8065550
75	Homo sapiens	2021-06-01	Ghana	B.1.1.318	EPI_ISL_8065546
75	Homo sapiens	2021-05-31	Ghana	B.1.1.318	EPI_ISL_8065540
75	Homo sapiens	2021-05-31	Ghana	B.1.1.318	EPI_ISL_8065545
75	Homo sapiens	2021-05-31	Ghana	B.1.1.318	EPI_ISL_8065541
74	Homo sapiens	2021-05-30	Ghana	B.1.1.318	EPI_ISL_8065539
74	Homo sapiens	2021-05-29	Ghana	B.1.1.7	EPI_ISL_8065537
74	Homo sapiens	2021-05-29	Ghana	B.1.1.318	EPI_ISL_8065538
74	Homo sapiens	2021-05-27	Ghana	B.1.1.318	EPI_ISL_8065536
63	Homo sapiens	2021-03-11	Ghana	B.1.1.7	EPI_ISL_8065535
63	Homo sapiens	2021-03-10	Ghana	B.1.1.318	EPI_ISL_8065533
63	Homo sapiens	2021-03-09	Ghana	B.1.1.318	EPI_ISL_8065530
63	Homo sapiens	2021-03-08	Ghana	B.1.1.7	EPI_ISL_8065528
63	Homo sapiens	2021-03-08	Ghana	B.1.1.7	EPI_ISL_8065529
62	Homo sapiens	2021-03-04	Ghana	B.1.1.7	EPI_ISL_8065527
59	Homo sapiens	2021-02-10	Ghana	B.1.1.7	EPI_ISL_8065519
59	Homo sapiens	2021-02-10	Ghana	B.1.1.7	EPI_ISL_8065521
59	Homo sapiens	2021-02-10	Ghana	R.1	EPI_ISL_8065517
59	Homo sapiens	2021-02-10	Ghana	R.1	EPI_ISL_8065518
59	Homo sapiens	2021-02-10	Ghana	B.1.1.7	EPI_ISL_8065524
59	Homo sapiens	2021-02-10	Ghana	R.1	EPI_ISL_8065523
81	Homo sapiens	2021-07-15	Ghana	AY.75	EPI_ISL_9702363
76	Homo sapiens	2021-06-10	Ghana	B.1.1.318	EPI_ISL_9702362
72	Homo sapiens	2021-05-11	Ghana	B.1.1.318	EPI_ISL_9702361
72	Homo sapiens	2021-05-11	Ghana	B.1.1.318	EPI_ISL_9702382
71	Homo sapiens	2021-05-04	Ghana	B.1.1.318	EPI_ISL_9702381
70	Homo sapiens	2021-04-30	Ghana	B.1.1.318	EPI_ISL_9702369
68	Homo sapiens	2021-04-15	Ghana	B.1.525	EPI_ISL_9702394
65	Homo sapiens	2021-03-24	Ghana	B.1.525	EPI_ISL_9702393
64	Homo sapiens	2021-03-17	Ghana	B.1.1.318	EPI_ISL_9702376
64	Homo sapiens	2021-03-17	Ghana	B.1.1.318	EPI_ISL_9702377
64	Homo sapiens	2021-03-16	Ghana	B.1.1.318	EPI_ISL_9702364
63	Homo sapiens	2021-03-13	Ghana	B.1.525	EPI_ISL_9702392
63	Homo sapiens	2021-03-12	Ghana	B.1.525	EPI_ISL_9702391
63	Homo sapiens	2021-03-11	Ghana	B.1.1.7	EPI_ISL_9702375
62	Homo sapiens	2021-03-04	Ghana	B.1.1.7	EPI_ISL_9702374
62	Homo sapiens	2021-03-02	Ghana	B.1.1.7	EPI_ISL_9702373
62	Homo sapiens	2021-03-01	Ghana	B.1.525	EPI_ISL_9702390
61	Homo sapiens	2021-02-28	Ghana	B.1.1.7	EPI_ISL_9702372
61	Homo sapiens	2021-02-24	Ghana	B.1.1.7	EPI_ISL_9702371
61	Homo sapiens	2021-02-24	Ghana	B.1.525	EPI_ISL_9702389
61	Homo sapiens	2021-02-23	Ghana	B.1.1.7	EPI_ISL_9702380
61	Homo sapiens	2021-02-22	Ghana	B.1.1.7	EPI_ISL_9702368
60	Homo sapiens	2021-02-21	Ghana	B.1.1.7	EPI_ISL_9702378
60	Homo sapiens	2021-02-19	Ghana	B.1.525	EPI_ISL_9702388
60	Homo sapiens	2021-02-17	Ghana	B.1.1.7	EPI_ISL_9702367
60	Homo sapiens	2021-02-17	Ghana	B.1.525	EPI_ISL_9702387
59	Homo sapiens	2021-02-11	Ghana	B.1.1.7	EPI_ISL_9702370
59	Homo sapiens	2021-02-10	Ghana	B.1.1.7	EPI_ISL_9702365
59	Homo sapiens	2021-02-09	Ghana	B.1.1.7	EPI_ISL_9702366
59	Homo sapiens	2021-02-09	Ghana	B.1.525	EPI_ISL_9702386
101	Homo sapiens	2021-12-02	Ghana	B.1.617.2	EPI_ISL_10334372
101	Homo sapiens	2021-12-02	Ghana	AY.133	EPI_ISL_10334365
65	Homo sapiens	2021-03-26	Ghana	B.1.525	EPI_ISL_10438332
58	Homo sapiens	2021-02-03	Ghana	B.1.525	EPI_ISL_10438434
26	Homo sapiens	2020-06-22	Ghana	A.11	EPI_ISL_10438518
34	Homo sapiens	2020-08-20	Ghana	B.1.1	EPI_ISL_10438519
51	Homo sapiens	2020-12-15	Ghana	A	EPI_ISL_10438525
59	Homo sapiens	2021-02-10	Ghana	B.1.525	EPI_ISL_10438533
72	Homo sapiens	2021-05-14	Ghana	B.1.525	EPI_ISL_10438489
70	Homo sapiens	2021-04-30	Ghana	B.1.525	EPI_ISL_10438488
69	Homo sapiens	2021-04-20	Ghana	B.1.525	EPI_ISL_10438479
63	Homo sapiens	2021-03-10	Ghana	B.1.525	EPI_ISL_10438472
66	Homo sapiens	2021-04-01	Ghana	B.1.525	EPI_ISL_10438497
60	Homo sapiens	2021-02-17	Ghana	B.1.525	EPI_ISL_10438581
57	Homo sapiens	2021-01-29	Ghana	A.27	EPI_ISL_10438552
50	Homo sapiens	2020-12-08	Ghana	B.1.1.359	EPI_ISL_10438523
36	Homo sapiens	2020-08-31	Ghana	B.1.1	EPI_ISL_10438521
47	Homo sapiens	2020-11-20	Ghana	B.1.1.266	EPI_ISL_10438527
57	Homo sapiens	2021-01-29	Ghana	A.27	EPI_ISL_10438542
34	Homo sapiens	2020-08-20	Ghana	B.1.1	EPI_ISL_10438517
58	Homo sapiens	2021-02-02	Ghana	B.1.525	EPI_ISL_10438547
58	Homo sapiens	2021-02-04	Ghana	B.1.525	EPI_ISL_10438532
57	Homo sapiens	2021-01-29	Ghana	A.27	EPI_ISL_10438534
60	Homo sapiens	2021-02-15	Ghana	B.1.525	EPI_ISL_10438539
48	Homo sapiens	2020-11-25	Ghana	B.1.1	EPI_ISL_10438530
71	Homo sapiens	2021-05-04	Ghana	B.1.525	EPI_ISL_10438505
68	Homo sapiens	2021-04-16	Ghana	B.1.525	EPI_ISL_10438500
58	Homo sapiens	2021-02-03	Ghana	B.1.525	EPI_ISL_10438468
72	Homo sapiens	2021-05-14	Ghana	B.1.525	EPI_ISL_10438465
61	Homo sapiens	2021-02-23	Ghana	A.27	EPI_ISL_10438462
63	Homo sapiens	2021-03-13	Ghana	B.1.525	EPI_ISL_10438463
69	Homo sapiens	2021-04-21	Ghana	B.1.1.318	EPI_ISL_10438425
57	Homo sapiens	2021-01-25	Ghana	A.27	EPI_ISL_10438423
65	Homo sapiens	2021-03-27	Ghana	B.1.525	EPI_ISL_10438408
70	Homo sapiens	2021-04-28	Ghana	B.1.525	EPI_ISL_10438412
64	Homo sapiens	2021-03-17	Ghana	B.1.525	EPI_ISL_10438325
64	Homo sapiens	2021-03-15	Ghana	B.1.525	EPI_ISL_10438323
64	Homo sapiens	2021-03-19	Ghana	B.1.525	EPI_ISL_10438329
65	Homo sapiens	2021-03-22	Ghana	B.1.525	EPI_ISL_10438331
64	Homo sapiens	2021-03-20	Ghana	B.1.525	EPI_ISL_10438330
103	Homo sapiens	2021-12-14	Ghana	BA.1	EPI_ISL_11765173
103	Homo sapiens	2021-12-17	Ghana	AY.100	EPI_ISL_11765293
30	Homo sapiens	2020-07-20	Ghana	B.1.1.359	EPI_ISL_12179600
29	Homo sapiens	2020-07-17	Ghana	B.1.1.359	EPI_ISL_12179594
80	Homo sapiens	2021-07-06	Ghana	B.1.617.2	EPI_ISL_12280583
79	Homo sapiens	2021-07-01	Ghana	B.1.617.2	EPI_ISL_12280548
79	Homo sapiens	2021-07-01	Ghana	B.1.617.2	EPI_ISL_12280313
79	Homo sapiens	2021-07-04	Ghana	AY.88	EPI_ISL_12280551
54	Homo sapiens	2021-01-09	Ghana	B.1.525	EPI_ISL_2861328
90	Homo sapiens	2021-09-17	Ghana	AY.88	EPI_ISL_12692025
86	Homo sapiens	2021-08-17	Ghana	B.1.617.2	EPI_ISL_12692029
87	Homo sapiens	2021-08-25	Ghana	B.1.617.2	EPI_ISL_12692095
92	Homo sapiens	2021-09-30	Ghana	AY.88	EPI_ISL_12692089
80	Homo sapiens	2021-07-11	Ghana	AY.88	EPI_ISL_13392270
81	Homo sapiens	2021-07-15	Ghana	B.1.617.2	EPI_ISL_13392266
81	Homo sapiens	2021-07-18	Ghana	AY.88	EPI_ISL_13392268
81	Homo sapiens	2021-07-18	Ghana	B.1.617.2	EPI_ISL_13392307
81	Homo sapiens	2021-07-18	Ghana	AY.88	EPI_ISL_13392269
81	Homo sapiens	2021-07-15	Ghana	B.1.617.2	EPI_ISL_13392306
80	Homo sapiens	2021-07-11	Ghana	B.1.617.2	EPI_ISL_13392310
64	Homo sapiens	2021-03-15	Ghana	B.1.525	EPI_ISL_15014131
108	Homo sapiens	2022-01-17	Ghana	BA.1	EPI_ISL_15887098
108	Homo sapiens	2022-01-21	Ghana	BA.1	EPI_ISL_15887107
108	Homo sapiens	2022-01-19	Ghana	BA.1.1	EPI_ISL_15887102
112	Homo sapiens	2022-02-18	Ghana	BA.1.1	EPI_ISL_15887115
108	Homo sapiens	2022-01-19	Ghana	BA.1.14	EPI_ISL_15887100
112	Homo sapiens	2022-02-18	Ghana	BA.1	EPI_ISL_15887113
108	Homo sapiens	2022-01-21	Ghana	BA.1.1	EPI_ISL_15887104
108	Homo sapiens	2022-01-21	Ghana	AY.88	EPI_ISL_15887105
111	Homo sapiens	2022-02-07	Ghana	BA.1.15	EPI_ISL_15887108
111	Homo sapiens	2022-02-09	Ghana	BA.1.1	EPI_ISL_15887109
112	Homo sapiens	2022-02-17	Ghana	BA.1	EPI_ISL_15887110
112	Homo sapiens	2022-02-18	Ghana	BA.1.1	EPI_ISL_15887114
112	Homo sapiens	2022-02-17	Ghana	BA.1	EPI_ISL_15887111
106	Homo sapiens	2022-01-07	Ghana	BA.1.14	EPI_ISL_15887095
107	Homo sapiens	2022-01-12	Ghana	BA.1.1	EPI_ISL_15887096
108	Homo sapiens	2022-01-17	Ghana	BA.1	EPI_ISL_15887097
85	Homo sapiens	2021-08-12	Ghana	AY.88	EPI_ISL_15887019
84	Homo sapiens	2021-08-03	Ghana	AY.88	EPI_ISL_15887018
87	Homo sapiens	2021-08-25	Ghana	AY.88	EPI_ISL_15887022
88	Homo sapiens	2021-09-03	Ghana	B.1.617.2	EPI_ISL_15887025
88	Homo sapiens	2021-09-03	Ghana	AY.122	EPI_ISL_15887026
89	Homo sapiens	2021-09-10	Ghana	AY.88	EPI_ISL_15887028
90	Homo sapiens	2021-09-16	Ghana	AY.122	EPI_ISL_15887032
90	Homo sapiens	2021-09-16	Ghana	AY.37	EPI_ISL_15887033
90	Homo sapiens	2021-09-14	Ghana	AY.122	EPI_ISL_15887031
90	Homo sapiens	2021-09-17	Ghana	AY.88	EPI_ISL_15887034
62	Homo sapiens	2021-03-05	Ghana	B.1.617.2	EPI_ISL_15887000
64	Homo sapiens	2021-03-18	Ghana	B.1.1.318	EPI_ISL_15887004
64	Homo sapiens	2021-03-16	Ghana	B.1.1.318	EPI_ISL_15887001
64	Homo sapiens	2021-03-18	Ghana	B.1.1.7	EPI_ISL_15887006
75	Homo sapiens	2021-06-04	Ghana	B.1.1.7	EPI_ISL_15887013
105	Homo sapiens	2021-12-30	Ghana	BA.1.1	EPI_ISL_15887061
105	Homo sapiens	2021-12-30	Ghana	BA.1	EPI_ISL_15887062
105	Homo sapiens	2021-12-30	Ghana	BA.1	EPI_ISL_15887060
105	Homo sapiens	2021-12-30	Ghana	BA.1	EPI_ISL_15887063
105	Homo sapiens	2021-12-30	Ghana	BA.1	EPI_ISL_15887065
105	Homo sapiens	2021-12-30	Ghana	BA.1.1	EPI_ISL_15887066
105	Homo sapiens	2021-12-30	Ghana	BA.1.1	EPI_ISL_15887069
105	Homo sapiens	2021-12-30	Ghana	BA.1.1	EPI_ISL_15887068
105	Homo sapiens	2021-12-30	Ghana	BA.1.1	EPI_ISL_15887064
105	Homo sapiens	2021-12-30	Ghana	BA.1	EPI_ISL_15887067
105	Homo sapiens	2021-12-30	Ghana	BA.1.1	EPI_ISL_15887071
105	Homo sapiens	2021-12-30	Ghana	BA.1.14	EPI_ISL_15887072
105	Homo sapiens	2021-12-30	Ghana	BA.1.15	EPI_ISL_15887073
105	Homo sapiens	2021-12-30	Ghana	BA.1.1	EPI_ISL_15887070
106	Homo sapiens	2022-01-04	Ghana	BA.1	EPI_ISL_15887076
105	Homo sapiens	2021-12-30	Ghana	BA.1.1	EPI_ISL_15887074
105	Homo sapiens	2021-12-31	Ghana	BA.1.1	EPI_ISL_15887075
106	Homo sapiens	2022-01-04	Ghana	BA.1.1	EPI_ISL_15887078
106	Homo sapiens	2022-01-04	Ghana	BA.1.1	EPI_ISL_15887079
91	Homo sapiens	2021-09-23	Ghana	B.1.617.2	EPI_ISL_15887042
91	Homo sapiens	2021-09-23	Ghana	AY.88	EPI_ISL_15887044
104	Homo sapiens	2021-12-20	Ghana	BA.1.1	EPI_ISL_15887047
104	Homo sapiens	2021-12-20	Ghana	BA.1.1	EPI_ISL_15887048
104	Homo sapiens	2021-12-20	Ghana	BA.1.1	EPI_ISL_15887046
104	Homo sapiens	2021-12-20	Ghana	BA.1.1	EPI_ISL_15887049
56	Homo sapiens	2021-01-21	Ghana	B.1.1.7	EPI_ISL_15886998
56	Homo sapiens	2021-01-22	Ghana	B.1.1.7	EPI_ISL_15886999
104	Homo sapiens	2021-12-24	Ghana	BA.1.1	EPI_ISL_15887050
104	Homo sapiens	2021-12-24	Ghana	BA.1	EPI_ISL_15887051
105	Homo sapiens	2021-12-29	Ghana	BA.1.1	EPI_ISL_15887055
105	Homo sapiens	2021-12-27	Ghana	BA.1.13	EPI_ISL_15887052
105	Homo sapiens	2021-12-27	Ghana	BA.1.15	EPI_ISL_15887053
105	Homo sapiens	2021-12-30	Ghana	BA.1	EPI_ISL_15887058
106	Homo sapiens	2022-01-04	Ghana	BA.1.1	EPI_ISL_15887084
105	Homo sapiens	2021-12-30	Ghana	BA.1.1	EPI_ISL_15887057
106	Homo sapiens	2022-01-04	Ghana	BA.1.1	EPI_ISL_15887081
106	Homo sapiens	2022-01-04	Ghana	BA.1.1	EPI_ISL_15887082
106	Homo sapiens	2022-01-05	Ghana	BA.1	EPI_ISL_15887085
106	Homo sapiens	2022-01-05	Ghana	BA.1	EPI_ISL_15887087
106	Homo sapiens	2022-01-06	Ghana	BA.1	EPI_ISL_15887089
106	Homo sapiens	2022-01-06	Ghana	BA.1.1	EPI_ISL_15887094
106	Homo sapiens	2022-01-06	Ghana	BA.1.1	EPI_ISL_15887091
106	Homo sapiens	2022-01-06	Ghana	BA.1.1	EPI_ISL_15887092
147	Homo sapiens	2022-10-17	Ghana	BQ.1.1	EPI_ISL_16275865
129	Homo sapiens	2022-06-17	Ghana	BE.1	EPI_ISL_16275862
145	Homo sapiens	2022-10-06	Ghana	BQ.1	EPI_ISL_16275850
144	Homo sapiens	2022-09-27	Ghana	BQ.1.1	EPI_ISL_16275901
144	Homo sapiens	2022-09-26	Ghana	BQ.1.1.1	EPI_ISL_16275851
141	Homo sapiens	2022-09-09	Ghana	BQ.1.1.31	EPI_ISL_16275858
145	Homo sapiens	2022-10-04	Ghana	BQ.1.1	EPI_ISL_16275857
144	Homo sapiens	2022-10-01	Ghana	BA.5.2.39	EPI_ISL_16275859
144	Homo sapiens	2022-09-26	Ghana	DR.1	EPI_ISL_16275860
144	Homo sapiens	2022-09-26	Ghana	BA.5.2	EPI_ISL_16275861
145	Homo sapiens	2022-10-06	Ghana	BQ.1.1	EPI_ISL_16275964
145	Homo sapiens	2022-10-08	Ghana	BQ.1.1.1	EPI_ISL_16275957
130	Homo sapiens	2022-06-20	Ghana	BA.5.2	EPI_ISL_16275967
143	Homo sapiens	2022-09-19	Ghana	BQ.1.1.29	EPI_ISL_16276002
144	Homo sapiens	2022-09-28	Ghana	BQ.1.1	EPI_ISL_16276007
143	Homo sapiens	2022-09-20	Ghana	BQ.1.1	EPI_ISL_16276004
144	Homo sapiens	2022-10-01	Ghana	BA.5.2.39	EPI_ISL_16276006
145	Homo sapiens	2022-10-07	Ghana	BQ.1.1	EPI_ISL_16276019
128	Homo sapiens	2022-06-10	Ghana	BE.1	EPI_ISL_16275917
130	Homo sapiens	2022-06-21	Ghana	BA.5	EPI_ISL_16275920
144	Homo sapiens	2022-09-27	Ghana	BQ.1.1	EPI_ISL_16275912
145	Homo sapiens	2022-10-05	Ghana	BQ.1	EPI_ISL_16275876
146	Homo sapiens	2022-10-10	Ghana	BQ.1.1.1	EPI_ISL_16275883
143	Homo sapiens	2022-09-19	Ghana	BQ.1	EPI_ISL_16275871
144	Homo sapiens	2022-09-27	Ghana	BQ.1.1	EPI_ISL_16275897
144	Homo sapiens	2022-09-30	Ghana	BQ.1.1.28	EPI_ISL_16275893
144	Homo sapiens	2022-09-30	Ghana	BQ.1.1	EPI_ISL_16275904
147	Homo sapiens	2022-10-18	Ghana	BQ.1.1	EPI_ISL_16275905
145	Homo sapiens	2022-10-03	Ghana	BQ.1.1	EPI_ISL_16276054
130	Homo sapiens	2022-06-22	Ghana	BA.5.2.1	EPI_ISL_16275868
134	Homo sapiens	2022-07-19	Ghana	BA.4.1	EPI_ISL_16276059
132	Homo sapiens	2022-07-04	Ghana	BA.4	EPI_ISL_16275903
143	Homo sapiens	2022-09-19	Ghana	BQ.1.1	EPI_ISL_16275867
131	Homo sapiens	2022-06-27	Ghana	BE.1.1	EPI_ISL_16275869
144	Homo sapiens	2022-10-01	Ghana	BA.5.2.39	EPI_ISL_16276053
144	Homo sapiens	2022-09-28	Ghana	BQ.1.1.1	EPI_ISL_16276065
146	Homo sapiens	2022-10-13	Ghana	BQ.1.1	EPI_ISL_16276082
145	Homo sapiens	2022-10-06	Ghana	BQ.1.1	EPI_ISL_16276064
145	Homo sapiens	2022-10-05	Ghana	BQ.1.1	EPI_ISL_16276085
144	Homo sapiens	2022-09-26	Ghana	BQ.1	EPI_ISL_16276030
131	Homo sapiens	2022-06-28	Ghana	BA.4.1	EPI_ISL_16275998
143	Homo sapiens	2022-09-21	Ghana	BQ.1.1	EPI_ISL_16275995
143	Homo sapiens	2022-09-19	Ghana	BQ.1.1	EPI_ISL_16275929
141	Homo sapiens	2022-09-09	Ghana	BQ.1	EPI_ISL_16275994
144	Homo sapiens	2022-10-01	Ghana	BQ.1.1	EPI_ISL_16276045
145	Homo sapiens	2022-10-04	Ghana	BQ.1.1.1	EPI_ISL_16275928
131	Homo sapiens	2022-06-29	Ghana	BA.5	EPI_ISL_16275923
144	Homo sapiens	2022-09-28	Ghana	BQ.1.1	EPI_ISL_16275924
143	Homo sapiens	2022-09-19	Ghana	BQ.1	EPI_ISL_16276027
143	Homo sapiens	2022-09-20	Ghana	BQ.1.1	EPI_ISL_16275989
144	Homo sapiens	2022-09-26	Ghana	BA.5.2.39	EPI_ISL_16275987
144	Homo sapiens	2022-10-01	Ghana	BQ.1.1	EPI_ISL_16275986
131	Homo sapiens	2022-06-29	Ghana	BA.4	EPI_ISL_16276032
146	Homo sapiens	2022-10-10	Ghana	BQ.1.1.31	EPI_ISL_16276001
144	Homo sapiens	2022-09-30	Ghana	BQ.1.1.3	EPI_ISL_16276034
141	Homo sapiens	2022-09-09	Ghana	BQ.1.1	EPI_ISL_16275953
144	Homo sapiens	2022-09-26	Ghana	BQ.1	EPI_ISL_16275968
144	Homo sapiens	2022-09-26	Ghana	DE.2	EPI_ISL_16276017
145	Homo sapiens	2022-10-03	Ghana	BQ.1.1	EPI_ISL_16275945
144	Homo sapiens	2022-10-01	Ghana	BA.5.2.39	EPI_ISL_16275938
144	Homo sapiens	2022-09-26	Ghana	BQ.1.1	EPI_ISL_16275935
145	Homo sapiens	2022-10-03	Ghana	BA.5.2.39	EPI_ISL_16275930
133	Homo sapiens	2022-07-13	Ghana	BA.5.2	EPI_ISL_16276049
143	Homo sapiens	2022-09-23	Ghana	BQ.1.1	EPI_ISL_16275941
144	Homo sapiens	2022-09-26	Ghana	BQ.1.1	EPI_ISL_16276047
135	Homo sapiens	2022-07-28	Ghana	BE.1.1	EPI_ISL_16276057
145	Homo sapiens	2022-10-03	Ghana	BQ.1	EPI_ISL_16276127
144	Homo sapiens	2022-10-01	Ghana	BQ.1.1.1	EPI_ISL_16276056
144	Homo sapiens	2022-09-26	Ghana	BQ.1.1	EPI_ISL_16276055
144	Homo sapiens	2022-09-28	Ghana	BQ.1.1	EPI_ISL_16276124
144	Homo sapiens	2022-09-26	Ghana	BQ.1.1	EPI_ISL_16276148
144	Homo sapiens	2022-09-28	Ghana	BQ.1.1.3	EPI_ISL_16276153
145	Homo sapiens	2022-10-05	Ghana	BQ.1.1	EPI_ISL_16276142
144	Homo sapiens	2022-09-28	Ghana	BQ.1.1	EPI_ISL_16276154
144	Homo sapiens	2022-09-30	Ghana	BQ.1.1	EPI_ISL_16276129
130	Homo sapiens	2022-06-23	Ghana	BA.5.2.1	EPI_ISL_16276123
143	Homo sapiens	2022-09-23	Ghana	BQ.1.1.28	EPI_ISL_16276132
142	Homo sapiens	2022-09-13	Ghana	BQ.1.1	EPI_ISL_16276109
142	Homo sapiens	2022-09-13	Ghana	BQ.1.1	EPI_ISL_16276118
145	Homo sapiens	2022-10-03	Ghana	BQ.1.1	EPI_ISL_16276136
143	Homo sapiens	2022-09-24	Ghana	BQ.1	EPI_ISL_16276102
144	Homo sapiens	2022-09-30	Ghana	BQ.1	EPI_ISL_16276106
132	Homo sapiens	2022-07-04	Ghana	BA.5.2	EPI_ISL_16276108
143	Homo sapiens	2022-09-21	Ghana	BQ.1.1	EPI_ISL_16276103
145	Homo sapiens	2022-10-06	Ghana	BQ.1.1.32	EPI_ISL_16276115
141	Homo sapiens	2022-09-06	Ghana	BQ.1	EPI_ISL_16276110
145	Homo sapiens	2022-10-03	Ghana	BA.5.2.39	EPI_ISL_16276088
143	Homo sapiens	2022-09-19	Ghana	BQ.1.1	EPI_ISL_16276089
129	Homo sapiens	2022-06-17	Ghana	BF.5	EPI_ISL_16276093
130	Homo sapiens	2022-06-20	Ghana	BA.5.2.1	EPI_ISL_16276095
145	Homo sapiens	2022-10-06	Ghana	BQ.1.1	EPI_ISL_16276097
134	Homo sapiens	2022-07-22	Ghana	BE.1.1.1	EPI_ISL_16276073
145	Homo sapiens	2022-10-04	Ghana	BQ.1.1	EPI_ISL_16276079
144	Homo sapiens	2022-09-28	Ghana	BQ.1.1	EPI_ISL_16275898
145	Homo sapiens	2022-10-03	Ghana	BQ.1.1	EPI_ISL_16276066
128	Homo sapiens	2022-06-10	Ghana	BE.1	EPI_ISL_16275896
145	Homo sapiens	2022-10-06	Ghana	BQ.1.1	EPI_ISL_16275885
146	Homo sapiens	2022-10-13	Ghana	BQ.1.1	EPI_ISL_16276078
144	Homo sapiens	2022-09-26	Ghana	BQ.1.1	EPI_ISL_16275890
144	Homo sapiens	2022-09-27	Ghana	BQ.1.1	EPI_ISL_16275884
132	Homo sapiens	2022-07-04	Ghana	BA.5.2.1	EPI_ISL_16275877
131	Homo sapiens	2022-06-29	Ghana	BA.4.1	EPI_ISL_16275880
145	Homo sapiens	2022-10-03	Ghana	BQ.1.1	EPI_ISL_16276052
143	Homo sapiens	2022-09-19	Ghana	BQ.1	EPI_ISL_16276051
144	Homo sapiens	2022-09-27	Ghana	BQ.1.1	EPI_ISL_16276048
144	Homo sapiens	2022-09-28	Ghana	BQ.1.1	EPI_ISL_16276042
145	Homo sapiens	2022-10-07	Ghana	BQ.1.1	EPI_ISL_16276024
143	Homo sapiens	2022-09-23	Ghana	BQ.1.1	EPI_ISL_16276022
146	Homo sapiens	2022-10-12	Ghana	BQ.1.1	EPI_ISL_16276141
145	Homo sapiens	2022-10-05	Ghana	BQ.1.1	EPI_ISL_16276020
147	Homo sapiens	2022-10-18	Ghana	BQ.1.1	EPI_ISL_16276143
145	Homo sapiens	2022-10-05	Ghana	BQ.1.1	EPI_ISL_16276128
145	Homo sapiens	2022-10-06	Ghana	BQ.1.1	EPI_ISL_16276003
146	Homo sapiens	2022-10-12	Ghana	BQ.1.1.28	EPI_ISL_16276031
145	Homo sapiens	2022-10-03	Ghana	BQ.1.1	EPI_ISL_16276122
145	Homo sapiens	2022-10-07	Ghana	BQ.1.1	EPI_ISL_16276120
145	Homo sapiens	2022-10-05	Ghana	BQ.1.1.32	EPI_ISL_16276011
143	Homo sapiens	2022-09-19	Ghana	BQ.1.1	EPI_ISL_16276012
129	Homo sapiens	2022-06-17	Ghana	BA.5.2.1	EPI_ISL_16276133
146	Homo sapiens	2022-10-10	Ghana	BQ.1	EPI_ISL_16276107
145	Homo sapiens	2022-10-03	Ghana	BQ.1.1	EPI_ISL_16276112
144	Homo sapiens	2022-09-26	Ghana	BQ.1.1	EPI_ISL_16276113
144	Homo sapiens	2022-09-28	Ghana	BQ.1.1	EPI_ISL_16276114
145	Homo sapiens	2022-10-07	Ghana	BQ.1.1	EPI_ISL_16275990
145	Homo sapiens	2022-10-03	Ghana	BQ.1.1	EPI_ISL_16275976
145	Homo sapiens	2022-10-07	Ghana	BQ.1.1	EPI_ISL_16275992
131	Homo sapiens	2022-06-28	Ghana	BA.4.1	EPI_ISL_16275991
145	Homo sapiens	2022-10-06	Ghana	BQ.1.1.29	EPI_ISL_16275959
146	Homo sapiens	2022-10-14	Ghana	BQ.1.1	EPI_ISL_16275942
145	Homo sapiens	2022-10-07	Ghana	BQ.1.1	EPI_ISL_16275969
144	Homo sapiens	2022-09-30	Ghana	BQ.1.1.28	EPI_ISL_16275965
144	Homo sapiens	2022-09-30	Ghana	BQ.1.1	EPI_ISL_16276091
144	Homo sapiens	2022-09-28	Ghana	BQ.1.1.1	EPI_ISL_16276099
145	Homo sapiens	2022-10-06	Ghana	BQ.1.1	EPI_ISL_16276074
145	Homo sapiens	2022-10-06	Ghana	BQ.1.23	EPI_ISL_16276067
145	Homo sapiens	2022-10-03	Ghana	BQ.1.1	EPI_ISL_16276077
141	Homo sapiens	2022-09-09	Ghana	BQ.1.1	EPI_ISL_17275267
140	Homo sapiens	2022-09-02	Ghana	BQ.1	EPI_ISL_17275259
143	Homo sapiens	2022-09-19	Ghana	BQ.1	EPI_ISL_17275256
141	Homo sapiens	2022-09-09	Ghana	BQ.1.1	EPI_ISL_17275260
141	Homo sapiens	2022-09-09	Ghana	BQ.1.1	EPI_ISL_17275271
143	Homo sapiens	2022-09-19	Ghana	BQ.1.1	EPI_ISL_17275258
