24	Homo sapiens	2020-06-14	Guinea	B.1.1	MZ604340.1
20	Homo sapiens	2020-05-13	Guinea	B.1	MZ622025.1
24	Homo sapiens	2020-06-09	Guinea	B.1	EPI_ISL_788933
24	Homo sapiens	2020-06-09	Guinea	B.1	EPI_ISL_788937
63	Homo sapiens	2021-03-09	Guinea	B.1.1.7	EPI_ISL_2245907
62	Homo sapiens	2021-03-04	Guinea	B.1.1.7	EPI_ISL_2245905
45	Homo sapiens	2020-11-03	Guinea	B.1	EPI_ISL_2245857
78	Homo sapiens	2021-06-25	Guinea	B.1.1	EPI_ISL_3281521
76	Homo sapiens	2021-06-08	Guinea	B.1.1.318	EPI_ISL_4205873
70	Homo sapiens	2021-04-27	Guinea	A.27	EPI_ISL_4219400
65	Homo sapiens	2021-03-22	Guinea	B.1.1.7	EPI_ISL_4205878
64	Homo sapiens	2021-03-19	Guinea	B.1.525	EPI_ISL_4205868
64	Homo sapiens	2021-03-18	Guinea	B.1.629	EPI_ISL_4219398
64	Homo sapiens	2021-03-18	Guinea	B.1.629	EPI_ISL_4205863
64	Homo sapiens	2021-03-17	Guinea	B.1.525	EPI_ISL_4205867
64	Homo sapiens	2021-03-17	Guinea	B.1.1.7	EPI_ISL_4205877
64	Homo sapiens	2021-03-15	Guinea	B.1.1.7	EPI_ISL_4205881
64	Homo sapiens	2021-03-15	Guinea	B.1.1.7	EPI_ISL_4205875
64	Homo sapiens	2021-03-15	Guinea	B.1.1.7	EPI_ISL_4205879
64	Homo sapiens	2021-03-15	Guinea	R.1	EPI_ISL_4205864
64	Homo sapiens	2021-03-15	Guinea	B.1.1.7	EPI_ISL_4205876
63	Homo sapiens	2021-03-13	Guinea	B.1.629	EPI_ISL_4205865
62	Homo sapiens	2021-03-04	Guinea	B.1.1.7	EPI_ISL_4205874
101	Homo sapiens	2021-11-30	Guinea	AY.109	EPI_ISL_9569735
101	Homo sapiens	2021-11-30	Guinea	AY.36	EPI_ISL_9569736
101	Homo sapiens	2021-11-30	Guinea	AY.109	EPI_ISL_9569737
101	Homo sapiens	2021-11-30	Guinea	AY.36	EPI_ISL_9569738
97	Homo sapiens	2021-11-06	Guinea	R.1	EPI_ISL_9569739
97	Homo sapiens	2021-11-06	Guinea	B.1.617.2	EPI_ISL_9569740
97	Homo sapiens	2021-11-06	Guinea	AY.5.4	EPI_ISL_9569741
86	Homo sapiens	2021-08-20	Guinea	B.1.617.2	EPI_ISL_9569742
86	Homo sapiens	2021-08-19	Guinea	B.1.617.2	EPI_ISL_9569743
86	Homo sapiens	2021-08-18	Guinea	AY.37	EPI_ISL_9569745
86	Homo sapiens	2021-08-18	Guinea	AY.37	EPI_ISL_9569746
86	Homo sapiens	2021-08-16	Guinea	AY.37	EPI_ISL_9569747
85	Homo sapiens	2021-08-14	Guinea	B.1.617.2	EPI_ISL_9569748
85	Homo sapiens	2021-08-14	Guinea	B.1.617.2	EPI_ISL_9569749
85	Homo sapiens	2021-08-10	Guinea	AY.37	EPI_ISL_9569750
85	Homo sapiens	2021-08-10	Guinea	B.1.617.2	EPI_ISL_9569751
85	Homo sapiens	2021-08-10	Guinea	B.1.617.2	EPI_ISL_9569752
85	Homo sapiens	2021-08-10	Guinea	B.1.617.2	EPI_ISL_9569753
85	Homo sapiens	2021-08-10	Guinea	AY.37	EPI_ISL_9569754
85	Homo sapiens	2021-08-10	Guinea	AY.37	EPI_ISL_9569755
84	Homo sapiens	2021-08-07	Guinea	B.1.617.2	EPI_ISL_9569756
84	Homo sapiens	2021-08-07	Guinea	B.1.617.2	EPI_ISL_9569757
84	Homo sapiens	2021-08-07	Guinea	B.1.617.2	EPI_ISL_9569758
84	Homo sapiens	2021-08-07	Guinea	B.1.617.2	EPI_ISL_9569759
84	Homo sapiens	2021-08-07	Guinea	B.1.617.2	EPI_ISL_9569760
84	Homo sapiens	2021-08-06	Guinea	B.1.617.2	EPI_ISL_9569761
84	Homo sapiens	2021-08-06	Guinea	B.1.617.2	EPI_ISL_9569762
84	Homo sapiens	2021-08-06	Guinea	B.1.617.2	EPI_ISL_9569763
84	Homo sapiens	2021-08-04	Guinea	AY.37	EPI_ISL_9569764
83	Homo sapiens	2021-07-31	Guinea	B.1.617.2	EPI_ISL_9569765
83	Homo sapiens	2021-07-29	Guinea	B.1.617.2	EPI_ISL_9569766
83	Homo sapiens	2021-07-26	Guinea	AY.37	EPI_ISL_9569767
82	Homo sapiens	2021-07-22	Guinea	B.1.617.2	EPI_ISL_9569768
82	Homo sapiens	2021-07-22	Guinea	AY.37	EPI_ISL_9569769
82	Homo sapiens	2021-07-22	Guinea	B.1.617.2	EPI_ISL_9569770
81	Homo sapiens	2021-07-16	Guinea	AY.6	EPI_ISL_9569771
81	Homo sapiens	2021-07-16	Guinea	B.1.617.2	EPI_ISL_9569772
81	Homo sapiens	2021-07-16	Guinea	AY.6	EPI_ISL_9569773
81	Homo sapiens	2021-07-16	Guinea	B.1.617.2	EPI_ISL_9569774
81	Homo sapiens	2021-07-13	Guinea	AY.37	EPI_ISL_9569775
65	Homo sapiens	2021-03-25	Guinea	B.1.1.318	EPI_ISL_9569776
65	Homo sapiens	2021-03-25	Guinea	B.1.1.7	EPI_ISL_9569777
64	Homo sapiens	2021-03-20	Guinea	B.1.1.7	EPI_ISL_9569778
64	Homo sapiens	2021-03-19	Guinea	B.1.1.7	EPI_ISL_9569780
36	Homo sapiens	2020-09-02	Guinea	B.1.1	EPI_ISL_9569781
36	Homo sapiens	2020-08-31	Guinea	B.1	EPI_ISL_9569782
35	Homo sapiens	2020-08-29	Guinea	B.1	EPI_ISL_9569783
35	Homo sapiens	2020-08-29	Guinea	B.1	EPI_ISL_9569784
35	Homo sapiens	2020-08-29	Guinea	B.1	EPI_ISL_9569785
35	Homo sapiens	2020-08-29	Guinea	B.1	EPI_ISL_9569786
35	Homo sapiens	2020-08-29	Guinea	B.1	EPI_ISL_9569787
35	Homo sapiens	2020-08-28	Guinea	B.1.1	EPI_ISL_9569788
35	Homo sapiens	2020-08-27	Guinea	B.1	EPI_ISL_9569790
35	Homo sapiens	2020-08-25	Guinea	B.1.1	EPI_ISL_9569791
34	Homo sapiens	2020-08-22	Guinea	B.1	EPI_ISL_9569793
34	Homo sapiens	2020-08-21	Guinea	B.1	EPI_ISL_9569794
34	Homo sapiens	2020-08-17	Guinea	B.1.1.1	EPI_ISL_9569795
33	Homo sapiens	2020-08-15	Guinea	B.1.1.1	EPI_ISL_9569796
32	Homo sapiens	2020-08-09	Guinea	B.1.1	EPI_ISL_9569797
32	Homo sapiens	2020-08-09	Guinea	B.1	EPI_ISL_9569798
32	Homo sapiens	2020-08-09	Guinea	B.1	EPI_ISL_9569799
32	Homo sapiens	2020-08-09	Guinea	B.1	EPI_ISL_9569800
32	Homo sapiens	2020-08-07	Guinea	B.1	EPI_ISL_9569801
32	Homo sapiens	2020-08-06	Guinea	B.1	EPI_ISL_9569802
32	Homo sapiens	2020-08-06	Guinea	B.1	EPI_ISL_9569803
32	Homo sapiens	2020-08-06	Guinea	B.1.1	EPI_ISL_9569804
31	Homo sapiens	2020-08-02	Guinea	B.1	EPI_ISL_9569805
31	Homo sapiens	2020-08-02	Guinea	B.1.1	EPI_ISL_9569806
30	Homo sapiens	2020-07-22	Guinea	B.1.1	EPI_ISL_9569807
90	Homo sapiens	2021-09-13	Guinea	AY.34	EPI_ISL_10312006
87	Homo sapiens	2021-08-24	Guinea	AY.37	EPI_ISL_12406628
84	Homo sapiens	2021-08-06	Guinea	AY.20	EPI_ISL_12406630
85	Homo sapiens	2021-08-10	Guinea	AY.34.1	EPI_ISL_12406635
86	Homo sapiens	2021-08-19	Guinea	AY.37	EPI_ISL_12406629
86	Homo sapiens	2021-08-16	Guinea	AY.37	EPI_ISL_12406634
87	Homo sapiens	2021-08-24	Guinea	AY.37	EPI_ISL_12406627
86	Homo sapiens	2021-08-16	Guinea	AY.37	EPI_ISL_12406633
83	Homo sapiens	2021-07-29	Guinea	AY.20	EPI_ISL_12406631
81	Homo sapiens	2021-07-16	Guinea	B.1.617.2	EPI_ISL_12406632
85	Homo sapiens	2021-08-10	Guinea	AY.34.1	EPI_ISL_12406636
105	Homo sapiens	2021-12-29	Guinea	BA.1.15.1	EPI_ISL_12416721
107	Homo sapiens	2022-01-11	Guinea	BA.1.18	EPI_ISL_12416752
105	Homo sapiens	2021-12-30	Guinea	BA.1.15.1	EPI_ISL_12416754
106	Homo sapiens	2022-01-06	Guinea	BA.1.15.1	EPI_ISL_12416747
106	Homo sapiens	2022-01-08	Guinea	BA.1	EPI_ISL_12416749
106	Homo sapiens	2022-01-03	Guinea	BA.1	EPI_ISL_12416762
106	Homo sapiens	2022-01-03	Guinea	BA.1	EPI_ISL_12416765
105	Homo sapiens	2021-12-30	Guinea	BA.1	EPI_ISL_12416768
106	Homo sapiens	2022-01-04	Guinea	BA.1.15.1	EPI_ISL_12416767
105	Homo sapiens	2021-12-29	Guinea	BA.1.15.1	EPI_ISL_12416759
105	Homo sapiens	2021-12-29	Guinea	BA.1	EPI_ISL_12416758
106	Homo sapiens	2022-01-07	Guinea	BA.1.1	EPI_ISL_12416730
105	Homo sapiens	2021-12-30	Guinea	BA.1.15.1	EPI_ISL_12416740
104	Homo sapiens	2021-12-22	Guinea	BA.1	EPI_ISL_12416733
104	Homo sapiens	2021-12-24	Guinea	BA.1	EPI_ISL_12416735
104	Homo sapiens	2021-12-23	Guinea	BA.1	EPI_ISL_12416734
106	Homo sapiens	2022-01-05	Guinea	BA.1	EPI_ISL_12416728
106	Homo sapiens	2022-01-04	Guinea	BA.1	EPI_ISL_12416727
106	Homo sapiens	2022-01-06	Guinea	BA.1.15.1	EPI_ISL_12416729
105	Homo sapiens	2022-01-01	Guinea	BA.1.16	EPI_ISL_12416742
105	Homo sapiens	2021-12-31	Guinea	BA.1.15.1	EPI_ISL_12416741
106	Homo sapiens	2022-01-05	Guinea	BA.1	EPI_ISL_12416746
106	Homo sapiens	2022-01-04	Guinea	BA.1	EPI_ISL_12416745
105	Homo sapiens	2021-12-31	Guinea	BA.1.15.1	EPI_ISL_12416773
105	Homo sapiens	2021-12-30	Guinea	BA.2.10	EPI_ISL_12416772
105	Homo sapiens	2021-12-30	Guinea	BA.1.15.1	EPI_ISL_12416771
106	Homo sapiens	2022-01-03	Guinea	BA.1	EPI_ISL_12416769
105	Homo sapiens	2021-12-31	Guinea	BA.1.15.1	EPI_ISL_12416698
105	Homo sapiens	2021-12-30	Guinea	BA.1	EPI_ISL_12416697
105	Homo sapiens	2021-12-31	Guinea	BA.1	EPI_ISL_12416699
106	Homo sapiens	2022-01-05	Guinea	BA.1.15.1	EPI_ISL_12416712
106	Homo sapiens	2022-01-03	Guinea	BA.1	EPI_ISL_12416708
105	Homo sapiens	2022-01-01	Guinea	BA.1.16	EPI_ISL_12416724
106	Homo sapiens	2022-01-03	Guinea	BA.1.1	EPI_ISL_12416707
104	Homo sapiens	2021-12-24	Guinea	BA.1	EPI_ISL_12416718
105	Homo sapiens	2021-12-31	Guinea	BA.1.15.1	EPI_ISL_12416723
104	Homo sapiens	2021-12-25	Guinea	BA.1.15.1	EPI_ISL_12416719
104	Homo sapiens	2021-12-23	Guinea	BA.1	EPI_ISL_12416717
104	Homo sapiens	2021-12-22	Guinea	BA.1	EPI_ISL_12416716
107	Homo sapiens	2022-01-15	Guinea	BA.1.1	EPI_ISL_14578582
105	Homo sapiens	2021-12-30	Guinea	BA.1.15.1	EPI_ISL_14578550
106	Homo sapiens	2022-01-04	Guinea	BA.1	EPI_ISL_14578554
106	Homo sapiens	2022-01-06	Guinea	BA.1.1.1	EPI_ISL_14578568
105	Homo sapiens	2021-12-30	Guinea	BA.1.15.1	EPI_ISL_14578547
118	Homo sapiens	2022-03-31	Guinea	BA.2	EPI_ISL_14578526
119	Homo sapiens	2022-04-08	Guinea	BA.2	EPI_ISL_14578529
125	Homo sapiens	2022-05-20	Guinea	BA.2	EPI_ISL_14578533
125	Homo sapiens	2022-05-20	Guinea	BA.2	EPI_ISL_14578534
109	Homo sapiens	2022-01-25	Guinea	BA.1.15.1	EPI_ISL_14578591
106	Homo sapiens	2022-01-05	Guinea	BA.1.1	EPI_ISL_14578557
109	Homo sapiens	2022-01-26	Guinea	BA.1.1	EPI_ISL_14578592
106	Homo sapiens	2022-01-06	Guinea	BA.1.15.1	EPI_ISL_14578571
109	Homo sapiens	2022-01-29	Guinea	BA.1	EPI_ISL_14578593
127	Homo sapiens	2022-06-03	Guinea	BA.2	EPI_ISL_14578594
130	Homo sapiens	2022-06-23	Guinea	BA.2	EPI_ISL_14578597
131	Homo sapiens	2022-06-28	Guinea	BA.2	EPI_ISL_14578598
108	Homo sapiens	2022-01-20	Guinea	BA.1	EPI_ISL_14578584
83	Homo sapiens	2021-07-30	Guinea	AY.37	EPI_ISL_14605104
82	Homo sapiens	2021-07-25	Guinea	AY.37	EPI_ISL_14605100
83	Homo sapiens	2021-07-31	Guinea	AY.37	EPI_ISL_14605106
83	Homo sapiens	2021-07-28	Guinea	AY.37	EPI_ISL_14605102
83	Homo sapiens	2021-07-29	Guinea	AY.37	EPI_ISL_14605103
83	Homo sapiens	2021-07-31	Guinea	AY.37	EPI_ISL_14605105
85	Homo sapiens	2021-08-10	Guinea	AY.37	EPI_ISL_14605109
106	Homo sapiens	2022-01-04	Guinea	BA.1.1	EPI_ISL_14605115
131	Homo sapiens	2022-07-01	Guinea	BA.2	EPI_ISL_14605091
107	Homo sapiens	2022-01-12	Guinea	BA.1	EPI_ISL_14605080
82	Homo sapiens	2021-07-19	Guinea	AY.37	EPI_ISL_14605094
82	Homo sapiens	2021-07-19	Guinea	AY.37	EPI_ISL_14605095
82	Homo sapiens	2021-07-21	Guinea	AY.37	EPI_ISL_14605096
82	Homo sapiens	2021-07-22	Guinea	AY.37	EPI_ISL_14605098
82	Homo sapiens	2021-07-22	Guinea	AY.37	EPI_ISL_14605097
82	Homo sapiens	2021-07-24	Guinea	AY.37	EPI_ISL_14605099
85	Homo sapiens	2021-08-10	Guinea	AY.37	EPI_ISL_14605122
83	Homo sapiens	2021-07-26	Guinea	AY.37	EPI_ISL_14605101
85	Homo sapiens	2021-08-13	Guinea	AY.37	EPI_ISL_14605111
85	Homo sapiens	2021-08-14	Guinea	AY.37	EPI_ISL_14605112
106	Homo sapiens	2022-01-05	Guinea	BA.1.15.1	EPI_ISL_14605116
139	Homo sapiens	2022-08-23	Guinea	BF.7	EPI_ISL_14888885
139	Homo sapiens	2022-08-23	Guinea	BA.5.2.25	EPI_ISL_14888889
138	Homo sapiens	2022-08-16	Guinea	BA.5.2	EPI_ISL_14888876
139	Homo sapiens	2022-08-22	Guinea	BA.5.2.25	EPI_ISL_14888879
139	Homo sapiens	2022-08-23	Guinea	BA.5.2.25	EPI_ISL_14888894
139	Homo sapiens	2022-08-23	Guinea	BF.7	EPI_ISL_14888893
137	Homo sapiens	2022-08-08	Guinea	BA.5.2	EPI_ISL_14888874
67	Homo sapiens	2021-04-06	Guinea	B.1.1.7	EPI_ISL_14888883
139	Homo sapiens	2022-08-23	Guinea	BA.5.2.1	EPI_ISL_14888886
139	Homo sapiens	2022-08-22	Guinea	BA.5.2.25	EPI_ISL_14888882
139	Homo sapiens	2022-08-22	Guinea	BA.5.2.25	EPI_ISL_14888877
138	Homo sapiens	2022-08-15	Guinea	BA.5.2.1	EPI_ISL_14976948
137	Homo sapiens	2022-08-12	Guinea	BA.2	EPI_ISL_14976946
139	Homo sapiens	2022-08-24	Guinea	BA.5.2.25	EPI_ISL_15455530
139	Homo sapiens	2022-08-26	Guinea	BA.5.2.25	EPI_ISL_15455534
140	Homo sapiens	2022-08-29	Guinea	BA.5.2.25	EPI_ISL_15455536
142	Homo sapiens	2022-09-12	Guinea	BF.21	EPI_ISL_15455552
139	Homo sapiens	2022-08-24	Guinea	BA.5.2.25	EPI_ISL_15455531
139	Homo sapiens	2022-08-24	Guinea	BF.7	EPI_ISL_15455532
144	Homo sapiens	2022-09-29	Guinea	BF.7	EPI_ISL_15455538
144	Homo sapiens	2022-09-29	Guinea	BA.5.2.1	EPI_ISL_15455539
140	Homo sapiens	2022-09-02	Guinea	BA.5.2.1	EPI_ISL_15455542
130	Homo sapiens	2022-06-23	Guinea	BA.2	EPI_ISL_15455527
131	Homo sapiens	2022-06-29	Guinea	BA.2	EPI_ISL_15455529
146	Homo sapiens	2022-10-12	Guinea	BQ.1.1.32	EPI_ISL_15581450
146	Homo sapiens	2022-10-10	Guinea	BQ.1.1	EPI_ISL_15581448
169	Homo sapiens	2023-03-22	Guinea	XBB.1.4	EPI_ISL_17305647
164	Homo sapiens	2023-02-16	Guinea	XBB.1	EPI_ISL_17305642
166	Homo sapiens	2023-03-01	Guinea	XBB.1	EPI_ISL_17418803
169	Homo sapiens	2023-03-21	Guinea	XBB.1	EPI_ISL_17418957
