60	Homo sapiens	2021-02-19	Honduras	B.1.627	EPI_ISL_2157354
60	Homo sapiens	2021-02-19	Honduras	B.1.627	EPI_ISL_2157355
60	Homo sapiens	2021-02-19	Honduras	B.1.636	EPI_ISL_2157555
60	Homo sapiens	2021-02-19	Honduras	B.1.627	EPI_ISL_2157356
60	Homo sapiens	2021-02-18	Honduras	B.1.627	EPI_ISL_2157352
60	Homo sapiens	2021-02-18	Honduras	B.1.636	EPI_ISL_2157554
60	Homo sapiens	2021-02-18	Honduras	A.2.5	EPI_ISL_2157378
60	Homo sapiens	2021-02-18	Honduras	B.1.627	EPI_ISL_2157353
60	Homo sapiens	2021-02-18	Honduras	B.1.2	EPI_ISL_2157584
60	Homo sapiens	2021-02-18	Honduras	B.1.2	EPI_ISL_2157585
60	Homo sapiens	2021-02-18	Honduras	B.1.1	EPI_ISL_2157360
60	Homo sapiens	2021-02-17	Honduras	B.1.636	EPI_ISL_2157552
60	Homo sapiens	2021-02-17	Honduras	B.1.2	EPI_ISL_2157583
60	Homo sapiens	2021-02-17	Honduras	B.1.627	EPI_ISL_2157351
60	Homo sapiens	2021-02-17	Honduras	B.1.636	EPI_ISL_2157553
60	Homo sapiens	2021-02-16	Honduras	B.1.627	EPI_ISL_2157350
59	Homo sapiens	2021-02-10	Honduras	B.1.627	EPI_ISL_2157349
59	Homo sapiens	2021-02-10	Honduras	B.1.636	EPI_ISL_2157551
57	Homo sapiens	2021-01-30	Honduras	B.1.627	EPI_ISL_2157348
57	Homo sapiens	2021-01-28	Honduras	B.1	EPI_ISL_2157359
57	Homo sapiens	2021-01-27	Honduras	B.1	EPI_ISL_2157580
57	Homo sapiens	2021-01-27	Honduras	XB	EPI_ISL_2157358
57	Homo sapiens	2021-01-26	Honduras	B.1.396	EPI_ISL_2157579
57	Homo sapiens	2021-01-26	Honduras	B.1.627	EPI_ISL_2157347
57	Homo sapiens	2021-01-26	Honduras	XB	EPI_ISL_2157357
56	Homo sapiens	2021-01-22	Honduras	B.1.627	EPI_ISL_2157344
55	Homo sapiens	2021-01-15	Honduras	B.1.627	EPI_ISL_2157346
55	Homo sapiens	2021-01-14	Honduras	B.1.627	EPI_ISL_2157345
54	Homo sapiens	2021-01-05	Honduras	B.1.609	EPI_ISL_2157577
71	Homo sapiens	2021-05-04	Honduras	XB	EPI_ISL_2650534
70	Homo sapiens	2021-04-27	Honduras	XB	EPI_ISL_2650537
70	Homo sapiens	2021-04-27	Honduras	B.1.627	EPI_ISL_2650536
70	Homo sapiens	2021-04-26	Honduras	XB	EPI_ISL_2650530
70	Homo sapiens	2021-04-26	Honduras	XB	EPI_ISL_2648254
69	Homo sapiens	2021-04-25	Honduras	XB	EPI_ISL_2648252
69	Homo sapiens	2021-04-25	Honduras	XB	EPI_ISL_2648253
69	Homo sapiens	2021-04-25	Honduras	B.1.627	EPI_ISL_2648261
69	Homo sapiens	2021-04-25	Honduras	B.1.627	EPI_ISL_2648262
69	Homo sapiens	2021-04-24	Honduras	B.1.627	EPI_ISL_2648245
69	Homo sapiens	2021-04-24	Honduras	B.1.627	EPI_ISL_2650526
69	Homo sapiens	2021-04-24	Honduras	B.1.636	EPI_ISL_2648255
69	Homo sapiens	2021-04-24	Honduras	XB	EPI_ISL_2650532
69	Homo sapiens	2021-04-24	Honduras	B.1.627	EPI_ISL_2648257
69	Homo sapiens	2021-04-24	Honduras	XB	EPI_ISL_2650533
69	Homo sapiens	2021-04-24	Honduras	XB	EPI_ISL_2650535
69	Homo sapiens	2021-04-23	Honduras	XB	EPI_ISL_2648247
69	Homo sapiens	2021-04-23	Honduras	XB	EPI_ISL_2648248
69	Homo sapiens	2021-04-23	Honduras	XB	EPI_ISL_2648250
69	Homo sapiens	2021-04-23	Honduras	XB	EPI_ISL_2650527
69	Homo sapiens	2021-04-23	Honduras	B.1.1.7	EPI_ISL_2648251
69	Homo sapiens	2021-04-23	Honduras	XB	EPI_ISL_2650529
69	Homo sapiens	2021-04-23	Honduras	XB	EPI_ISL_2650531
69	Homo sapiens	2021-04-22	Honduras	B.1.2	EPI_ISL_2648244
69	Homo sapiens	2021-04-22	Honduras	XB	EPI_ISL_2648249
69	Homo sapiens	2021-04-21	Honduras	XB	EPI_ISL_2650524
69	Homo sapiens	2021-04-21	Honduras	XB	EPI_ISL_2650525
69	Homo sapiens	2021-04-21	Honduras	B.1.627	EPI_ISL_2648246
69	Homo sapiens	2021-04-20	Honduras	XB	EPI_ISL_2650528
68	Homo sapiens	2021-04-16	Honduras	XB	EPI_ISL_2648242
68	Homo sapiens	2021-04-16	Honduras	XB	EPI_ISL_2648243
68	Homo sapiens	2021-04-16	Honduras	XB	EPI_ISL_2648256
68	Homo sapiens	2021-04-15	Honduras	XB	EPI_ISL_2650523
66	Homo sapiens	2021-03-30	Honduras	B.1.1.519	EPI_ISL_2648258
70	Homo sapiens	2021-04-27	Honduras	XB	EPI_ISL_2648259
70	Homo sapiens	2021-04-27	Honduras	XB	EPI_ISL_2648260
69	Homo sapiens	2021-04-23	Honduras	B.1.631	EPI_ISL_2650538
74	Homo sapiens	2021-05-27	Honduras	A.2.5	EPI_ISL_3375858
74	Homo sapiens	2021-05-27	Honduras	A.2.5	EPI_ISL_3375857
74	Homo sapiens	2021-05-27	Honduras	A.2.5	EPI_ISL_3375855
105	Homo sapiens	2021-12-28	Honduras	BA.1.15	EPI_ISL_9983149
104	Homo sapiens	2021-12-26	Honduras	BA.1.1	EPI_ISL_9983148
105	Homo sapiens	2021-12-27	Honduras	BA.1.1	EPI_ISL_9983144
105	Homo sapiens	2021-12-31	Honduras	BA.1.1	EPI_ISL_9983165
105	Homo sapiens	2021-12-30	Honduras	BA.1.15	EPI_ISL_9983163
105	Homo sapiens	2021-12-29	Honduras	BA.1.1.8	EPI_ISL_9983161
106	Homo sapiens	2022-01-03	Honduras	BA.1.18	EPI_ISL_9983169
106	Homo sapiens	2022-01-03	Honduras	BA.1.18	EPI_ISL_9983168
105	Homo sapiens	2022-01-02	Honduras	BA.1.1	EPI_ISL_9983167
105	Homo sapiens	2021-12-31	Honduras	BA.1.18	EPI_ISL_9983166
106	Homo sapiens	2022-01-03	Honduras	BA.1.18	EPI_ISL_9983174
106	Homo sapiens	2022-01-03	Honduras	BA.1	EPI_ISL_9983173
106	Homo sapiens	2022-01-03	Honduras	BA.1.1	EPI_ISL_9983172
106	Homo sapiens	2022-01-03	Honduras	BA.1.1	EPI_ISL_9983170
106	Homo sapiens	2022-01-03	Honduras	BA.1.1	EPI_ISL_9983179
106	Homo sapiens	2022-01-03	Honduras	BA.1.1	EPI_ISL_9983177
106	Homo sapiens	2022-01-03	Honduras	BA.1.18	EPI_ISL_9983175
104	Homo sapiens	2021-12-25	Honduras	BA.1.1	EPI_ISL_9983143
104	Homo sapiens	2021-12-23	Honduras	BA.1.1	EPI_ISL_9983142
105	Homo sapiens	2021-12-27	Honduras	BA.1.1	EPI_ISL_9983141
105	Homo sapiens	2021-12-27	Honduras	BA.1.1	EPI_ISL_9983140
105	Homo sapiens	2021-12-27	Honduras	BA.1.1	EPI_ISL_9983147
105	Homo sapiens	2021-12-28	Honduras	BA.1.1	EPI_ISL_9983146
104	Homo sapiens	2021-12-23	Honduras	BA.1.1	EPI_ISL_9983145
104	Homo sapiens	2021-12-23	Honduras	BA.1.1	EPI_ISL_9983154
105	Homo sapiens	2021-12-27	Honduras	BA.1.1	EPI_ISL_9983153
104	Homo sapiens	2021-12-22	Honduras	BA.1	EPI_ISL_9983152
104	Homo sapiens	2021-12-25	Honduras	BA.1.15	EPI_ISL_9983151
103	Homo sapiens	2021-12-13	Honduras	AY.43	EPI_ISL_9983156
104	Homo sapiens	2021-12-25	Honduras	BA.1.15	EPI_ISL_9983150
105	Homo sapiens	2021-12-27	Honduras	BA.1.15	EPI_ISL_9983159
104	Homo sapiens	2021-12-23	Honduras	BA.1.18	EPI_ISL_9983158
104	Homo sapiens	2021-12-23	Honduras	BA.1.15	EPI_ISL_9983157
101	Homo sapiens	2021-12-01	Honduras	AY.100	EPI_ISL_9983155
106	Homo sapiens	2022-01-04	Honduras	BA.1.18	EPI_ISL_9983185
105	Homo sapiens	2021-12-27	Honduras	BA.1.1	EPI_ISL_9983139
100	Homo sapiens	2021-11-25	Honduras	AY.100	EPI_ISL_9983138
106	Homo sapiens	2022-01-04	Honduras	BA.1.1	EPI_ISL_9983184
106	Homo sapiens	2022-01-04	Honduras	BA.1.15	EPI_ISL_9983181
106	Homo sapiens	2022-01-04	Honduras	BA.1.18	EPI_ISL_9983183
106	Homo sapiens	2022-01-04	Honduras	BA.1.1	EPI_ISL_9983182
106	Homo sapiens	2022-01-04	Honduras	BA.1.1	EPI_ISL_9983180
105	Homo sapiens	2021-12-31	Honduras	BA.1.1	EPI_ISL_9983164
105	Homo sapiens	2021-12-29	Honduras	BA.1.1.8	EPI_ISL_9983162
105	Homo sapiens	2021-12-27	Honduras	BA.1.15	EPI_ISL_9983160
106	Homo sapiens	2022-01-03	Honduras	BA.1.1	EPI_ISL_9983176
106	Homo sapiens	2022-01-03	Honduras	BA.1.1	EPI_ISL_9983171
106	Homo sapiens	2022-01-03	Honduras	BA.1.1	EPI_ISL_9983178
99	Homo sapiens	2021-11-19	Honduras	AY.119.1	EPI_ISL_9983987
99	Homo sapiens	2021-11-15	Honduras	AY.100	EPI_ISL_9983986
96	Homo sapiens	2021-10-29	Honduras	AY.20	EPI_ISL_9983977
99	Homo sapiens	2021-11-15	Honduras	AY.119.1	EPI_ISL_9983984
98	Homo sapiens	2021-11-12	Honduras	AY.43	EPI_ISL_9983979
89	Homo sapiens	2021-09-10	Honduras	AY.122	EPI_ISL_9983993
90	Homo sapiens	2021-09-14	Honduras	AY.54	EPI_ISL_9983995
90	Homo sapiens	2021-09-13	Honduras	AY.113	EPI_ISL_9983994
89	Homo sapiens	2021-09-10	Honduras	AY.113	EPI_ISL_9983992
89	Homo sapiens	2021-09-07	Honduras	AY.43	EPI_ISL_9983991
99	Homo sapiens	2021-11-20	Honduras	AY.119.1	EPI_ISL_9983988
93	Homo sapiens	2021-10-08	Honduras	AY.113	EPI_ISL_9983962
89	Homo sapiens	2021-09-10	Honduras	AY.100	EPI_ISL_9983959
90	Homo sapiens	2021-09-17	Honduras	AY.100	EPI_ISL_9983956
90	Homo sapiens	2021-09-16	Honduras	AY.113	EPI_ISL_9983955
96	Homo sapiens	2021-10-28	Honduras	AY.113	EPI_ISL_9983975
96	Homo sapiens	2021-10-27	Honduras	AY.113	EPI_ISL_9983973
94	Homo sapiens	2021-10-13	Honduras	AY.113	EPI_ISL_9983971
95	Homo sapiens	2021-10-24	Honduras	AY.100	EPI_ISL_9983968
93	Homo sapiens	2021-10-04	Honduras	AY.20	EPI_ISL_9983966
90	Homo sapiens	2021-09-16	Honduras	AY.100	EPI_ISL_9983954
88	Homo sapiens	2021-08-30	Honduras	P.1	EPI_ISL_9983947
89	Homo sapiens	2021-09-12	Honduras	AY.113	EPI_ISL_9983951
90	Homo sapiens	2021-09-16	Honduras	AY.113	EPI_ISL_9983999
91	Homo sapiens	2021-09-22	Honduras	AY.43	EPI_ISL_9984004
93	Homo sapiens	2021-10-05	Honduras	AY.113	EPI_ISL_9984006
93	Homo sapiens	2021-10-07	Honduras	AY.113	EPI_ISL_9984007
93	Homo sapiens	2021-10-06	Honduras	AY.113	EPI_ISL_9984008
94	Homo sapiens	2021-10-13	Honduras	AY.100	EPI_ISL_9984009
94	Homo sapiens	2021-10-16	Honduras	AY.113	EPI_ISL_9984010
