12	Homo sapiens	2020-03-17	Hungary	B.1	EPI_ISL_416426
12	Homo sapiens	2020-03-20	Hungary	B.1.1.5	EPI_ISL_416744
12	Homo sapiens	2020-03-17	Hungary	B.1	EPI_ISL_418183
17	Homo sapiens	2020-04-22	Hungary	B.1.1	EPI_ISL_476068
14	Homo sapiens	2020-03-30	Hungary	B.1.1	EPI_ISL_476069
14	Homo sapiens	2020-04-02	Hungary	B.1	EPI_ISL_476070
15	Homo sapiens	2020-04-08	Hungary	B.1.1	EPI_ISL_476071
15	Homo sapiens	2020-04-09	Hungary	B.1.1	EPI_ISL_476072
15	Homo sapiens	2020-04-09	Hungary	B.1.1	EPI_ISL_476073
15	Homo sapiens	2020-04-08	Hungary	B.1.1	EPI_ISL_476074
15	Homo sapiens	2020-04-08	Hungary	B.1.1	EPI_ISL_476075
15	Homo sapiens	2020-04-12	Hungary	B.1.1	EPI_ISL_476076
16	Homo sapiens	2020-04-14	Hungary	B.1.1	EPI_ISL_476077
14	Homo sapiens	2020-03-30	Hungary	B.1.8	EPI_ISL_476078
17	Homo sapiens	2020-04-21	Hungary	B.1	EPI_ISL_477008
17	Homo sapiens	2020-04-22	Hungary	B.1.1	EPI_ISL_477009
15	Homo sapiens	2020-04-07	Hungary	B.1.1	EPI_ISL_477010
15	Homo sapiens	2020-04-08	Hungary	B.1.1	EPI_ISL_477011
15	Homo sapiens	2020-04-08	Hungary	B.1.1	EPI_ISL_477012
17	Homo sapiens	2020-04-22	Hungary	B.1.1	EPI_ISL_477013
12	Homo sapiens	2020-03-19	Hungary	B.1	EPI_ISL_477615
12	Homo sapiens	2020-03-20	Hungary	B.1.8	EPI_ISL_477616
12	Homo sapiens	2020-03-20	Hungary	B.1	EPI_ISL_477617
12	Homo sapiens	2020-03-22	Hungary	B.1	EPI_ISL_477618
13	Homo sapiens	2020-03-25	Hungary	B.1	EPI_ISL_477619
13	Homo sapiens	2020-03-26	Hungary	B.1.8	EPI_ISL_477620
13	Homo sapiens	2020-03-29	Hungary	B.1	EPI_ISL_477621
14	Homo sapiens	2020-03-30	Hungary	B.1	EPI_ISL_477622
13	Homo sapiens	2020-03-27	Hungary	B.1.1	EPI_ISL_477623
13	Homo sapiens	2020-03-29	Hungary	B.1	EPI_ISL_477624
13	Homo sapiens	2020-03-29	Hungary	B.1.391	EPI_ISL_477625
12	Homo sapiens	2020-03-17	Hungary	B.1	EPI_ISL_483637
15	Homo sapiens	2020-04-10	Hungary	B.1.1.87	EPI_ISL_526215
16	Homo sapiens	2020-04-14	Hungary	B.1.1.87	EPI_ISL_526216
16	Homo sapiens	2020-04-15	Hungary	B.1.1.87	EPI_ISL_526217
23	Homo sapiens	2020-06-04	Hungary	B.1	EPI_ISL_526224
28	Homo sapiens	2020-07-06	Hungary	B.1	EPI_ISL_526225
17	Homo sapiens	2020-04-23	Hungary	B.1.1.87	EPI_ISL_526226
18	Homo sapiens	2020-04-28	Hungary	B.1.1.87	EPI_ISL_526227
17	Homo sapiens	2020-04-25	Hungary	B.1.1.87	EPI_ISL_526228
16	Homo sapiens	2020-04-15	Hungary	B.1.1.87	EPI_ISL_526229
16	Homo sapiens	2020-04-17	Hungary	B.1	EPI_ISL_526230
17	Homo sapiens	2020-04-20	Hungary	B.1.1.87	EPI_ISL_526231
16	Homo sapiens	2020-04-16	Hungary	B.1	EPI_ISL_526232
16	Homo sapiens	2020-04-15	Hungary	B.1.1.87	EPI_ISL_526234
17	Homo sapiens	2020-04-21	Hungary	B.1.1.87	EPI_ISL_526235
19	Homo sapiens	2020-05-08	Hungary	B.1	EPI_ISL_526236
18	Homo sapiens	2020-04-29	Hungary	B.1.1.87	EPI_ISL_526237
36	Homo sapiens	2020-09-02	Hungary	B.1.160	EPI_ISL_671414
43	Homo sapiens	2020-10-20	Hungary	B.1.160	EPI_ISL_671415
42	Homo sapiens	2020-10-12	Hungary	B.1.160	EPI_ISL_671416
43	Homo sapiens	2020-10-24	Hungary	B.1.160	EPI_ISL_671418
36	Homo sapiens	2020-08-31	Hungary	B.1.1.163	EPI_ISL_671419
36	Homo sapiens	2020-08-31	Hungary	B.1.1.277	EPI_ISL_671420
36	Homo sapiens	2020-08-31	Hungary	B.1.160	EPI_ISL_671421
36	Homo sapiens	2020-08-31	Hungary	B.1.1.277	EPI_ISL_671423
36	Homo sapiens	2020-08-31	Hungary	B.1.160	EPI_ISL_671424
36	Homo sapiens	2020-08-31	Hungary	B.1.160	EPI_ISL_671425
36	Homo sapiens	2020-08-31	Hungary	B.1.1.277	EPI_ISL_671427
36	Homo sapiens	2020-09-01	Hungary	B.1.1.1	EPI_ISL_671428
36	Homo sapiens	2020-08-31	Hungary	B.1.160	EPI_ISL_671429
36	Homo sapiens	2020-09-01	Hungary	B.1.1	EPI_ISL_671430
36	Homo sapiens	2020-09-02	Hungary	B.1.1.1	EPI_ISL_671431
36	Homo sapiens	2020-09-02	Hungary	B.1.160	EPI_ISL_671432
36	Homo sapiens	2020-09-02	Hungary	B.1.160	EPI_ISL_671433
36	Homo sapiens	2020-09-02	Hungary	B.1.160	EPI_ISL_671434
36	Homo sapiens	2020-09-02	Hungary	B.1.160	EPI_ISL_671435
36	Homo sapiens	2020-09-02	Hungary	B.1.160	EPI_ISL_671436
36	Homo sapiens	2020-08-31	Hungary	B.1.160	EPI_ISL_671437
36	Homo sapiens	2020-09-02	Hungary	B.1.160	EPI_ISL_671438
36	Homo sapiens	2020-09-02	Hungary	B.1.160	EPI_ISL_671440
36	Homo sapiens	2020-09-02	Hungary	B.1.1.277	EPI_ISL_671441
36	Homo sapiens	2020-09-02	Hungary	B.1.1	EPI_ISL_671443
36	Homo sapiens	2020-09-02	Hungary	B.1.160	EPI_ISL_671444
36	Homo sapiens	2020-09-02	Hungary	B.1.160	EPI_ISL_671445
36	Homo sapiens	2020-09-02	Hungary	B.1.160	EPI_ISL_671448
36	Homo sapiens	2020-09-02	Hungary	B.1.160	EPI_ISL_671449
36	Homo sapiens	2020-09-03	Hungary	B.1.160	EPI_ISL_671452
36	Homo sapiens	2020-09-03	Hungary	B.1.160	EPI_ISL_671453
36	Homo sapiens	2020-09-03	Hungary	B.1.1.277	EPI_ISL_671454
40	Homo sapiens	2020-10-03	Hungary	B.1.160	EPI_ISL_671455
40	Homo sapiens	2020-10-04	Hungary	B.1.160	EPI_ISL_671456
40	Homo sapiens	2020-10-04	Hungary	B.1.160	EPI_ISL_671457
40	Homo sapiens	2020-10-04	Hungary	B.1.160	EPI_ISL_671458
40	Homo sapiens	2020-10-04	Hungary	B.1.160	EPI_ISL_671459
40	Homo sapiens	2020-10-04	Hungary	B.1.160	EPI_ISL_671460
40	Homo sapiens	2020-10-04	Hungary	B.1.160	EPI_ISL_671461
40	Homo sapiens	2020-10-03	Hungary	B.1.160	EPI_ISL_671462
40	Homo sapiens	2020-10-03	Hungary	B.1.160	EPI_ISL_671463
40	Homo sapiens	2020-10-03	Hungary	B.1.160	EPI_ISL_671464
40	Homo sapiens	2020-10-03	Hungary	B.1.160	EPI_ISL_671465
40	Homo sapiens	2020-10-04	Hungary	B.1.160	EPI_ISL_671466
40	Homo sapiens	2020-10-04	Hungary	B.1.160	EPI_ISL_671467
40	Homo sapiens	2020-10-04	Hungary	B.1.160	EPI_ISL_671468
40	Homo sapiens	2020-10-04	Hungary	B.1.160	EPI_ISL_671469
40	Homo sapiens	2020-10-04	Hungary	B.1.160	EPI_ISL_671470
40	Homo sapiens	2020-10-04	Hungary	B.1.160	EPI_ISL_671471
40	Homo sapiens	2020-10-04	Hungary	B.1.160	EPI_ISL_671472
40	Homo sapiens	2020-10-04	Hungary	B.1.160	EPI_ISL_671473
40	Homo sapiens	2020-10-04	Hungary	B.1.160	EPI_ISL_671474
40	Homo sapiens	2020-10-04	Hungary	B.1.160	EPI_ISL_671475
40	Homo sapiens	2020-10-04	Hungary	B.1.160	EPI_ISL_671476
40	Homo sapiens	2020-10-04	Hungary	B.1.160	EPI_ISL_671477
41	Homo sapiens	2020-10-05	Hungary	B.1.160	EPI_ISL_671478
41	Homo sapiens	2020-10-05	Hungary	B.1.160	EPI_ISL_671479
41	Homo sapiens	2020-10-05	Hungary	B.1.160	EPI_ISL_671480
41	Homo sapiens	2020-10-05	Hungary	B.1.160	EPI_ISL_671481
41	Homo sapiens	2020-10-05	Hungary	B.1.160	EPI_ISL_671482
41	Homo sapiens	2020-10-06	Hungary	B.1.1.1	EPI_ISL_671483
41	Homo sapiens	2020-10-06	Hungary	B.1.160	EPI_ISL_671484
41	Homo sapiens	2020-10-08	Hungary	B.1.160	EPI_ISL_671485
41	Homo sapiens	2020-10-08	Hungary	B.1.160	EPI_ISL_671487
41	Homo sapiens	2020-10-08	Hungary	B.1.160	EPI_ISL_671490
41	Homo sapiens	2020-10-08	Hungary	B.1.160	EPI_ISL_671493
41	Homo sapiens	2020-10-08	Hungary	B.1.160	EPI_ISL_671494
41	Homo sapiens	2020-10-08	Hungary	B.1.160	EPI_ISL_671495
35	Homo sapiens	2020-08-27	Hungary	B.1.1.198	EPI_ISL_677728
35	Homo sapiens	2020-08-27	Hungary	B.1.160	EPI_ISL_677729
35	Homo sapiens	2020-08-28	Hungary	B.1.160	EPI_ISL_677730
35	Homo sapiens	2020-08-28	Hungary	B.1.1.198	EPI_ISL_677731
35	Homo sapiens	2020-08-28	Hungary	B.1.1.198	EPI_ISL_677732
35	Homo sapiens	2020-08-28	Hungary	B.1.1.198	EPI_ISL_677733
35	Homo sapiens	2020-08-28	Hungary	B.1.1.198	EPI_ISL_677734
36	Homo sapiens	2020-08-31	Hungary	B.1.1.70	EPI_ISL_677735
36	Homo sapiens	2020-08-31	Hungary	B.1.1.70	EPI_ISL_677736
36	Homo sapiens	2020-08-31	Hungary	B.1.1.70	EPI_ISL_677737
36	Homo sapiens	2020-08-31	Hungary	B.1.1.198	EPI_ISL_677738
36	Homo sapiens	2020-09-01	Hungary	B.1.1.277	EPI_ISL_677739
36	Homo sapiens	2020-09-01	Hungary	B.1.1.198	EPI_ISL_677740
36	Homo sapiens	2020-09-01	Hungary	B.1.160	EPI_ISL_677741
36	Homo sapiens	2020-09-01	Hungary	B.1.160	EPI_ISL_677742
36	Homo sapiens	2020-09-01	Hungary	B.1.1.198	EPI_ISL_677743
36	Homo sapiens	2020-09-01	Hungary	B.1.160	EPI_ISL_677744
36	Homo sapiens	2020-09-01	Hungary	B.1.1.198	EPI_ISL_677745
36	Homo sapiens	2020-09-02	Hungary	B.1.1.70	EPI_ISL_677746
36	Homo sapiens	2020-09-02	Hungary	B.1.1.70	EPI_ISL_677748
36	Homo sapiens	2020-09-02	Hungary	B.1.1.70	EPI_ISL_677749
36	Homo sapiens	2020-09-02	Hungary	B.1.1.70	EPI_ISL_677750
36	Homo sapiens	2020-09-02	Hungary	B.1.1.70	EPI_ISL_677751
36	Homo sapiens	2020-09-02	Hungary	B.1.1.70	EPI_ISL_677752
36	Homo sapiens	2020-09-02	Hungary	B.1.1.70	EPI_ISL_677753
36	Homo sapiens	2020-09-02	Hungary	B.1.1.70	EPI_ISL_677754
36	Homo sapiens	2020-09-02	Hungary	B.1.1.70	EPI_ISL_677755
36	Homo sapiens	2020-09-02	Hungary	B.1.1.70	EPI_ISL_677756
36	Homo sapiens	2020-09-02	Hungary	B.1.1.70	EPI_ISL_677757
36	Homo sapiens	2020-09-02	Hungary	B.1.1.70	EPI_ISL_677758
36	Homo sapiens	2020-09-02	Hungary	B.1.1.70	EPI_ISL_677759
36	Homo sapiens	2020-09-02	Hungary	B.1.160	EPI_ISL_677762
36	Homo sapiens	2020-09-02	Hungary	B.1.160	EPI_ISL_677763
36	Homo sapiens	2020-09-03	Hungary	B.1.1.70	EPI_ISL_677764
36	Homo sapiens	2020-09-03	Hungary	B.1.1.70	EPI_ISL_677765
40	Homo sapiens	2020-10-01	Hungary	B.1.160	EPI_ISL_677773
40	Homo sapiens	2020-10-02	Hungary	B.1.160	EPI_ISL_677776
40	Homo sapiens	2020-10-01	Hungary	B.1.160	EPI_ISL_677777
40	Homo sapiens	2020-10-02	Hungary	B.1.160	EPI_ISL_677780
40	Homo sapiens	2020-10-01	Hungary	B.1.160	EPI_ISL_677782
40	Homo sapiens	2020-10-02	Hungary	B.1.160	EPI_ISL_677783
40	Homo sapiens	2020-10-02	Hungary	B.1.1.277	EPI_ISL_677785
40	Homo sapiens	2020-10-02	Hungary	B.1.160	EPI_ISL_677786
40	Homo sapiens	2020-10-02	Hungary	B.1.160	EPI_ISL_677787
40	Homo sapiens	2020-10-02	Hungary	B.1.160	EPI_ISL_677788
40	Homo sapiens	2020-10-01	Hungary	B.1.160	EPI_ISL_677789
40	Homo sapiens	2020-10-02	Hungary	B.1.160	EPI_ISL_677791
40	Homo sapiens	2020-10-02	Hungary	B.1.1.277	EPI_ISL_677792
40	Homo sapiens	2020-10-02	Hungary	B.1.160	EPI_ISL_677793
40	Homo sapiens	2020-10-02	Hungary	B.1.160	EPI_ISL_677794
40	Homo sapiens	2020-10-01	Hungary	B.1.1.277	EPI_ISL_677797
40	Homo sapiens	2020-10-01	Hungary	B.1.160	EPI_ISL_677799
40	Homo sapiens	2020-10-02	Hungary	B.1.160	EPI_ISL_677800
40	Homo sapiens	2020-10-01	Hungary	B.1.160	EPI_ISL_677802
40	Homo sapiens	2020-10-01	Hungary	B.1.160	EPI_ISL_677805
40	Homo sapiens	2020-10-02	Hungary	B.1.160	EPI_ISL_677806
40	Homo sapiens	2020-10-02	Hungary	B.1.160	EPI_ISL_677808
40	Homo sapiens	2020-10-02	Hungary	B.1.160	EPI_ISL_677809
40	Homo sapiens	2020-10-02	Hungary	B.1.160	EPI_ISL_677810
40	Homo sapiens	2020-10-02	Hungary	B.1.160	EPI_ISL_677811
40	Homo sapiens	2020-10-02	Hungary	B.1.160	EPI_ISL_677813
40	Homo sapiens	2020-10-02	Hungary	B.1.160	EPI_ISL_677814
40	Homo sapiens	2020-09-29	Hungary	B.1.160	EPI_ISL_677815
40	Homo sapiens	2020-10-02	Hungary	B.1.160	EPI_ISL_677816
40	Homo sapiens	2020-10-02	Hungary	B.1.160	EPI_ISL_677817
41	Homo sapiens	2020-10-07	Hungary	B.1.160	EPI_ISL_677818
40	Homo sapiens	2020-10-02	Hungary	B.1.160	EPI_ISL_678291
41	Homo sapiens	2020-10-08	Hungary	B.1.160	EPI_ISL_678387
41	Homo sapiens	2020-10-08	Hungary	B.1.160	EPI_ISL_678388
41	Homo sapiens	2020-10-08	Hungary	B.1.1.277	EPI_ISL_678389
41	Homo sapiens	2020-10-08	Hungary	B.1.160	EPI_ISL_678390
41	Homo sapiens	2020-10-08	Hungary	B.1.160	EPI_ISL_678391
41	Homo sapiens	2020-10-08	Hungary	B.1.160	EPI_ISL_678392
41	Homo sapiens	2020-10-08	Hungary	B.1.160	EPI_ISL_678393
41	Homo sapiens	2020-10-08	Hungary	B.1.160	EPI_ISL_678394
41	Homo sapiens	2020-10-08	Hungary	B.1.160	EPI_ISL_678395
41	Homo sapiens	2020-10-08	Hungary	B.1.1.1	EPI_ISL_678396
54	Homo sapiens	2021-01-07	Hungary	B.1.1.7	EPI_ISL_826269
54	Homo sapiens	2021-01-08	Hungary	B.1.1.7	EPI_ISL_826270
54	Homo sapiens	2021-01-08	Hungary	B.1.1.7	EPI_ISL_826272
54	Homo sapiens	2021-01-09	Hungary	B.1.1.7	EPI_ISL_826273
26	Homo sapiens	2020-06-26	Hungary	C.35	EPI_ISL_1039836
26	Homo sapiens	2020-06-22	Hungary	B.1	EPI_ISL_1039837
26	Homo sapiens	2020-06-24	Hungary	C.35	EPI_ISL_1039838
14	Homo sapiens	2020-03-30	Hungary	B.1	EPI_ISL_1039959
23	Homo sapiens	2020-06-01	Hungary	B.1.22	EPI_ISL_1039960
24	Homo sapiens	2020-06-10	Hungary	B.1.22	EPI_ISL_1039961
24	Homo sapiens	2020-06-11	Hungary	B.1.22	EPI_ISL_1039962
24	Homo sapiens	2020-06-12	Hungary	B.1.1	EPI_ISL_1039963
24	Homo sapiens	2020-06-12	Hungary	B.1	EPI_ISL_1039964
44	Homo sapiens	2020-10-27	Hungary	B.1.160	EPI_ISL_1039965
44	Homo sapiens	2020-10-29	Hungary	B.1.160	EPI_ISL_1039967
44	Homo sapiens	2020-10-29	Hungary	B.1.160	EPI_ISL_1039968
44	Homo sapiens	2020-10-29	Hungary	B.1.160	EPI_ISL_1039969
44	Homo sapiens	2020-10-29	Hungary	B.1.160	EPI_ISL_1039970
44	Homo sapiens	2020-10-30	Hungary	B.1.160	EPI_ISL_1039971
44	Homo sapiens	2020-10-30	Hungary	B.1.160	EPI_ISL_1039972
44	Homo sapiens	2020-10-30	Hungary	B.1.160	EPI_ISL_1039973
44	Homo sapiens	2020-10-30	Hungary	B.1.160	EPI_ISL_1039974
44	Homo sapiens	2020-10-31	Hungary	B.1.160	EPI_ISL_1039975
44	Homo sapiens	2020-10-31	Hungary	B.1.160	EPI_ISL_1039976
44	Homo sapiens	2020-10-31	Hungary	B.1.160	EPI_ISL_1039977
23	Homo sapiens	2020-06-04	Hungary	B.1.22	EPI_ISL_1039980
23	Homo sapiens	2020-06-04	Hungary	B.1.1	EPI_ISL_1039982
23	Homo sapiens	2020-06-03	Hungary	B.1.22	EPI_ISL_1039983
23	Homo sapiens	2020-06-02	Hungary	B.1.22	EPI_ISL_1039984
23	Homo sapiens	2020-06-02	Hungary	B.1.1.277	EPI_ISL_1039985
23	Homo sapiens	2020-06-02	Hungary	B.1.1.277	EPI_ISL_1039986
15	Homo sapiens	2020-04-09	Hungary	B.1.1	EPI_ISL_1039989
15	Homo sapiens	2020-04-09	Hungary	B.1.1	EPI_ISL_1039990
15	Homo sapiens	2020-04-09	Hungary	B.1.1	EPI_ISL_1039991
15	Homo sapiens	2020-04-09	Hungary	B.1.1	EPI_ISL_1039992
15	Homo sapiens	2020-04-09	Hungary	B.1.1.409	EPI_ISL_1039993
15	Homo sapiens	2020-04-09	Hungary	B.1	EPI_ISL_1039994
15	Homo sapiens	2020-04-09	Hungary	B.1.1	EPI_ISL_1039995
15	Homo sapiens	2020-04-09	Hungary	B.1.1	EPI_ISL_1039996
15	Homo sapiens	2020-04-09	Hungary	B.1.1	EPI_ISL_1039997
11	Homo sapiens	2020-03-12	Hungary	B.1.1	EPI_ISL_1039998
44	Homo sapiens	2020-10-29	Hungary	B.1.160	EPI_ISL_1040120
44	Homo sapiens	2020-10-29	Hungary	B.1.160	EPI_ISL_1040121
44	Homo sapiens	2020-10-29	Hungary	B.1.160	EPI_ISL_1040122
44	Homo sapiens	2020-10-28	Hungary	B.1.160	EPI_ISL_1040123
44	Homo sapiens	2020-10-28	Hungary	B.1.160	EPI_ISL_1040124
44	Homo sapiens	2020-10-29	Hungary	B.1.160	EPI_ISL_1040125
43	Homo sapiens	2020-10-25	Hungary	B.1.160	EPI_ISL_1040126
44	Homo sapiens	2020-10-30	Hungary	B.1.160	EPI_ISL_1040127
43	Homo sapiens	2020-10-25	Hungary	B.1.160	EPI_ISL_1040128
44	Homo sapiens	2020-10-29	Hungary	B.1.1.1	EPI_ISL_1040129
44	Homo sapiens	2020-10-26	Hungary	B.1.160	EPI_ISL_1040130
44	Homo sapiens	2020-10-29	Hungary	B.1.160	EPI_ISL_1040131
44	Homo sapiens	2020-10-26	Hungary	B.1.160	EPI_ISL_1040132
44	Homo sapiens	2020-10-26	Hungary	B.1.160	EPI_ISL_1040133
44	Homo sapiens	2020-10-30	Hungary	B.1.160	EPI_ISL_1040134
44	Homo sapiens	2020-10-30	Hungary	B.1.527	EPI_ISL_1040135
44	Homo sapiens	2020-10-26	Hungary	B.1.160	EPI_ISL_1040136
44	Homo sapiens	2020-10-29	Hungary	B.1.160	EPI_ISL_1040137
44	Homo sapiens	2020-10-29	Hungary	B.1.160	EPI_ISL_1040138
44	Homo sapiens	2020-10-29	Hungary	B.1.160	EPI_ISL_1040139
44	Homo sapiens	2020-10-29	Hungary	B.1.160	EPI_ISL_1040140
44	Homo sapiens	2020-10-29	Hungary	B.1.160	EPI_ISL_1040141
44	Homo sapiens	2020-10-29	Hungary	B.1.160	EPI_ISL_1040142
44	Homo sapiens	2020-10-26	Hungary	B.1.160	EPI_ISL_1040143
55	Homo sapiens	2021-01-11	Hungary	B.1.160	EPI_ISL_1041196
55	Homo sapiens	2021-01-11	Hungary	B.1.160	EPI_ISL_1041197
56	Homo sapiens	2021-01-19	Hungary	B.1.258.17	EPI_ISL_1041199
56	Homo sapiens	2021-01-21	Hungary	B.1.160	EPI_ISL_1041200
56	Homo sapiens	2021-01-21	Hungary	B.1.160	EPI_ISL_1041201
56	Homo sapiens	2021-01-21	Hungary	B.1.160	EPI_ISL_1041202
56	Homo sapiens	2021-01-22	Hungary	B.1.1.7	EPI_ISL_1041203
56	Homo sapiens	2021-01-23	Hungary	B.1.1.7	EPI_ISL_1041204
57	Homo sapiens	2021-01-25	Hungary	B.1.1.7	EPI_ISL_1041205
57	Homo sapiens	2021-01-26	Hungary	B.1.1.7	EPI_ISL_1041206
57	Homo sapiens	2021-01-26	Hungary	B.1.160	EPI_ISL_1041207
57	Homo sapiens	2021-01-27	Hungary	B.1.160	EPI_ISL_1041208
58	Homo sapiens	2021-02-01	Hungary	B.1.160	EPI_ISL_1041210
58	Homo sapiens	2021-02-01	Hungary	B.1.160	EPI_ISL_1041212
17	Homo sapiens	2020-04-20	Hungary	B.1.1.426	EPI_ISL_1095614
20	Homo sapiens	2020-05-12	Hungary	B.1	EPI_ISL_1095615
18	Homo sapiens	2020-04-30	Hungary	B.1.22	EPI_ISL_1095616
18	Homo sapiens	2020-04-29	Hungary	B.1.22	EPI_ISL_1095617
17	Homo sapiens	2020-04-26	Hungary	B.1.1	EPI_ISL_1095618
17	Homo sapiens	2020-04-25	Hungary	B.1.22	EPI_ISL_1095619
17	Homo sapiens	2020-04-25	Hungary	B.1	EPI_ISL_1095620
17	Homo sapiens	2020-04-25	Hungary	B.1	EPI_ISL_1095621
17	Homo sapiens	2020-04-20	Hungary	B.1	EPI_ISL_1095622
14	Homo sapiens	2020-04-04	Hungary	B.1	EPI_ISL_1095624
14	Homo sapiens	2020-04-04	Hungary	B.1	EPI_ISL_1095625
13	Homo sapiens	2020-03-26	Hungary	B.1	EPI_ISL_1095626
13	Homo sapiens	2020-03-24	Hungary	B.1	EPI_ISL_1095627
10	Homo sapiens	2020-03-03	Hungary	B.4	EPI_ISL_1172022
10	Homo sapiens	2020-03-05	Hungary	B.1.1	EPI_ISL_1172023
11	Homo sapiens	2020-03-10	Hungary	B.1.1	EPI_ISL_1172024
11	Homo sapiens	2020-03-10	Hungary	B.1.1	EPI_ISL_1172025
16	Homo sapiens	2020-04-14	Hungary	B.1.1	EPI_ISL_1172026
20	Homo sapiens	2020-05-17	Hungary	B.1.22	EPI_ISL_1172027
59	Homo sapiens	2021-02-08	Hungary	B.1.1.7	EPI_ISL_1195198
58	Homo sapiens	2021-02-06	Hungary	B.1.1.7	EPI_ISL_1195199
58	Homo sapiens	2021-02-05	Hungary	B.1.1.7	EPI_ISL_1195200
58	Homo sapiens	2021-02-03	Hungary	B.1.1.7	EPI_ISL_1195202
57	Homo sapiens	2021-01-27	Hungary	B.1.1.7	EPI_ISL_1195203
56	Homo sapiens	2021-01-18	Hungary	B.1.1.7	EPI_ISL_1195204
56	Homo sapiens	2021-01-18	Hungary	B.1.1.7	EPI_ISL_1195205
58	Homo sapiens	2021-02-05	Hungary	B.1.160	EPI_ISL_1195206
50	Homo sapiens	2020-12-08	Hungary	B.1.160	EPI_ISL_1195207
54	Homo sapiens	2021-01-06	Hungary	B.1.1.7	EPI_ISL_1346696
56	Homo sapiens	2021-01-22	Hungary	B.1.160	EPI_ISL_1447292
57	Homo sapiens	2021-01-25	Hungary	B.1.160	EPI_ISL_1447293
56	Homo sapiens	2021-01-23	Hungary	B.1.160	EPI_ISL_1447294
56	Homo sapiens	2021-01-22	Hungary	B.1.160	EPI_ISL_1447295
55	Homo sapiens	2021-01-17	Hungary	B.1.160	EPI_ISL_1447296
60	Homo sapiens	2021-02-15	Hungary	B.1.1.7	EPI_ISL_1447297
55	Homo sapiens	2021-01-15	Hungary	B.1.160	EPI_ISL_1447299
55	Homo sapiens	2021-01-14	Hungary	B.1.160	EPI_ISL_1447300
55	Homo sapiens	2021-01-11	Hungary	B.1	EPI_ISL_1447301
57	Homo sapiens	2021-01-28	Hungary	B.1.160	EPI_ISL_1447304
57	Homo sapiens	2021-01-27	Hungary	B.1.160	EPI_ISL_1447305
57	Homo sapiens	2021-01-27	Hungary	B.1.160	EPI_ISL_1447308
58	Homo sapiens	2021-02-05	Hungary	B.1.160	EPI_ISL_1447309
58	Homo sapiens	2021-02-04	Hungary	B.1.160	EPI_ISL_1447310
58	Homo sapiens	2021-02-03	Hungary	B.1.258	EPI_ISL_1447311
61	Homo sapiens	2021-02-23	Hungary	B.1.258.17	EPI_ISL_1447312
61	Homo sapiens	2021-02-22	Hungary	B.1.1.7	EPI_ISL_1447313
59	Homo sapiens	2021-02-11	Hungary	B.1.258	EPI_ISL_1447316
59	Homo sapiens	2021-02-12	Hungary	B.1.160	EPI_ISL_1447317
59	Homo sapiens	2021-02-12	Hungary	B.1.160	EPI_ISL_1447318
60	Homo sapiens	2021-02-15	Hungary	B.1.1.7	EPI_ISL_1447319
60	Homo sapiens	2021-02-15	Hungary	B.1.1.7	EPI_ISL_1447320
44	Homo sapiens	2020-10-29	Hungary	B.1.160	EPI_ISL_1039966
40	Homo sapiens	2020-10-01	Hungary	B.1.160	EPI_ISL_677727
10	Homo sapiens	2020-03-05	Hungary	B.1.1	EPI_ISL_1039979
14	Homo sapiens	2020-04-02	Hungary	B.1	EPI_ISL_435418
14	Homo sapiens	2020-03-30	Hungary	B.1	EPI_ISL_435412
14	Homo sapiens	2020-03-30	Hungary	B.1.1.1	EPI_ISL_435413
14	Homo sapiens	2020-03-30	Hungary	B.1	EPI_ISL_435414
14	Homo sapiens	2020-03-30	Hungary	B.1	EPI_ISL_435415
14	Homo sapiens	2020-03-30	Hungary	B.1.1	EPI_ISL_435417
13	Homo sapiens	2020-03-29	Hungary	B.1.1	EPI_ISL_435430
13	Homo sapiens	2020-03-28	Hungary	B.1	EPI_ISL_435429
13	Homo sapiens	2020-03-27	Hungary	B.1.1	EPI_ISL_435411
13	Homo sapiens	2020-03-27	Hungary	B.3	EPI_ISL_435416
13	Homo sapiens	2020-03-27	Hungary	B.1	EPI_ISL_435422
13	Homo sapiens	2020-03-27	Hungary	B.1	EPI_ISL_435423
13	Homo sapiens	2020-03-27	Hungary	B.1	EPI_ISL_435424
13	Homo sapiens	2020-03-26	Hungary	B.1	EPI_ISL_435410
13	Homo sapiens	2020-03-25	Hungary	B.1.1	EPI_ISL_435409
13	Homo sapiens	2020-03-25	Hungary	B.1	EPI_ISL_435421
13	Homo sapiens	2020-03-25	Hungary	B.1.1	EPI_ISL_435427
13	Homo sapiens	2020-03-25	Hungary	B.1.1	EPI_ISL_435428
13	Homo sapiens	2020-03-25	Hungary	B.1.391	EPI_ISL_435431
13	Homo sapiens	2020-03-23	Hungary	B.1	EPI_ISL_435420
12	Homo sapiens	2020-03-22	Hungary	B.1.1	EPI_ISL_435405
12	Homo sapiens	2020-03-22	Hungary	B.1.1.5	EPI_ISL_435406
12	Homo sapiens	2020-03-22	Hungary	B.1	EPI_ISL_435407
12	Homo sapiens	2020-03-22	Hungary	B.1.1	EPI_ISL_435408
12	Homo sapiens	2020-03-21	Hungary	B.1.1	EPI_ISL_435426
12	Homo sapiens	2020-03-20	Hungary	B.1	EPI_ISL_435403
12	Homo sapiens	2020-03-20	Hungary	B.1	EPI_ISL_435404
12	Homo sapiens	2020-03-20	Hungary	B.1.1	EPI_ISL_435419
12	Homo sapiens	2020-03-19	Hungary	B.1	EPI_ISL_435425
107	Homo sapiens	2022-01-14	Hungary	BA.1	EPI_ISL_9625922
107	Homo sapiens	2022-01-14	Hungary	BA.1.17.2	EPI_ISL_9625923
107	Homo sapiens	2022-01-13	Hungary	BA.1	EPI_ISL_9625920
107	Homo sapiens	2022-01-13	Hungary	BA.1	EPI_ISL_9625921
107	Homo sapiens	2022-01-12	Hungary	BA.1.1	EPI_ISL_9625919
107	Homo sapiens	2022-01-11	Hungary	BA.1.1	EPI_ISL_9625914
107	Homo sapiens	2022-01-11	Hungary	BA.1.1	EPI_ISL_9625915
107	Homo sapiens	2022-01-11	Hungary	BA.1.1	EPI_ISL_9625916
107	Homo sapiens	2022-01-11	Hungary	AY.4.5	EPI_ISL_9625917
107	Homo sapiens	2022-01-11	Hungary	BA.1.17.2	EPI_ISL_9625918
107	Homo sapiens	2022-01-10	Hungary	BA.1.17.2	EPI_ISL_9625911
107	Homo sapiens	2022-01-10	Hungary	BA.1.1	EPI_ISL_9625912
107	Homo sapiens	2022-01-10	Hungary	BA.1.18	EPI_ISL_9625913
106	Homo sapiens	2022-01-06	Hungary	AY.46.6	EPI_ISL_9625906
106	Homo sapiens	2022-01-06	Hungary	AY.4	EPI_ISL_9625907
106	Homo sapiens	2022-01-06	Hungary	BA.1.1	EPI_ISL_9625908
106	Homo sapiens	2022-01-06	Hungary	BA.1.1	EPI_ISL_9625909
106	Homo sapiens	2022-01-06	Hungary	BA.1	EPI_ISL_9625910
106	Homo sapiens	2022-01-04	Hungary	BA.1.1	EPI_ISL_9625904
106	Homo sapiens	2022-01-04	Hungary	BA.1.1	EPI_ISL_9625905
106	Homo sapiens	2022-01-03	Hungary	BA.1.1	EPI_ISL_9625900
106	Homo sapiens	2022-01-03	Hungary	BA.1.1	EPI_ISL_9625901
106	Homo sapiens	2022-01-03	Hungary	AY.43	EPI_ISL_9625903
105	Homo sapiens	2022-01-02	Hungary	BA.1.1	EPI_ISL_9625899
105	Homo sapiens	2022-01-02	Hungary	BA.1.14	EPI_ISL_9625902
105	Homo sapiens	2021-12-31	Hungary	AY.46.6	EPI_ISL_9626007
105	Homo sapiens	2021-12-27	Hungary	BA.1.1	EPI_ISL_9626005
105	Homo sapiens	2021-12-27	Hungary	AY.43	EPI_ISL_9626006
104	Homo sapiens	2021-12-26	Hungary	AY.121.1	EPI_ISL_9625999
104	Homo sapiens	2021-12-26	Hungary	BA.1.17.2	EPI_ISL_9626000
104	Homo sapiens	2021-12-25	Hungary	AY.43	EPI_ISL_9625996
104	Homo sapiens	2021-12-25	Hungary	BA.1.17	EPI_ISL_9625997
104	Homo sapiens	2021-12-23	Hungary	AY.43	EPI_ISL_9625946
104	Homo sapiens	2021-12-23	Hungary	BA.1	EPI_ISL_9625995
104	Homo sapiens	2021-12-23	Hungary	BA.1	EPI_ISL_9626001
104	Homo sapiens	2021-12-23	Hungary	AY.43	EPI_ISL_9626002
104	Homo sapiens	2021-12-22	Hungary	AY.46.6	EPI_ISL_9625992
104	Homo sapiens	2021-12-22	Hungary	AY.9	EPI_ISL_9625998
104	Homo sapiens	2021-12-22	Hungary	BA.1.17.2	EPI_ISL_9626003
104	Homo sapiens	2021-12-21	Hungary	AY.43	EPI_ISL_9626004
104	Homo sapiens	2021-12-20	Hungary	AY.122	EPI_ISL_9625993
104	Homo sapiens	2021-12-20	Hungary	AY.9	EPI_ISL_9625994
103	Homo sapiens	2021-12-17	Hungary	AY.46.6	EPI_ISL_9625991
103	Homo sapiens	2021-12-15	Hungary	AY.43	EPI_ISL_9625945
103	Homo sapiens	2021-12-15	Hungary	AY.121	EPI_ISL_9625989
103	Homo sapiens	2021-12-15	Hungary	AY.47	EPI_ISL_9625990
103	Homo sapiens	2021-12-15	Hungary	AY.43	EPI_ISL_9626009
103	Homo sapiens	2021-12-15	Hungary	AY.43	EPI_ISL_9626010
103	Homo sapiens	2021-12-14	Hungary	AY.122	EPI_ISL_9625943
103	Homo sapiens	2021-12-14	Hungary	AY.43	EPI_ISL_9625944
103	Homo sapiens	2021-12-14	Hungary	BA.1.14	EPI_ISL_9596559
103	Homo sapiens	2021-12-13	Hungary	AY.43	EPI_ISL_9625941
103	Homo sapiens	2021-12-13	Hungary	AY.122	EPI_ISL_9625942
103	Homo sapiens	2021-12-13	Hungary	AY.122	EPI_ISL_9625988
102	Homo sapiens	2021-12-10	Hungary	AY.46.6	EPI_ISL_9625987
102	Homo sapiens	2021-12-09	Hungary	AY.122	EPI_ISL_9625986
102	Homo sapiens	2021-12-08	Hungary	AY.43	EPI_ISL_9625984
102	Homo sapiens	2021-12-08	Hungary	AY.122	EPI_ISL_9625985
102	Homo sapiens	2021-12-07	Hungary	AY.43	EPI_ISL_9625983
102	Homo sapiens	2021-12-06	Hungary	AY.98.1	EPI_ISL_9625978
102	Homo sapiens	2021-12-06	Hungary	AY.4.2	EPI_ISL_9625979
102	Homo sapiens	2021-12-06	Hungary	AY.46.6	EPI_ISL_9625980
102	Homo sapiens	2021-12-06	Hungary	AY.43	EPI_ISL_9625981
102	Homo sapiens	2021-12-06	Hungary	AY.43	EPI_ISL_9625982
101	Homo sapiens	2021-12-03	Hungary	B.1.617.2	EPI_ISL_9625940
101	Homo sapiens	2021-12-02	Hungary	AY.4.13	EPI_ISL_9625975
101	Homo sapiens	2021-12-02	Hungary	AY.43	EPI_ISL_9625976
101	Homo sapiens	2021-12-01	Hungary	AY.4.5	EPI_ISL_9625938
101	Homo sapiens	2021-12-01	Hungary	AY.46.6	EPI_ISL_9625974
101	Homo sapiens	2021-11-30	Hungary	AY.122	EPI_ISL_9625936
101	Homo sapiens	2021-11-30	Hungary	AY.43	EPI_ISL_9625937
101	Homo sapiens	2021-11-30	Hungary	AY.122	EPI_ISL_9625969
101	Homo sapiens	2021-11-30	Hungary	AY.43	EPI_ISL_9625971
101	Homo sapiens	2021-11-30	Hungary	AY.121.1	EPI_ISL_9625972
101	Homo sapiens	2021-11-29	Hungary	AY.43	EPI_ISL_9625935
101	Homo sapiens	2021-11-29	Hungary	AY.122	EPI_ISL_9625968
100	Homo sapiens	2021-11-27	Hungary	AY.98.1	EPI_ISL_9625966
100	Homo sapiens	2021-11-27	Hungary	AY.122	EPI_ISL_9625967
100	Homo sapiens	2021-11-26	Hungary	AY.43	EPI_ISL_9625963
100	Homo sapiens	2021-11-26	Hungary	AY.43	EPI_ISL_9625964
100	Homo sapiens	2021-11-25	Hungary	AY.43	EPI_ISL_9625962
100	Homo sapiens	2021-11-25	Hungary	AY.98.1	EPI_ISL_9625965
100	Homo sapiens	2021-11-24	Hungary	AY.4.9	EPI_ISL_9625960
100	Homo sapiens	2021-11-24	Hungary	AY.43	EPI_ISL_9625961
100	Homo sapiens	2021-11-23	Hungary	AY.4	EPI_ISL_9625958
100	Homo sapiens	2021-11-23	Hungary	B.1.617.2	EPI_ISL_9625959
100	Homo sapiens	2021-11-22	Hungary	AY.122	EPI_ISL_9625956
100	Homo sapiens	2021-11-22	Hungary	AY.122	EPI_ISL_9625957
99	Homo sapiens	2021-11-20	Hungary	AY.122	EPI_ISL_9625934
99	Homo sapiens	2021-11-20	Hungary	AY.43	EPI_ISL_9625955
99	Homo sapiens	2021-11-19	Hungary	AY.122	EPI_ISL_9625932
99	Homo sapiens	2021-11-19	Hungary	AY.43	EPI_ISL_9625933
99	Homo sapiens	2021-11-19	Hungary	AY.43	EPI_ISL_9625953
99	Homo sapiens	2021-11-19	Hungary	AY.9.2	EPI_ISL_9625954
99	Homo sapiens	2021-11-18	Hungary	AY.4	EPI_ISL_9625929
99	Homo sapiens	2021-11-18	Hungary	AY.43	EPI_ISL_9625930
99	Homo sapiens	2021-11-18	Hungary	AY.43	EPI_ISL_9625931
99	Homo sapiens	2021-11-18	Hungary	AY.121	EPI_ISL_9625951
99	Homo sapiens	2021-11-18	Hungary	AY.43	EPI_ISL_9625952
99	Homo sapiens	2021-11-17	Hungary	AY.43	EPI_ISL_9625928
99	Homo sapiens	2021-11-16	Hungary	AY.122	EPI_ISL_9625926
99	Homo sapiens	2021-11-16	Hungary	AY.4	EPI_ISL_9625927
99	Homo sapiens	2021-11-16	Hungary	AY.127	EPI_ISL_9625947
99	Homo sapiens	2021-11-16	Hungary	AY.43	EPI_ISL_9625948
99	Homo sapiens	2021-11-16	Hungary	AY.98	EPI_ISL_9625949
99	Homo sapiens	2021-11-16	Hungary	AY.4	EPI_ISL_9625950
99	Homo sapiens	2021-11-15	Hungary	AY.4.9	EPI_ISL_9625924
99	Homo sapiens	2021-11-15	Hungary	AY.122	EPI_ISL_9625925
133	Homo sapiens	2022-07-11	Hungary	BA.5.1	EPI_ISL_15104798
118	Homo sapiens	2022-03-30	Hungary	BA.2.9	EPI_ISL_15104796
129	Homo sapiens	2022-06-15	Hungary	BA.2.12.1	EPI_ISL_15104797
129	Homo sapiens	2022-06-15	Hungary	BA.2.12.1	EPI_ISL_15104795
129	Homo sapiens	2022-06-16	Hungary	BA.2.12.1	EPI_ISL_15104794
117	Homo sapiens	2022-03-24	Hungary	BA.2.9	EPI_ISL_15104791
146	Homo sapiens	2022-10-11	Hungary	BA.5.2.1	EPI_ISL_15887385
145	Homo sapiens	2022-10-07	Hungary	BA.5.2	EPI_ISL_15887394
145	Homo sapiens	2022-10-03	Hungary	BA.5.2.1	EPI_ISL_15887379
145	Homo sapiens	2022-10-03	Hungary	BA.5.2.1	EPI_ISL_15887381
146	Homo sapiens	2022-10-13	Hungary	BA.5.1.23	EPI_ISL_15887388
145	Homo sapiens	2022-10-06	Hungary	BA.5.2	EPI_ISL_15887391
146	Homo sapiens	2022-10-15	Hungary	BF.7	EPI_ISL_15887403
147	Homo sapiens	2022-10-18	Hungary	BF.5	EPI_ISL_15887407
145	Homo sapiens	2022-10-07	Hungary	BF.7	EPI_ISL_15887393
147	Homo sapiens	2022-10-19	Hungary	BF.5	EPI_ISL_15887404
146	Homo sapiens	2022-10-13	Hungary	BA.5.2	EPI_ISL_15887409
146	Homo sapiens	2022-10-13	Hungary	BF.14	EPI_ISL_15887411
148	Homo sapiens	2022-10-24	Hungary	BF.7	EPI_ISL_16242830
148	Homo sapiens	2022-10-26	Hungary	BA.5.2.6	EPI_ISL_16242825
148	Homo sapiens	2022-10-25	Hungary	BF.5	EPI_ISL_16242834
148	Homo sapiens	2022-10-25	Hungary	BF.7	EPI_ISL_16242820
148	Homo sapiens	2022-10-25	Hungary	BA.5.1	EPI_ISL_16242819
148	Homo sapiens	2022-10-27	Hungary	BF.7	EPI_ISL_16242837
148	Homo sapiens	2022-10-25	Hungary	BA.5.1	EPI_ISL_16242823
149	Homo sapiens	2022-11-03	Hungary	BA.5.2	EPI_ISL_16242857
150	Homo sapiens	2022-11-08	Hungary	BF.10	EPI_ISL_16242841
151	Homo sapiens	2022-11-16	Hungary	BF.7	EPI_ISL_16242860
148	Homo sapiens	2022-10-24	Hungary	BA.4.6	EPI_ISL_16524706
20	Homo sapiens	2020-05-11	Hungary	B.59	OQ302121.1
61	Homo sapiens	2021-02-22	Hungary	B.1.1.7	OQ302137.1
157	Homo sapiens	2022-12-29	Hungary	BF.11.3	EPI_ISL_16647751
158	Homo sapiens	2023-01-02	Hungary	BQ.1.1.13	EPI_ISL_16647747
158	Homo sapiens	2023-01-02	Hungary	BA.5.2.1	EPI_ISL_16647746
152	Homo sapiens	2022-11-21	Hungary	BF.7.4	EPI_ISL_16647754
152	Homo sapiens	2022-11-21	Hungary	BA.5.2.20	EPI_ISL_16647753
157	Homo sapiens	2022-12-29	Hungary	BQ.1.23	EPI_ISL_16647750
155	Homo sapiens	2022-12-16	Hungary	BQ.1.10	EPI_ISL_16647759
155	Homo sapiens	2022-12-16	Hungary	BQ.1.1	EPI_ISL_16647764
155	Homo sapiens	2022-12-16	Hungary	BF.11.3	EPI_ISL_16647761
156	Homo sapiens	2022-12-21	Hungary	BQ.1	EPI_ISL_16647765
156	Homo sapiens	2022-12-19	Hungary	BN.1.3	EPI_ISL_16647763
156	Homo sapiens	2022-12-20	Hungary	BQ.1.1.7	EPI_ISL_16647762
155	Homo sapiens	2022-12-13	Hungary	BF.19	EPI_ISL_16647760
158	Homo sapiens	2023-01-03	Hungary	XBB.1.5	EPI_ISL_16647749
154	Homo sapiens	2022-12-08	Hungary	BF.7	EPI_ISL_16724416
155	Homo sapiens	2022-12-15	Hungary	BA.5.1	EPI_ISL_16724426
153	Homo sapiens	2022-12-02	Hungary	BQ.1.1.13	EPI_ISL_16724413
155	Homo sapiens	2022-12-13	Hungary	BA.5.2	EPI_ISL_16724428
154	Homo sapiens	2022-12-06	Hungary	BA.5.1	EPI_ISL_16724410
153	Homo sapiens	2022-11-29	Hungary	BA.5.1	EPI_ISL_16724408
153	Homo sapiens	2022-11-28	Hungary	BA.5.2	EPI_ISL_16724402
153	Homo sapiens	2022-11-30	Hungary	BF.14	EPI_ISL_16724406
154	Homo sapiens	2022-12-06	Hungary	BF.5	EPI_ISL_16724411
155	Homo sapiens	2022-12-12	Hungary	BA.5.2.1	EPI_ISL_16724422
154	Homo sapiens	2022-12-08	Hungary	BA.5.1	EPI_ISL_16724420
154	Homo sapiens	2022-12-07	Hungary	BA.5.1	EPI_ISL_16724419
154	Homo sapiens	2022-12-06	Hungary	BA.5.1	EPI_ISL_16724417
154	Homo sapiens	2022-12-05	Hungary	BQ.1.1.13	EPI_ISL_16724418
154	Homo sapiens	2022-12-05	Hungary	BF.14	EPI_ISL_16724415
20	Homo sapiens	2020-05-11	Hungary	B.1.1	EPI_ISL_16871473
61	Homo sapiens	2021-02-22	Hungary	B.1.1.7	EPI_ISL_16871472
137	Homo sapiens	2022-08-08	Hungary	BA.5.1	EPI_ISL_17033689
135	Homo sapiens	2022-07-26	Hungary	BA.5.2.1	EPI_ISL_17033677
126	Homo sapiens	2022-05-26	Hungary	BA.2	EPI_ISL_17033624
150	Homo sapiens	2022-11-09	Hungary	BF.7	EPI_ISL_17033743
140	Homo sapiens	2022-09-02	Hungary	BA.5.1	EPI_ISL_17033701
126	Homo sapiens	2022-05-25	Hungary	XAZ	EPI_ISL_17033621
144	Homo sapiens	2022-09-29	Hungary	BA.5.1.3	EPI_ISL_17033714
128	Homo sapiens	2022-06-08	Hungary	BA.5.1.24	EPI_ISL_17033630
129	Homo sapiens	2022-06-14	Hungary	BA.5.1	EPI_ISL_17033637
130	Homo sapiens	2022-06-21	Hungary	BA.5.1	EPI_ISL_17033641
131	Homo sapiens	2022-07-02	Hungary	BA.5.1	EPI_ISL_17033650
127	Homo sapiens	2022-05-31	Hungary	BA.5.1	EPI_ISL_17033626
130	Homo sapiens	2022-06-21	Hungary	BA.5.2	EPI_ISL_17033642
130	Homo sapiens	2022-06-23	Hungary	BA.5.1	EPI_ISL_17033644
125	Homo sapiens	2022-05-20	Hungary	BA.2	EPI_ISL_17033619
128	Homo sapiens	2022-06-08	Hungary	BA.4.1	EPI_ISL_17033629
129	Homo sapiens	2022-06-14	Hungary	BA.2	EPI_ISL_17033635
132	Homo sapiens	2022-07-08	Hungary	BA.5.2	EPI_ISL_17033661
133	Homo sapiens	2022-07-13	Hungary	BA.5.1	EPI_ISL_17033666
132	Homo sapiens	2022-07-05	Hungary	BA.4.1	EPI_ISL_17033656
132	Homo sapiens	2022-07-05	Hungary	BA.5.1	EPI_ISL_17033653
132	Homo sapiens	2022-07-05	Hungary	BA.5.1	EPI_ISL_17033654
132	Homo sapiens	2022-07-08	Hungary	BA.5.2.27	EPI_ISL_17033659
146	Homo sapiens	2022-10-11	Hungary	BF.7	EPI_ISL_17033721
146	Homo sapiens	2022-10-12	Hungary	BA.5.1	EPI_ISL_17033725
108	Homo sapiens	2022-01-19	Hungary	BA.1.17.2	EPI_ISL_17033790
109	Homo sapiens	2022-01-24	Hungary	BA.1	EPI_ISL_17033795
111	Homo sapiens	2022-02-09	Hungary	BA.2.9	EPI_ISL_17033800
128	Homo sapiens	2022-06-08	Hungary	BA.5.1.23	EPI_ISL_17033632
130	Homo sapiens	2022-06-22	Hungary	BA.5.2.1	EPI_ISL_17033643
131	Homo sapiens	2022-06-28	Hungary	BA.5.1.2	EPI_ISL_17033649
130	Homo sapiens	2022-06-23	Hungary	BA.5.1	EPI_ISL_17033645
131	Homo sapiens	2022-06-27	Hungary	BA.5.1.2	EPI_ISL_17033646
131	Homo sapiens	2022-06-27	Hungary	BA.4	EPI_ISL_17033647
128	Homo sapiens	2022-06-08	Hungary	BA.5.1	EPI_ISL_17033631
128	Homo sapiens	2022-06-10	Hungary	BA.5.1	EPI_ISL_17033634
133	Homo sapiens	2022-07-14	Hungary	BA.5.1.23	EPI_ISL_17033668
133	Homo sapiens	2022-07-13	Hungary	BA.5.2	EPI_ISL_17033667
130	Homo sapiens	2022-06-20	Hungary	BA.5.1	EPI_ISL_17033639
133	Homo sapiens	2022-07-11	Hungary	BE.1.1	EPI_ISL_17033663
132	Homo sapiens	2022-07-07	Hungary	BE.1.1	EPI_ISL_17033660
133	Homo sapiens	2022-07-11	Hungary	BA.5.1	EPI_ISL_17033662
126	Homo sapiens	2022-05-23	Hungary	XAZ	EPI_ISL_17033620
133	Homo sapiens	2022-07-12	Hungary	BF.7.6	EPI_ISL_17033665
133	Homo sapiens	2022-07-14	Hungary	BA.5.1	EPI_ISL_17033669
127	Homo sapiens	2022-05-31	Hungary	BA.5.1	EPI_ISL_17033627
130	Homo sapiens	2022-06-20	Hungary	BA.2.12.1	EPI_ISL_17033640
143	Homo sapiens	2022-09-19	Hungary	BA.5.2	EPI_ISL_17033706
143	Homo sapiens	2022-09-23	Hungary	BA.5.2	EPI_ISL_17033709
126	Homo sapiens	2022-05-25	Hungary	BA.2	EPI_ISL_17033622
132	Homo sapiens	2022-07-05	Hungary	BA.5.1	EPI_ISL_17033655
132	Homo sapiens	2022-07-06	Hungary	BA.5.1	EPI_ISL_17033657
132	Homo sapiens	2022-07-07	Hungary	BA.5.2.1	EPI_ISL_17033658
129	Homo sapiens	2022-06-14	Hungary	BA.2	EPI_ISL_17033636
128	Homo sapiens	2022-06-09	Hungary	BA.5.2.1	EPI_ISL_17033633
131	Homo sapiens	2022-06-27	Hungary	BA.2.12.1	EPI_ISL_17033648
129	Homo sapiens	2022-06-17	Hungary	BA.2.12.1	EPI_ISL_17033638
110	Homo sapiens	2022-02-01	Hungary	BA.1.1	EPI_ISL_17033761
128	Homo sapiens	2022-06-07	Hungary	XAZ	EPI_ISL_17033809
112	Homo sapiens	2022-02-17	Hungary	BA.1.1	EPI_ISL_17033803
113	Homo sapiens	2022-02-22	Hungary	BA.1.14	EPI_ISL_17033804
113	Homo sapiens	2022-02-25	Hungary	BA.1.1.1	EPI_ISL_17033805
140	Homo sapiens	2022-09-02	Hungary	BA.5.2	EPI_ISL_17033700
109	Homo sapiens	2022-01-27	Hungary	BA.1.14	EPI_ISL_17033756
141	Homo sapiens	2022-09-05	Hungary	BA.5.2.1	EPI_ISL_17033702
142	Homo sapiens	2022-09-13	Hungary	BA.5.2.28	EPI_ISL_17033703
142	Homo sapiens	2022-09-13	Hungary	BA.5.2.1	EPI_ISL_17033704
143	Homo sapiens	2022-09-20	Hungary	BF.7	EPI_ISL_17033708
110	Homo sapiens	2022-02-02	Hungary	BA.1.1	EPI_ISL_17033772
129	Homo sapiens	2022-06-17	Hungary	BA.5.1	EPI_ISL_17033810
129	Homo sapiens	2022-06-17	Hungary	BA.5.1	EPI_ISL_17033811
136	Homo sapiens	2022-08-02	Hungary	BA.5.1.22	EPI_ISL_17033683
136	Homo sapiens	2022-08-01	Hungary	BE.1.1	EPI_ISL_17033680
136	Homo sapiens	2022-08-01	Hungary	BA.5.1	EPI_ISL_17033681
136	Homo sapiens	2022-08-01	Hungary	BA.5.1	EPI_ISL_17033682
136	Homo sapiens	2022-08-03	Hungary	BE.1.1	EPI_ISL_17033685
136	Homo sapiens	2022-08-04	Hungary	BA.5.2.3	EPI_ISL_17033684
136	Homo sapiens	2022-08-04	Hungary	BA.5	EPI_ISL_17033686
136	Homo sapiens	2022-08-04	Hungary	BE.1.1	EPI_ISL_17033687
136	Homo sapiens	2022-08-05	Hungary	BA.5.1	EPI_ISL_17033688
133	Homo sapiens	2022-07-16	Hungary	BA.5.1	EPI_ISL_17033670
134	Homo sapiens	2022-07-22	Hungary	BF.27	EPI_ISL_17033671
114	Homo sapiens	2022-03-01	Hungary	BA.1.1	EPI_ISL_17033791
135	Homo sapiens	2022-07-25	Hungary	BE.1.1	EPI_ISL_17033672
137	Homo sapiens	2022-08-09	Hungary	BA.5.2	EPI_ISL_17033692
135	Homo sapiens	2022-07-25	Hungary	BA.5.1	EPI_ISL_17033673
114	Homo sapiens	2022-03-06	Hungary	BA.1.1	EPI_ISL_17033794
135	Homo sapiens	2022-07-26	Hungary	BA.5.1	EPI_ISL_17033674
135	Homo sapiens	2022-07-26	Hungary	BA.5.2.1	EPI_ISL_17033675
135	Homo sapiens	2022-07-26	Hungary	BA.5.2.20	EPI_ISL_17033676
109	Homo sapiens	2022-01-26	Hungary	BA.1.1	EPI_ISL_17033797
136	Homo sapiens	2022-08-01	Hungary	BA.5.2.1	EPI_ISL_17033679
143	Homo sapiens	2022-09-23	Hungary	BA.5.2.3	EPI_ISL_17033710
109	Homo sapiens	2022-01-26	Hungary	BA.1.1	EPI_ISL_17033798
135	Homo sapiens	2022-07-29	Hungary	BA.5.2.1	EPI_ISL_17033678
143	Homo sapiens	2022-09-25	Hungary	BA.5.1	EPI_ISL_17033711
110	Homo sapiens	2022-01-31	Hungary	BA.1.1.1	EPI_ISL_17033799
144	Homo sapiens	2022-09-26	Hungary	BA.5.1	EPI_ISL_17033712
137	Homo sapiens	2022-08-09	Hungary	BA.5.1	EPI_ISL_17033694
145	Homo sapiens	2022-10-05	Hungary	BA.5.2.26	EPI_ISL_17033715
145	Homo sapiens	2022-10-06	Hungary	BA.5.2.26	EPI_ISL_17033716
145	Homo sapiens	2022-10-07	Hungary	BA.5.2	EPI_ISL_17033717
145	Homo sapiens	2022-10-09	Hungary	BA.5.2.26	EPI_ISL_17033718
137	Homo sapiens	2022-08-09	Hungary	BA.5.1.24	EPI_ISL_17033690
138	Homo sapiens	2022-08-19	Hungary	BA.5.2	EPI_ISL_17033698
137	Homo sapiens	2022-08-09	Hungary	BA.5.2	EPI_ISL_17033691
137	Homo sapiens	2022-08-09	Hungary	BA.5.1	EPI_ISL_17033693
138	Homo sapiens	2022-08-18	Hungary	BE.1.1	EPI_ISL_17033697
137	Homo sapiens	2022-08-10	Hungary	BA.5.1	EPI_ISL_17033695
138	Homo sapiens	2022-08-16	Hungary	BA.5.2	EPI_ISL_17033696
146	Homo sapiens	2022-10-10	Hungary	BA.5.2	EPI_ISL_17033720
140	Homo sapiens	2022-09-01	Hungary	BA.5.1	EPI_ISL_17033699
146	Homo sapiens	2022-10-11	Hungary	BF.7	EPI_ISL_17033722
146	Homo sapiens	2022-10-14	Hungary	BA.5.2.18	EPI_ISL_17033728
146	Homo sapiens	2022-10-12	Hungary	BA.5.1	EPI_ISL_17033723
147	Homo sapiens	2022-10-17	Hungary	BF.7	EPI_ISL_17033729
151	Homo sapiens	2022-11-15	Hungary	BA.5.1.24	EPI_ISL_17033745
146	Homo sapiens	2022-10-12	Hungary	BA.5.2	EPI_ISL_17033724
146	Homo sapiens	2022-10-12	Hungary	BA.5.2.18	EPI_ISL_17033726
146	Homo sapiens	2022-10-12	Hungary	BA.5.2	EPI_ISL_17033727
151	Homo sapiens	2022-11-17	Hungary	BA.5.1.24	EPI_ISL_17033746
113	Homo sapiens	2022-02-27	Hungary	BA.2.9	EPI_ISL_17033806
114	Homo sapiens	2022-03-01	Hungary	BA.2	EPI_ISL_17033807
153	Homo sapiens	2022-11-30	Hungary	BA.5.2	EPI_ISL_17033753
117	Homo sapiens	2022-03-24	Hungary	BA.2.9	EPI_ISL_17033793
147	Homo sapiens	2022-10-17	Hungary	BQ.1.3	EPI_ISL_17033733
151	Homo sapiens	2022-11-18	Hungary	BF.14	EPI_ISL_17033750
152	Homo sapiens	2022-11-23	Hungary	BF.7.6	EPI_ISL_17033751
153	Homo sapiens	2022-11-28	Hungary	BF.7	EPI_ISL_17033752
144	Homo sapiens	2022-09-27	Hungary	BA.5.2.1	EPI_ISL_17033713
146	Homo sapiens	2022-10-10	Hungary	BA.5.2.18	EPI_ISL_17033719
149	Homo sapiens	2022-11-02	Hungary	BF.11	EPI_ISL_17033740
150	Homo sapiens	2022-11-08	Hungary	BF.11	EPI_ISL_17033741
111	Homo sapiens	2022-02-07	Hungary	BA.2	EPI_ISL_17033785
150	Homo sapiens	2022-11-09	Hungary	BF.7	EPI_ISL_17033742
110	Homo sapiens	2022-02-06	Hungary	BA.1.1	EPI_ISL_17033786
126	Homo sapiens	2022-05-26	Hungary	BA.2.9	EPI_ISL_17033623
151	Homo sapiens	2022-11-14	Hungary	BF.7	EPI_ISL_17033744
151	Homo sapiens	2022-11-16	Hungary	BA.5.2.1	EPI_ISL_17033747
151	Homo sapiens	2022-11-18	Hungary	BA.5.1	EPI_ISL_17033748
142	Homo sapiens	2022-09-15	Hungary	BA.5.2.1	EPI_ISL_17033705
147	Homo sapiens	2022-10-17	Hungary	BA.5.2.27	EPI_ISL_17033730
151	Homo sapiens	2022-11-18	Hungary	BQ.1.1	EPI_ISL_17033749
143	Homo sapiens	2022-09-20	Hungary	BA.5.2.1	EPI_ISL_17033707
147	Homo sapiens	2022-10-17	Hungary	BA.5.1.22	EPI_ISL_17033731
147	Homo sapiens	2022-10-17	Hungary	BF.5	EPI_ISL_17033732
125	Homo sapiens	2022-05-16	Hungary	BA.2	EPI_ISL_17033612
125	Homo sapiens	2022-05-16	Hungary	BA.2	EPI_ISL_17033613
147	Homo sapiens	2022-10-17	Hungary	BA.5.1	EPI_ISL_17033734
125	Homo sapiens	2022-05-17	Hungary	BA.2	EPI_ISL_17033614
147	Homo sapiens	2022-10-19	Hungary	BA.5.2.1	EPI_ISL_17033735
125	Homo sapiens	2022-05-18	Hungary	BA.2	EPI_ISL_17033615
110	Homo sapiens	2022-02-04	Hungary	BA.2	EPI_ISL_17033779
130	Homo sapiens	2022-06-20	Hungary	BA.2.12.1	EPI_ISL_17033812
147	Homo sapiens	2022-10-19	Hungary	BA.5.1.23	EPI_ISL_17033736
125	Homo sapiens	2022-05-18	Hungary	BA.2.9	EPI_ISL_17033616
148	Homo sapiens	2022-10-25	Hungary	BA.5.1	EPI_ISL_17033737
148	Homo sapiens	2022-10-25	Hungary	BF.7	EPI_ISL_17033738
125	Homo sapiens	2022-05-19	Hungary	BA.2	EPI_ISL_17033618
148	Homo sapiens	2022-10-28	Hungary	BA.5.2.1	EPI_ISL_17033739
162	Homo sapiens	2023-02-02	Hungary	BA.5.2	EPI_ISL_17347318
164	Homo sapiens	2023-02-13	Hungary	XBB.1.5	EPI_ISL_17347329
163	Homo sapiens	2023-02-07	Hungary	BQ.1.1.3	EPI_ISL_17347321
161	Homo sapiens	2023-01-28	Hungary	BQ.1.1.32	EPI_ISL_17347331
