11	Homo sapiens	2020-03-09	Iran	B.4	MT320891.2
13	Homo sapiens	2020-03-26	Iran	B.4	MT447177.1
13	Homo sapiens	2020-03-26	Iran	B.4	EPI_ISL_442044
18	Homo sapiens	2020-05-01	Iran	B.1.210	EPI_ISL_514753
18	Homo sapiens	2020-05-01	Iran	B.4	MT994286.1
18	Homo sapiens	2020-05-01	Iran	B.4.6	MT994632.1
18	Homo sapiens	2020-05-01	Iran	B.4.6	MT994849.1
18	Homo sapiens	2020-05-01	Iran	B.4.6	MT994881.1
16	Homo sapiens	2020-04-13	Iran	B.4	EPI_ISL_594185
15	Homo sapiens	2020-04-11	Iran	B.4	EPI_ISL_594187
24	Homo sapiens	2020-06-11	Iran	B.1	EPI_ISL_596455
11	Homo sapiens	2020-03-10	Iran	B.4	EPI_ISL_637099
11	Homo sapiens	2020-03-10	Iran	B.4	EPI_ISL_637100
11	Homo sapiens	2020-03-10	Iran	B.4	EPI_ISL_637101
11	Homo sapiens	2020-03-10	Iran	B.4	EPI_ISL_637102
11	Homo sapiens	2020-03-10	Iran	B.4	EPI_ISL_637103
11	Homo sapiens	2020-03-10	Iran	B.4	EPI_ISL_637104
29	Homo sapiens	2020-07-16	Iran	B.4.8	EPI_ISL_815256
46	Homo sapiens	2020-11-10	Iran	B.1.1.413	EPI_ISL_862075
48	Homo sapiens	2020-11-24	Iran	B.1.1	EPI_ISL_862076
08	Homo sapiens	2020-02-20	Iran	B.4	EPI_ISL_862077
08	Homo sapiens	2020-02-20	Iran	B.4	EPI_ISL_862078
45	Homo sapiens	2020-11-05	Iran	B.1.36	EPI_ISL_862079
48	Homo sapiens	2020-11-25	Iran	B.1.36	EPI_ISL_862080
48	Homo sapiens	2020-11-24	Iran	B.1.1.413	EPI_ISL_862081
15	Homo sapiens	2020-04-06	Iran	B.4	EPI_ISL_959275
15	Homo sapiens	2020-04-06	Iran	B.4	EPI_ISL_959276
34	Homo sapiens	2020-08-20	Iran	B.1.36	EPI_ISL_959277
34	Homo sapiens	2020-08-18	Iran	B.1.9.5	EPI_ISL_959278
45	Homo sapiens	2020-11-05	Iran	B.1.468	EPI_ISL_959279
15	Homo sapiens	2020-04-06	Iran	B.4	EPI_ISL_959280
34	Homo sapiens	2020-08-22	Iran	B.1.1	EPI_ISL_959281
27	Homo sapiens	2020-07-02	Iran	B.1.9.5	EPI_ISL_959282
15	Homo sapiens	2020-04-06	Iran	B.4	EPI_ISL_959283
45	Homo sapiens	2020-11-05	Iran	B.1.1	EPI_ISL_959284
18	Homo sapiens	2020-05-01	Iran	B.1.36.8	EPI_ISL_507007
38	Homo sapiens	2020-09-19	Iran	B.1.36	EPI_ISL_1014676
10	Homo sapiens	2020-03-07	Iran	B.4	EPI_ISL_1014677
34	Homo sapiens	2020-08-22	Iran	B.4.8	EPI_ISL_1014678
27	Homo sapiens	2020-07-05	Iran	B.1	EPI_ISL_1014679
27	Homo sapiens	2020-07-05	Iran	B.1	EPI_ISL_1014680
34	Homo sapiens	2020-08-20	Iran	B.1.36	EPI_ISL_1014681
19	Homo sapiens	2020-05-05	Iran	B.4	EPI_ISL_1014682
19	Homo sapiens	2020-05-06	Iran	B.4	EPI_ISL_1014683
52	Homo sapiens	2020-12-27	Iran	B.1.36	EPI_ISL_1014685
50	Homo sapiens	2020-12-09	Iran	B.1.1.413	EPI_ISL_1014686
34	Homo sapiens	2020-08-17	Iran	B.1.36.7	EPI_ISL_1014687
07	Homo sapiens	2020-02-11	Iran	B.35	MW737421.1
25	Homo sapiens	2020-06-15	Iran	B.4.8	EPI_ISL_1398364
25	Homo sapiens	2020-06-15	Iran	B.4	EPI_ISL_1398925
20	Homo sapiens	2020-05-13	Iran	B.4	EPI_ISL_1398937
69	Homo sapiens	2021-04-20	Iran	B.1.1.7	EPI_ISL_1993555
69	Homo sapiens	2021-04-19	Iran	B.1.1.7	EPI_ISL_1993550
69	Homo sapiens	2021-04-19	Iran	B.1.1.7	EPI_ISL_1993552
68	Homo sapiens	2021-04-17	Iran	B.1.1.7	EPI_ISL_1993554
68	Homo sapiens	2021-04-13	Iran	B.1.1.7	EPI_ISL_1993549
68	Homo sapiens	2021-04-12	Iran	B.1.1.7	EPI_ISL_1993547
68	Homo sapiens	2021-04-12	Iran	B.1.1.7	EPI_ISL_1993553
67	Homo sapiens	2021-04-06	Iran	B.1.1.7	EPI_ISL_1993551
67	Homo sapiens	2021-04-06	Iran	B.1.1.7	EPI_ISL_1993556
66	Homo sapiens	2021-04-04	Iran	B.1.1.7	EPI_ISL_1993548
66	Homo sapiens	2021-04-04	Iran	B.1.1.7	EPI_ISL_1993557
70	Homo sapiens	2021-04-29	Iran	B.1.617.2	EPI_ISL_2227270
70	Homo sapiens	2021-04-29	Iran	B.1.617.2	EPI_ISL_2227204
70	Homo sapiens	2021-04-29	Iran	AY.100	EPI_ISL_2227269
70	Homo sapiens	2021-04-28	Iran	B.1.617.2	EPI_ISL_2227272
70	Homo sapiens	2021-04-28	Iran	B.1.617.2	EPI_ISL_2227271
71	Homo sapiens	2021-05-08	Iran	B.1.1.7	EPI_ISL_2360250
71	Homo sapiens	2021-05-08	Iran	B.1.1.7	EPI_ISL_2360251
70	Homo sapiens	2021-04-28	Iran	AY.122	EPI_ISL_2360256
70	Homo sapiens	2021-04-28	Iran	AY.122	EPI_ISL_2360257
70	Homo sapiens	2021-04-28	Iran	B.1.617.2	EPI_ISL_2360252
70	Homo sapiens	2021-04-28	Iran	B.1.617.2	EPI_ISL_2360254
70	Homo sapiens	2021-04-26	Iran	AY.106	EPI_ISL_2360253
66	Homo sapiens	2021-04-03	Iran	B.1.351	EPI_ISL_2360255
49	Homo sapiens	2020-12-05	Iran	B.1	EPI_ISL_2466656
41	Homo sapiens	2020-10-10	Iran	B.1.36	EPI_ISL_2466657
39	Homo sapiens	2020-09-25	Iran	B.1	EPI_ISL_2466658
18	Homo sapiens	2020-04-28	Iran	B.4	EPI_ISL_2537485
29	Homo sapiens	2020-07-16	Iran	B.4.8	EPI_ISL_2692953
25	Homo sapiens	2020-06-16	Iran	B.1.36	EPI_ISL_2692988
20	Homo sapiens	2020-05-17	Iran	B.4	EPI_ISL_2692904
20	Homo sapiens	2020-05-11	Iran	B.4	EPI_ISL_2692885
18	Homo sapiens	2020-05-01	Iran	B.4	EPI_ISL_2692888
54	Homo sapiens	2021-01-08	Iran	B.1.1.413	EPI_ISL_3078071
54	Homo sapiens	2021-01-07	Iran	B.1.1	EPI_ISL_3077450
70	Homo sapiens	2021-04-29	Iran	AY.92	EPI_ISL_2227268
62	Homo sapiens	2021-03-01	Iran	B.1.1.7	EPI_ISL_2547522
60	Homo sapiens	2021-02-17	Iran	B.1.36.7	EPI_ISL_2350364
57	Homo sapiens	2021-01-30	Iran	B.1.36.7	EPI_ISL_2795679
88	Homo sapiens	2021-09-03	Iran	B.1.617.2	EPI_ISL_4803538
87	Homo sapiens	2021-08-29	Iran	AY.33	EPI_ISL_4803554
84	Homo sapiens	2021-08-04	Iran	AY.126	EPI_ISL_4803558
84	Homo sapiens	2021-08-02	Iran	AY.126	EPI_ISL_4803557
84	Homo sapiens	2021-08-02	Iran	AY.126	EPI_ISL_4803528
82	Homo sapiens	2021-07-19	Iran	B.1.1.7	EPI_ISL_4803556
61	Homo sapiens	2021-02-26	Iran	B.1.1.7	EPI_ISL_6121688
65	Homo sapiens	2021-03-26	Iran	B.1.36.31	EPI_ISL_6121790
54	Homo sapiens	2021-01-07	Iran	B.1.1.413	EPI_ISL_6121624
54	Homo sapiens	2021-01-07	Iran	B.1.1.413	EPI_ISL_6121622
66	Homo sapiens	2021-04-01	Iran	B.1.1.10	EPI_ISL_6258798
66	Homo sapiens	2021-03-31	Iran	B.1.1.7	EPI_ISL_6258787
66	Homo sapiens	2021-03-31	Iran	B.1.1.7	EPI_ISL_6258790
26	Homo sapiens	2020-06-23	Iran	B.4	EPI_ISL_6258781
68	Homo sapiens	2021-04-12	Iran	B.1.1.7	EPI_ISL_6340532
67	Homo sapiens	2021-04-06	Iran	B.1.1.7	EPI_ISL_6314688
66	Homo sapiens	2021-04-02	Iran	B.1.36.31	EPI_ISL_6314678
69	Homo sapiens	2021-04-20	Iran	B.1.1.7	EPI_ISL_6575584
71	Homo sapiens	2021-05-09	Iran	B.1.1.7	EPI_ISL_6604973
71	Homo sapiens	2021-05-03	Iran	B.1.1.7	EPI_ISL_6604690
70	Homo sapiens	2021-04-30	Iran	B.1.617.2	EPI_ISL_6603962
70	Homo sapiens	2021-04-27	Iran	B.1.617.2	EPI_ISL_6590615
70	Homo sapiens	2021-04-27	Iran	B.1.1.7	EPI_ISL_6590613
70	Homo sapiens	2021-04-27	Iran	B.1.617.1	EPI_ISL_6590765
70	Homo sapiens	2021-04-26	Iran	B.1.1.7	EPI_ISL_6589453
70	Homo sapiens	2021-04-26	Iran	B.1.617.2	EPI_ISL_6589830
70	Homo sapiens	2021-04-26	Iran	B.1.617.2	EPI_ISL_6589683
60	Homo sapiens	2021-02-20	Iran	B.1.1.7	EPI_ISL_6832143
60	Homo sapiens	2021-02-20	Iran	B.1.1.7	EPI_ISL_6832144
60	Homo sapiens	2021-02-18	Iran	B.1.1	EPI_ISL_6832142
60	Homo sapiens	2021-02-15	Iran	B.1.1.7	EPI_ISL_6832139
60	Homo sapiens	2021-02-15	Iran	B.1.1.7	EPI_ISL_6832140
59	Homo sapiens	2021-02-14	Iran	B.1.1.409	EPI_ISL_6832138
58	Homo sapiens	2021-02-06	Iran	B.1.1.7	EPI_ISL_6832141
102	Homo sapiens	2021-12-12	Iran	AY.126	EPI_ISL_7875899
102	Homo sapiens	2021-12-11	Iran	B	EPI_ISL_7875898
29	Homo sapiens	2020-07-15	Iran	B.1.468	EPI_ISL_2692910
103	Homo sapiens	2021-12-19	Iran	BA.1.19	EPI_ISL_8754018
103	Homo sapiens	2021-12-19	Iran	AY.126	EPI_ISL_8754023
103	Homo sapiens	2021-12-15	Iran	AY.126	EPI_ISL_8754022
103	Homo sapiens	2021-12-15	Iran	AY.126	EPI_ISL_8754021
101	Homo sapiens	2021-11-29	Iran	AY.122	EPI_ISL_8753999
98	Homo sapiens	2021-11-13	Iran	AY.126	EPI_ISL_8754019
98	Homo sapiens	2021-11-13	Iran	AY.126	EPI_ISL_8753998
98	Homo sapiens	2021-11-09	Iran	B	EPI_ISL_8754002
97	Homo sapiens	2021-11-07	Iran	AY.126	EPI_ISL_8754020
93	Homo sapiens	2021-10-10	Iran	AY.126	EPI_ISL_8754000
93	Homo sapiens	2021-10-10	Iran	AY.33	EPI_ISL_8754001
91	Homo sapiens	2021-09-21	Iran	B.1.617.2	EPI_ISL_8754014
91	Homo sapiens	2021-09-20	Iran	B.1.617.2	EPI_ISL_8754013
90	Homo sapiens	2021-09-16	Iran	B.1	EPI_ISL_8754015
88	Homo sapiens	2021-09-05	Iran	B	EPI_ISL_8754010
88	Homo sapiens	2021-09-03	Iran	B.1.617.2	EPI_ISL_8754009
88	Homo sapiens	2021-09-02	Iran	B.1.1.7	EPI_ISL_8754004
88	Homo sapiens	2021-08-31	Iran	AY.126	EPI_ISL_8754017
84	Homo sapiens	2021-08-08	Iran	B.1.1.7	EPI_ISL_8753996
84	Homo sapiens	2021-08-04	Iran	B.1.1.7	EPI_ISL_8753997
84	Homo sapiens	2021-08-02	Iran	AY.126	EPI_ISL_8754025
80	Homo sapiens	2021-07-06	Iran	AY.126	EPI_ISL_8754024
80	Homo sapiens	2021-07-05	Iran	B	EPI_ISL_8754006
79	Homo sapiens	2021-07-04	Iran	AY.126	EPI_ISL_8754016
79	Homo sapiens	2021-07-03	Iran	B.1.617.2	EPI_ISL_8754005
79	Homo sapiens	2021-07-01	Iran	B.1.1.7	EPI_ISL_8754012
79	Homo sapiens	2021-06-29	Iran	B.1.1.7	EPI_ISL_8754011
78	Homo sapiens	2021-06-27	Iran	B.1.1.7	EPI_ISL_8754026
78	Homo sapiens	2021-06-25	Iran	B.1.1.7	EPI_ISL_8754003
78	Homo sapiens	2021-06-22	Iran	B.1.1.7	EPI_ISL_8754008
77	Homo sapiens	2021-06-19	Iran	B.1.1.7	EPI_ISL_8754007
96	Homo sapiens	2021-10-30	Iran	AY.126	EPI_ISL_8782618
89	Homo sapiens	2021-09-11	Iran	B	EPI_ISL_8768618
106	Homo sapiens	2022-01-09	Iran	B.1.1.529	EPI_ISL_9417772
106	Homo sapiens	2022-01-09	Iran	BA.1.18	EPI_ISL_9417775
106	Homo sapiens	2022-01-05	Iran	AY.44	EPI_ISL_9417773
106	Homo sapiens	2022-01-04	Iran	AY.77	EPI_ISL_9417776
106	Homo sapiens	2022-01-03	Iran	AY.122	EPI_ISL_9417777
105	Homo sapiens	2022-01-02	Iran	BA.1	EPI_ISL_9417774
106	Homo sapiens	2022-01-09	Iran	BA.1	EPI_ISL_9614996
106	Homo sapiens	2022-01-09	Iran	BA.1	EPI_ISL_9614997
106	Homo sapiens	2022-01-09	Iran	BA.1.15.1	EPI_ISL_9614998
106	Homo sapiens	2022-01-09	Iran	BA.1	EPI_ISL_9627637
106	Homo sapiens	2022-01-09	Iran	BA.1.1	EPI_ISL_9627638
106	Homo sapiens	2022-01-09	Iran	BA.1	EPI_ISL_9627639
106	Homo sapiens	2022-01-09	Iran	BA.1.1.7	EPI_ISL_9627640
106	Homo sapiens	2022-01-09	Iran	BA.1.1.1	EPI_ISL_9627641
106	Homo sapiens	2022-01-05	Iran	AY.44	EPI_ISL_9614995
106	Homo sapiens	2022-01-04	Iran	AY.43	EPI_ISL_9627635
106	Homo sapiens	2022-01-03	Iran	AY.126	EPI_ISL_9615000
106	Homo sapiens	2022-01-03	Iran	AY.44	EPI_ISL_9627636
105	Homo sapiens	2022-01-01	Iran	AY.112	EPI_ISL_9614999
106	Homo sapiens	2022-01-09	Iran	BA.1.1	EPI_ISL_9687718
106	Homo sapiens	2022-01-09	Iran	BA.1.1	EPI_ISL_9687719
106	Homo sapiens	2022-01-08	Iran	AY.122	EPI_ISL_9687716
106	Homo sapiens	2022-01-03	Iran	AY.126	EPI_ISL_9687715
106	Homo sapiens	2022-01-03	Iran	AY.126	EPI_ISL_9687717
110	Homo sapiens	2022-02-06	Iran	BA.1.1.1	EPI_ISL_9823336
108	Homo sapiens	2022-01-22	Iran	BA.1	EPI_ISL_9823338
108	Homo sapiens	2022-01-22	Iran	BA.1.1	EPI_ISL_9823339
108	Homo sapiens	2022-01-19	Iran	BA.1	EPI_ISL_9823342
108	Homo sapiens	2022-01-22	Iran	BA.1	EPI_ISL_9823340
109	Homo sapiens	2022-01-25	Iran	BA.1.1	EPI_ISL_9823341
26	Homo sapiens	2020-06-28	Iran	B	EPI_ISL_9823343
108	Homo sapiens	2022-01-22	Iran	BA.1	EPI_ISL_9823337
109	Homo sapiens	2022-01-29	Iran	BA.1.1.1	EPI_ISL_9842827
109	Homo sapiens	2022-01-26	Iran	BA.1.1	EPI_ISL_10083915
109	Homo sapiens	2022-01-29	Iran	BA.1	EPI_ISL_10083919
110	Homo sapiens	2022-02-06	Iran	BA.1	EPI_ISL_10083938
110	Homo sapiens	2022-02-05	Iran	B.1.1.529	EPI_ISL_10083932
109	Homo sapiens	2022-01-26	Iran	BA.1	EPI_ISL_10083939
108	Homo sapiens	2022-01-23	Iran	BA.1.1	EPI_ISL_10083935
108	Homo sapiens	2022-01-23	Iran	BA.1.1	EPI_ISL_10083931
110	Homo sapiens	2022-02-06	Iran	BA.1.1.7	EPI_ISL_10083937
110	Homo sapiens	2022-02-06	Iran	BA.2	EPI_ISL_10083933
109	Homo sapiens	2022-01-26	Iran	BA.1	EPI_ISL_10083930
109	Homo sapiens	2022-01-29	Iran	BA.1	EPI_ISL_10083936
110	Homo sapiens	2022-02-05	Iran	B.1.1.529	EPI_ISL_10083934
82	Homo sapiens	2021-07-19	Iran	B.1.617.2	EPI_ISL_10083918
110	Homo sapiens	2022-01-31	Iran	BA.1.1	EPI_ISL_10083922
110	Homo sapiens	2022-02-05	Iran	BA.1.1.7	EPI_ISL_10083924
109	Homo sapiens	2022-01-26	Iran	BA.1.17.2	EPI_ISL_10083917
108	Homo sapiens	2022-01-23	Iran	BA.1	EPI_ISL_10083914
109	Homo sapiens	2022-01-26	Iran	BA.1	EPI_ISL_10083927
108	Homo sapiens	2022-01-23	Iran	BA.1.1	EPI_ISL_10083912
109	Homo sapiens	2022-01-29	Iran	BA.2	EPI_ISL_10083928
108	Homo sapiens	2022-01-23	Iran	BA.1.1	EPI_ISL_10083916
110	Homo sapiens	2022-02-05	Iran	BA.1.1	EPI_ISL_10083913
110	Homo sapiens	2022-02-05	Iran	BA.1	EPI_ISL_10083929
110	Homo sapiens	2022-02-05	Iran	BA.1	EPI_ISL_10083920
109	Homo sapiens	2022-01-26	Iran	BA.1	EPI_ISL_10083923
110	Homo sapiens	2022-02-06	Iran	BA.1.1.7	EPI_ISL_10083925
110	Homo sapiens	2022-02-05	Iran	BA.1.18	EPI_ISL_10083921
108	Homo sapiens	2022-01-22	Iran	AY.121	EPI_ISL_10083926
108	Homo sapiens	2022-01-23	Iran	BA.1	EPI_ISL_10093299
89	Homo sapiens	2021-09-08	Iran	AY.126	EPI_ISL_10093300
109	Homo sapiens	2022-01-29	Iran	BA.1.1	EPI_ISL_10195275
109	Homo sapiens	2022-01-25	Iran	BA.1.1	EPI_ISL_10195292
109	Homo sapiens	2022-01-24	Iran	BA.1	EPI_ISL_10195291
109	Homo sapiens	2022-01-25	Iran	BA.1	EPI_ISL_10195295
109	Homo sapiens	2022-01-29	Iran	BA.1.1	EPI_ISL_10195274
109	Homo sapiens	2022-01-29	Iran	BA.1.1	EPI_ISL_10195273
109	Homo sapiens	2022-01-29	Iran	BA.1.21	EPI_ISL_10195272
109	Homo sapiens	2022-01-29	Iran	BA.1.1	EPI_ISL_10195271
105	Homo sapiens	2021-12-30	Iran	BA.1.17.2	EPI_ISL_10195281
109	Homo sapiens	2022-01-26	Iran	BA.1.1	EPI_ISL_10195268
107	Homo sapiens	2022-01-12	Iran	B.1.1	EPI_ISL_10195264
104	Homo sapiens	2021-12-21	Iran	AY.126	EPI_ISL_10195255
107	Homo sapiens	2022-01-16	Iran	BA.1.18	EPI_ISL_10195308
106	Homo sapiens	2022-01-05	Iran	BA.1	EPI_ISL_10195303
109	Homo sapiens	2022-01-30	Iran	AY.126	EPI_ISL_10812246
104	Homo sapiens	2021-12-23	Iran	AY.126	EPI_ISL_11000770
111	Homo sapiens	2022-02-10	Iran	BA.1	EPI_ISL_11093410
111	Homo sapiens	2022-02-12	Iran	BA.2	EPI_ISL_11093439
113	Homo sapiens	2022-02-24	Iran	BA.2	EPI_ISL_11811955
113	Homo sapiens	2022-02-21	Iran	BA.2	EPI_ISL_11811956
112	Homo sapiens	2022-02-19	Iran	BA.1.1	EPI_ISL_11811954
113	Homo sapiens	2022-02-22	Iran	BA.2	EPI_ISL_11905726
113	Homo sapiens	2022-02-26	Iran	BA.2	EPI_ISL_11905724
114	Homo sapiens	2022-03-04	Iran	BA.2	EPI_ISL_11905749
113	Homo sapiens	2022-02-24	Iran	BA.1.1	EPI_ISL_11905625
113	Homo sapiens	2022-02-26	Iran	BA.1.1	EPI_ISL_11905624
112	Homo sapiens	2022-02-20	Iran	BA.1.14	EPI_ISL_11905642
112	Homo sapiens	2022-02-20	Iran	BA.1.1	EPI_ISL_11905641
113	Homo sapiens	2022-02-22	Iran	BA.2	EPI_ISL_11905626
113	Homo sapiens	2022-02-23	Iran	BA.2	EPI_ISL_11905643
113	Homo sapiens	2022-02-23	Iran	BA.1.1.1	EPI_ISL_11905644
113	Homo sapiens	2022-02-26	Iran	BA.2	EPI_ISL_11905669
113	Homo sapiens	2022-02-23	Iran	BA.1.1	EPI_ISL_11905658
113	Homo sapiens	2022-02-23	Iran	BA.2	EPI_ISL_11905657
113	Homo sapiens	2022-02-22	Iran	BA.1.1	EPI_ISL_11905649
113	Homo sapiens	2022-02-22	Iran	BA.1.1.1	EPI_ISL_11905648
113	Homo sapiens	2022-02-22	Iran	BA.1.1	EPI_ISL_11905655
113	Homo sapiens	2022-02-26	Iran	BA.2	EPI_ISL_11905690
113	Homo sapiens	2022-02-22	Iran	BA.2	EPI_ISL_11905647
113	Homo sapiens	2022-02-21	Iran	BA.2	EPI_ISL_11905654
113	Homo sapiens	2022-02-24	Iran	BA.2	EPI_ISL_11905661
113	Homo sapiens	2022-02-27	Iran	BA.1.1	EPI_ISL_11905662
113	Homo sapiens	2022-02-26	Iran	BA.2	EPI_ISL_11905694
113	Homo sapiens	2022-02-26	Iran	BA.2	EPI_ISL_11905667
113	Homo sapiens	2022-02-26	Iran	BA.2	EPI_ISL_11905678
113	Homo sapiens	2022-02-26	Iran	BA.2	EPI_ISL_11905686
113	Homo sapiens	2022-02-26	Iran	BA.1	EPI_ISL_11905689
113	Homo sapiens	2022-02-23	Iran	BA.2	EPI_ISL_11905637
112	Homo sapiens	2022-02-19	Iran	BA.1.1	EPI_ISL_11905634
113	Homo sapiens	2022-02-25	Iran	BA.2	EPI_ISL_11905628
113	Homo sapiens	2022-02-26	Iran	BA.1	EPI_ISL_11905621
113	Homo sapiens	2022-02-25	Iran	BA.1.1	EPI_ISL_11905629
113	Homo sapiens	2022-02-26	Iran	BA.1.1	EPI_ISL_11905698
113	Homo sapiens	2022-02-23	Iran	BA.1	EPI_ISL_11905699
113	Homo sapiens	2022-02-22	Iran	BA.1.1	EPI_ISL_11905636
113	Homo sapiens	2022-02-26	Iran	BA.2	EPI_ISL_11905663
113	Homo sapiens	2022-02-25	Iran	BA.2	EPI_ISL_11905627
112	Homo sapiens	2022-02-19	Iran	BA.1.1	EPI_ISL_11905640
113	Homo sapiens	2022-02-26	Iran	BA.1.1	EPI_ISL_11905620
113	Homo sapiens	2022-02-26	Iran	BA.1.1	EPI_ISL_11905623
113	Homo sapiens	2022-02-26	Iran	BA.1.1	EPI_ISL_11905622
113	Homo sapiens	2022-02-24	Iran	BA.2	EPI_ISL_11905639
114	Homo sapiens	2022-02-28	Iran	BA.1.1	EPI_ISL_11905635
113	Homo sapiens	2022-02-23	Iran	BA.2	EPI_ISL_11905633
113	Homo sapiens	2022-02-24	Iran	BA.1.1	EPI_ISL_11905638
113	Homo sapiens	2022-02-22	Iran	BA.1.1	EPI_ISL_11905632
113	Homo sapiens	2022-02-26	Iran	BA.1.1	EPI_ISL_11905668
113	Homo sapiens	2022-02-21	Iran	BA.2	EPI_ISL_11905631
113	Homo sapiens	2022-02-27	Iran	BA.2	EPI_ISL_11905670
113	Homo sapiens	2022-02-22	Iran	BA.2	EPI_ISL_11905630
113	Homo sapiens	2022-02-23	Iran	BA.2	EPI_ISL_11905646
113	Homo sapiens	2022-02-22	Iran	BA.2	EPI_ISL_11905656
113	Homo sapiens	2022-02-24	Iran	BA.1.1.7	EPI_ISL_11905659
113	Homo sapiens	2022-02-22	Iran	BA.1.1.1	EPI_ISL_11905651
112	Homo sapiens	2022-02-20	Iran	BA.2	EPI_ISL_11905653
114	Homo sapiens	2022-02-28	Iran	BA.2	EPI_ISL_11905680
113	Homo sapiens	2022-02-26	Iran	BA.2	EPI_ISL_11905664
113	Homo sapiens	2022-02-26	Iran	BA.2	EPI_ISL_11905665
113	Homo sapiens	2022-02-26	Iran	BA.2	EPI_ISL_11905677
113	Homo sapiens	2022-02-22	Iran	BA.1.1.7	EPI_ISL_11905645
113	Homo sapiens	2022-02-22	Iran	BA.2	EPI_ISL_11905652
113	Homo sapiens	2022-02-26	Iran	BA.2	EPI_ISL_11905674
113	Homo sapiens	2022-02-23	Iran	BA.1.1	EPI_ISL_11905650
113	Homo sapiens	2022-02-23	Iran	BA.1.1	EPI_ISL_11905660
114	Homo sapiens	2022-02-28	Iran	BA.2	EPI_ISL_11905681
113	Homo sapiens	2022-02-27	Iran	BA.1	EPI_ISL_11905679
113	Homo sapiens	2022-02-26	Iran	BA.2	EPI_ISL_11905676
113	Homo sapiens	2022-02-26	Iran	BA.2	EPI_ISL_11905666
113	Homo sapiens	2022-02-26	Iran	BA.1.1.7	EPI_ISL_11905675
113	Homo sapiens	2022-02-27	Iran	BA.2	EPI_ISL_11905673
107	Homo sapiens	2022-01-14	Iran	BA.2	EPI_ISL_11905708
114	Homo sapiens	2022-02-28	Iran	BA.2	EPI_ISL_11905683
113	Homo sapiens	2022-02-26	Iran	BA.2	EPI_ISL_11905687
113	Homo sapiens	2022-02-26	Iran	BA.1	EPI_ISL_11905697
113	Homo sapiens	2022-02-27	Iran	BA.2	EPI_ISL_11905672
113	Homo sapiens	2022-02-23	Iran	BA.1.1	EPI_ISL_11905706
113	Homo sapiens	2022-02-26	Iran	BA.2	EPI_ISL_11905688
113	Homo sapiens	2022-02-26	Iran	BA.1.1	EPI_ISL_11905692
113	Homo sapiens	2022-02-27	Iran	BA.1.1	EPI_ISL_11905671
113	Homo sapiens	2022-02-27	Iran	BA.1.1	EPI_ISL_11905682
113	Homo sapiens	2022-02-23	Iran	BA.1.1.14	EPI_ISL_11905702
113	Homo sapiens	2022-02-24	Iran	BA.1.1	EPI_ISL_11905701
113	Homo sapiens	2022-02-24	Iran	BA.1.1.14	EPI_ISL_11905705
113	Homo sapiens	2022-02-23	Iran	BA.1.1	EPI_ISL_11905700
113	Homo sapiens	2022-02-23	Iran	BA.1.1.18	EPI_ISL_11905709
113	Homo sapiens	2022-02-23	Iran	BA.2	EPI_ISL_11905693
113	Homo sapiens	2022-02-24	Iran	BA.2	EPI_ISL_11905707
113	Homo sapiens	2022-02-22	Iran	BA.1	EPI_ISL_11905704
113	Homo sapiens	2022-02-23	Iran	BA.1.1	EPI_ISL_11905703
113	Homo sapiens	2022-02-23	Iran	BA.1.1.7	EPI_ISL_11905715
113	Homo sapiens	2022-02-25	Iran	BA.1.1	EPI_ISL_11905685
113	Homo sapiens	2022-02-25	Iran	BA.2	EPI_ISL_11905717
113	Homo sapiens	2022-02-24	Iran	BA.1.1	EPI_ISL_11905712
113	Homo sapiens	2022-02-26	Iran	BA.2	EPI_ISL_11905684
113	Homo sapiens	2022-02-26	Iran	BA.2	EPI_ISL_11905696
113	Homo sapiens	2022-02-26	Iran	BA.2	EPI_ISL_11905691
113	Homo sapiens	2022-02-23	Iran	BA.1	EPI_ISL_11905713
113	Homo sapiens	2022-02-26	Iran	BA.1	EPI_ISL_11905695
113	Homo sapiens	2022-02-24	Iran	BA.1.1	EPI_ISL_11905714
113	Homo sapiens	2022-02-22	Iran	BA.2	EPI_ISL_11905727
113	Homo sapiens	2022-02-25	Iran	BA.2	EPI_ISL_11905716
113	Homo sapiens	2022-02-25	Iran	BA.1.1	EPI_ISL_11905718
113	Homo sapiens	2022-02-24	Iran	BA.1.1	EPI_ISL_11905710
107	Homo sapiens	2022-01-14	Iran	BA.2	EPI_ISL_11905711
114	Homo sapiens	2022-02-28	Iran	BA.2	EPI_ISL_11905747
113	Homo sapiens	2022-02-22	Iran	BA.2	EPI_ISL_11905728
113	Homo sapiens	2022-02-24	Iran	BA.2	EPI_ISL_11905745
113	Homo sapiens	2022-02-25	Iran	BA.2	EPI_ISL_11905720
113	Homo sapiens	2022-02-22	Iran	BA.2	EPI_ISL_11905736
113	Homo sapiens	2022-02-22	Iran	BA.2	EPI_ISL_11905729
113	Homo sapiens	2022-02-22	Iran	BA.2	EPI_ISL_11905725
113	Homo sapiens	2022-02-25	Iran	BA.1.1	EPI_ISL_11905743
113	Homo sapiens	2022-02-23	Iran	BA.1.17.2	EPI_ISL_11905738
113	Homo sapiens	2022-02-21	Iran	BA.2	EPI_ISL_11905746
113	Homo sapiens	2022-02-22	Iran	BA.2	EPI_ISL_11905737
113	Homo sapiens	2022-02-24	Iran	BA.1.1	EPI_ISL_11905752
113	Homo sapiens	2022-02-26	Iran	BA.2	EPI_ISL_11905751
113	Homo sapiens	2022-02-26	Iran	BA.1	EPI_ISL_11905723
113	Homo sapiens	2022-02-26	Iran	BA.2	EPI_ISL_11905741
113	Homo sapiens	2022-02-26	Iran	BA.2	EPI_ISL_11905733
114	Homo sapiens	2022-03-04	Iran	BA.2	EPI_ISL_11905748
113	Homo sapiens	2022-02-26	Iran	BA.1.1	EPI_ISL_11905722
113	Homo sapiens	2022-02-22	Iran	BA.2	EPI_ISL_11905739
113	Homo sapiens	2022-02-22	Iran	BA.1.1.7	EPI_ISL_11905732
113	Homo sapiens	2022-02-22	Iran	BA.1	EPI_ISL_11905742
113	Homo sapiens	2022-02-25	Iran	BA.1.1.7	EPI_ISL_11905744
113	Homo sapiens	2022-02-23	Iran	BA.2	EPI_ISL_11905753
113	Homo sapiens	2022-02-25	Iran	BA.2	EPI_ISL_11905721
114	Homo sapiens	2022-02-28	Iran	BA.1.1	EPI_ISL_11905740
113	Homo sapiens	2022-02-22	Iran	BA.2	EPI_ISL_11905730
114	Homo sapiens	2022-02-28	Iran	BA.2.23	EPI_ISL_11905750
113	Homo sapiens	2022-02-25	Iran	BA.2	EPI_ISL_11905719
113	Homo sapiens	2022-02-26	Iran	BA.2	EPI_ISL_11905735
113	Homo sapiens	2022-02-26	Iran	BA.1.1.7	EPI_ISL_11905734
113	Homo sapiens	2022-02-22	Iran	BA.1.1.7	EPI_ISL_11905731
115	Homo sapiens	2022-03-13	Iran	BA.2	EPI_ISL_11970355
119	Homo sapiens	2022-04-05	Iran	BA.2	EPI_ISL_11970366
115	Homo sapiens	2022-03-12	Iran	BA.2	EPI_ISL_11970360
115	Homo sapiens	2022-03-12	Iran	BA.1	EPI_ISL_11970346
115	Homo sapiens	2022-03-11	Iran	BA.2	EPI_ISL_11970347
115	Homo sapiens	2022-03-13	Iran	BA.2	EPI_ISL_11970353
113	Homo sapiens	2022-02-27	Iran	BA.1	EPI_ISL_11970443
113	Homo sapiens	2022-02-23	Iran	BA.1.1	EPI_ISL_11970449
113	Homo sapiens	2022-02-22	Iran	BA.2	EPI_ISL_11970484
113	Homo sapiens	2022-02-26	Iran	BA.2	EPI_ISL_11970483
113	Homo sapiens	2022-02-24	Iran	BA.2	EPI_ISL_11970487
113	Homo sapiens	2022-02-23	Iran	BA.1.1	EPI_ISL_11970488
112	Homo sapiens	2022-02-20	Iran	BA.1	EPI_ISL_11970477
113	Homo sapiens	2022-02-23	Iran	BA.2	EPI_ISL_11970478
113	Homo sapiens	2022-02-25	Iran	BA.2	EPI_ISL_11970481
113	Homo sapiens	2022-02-23	Iran	BA.1.1	EPI_ISL_11970485
113	Homo sapiens	2022-02-21	Iran	BA.2	EPI_ISL_11970489
113	Homo sapiens	2022-02-24	Iran	BA.2.10	EPI_ISL_11970479
113	Homo sapiens	2022-02-22	Iran	BA.1.21	EPI_ISL_11970486
113	Homo sapiens	2022-02-24	Iran	BA.2	EPI_ISL_11970480
113	Homo sapiens	2022-02-25	Iran	BA.2	EPI_ISL_11970482
114	Homo sapiens	2022-03-05	Iran	BA.1.17	EPI_ISL_11970428
113	Homo sapiens	2022-02-27	Iran	BA.1.19	EPI_ISL_11970426
113	Homo sapiens	2022-02-27	Iran	BA.2	EPI_ISL_11970427
114	Homo sapiens	2022-03-06	Iran	BA.1.1	EPI_ISL_11970429
114	Homo sapiens	2022-03-06	Iran	BA.2	EPI_ISL_11970430
113	Homo sapiens	2022-02-23	Iran	BA.2	EPI_ISL_11970438
114	Homo sapiens	2022-03-06	Iran	BA.1.1	EPI_ISL_11970431
113	Homo sapiens	2022-02-23	Iran	BA.2	EPI_ISL_11970457
113	Homo sapiens	2022-02-21	Iran	BA.2	EPI_ISL_11970456
113	Homo sapiens	2022-02-26	Iran	BA.2	EPI_ISL_11970460
113	Homo sapiens	2022-02-22	Iran	BA.2	EPI_ISL_11970437
113	Homo sapiens	2022-02-22	Iran	BA.1.17.2	EPI_ISL_11970455
113	Homo sapiens	2022-02-22	Iran	BA.1.1	EPI_ISL_11970465
112	Homo sapiens	2022-02-20	Iran	BA.2	EPI_ISL_11970435
114	Homo sapiens	2022-02-28	Iran	BA.1.1	EPI_ISL_11970448
113	Homo sapiens	2022-02-24	Iran	BA.2	EPI_ISL_11970459
113	Homo sapiens	2022-02-22	Iran	BA.1.17.2	EPI_ISL_11970466
113	Homo sapiens	2022-02-22	Iran	BA.1.1	EPI_ISL_11970469
113	Homo sapiens	2022-02-23	Iran	BA.1	EPI_ISL_11970458
113	Homo sapiens	2022-02-25	Iran	BA.2	EPI_ISL_11970463
113	Homo sapiens	2022-02-22	Iran	BA.1	EPI_ISL_11970473
113	Homo sapiens	2022-02-24	Iran	BA.2	EPI_ISL_11970434
113	Homo sapiens	2022-02-25	Iran	BA.2	EPI_ISL_11970462
113	Homo sapiens	2022-02-21	Iran	BA.1	EPI_ISL_11970467
113	Homo sapiens	2022-02-21	Iran	BA.1	EPI_ISL_11970468
113	Homo sapiens	2022-02-23	Iran	BA.2	EPI_ISL_11970475
113	Homo sapiens	2022-02-25	Iran	BA.2	EPI_ISL_11970464
113	Homo sapiens	2022-02-24	Iran	BA.1.1	EPI_ISL_11970476
113	Homo sapiens	2022-02-22	Iran	BA.2	EPI_ISL_11970472
113	Homo sapiens	2022-02-26	Iran	BA.1.1	EPI_ISL_11970461
113	Homo sapiens	2022-02-23	Iran	BA.2.10	EPI_ISL_11970474
113	Homo sapiens	2022-02-24	Iran	BA.2	EPI_ISL_11970439
113	Homo sapiens	2022-02-24	Iran	BA.2	EPI_ISL_11970440
113	Homo sapiens	2022-02-21	Iran	BA.2	EPI_ISL_11970470
113	Homo sapiens	2022-02-21	Iran	BA.1.1.14	EPI_ISL_11970471
113	Homo sapiens	2022-02-21	Iran	BA.2	EPI_ISL_11970433
114	Homo sapiens	2022-02-28	Iran	BA.1.17.2	EPI_ISL_11970447
113	Homo sapiens	2022-02-22	Iran	BA.1	EPI_ISL_11970436
113	Homo sapiens	2022-02-23	Iran	BA.1.1	EPI_ISL_11970445
108	Homo sapiens	2022-01-23	Iran	BA.1.1	EPI_ISL_11970454
113	Homo sapiens	2022-02-25	Iran	BA.1.1	EPI_ISL_11970441
113	Homo sapiens	2022-02-25	Iran	BA.1	EPI_ISL_11970446
113	Homo sapiens	2022-02-26	Iran	BA.2	EPI_ISL_11970442
114	Homo sapiens	2022-02-28	Iran	BA.1.1	EPI_ISL_11970444
108	Homo sapiens	2022-01-23	Iran	BA.1.1	EPI_ISL_11970452
113	Homo sapiens	2022-02-23	Iran	BA.1.17.2	EPI_ISL_11970451
108	Homo sapiens	2022-01-23	Iran	BA.1.1	EPI_ISL_11970453
113	Homo sapiens	2022-02-24	Iran	BA.1.1	EPI_ISL_11970450
112	Homo sapiens	2022-02-20	Iran	BA.1.1	EPI_ISL_12625163
112	Homo sapiens	2022-02-19	Iran	BA.1	EPI_ISL_12625142
113	Homo sapiens	2022-02-27	Iran	BA.1.1	EPI_ISL_12625160
113	Homo sapiens	2022-02-22	Iran	BA.2	EPI_ISL_12625162
113	Homo sapiens	2022-02-25	Iran	BA.2	EPI_ISL_12625140
112	Homo sapiens	2022-02-19	Iran	BA.1.1	EPI_ISL_12625141
113	Homo sapiens	2022-02-22	Iran	BA.2	EPI_ISL_12625145
113	Homo sapiens	2022-02-24	Iran	BA.2	EPI_ISL_12625161
113	Homo sapiens	2022-02-22	Iran	BA.1.1	EPI_ISL_12625164
113	Homo sapiens	2022-02-22	Iran	BA.1.1	EPI_ISL_12625144
113	Homo sapiens	2022-02-21	Iran	BA.2	EPI_ISL_12625165
113	Homo sapiens	2022-02-23	Iran	BA.2	EPI_ISL_12625166
112	Homo sapiens	2022-02-20	Iran	BA.1.1	EPI_ISL_12625143
114	Homo sapiens	2022-02-28	Iran	BA.2	EPI_ISL_12625168
113	Homo sapiens	2022-02-25	Iran	BA.2	EPI_ISL_12625146
114	Homo sapiens	2022-02-28	Iran	BA.1	EPI_ISL_12625167
114	Homo sapiens	2022-03-02	Iran	BA.2	EPI_ISL_12625148
114	Homo sapiens	2022-03-06	Iran	BA.2	EPI_ISL_12625170
113	Homo sapiens	2022-02-23	Iran	BA.1.1	EPI_ISL_12625172
113	Homo sapiens	2022-02-22	Iran	BA.2.1	EPI_ISL_12625155
113	Homo sapiens	2022-02-24	Iran	BA.2	EPI_ISL_12625169
113	Homo sapiens	2022-02-21	Iran	BA.1.1	EPI_ISL_12625147
114	Homo sapiens	2022-03-03	Iran	BA.2	EPI_ISL_12625149
114	Homo sapiens	2022-03-02	Iran	BA.1.17.2	EPI_ISL_12625171
113	Homo sapiens	2022-02-21	Iran	BA.2	EPI_ISL_12625173
120	Homo sapiens	2022-04-12	Iran	BA.2	EPI_ISL_12625150
120	Homo sapiens	2022-04-12	Iran	BA.2	EPI_ISL_12625151
113	Homo sapiens	2022-02-22	Iran	BA.1	EPI_ISL_12625153
120	Homo sapiens	2022-04-12	Iran	BA.2	EPI_ISL_12625152
113	Homo sapiens	2022-02-27	Iran	BA.1.1	EPI_ISL_12625154
113	Homo sapiens	2022-02-26	Iran	BA.1.1	EPI_ISL_12625137
113	Homo sapiens	2022-02-27	Iran	BA.2	EPI_ISL_12625139
113	Homo sapiens	2022-02-21	Iran	BA.1.1.7	EPI_ISL_12625157
113	Homo sapiens	2022-02-27	Iran	BA.1.1	EPI_ISL_12625158
113	Homo sapiens	2022-02-22	Iran	BA.1.1	EPI_ISL_12625156
113	Homo sapiens	2022-02-26	Iran	BA.2	EPI_ISL_12625159
113	Homo sapiens	2022-02-27	Iran	BA.1.17.2	EPI_ISL_12625138
114	Homo sapiens	2022-03-05	Iran	BA.1.1	EPI_ISL_12871529
113	Homo sapiens	2022-02-24	Iran	BA.2	EPI_ISL_12871527
116	Homo sapiens	2022-03-20	Iran	BA.2	EPI_ISL_12871541
120	Homo sapiens	2022-04-17	Iran	BA.2.23	EPI_ISL_12871550
114	Homo sapiens	2022-03-04	Iran	BA.2	EPI_ISL_12871530
121	Homo sapiens	2022-04-22	Iran	BA.2	EPI_ISL_12871552
118	Homo sapiens	2022-04-01	Iran	BA.2	EPI_ISL_12871524
124	Homo sapiens	2022-05-11	Iran	BA.1.1	EPI_ISL_12871540
113	Homo sapiens	2022-02-24	Iran	BA.1.1	EPI_ISL_12871538
121	Homo sapiens	2022-04-21	Iran	BA.2.23	EPI_ISL_12871551
114	Homo sapiens	2022-02-28	Iran	BA.1.1	EPI_ISL_12871547
114	Homo sapiens	2022-03-03	Iran	BA.2	EPI_ISL_12871521
113	Homo sapiens	2022-02-24	Iran	BA.2	EPI_ISL_12871528
113	Homo sapiens	2022-02-27	Iran	BA.1.1	EPI_ISL_12871548
113	Homo sapiens	2022-02-24	Iran	BA.2	EPI_ISL_12871525
112	Homo sapiens	2022-02-19	Iran	BA.1.1	EPI_ISL_12871549
117	Homo sapiens	2022-03-21	Iran	BA.2	EPI_ISL_12871542
113	Homo sapiens	2022-02-23	Iran	BA.1	EPI_ISL_12871533
113	Homo sapiens	2022-02-21	Iran	BA.2	EPI_ISL_12871526
113	Homo sapiens	2022-02-23	Iran	BA.2	EPI_ISL_12871522
113	Homo sapiens	2022-02-23	Iran	BA.2	EPI_ISL_12871546
116	Homo sapiens	2022-03-19	Iran	BA.2	EPI_ISL_12871523
113	Homo sapiens	2022-02-23	Iran	BA.1.1	EPI_ISL_12871545
120	Homo sapiens	2022-04-16	Iran	BA.2	EPI_ISL_12871544
120	Homo sapiens	2022-04-16	Iran	BA.1	EPI_ISL_12871543
113	Homo sapiens	2022-02-21	Iran	BA.2	EPI_ISL_12871516
113	Homo sapiens	2022-02-23	Iran	BA.1.1.7	EPI_ISL_12871532
113	Homo sapiens	2022-02-23	Iran	BA.1.1.7	EPI_ISL_12871520
113	Homo sapiens	2022-02-25	Iran	BA.1.18	EPI_ISL_12871518
114	Homo sapiens	2022-03-02	Iran	BA.1.1.7	EPI_ISL_12871560
113	Homo sapiens	2022-02-23	Iran	BA.1.1	EPI_ISL_12871539
113	Homo sapiens	2022-02-26	Iran	BA.2	EPI_ISL_12871519
113	Homo sapiens	2022-02-23	Iran	BA.2	EPI_ISL_12871535
121	Homo sapiens	2022-04-21	Iran	BA.2	EPI_ISL_12871554
112	Homo sapiens	2022-02-20	Iran	BA.1.1.7	EPI_ISL_12871517
118	Homo sapiens	2022-03-31	Iran	BA.2.23	EPI_ISL_12871537
117	Homo sapiens	2022-03-21	Iran	BA.2	EPI_ISL_12871559
114	Homo sapiens	2022-02-28	Iran	BA.2	EPI_ISL_12871534
118	Homo sapiens	2022-04-01	Iran	BA.2	EPI_ISL_12871558
114	Homo sapiens	2022-02-28	Iran	BA.2	EPI_ISL_12871536
116	Homo sapiens	2022-03-18	Iran	BA.1.1	EPI_ISL_12871557
113	Homo sapiens	2022-02-23	Iran	BA.1.1	EPI_ISL_12871555
119	Homo sapiens	2022-04-09	Iran	BA.2	EPI_ISL_12871556
114	Homo sapiens	2022-03-05	Iran	BA.2	EPI_ISL_12871531
117	Homo sapiens	2022-03-23	Iran	BA.2	EPI_ISL_12871553
114	Homo sapiens	2022-02-28	Iran	BA.2.10	EPI_ISL_12871563
118	Homo sapiens	2022-03-30	Iran	BA.2	EPI_ISL_12871562
113	Homo sapiens	2022-02-27	Iran	BA.2	EPI_ISL_12871567
113	Homo sapiens	2022-02-26	Iran	BA.1.1.7	EPI_ISL_12871561
113	Homo sapiens	2022-02-27	Iran	BA.1.1	EPI_ISL_12871566
113	Homo sapiens	2022-02-22	Iran	BA.2	EPI_ISL_12871565
114	Homo sapiens	2022-02-28	Iran	BA.2	EPI_ISL_12871564
113	Homo sapiens	2022-02-27	Iran	BA.2	EPI_ISL_12970520
113	Homo sapiens	2022-02-22	Iran	BA.1.1.18	EPI_ISL_12970525
121	Homo sapiens	2022-04-20	Iran	BA.2	EPI_ISL_12970541
113	Homo sapiens	2022-02-23	Iran	BA.1	EPI_ISL_12970521
113	Homo sapiens	2022-02-21	Iran	BA.2	EPI_ISL_12970523
113	Homo sapiens	2022-02-27	Iran	BA.2	EPI_ISL_12970519
120	Homo sapiens	2022-04-15	Iran	BA.2	EPI_ISL_12970533
121	Homo sapiens	2022-04-18	Iran	BA.2	EPI_ISL_12970535
112	Homo sapiens	2022-02-19	Iran	BA.1.1	EPI_ISL_12970522
120	Homo sapiens	2022-04-16	Iran	BA.2	EPI_ISL_12970534
120	Homo sapiens	2022-04-16	Iran	BA.2	EPI_ISL_12970539
115	Homo sapiens	2022-03-09	Iran	BA.2	EPI_ISL_12970524
120	Homo sapiens	2022-04-16	Iran	BA.2	EPI_ISL_12970530
121	Homo sapiens	2022-04-20	Iran	BA.2	EPI_ISL_12970536
120	Homo sapiens	2022-04-17	Iran	BA.2	EPI_ISL_12970540
121	Homo sapiens	2022-04-22	Iran	BA.2	EPI_ISL_12970538
120	Homo sapiens	2022-04-14	Iran	BA.2	EPI_ISL_12970532
121	Homo sapiens	2022-04-24	Iran	BA.2.23	EPI_ISL_12970529
120	Homo sapiens	2022-04-16	Iran	BA.2	EPI_ISL_12970531
121	Homo sapiens	2022-04-22	Iran	BA.2	EPI_ISL_12970527
121	Homo sapiens	2022-04-20	Iran	BA.2	EPI_ISL_12970537
121	Homo sapiens	2022-04-21	Iran	BA.2	EPI_ISL_12970526
121	Homo sapiens	2022-04-23	Iran	BA.2	EPI_ISL_12970528
113	Homo sapiens	2022-02-27	Iran	BA.2	EPI_ISL_12972889
113	Homo sapiens	2022-02-27	Iran	BA.1.1	EPI_ISL_12972890
113	Homo sapiens	2022-02-25	Iran	BA.2.10	EPI_ISL_12972905
113	Homo sapiens	2022-02-26	Iran	BA.2	EPI_ISL_12972892
113	Homo sapiens	2022-02-23	Iran	BA.2	EPI_ISL_12972893
113	Homo sapiens	2022-02-24	Iran	BA.1.1.18	EPI_ISL_12972894
120	Homo sapiens	2022-04-13	Iran	BA.2	EPI_ISL_12972902
113	Homo sapiens	2022-02-26	Iran	BA.2	EPI_ISL_12972920
113	Homo sapiens	2022-02-23	Iran	BA.2	EPI_ISL_12972900
121	Homo sapiens	2022-04-22	Iran	BA.2	EPI_ISL_12972922
113	Homo sapiens	2022-02-25	Iran	BA.1.1	EPI_ISL_12972921
113	Homo sapiens	2022-02-25	Iran	BA.1.1	EPI_ISL_12972895
114	Homo sapiens	2022-03-03	Iran	BA.2	EPI_ISL_12972908
113	Homo sapiens	2022-02-26	Iran	BA.1.18	EPI_ISL_12972891
113	Homo sapiens	2022-02-26	Iran	BA.2	EPI_ISL_12972901
113	Homo sapiens	2022-02-21	Iran	BA.1.17.2	EPI_ISL_12972906
113	Homo sapiens	2022-02-26	Iran	BA.2	EPI_ISL_12972903
113	Homo sapiens	2022-02-27	Iran	BA.1	EPI_ISL_12972888
114	Homo sapiens	2022-03-02	Iran	BA.2	EPI_ISL_12972909
120	Homo sapiens	2022-04-14	Iran	BA.2	EPI_ISL_12972904
113	Homo sapiens	2022-02-24	Iran	BA.2	EPI_ISL_12972910
113	Homo sapiens	2022-02-25	Iran	BA.1.1	EPI_ISL_12972917
113	Homo sapiens	2022-02-21	Iran	BA.1.1	EPI_ISL_12972907
113	Homo sapiens	2022-02-26	Iran	BA.1.1	EPI_ISL_12972916
113	Homo sapiens	2022-02-22	Iran	BA.1	EPI_ISL_12972911
113	Homo sapiens	2022-02-24	Iran	BA.1	EPI_ISL_12972899
113	Homo sapiens	2022-02-25	Iran	BA.2	EPI_ISL_12972912
113	Homo sapiens	2022-02-24	Iran	BA.2	EPI_ISL_12972913
113	Homo sapiens	2022-02-23	Iran	BA.1.1	EPI_ISL_12972914
113	Homo sapiens	2022-02-22	Iran	BA.2	EPI_ISL_12972896
113	Homo sapiens	2022-02-23	Iran	BA.2	EPI_ISL_12972897
113	Homo sapiens	2022-02-24	Iran	BA.2	EPI_ISL_12972898
113	Homo sapiens	2022-02-27	Iran	BA.2	EPI_ISL_12972918
114	Homo sapiens	2022-02-28	Iran	BA.1.1	EPI_ISL_12972919
114	Homo sapiens	2022-03-03	Iran	BA.2	EPI_ISL_12972915
113	Homo sapiens	2022-02-23	Iran	BA.2	EPI_ISL_13030776
112	Homo sapiens	2022-02-20	Iran	BA.1.17.2	EPI_ISL_13030777
120	Homo sapiens	2022-04-12	Iran	BA.2	EPI_ISL_13030775
113	Homo sapiens	2022-02-22	Iran	BA.2	EPI_ISL_13030773
113	Homo sapiens	2022-02-23	Iran	BA.1.1	EPI_ISL_13030774
112	Homo sapiens	2022-02-20	Iran	BA.1.1	EPI_ISL_13030771
113	Homo sapiens	2022-02-22	Iran	BA.1.1.7	EPI_ISL_13030772
113	Homo sapiens	2022-02-24	Iran	BA.1.1	EPI_ISL_13030770
112	Homo sapiens	2022-02-19	Iran	BA.2	EPI_ISL_13030767
114	Homo sapiens	2022-02-28	Iran	BA.2	EPI_ISL_13030768
113	Homo sapiens	2022-02-21	Iran	BA.1.1.18	EPI_ISL_13030769
113	Homo sapiens	2022-02-27	Iran	BA.2	EPI_ISL_13030765
113	Homo sapiens	2022-02-27	Iran	BA.1.1	EPI_ISL_13030766
115	Homo sapiens	2022-03-12	Iran	BA.2	EPI_ISL_13030762
115	Homo sapiens	2022-03-12	Iran	BA.2	EPI_ISL_13030763
115	Homo sapiens	2022-03-12	Iran	BA.2	EPI_ISL_13030764
122	Homo sapiens	2022-04-29	Iran	BA.1.1.18	EPI_ISL_13030759
119	Homo sapiens	2022-04-06	Iran	BA.2	EPI_ISL_13030760
123	Homo sapiens	2022-05-02	Iran	BA.2	EPI_ISL_13030761
112	Homo sapiens	2022-02-20	Iran	BA.1.1.7	EPI_ISL_13030758
113	Homo sapiens	2022-02-26	Iran	BA.2	EPI_ISL_13030757
114	Homo sapiens	2022-03-05	Iran	BA.2	EPI_ISL_11970432
112	Homo sapiens	2022-02-19	Iran	BA.2	EPI_ISL_13030756
113	Homo sapiens	2022-02-23	Iran	BA.2	EPI_ISL_13280487
112	Homo sapiens	2022-02-16	Iran	BA.2	EPI_ISL_13280486
113	Homo sapiens	2022-02-27	Iran	BA.2	EPI_ISL_13280485
113	Homo sapiens	2022-02-27	Iran	BA.1.17.2	EPI_ISL_13283094
113	Homo sapiens	2022-02-27	Iran	BA.2	EPI_ISL_13283095
125	Homo sapiens	2022-05-22	Iran	BA.2	EPI_ISL_13283086
122	Homo sapiens	2022-04-25	Iran	BA.2	EPI_ISL_13283093
112	Homo sapiens	2022-02-19	Iran	BA.2	EPI_ISL_13283103
113	Homo sapiens	2022-02-21	Iran	BA.2	EPI_ISL_13283083
121	Homo sapiens	2022-04-24	Iran	BA.2	EPI_ISL_13283092
121	Homo sapiens	2022-04-22	Iran	BA.2	EPI_ISL_13283091
125	Homo sapiens	2022-05-22	Iran	B.1.1	EPI_ISL_13283090
112	Homo sapiens	2022-02-19	Iran	BA.2	EPI_ISL_13283102
112	Homo sapiens	2022-02-20	Iran	BA.1	EPI_ISL_13283082
112	Homo sapiens	2022-02-20	Iran	BA.2	EPI_ISL_13283101
124	Homo sapiens	2022-05-09	Iran	BA.2	EPI_ISL_13283107
115	Homo sapiens	2022-03-12	Iran	BA.2	EPI_ISL_13283100
114	Homo sapiens	2022-03-03	Iran	BA.2	EPI_ISL_13283105
125	Homo sapiens	2022-05-22	Iran	BA.2	EPI_ISL_13283089
125	Homo sapiens	2022-05-19	Iran	BA.2	EPI_ISL_13283088
125	Homo sapiens	2022-05-22	Iran	BA.2	EPI_ISL_13283085
125	Homo sapiens	2022-05-17	Iran	BA.2	EPI_ISL_13283087
124	Homo sapiens	2022-05-14	Iran	BA.2	EPI_ISL_13283108
124	Homo sapiens	2022-05-15	Iran	BA.2	EPI_ISL_13283106
114	Homo sapiens	2022-03-03	Iran	BA.2	EPI_ISL_13283104
113	Homo sapiens	2022-02-23	Iran	BA.1.1	EPI_ISL_13283096
113	Homo sapiens	2022-02-27	Iran	BA.1.1	EPI_ISL_13283084
115	Homo sapiens	2022-03-12	Iran	BA.1	EPI_ISL_13283099
115	Homo sapiens	2022-03-12	Iran	BA.1.1	EPI_ISL_13283098
113	Homo sapiens	2022-02-25	Iran	BA.1.1	EPI_ISL_13283097
122	Homo sapiens	2022-04-27	Iran	BA.2	EPI_ISL_13407066
125	Homo sapiens	2022-05-21	Iran	BA.2	EPI_ISL_13409202
123	Homo sapiens	2022-05-05	Iran	BA.2	EPI_ISL_13464007
120	Homo sapiens	2022-04-17	Iran	BA.2	EPI_ISL_13464006
122	Homo sapiens	2022-04-28	Iran	BA.2	EPI_ISL_13464009
123	Homo sapiens	2022-05-04	Iran	BA.2	EPI_ISL_13464022
127	Homo sapiens	2022-05-31	Iran	BA.2	EPI_ISL_13464026
127	Homo sapiens	2022-05-30	Iran	BA.2	EPI_ISL_13464039
126	Homo sapiens	2022-05-29	Iran	BA.2	EPI_ISL_13464042
127	Homo sapiens	2022-06-01	Iran	BA.2	EPI_ISL_13464040
130	Homo sapiens	2022-06-20	Iran	BA.2	EPI_ISL_13464005
122	Homo sapiens	2022-04-25	Iran	BA.2	EPI_ISL_13464027
120	Homo sapiens	2022-04-17	Iran	BA.2	EPI_ISL_13464008
128	Homo sapiens	2022-06-06	Iran	BA.2	EPI_ISL_13464016
124	Homo sapiens	2022-05-12	Iran	BA.2	EPI_ISL_13464020
126	Homo sapiens	2022-05-28	Iran	BA.2	EPI_ISL_13464003
121	Homo sapiens	2022-04-23	Iran	BA.2	EPI_ISL_13464002
122	Homo sapiens	2022-04-27	Iran	BA.2	EPI_ISL_13464012
127	Homo sapiens	2022-06-04	Iran	BA.2	EPI_ISL_13464004
127	Homo sapiens	2022-05-30	Iran	BA.2	EPI_ISL_13464018
129	Homo sapiens	2022-06-13	Iran	BA.2	EPI_ISL_13464028
122	Homo sapiens	2022-04-27	Iran	BA.2	EPI_ISL_13464010
123	Homo sapiens	2022-05-08	Iran	BA.2	EPI_ISL_13464019
120	Homo sapiens	2022-04-17	Iran	BA.2	EPI_ISL_13464011
125	Homo sapiens	2022-05-19	Iran	BA.2	EPI_ISL_13464017
120	Homo sapiens	2022-04-17	Iran	BA.2	EPI_ISL_13464014
122	Homo sapiens	2022-04-30	Iran	BA.2	EPI_ISL_13464013
125	Homo sapiens	2022-05-21	Iran	BA.2	EPI_ISL_13464034
122	Homo sapiens	2022-04-26	Iran	BA.2	EPI_ISL_13464036
120	Homo sapiens	2022-04-17	Iran	BA.2	EPI_ISL_13464015
125	Homo sapiens	2022-05-21	Iran	BA.2	EPI_ISL_13464021
127	Homo sapiens	2022-05-30	Iran	BA.2	EPI_ISL_13464033
125	Homo sapiens	2022-05-19	Iran	BA.2	EPI_ISL_13464023
128	Homo sapiens	2022-06-09	Iran	BA.2	EPI_ISL_13464029
126	Homo sapiens	2022-05-28	Iran	BA.2	EPI_ISL_13464025
126	Homo sapiens	2022-05-27	Iran	BA.2	EPI_ISL_13464024
112	Homo sapiens	2022-02-19	Iran	BA.2	EPI_ISL_13464032
113	Homo sapiens	2022-02-22	Iran	BA.2	EPI_ISL_13464043
128	Homo sapiens	2022-06-12	Iran	BA.2	EPI_ISL_13464031
129	Homo sapiens	2022-06-13	Iran	BA.2.9	EPI_ISL_13464030
125	Homo sapiens	2022-05-22	Iran	BA.2	EPI_ISL_13464035
122	Homo sapiens	2022-04-26	Iran	BA.2	EPI_ISL_13464037
126	Homo sapiens	2022-05-29	Iran	BA.2	EPI_ISL_13464038
127	Homo sapiens	2022-06-03	Iran	BA.2	EPI_ISL_13464041
80	Homo sapiens	2021-07-07	Iran	B.1.1.7	EPI_ISL_14158878
83	Homo sapiens	2021-07-29	Iran	AY.126	EPI_ISL_14197130
78	Homo sapiens	2021-06-22	Iran	AY.100	EPI_ISL_14197129
132	Homo sapiens	2022-07-05	Iran	BA.5.2	EPI_ISL_14290253
132	Homo sapiens	2022-07-06	Iran	BA.2	EPI_ISL_14290234
132	Homo sapiens	2022-07-06	Iran	BA.5.2	EPI_ISL_14290238
132	Homo sapiens	2022-07-05	Iran	BA.5.2.1	EPI_ISL_14290256
132	Homo sapiens	2022-07-06	Iran	BA.5.2.16	EPI_ISL_14290233
129	Homo sapiens	2022-06-18	Iran	BA.2.12.1	EPI_ISL_14290254
132	Homo sapiens	2022-07-06	Iran	BA.5.2.29	EPI_ISL_14290235
131	Homo sapiens	2022-06-30	Iran	BA.5.2	EPI_ISL_14290223
132	Homo sapiens	2022-07-06	Iran	BA.5.1	EPI_ISL_14290242
131	Homo sapiens	2022-06-28	Iran	BA.5.5	EPI_ISL_14290252
131	Homo sapiens	2022-06-30	Iran	BA.5.2	EPI_ISL_14290218
132	Homo sapiens	2022-07-06	Iran	BA.5.1.22	EPI_ISL_14290239
128	Homo sapiens	2022-06-07	Iran	BA.2	EPI_ISL_14290245
132	Homo sapiens	2022-07-05	Iran	BA.5.2	EPI_ISL_14290255
128	Homo sapiens	2022-06-08	Iran	BA.2	EPI_ISL_14290246
132	Homo sapiens	2022-07-05	Iran	BA.5.2	EPI_ISL_14290232
133	Homo sapiens	2022-07-11	Iran	BA.5.6	EPI_ISL_14290258
131	Homo sapiens	2022-06-30	Iran	BA.5.2.1	EPI_ISL_14290219
132	Homo sapiens	2022-07-06	Iran	BA.5.1.22	EPI_ISL_14290240
132	Homo sapiens	2022-07-06	Iran	BA.5.2	EPI_ISL_14290237
133	Homo sapiens	2022-07-11	Iran	BA.5.2	EPI_ISL_14290257
132	Homo sapiens	2022-07-05	Iran	BA.2.74	EPI_ISL_14290231
129	Homo sapiens	2022-06-16	Iran	BA.5.2.1	EPI_ISL_14290251
132	Homo sapiens	2022-07-06	Iran	BA.5.2.1	EPI_ISL_14290236
128	Homo sapiens	2022-06-06	Iran	BA.2.65	EPI_ISL_14290244
131	Homo sapiens	2022-06-30	Iran	BA.5.2	EPI_ISL_14290221
131	Homo sapiens	2022-07-03	Iran	BA.5.2	EPI_ISL_14290230
131	Homo sapiens	2022-06-30	Iran	BA.5.2	EPI_ISL_14290220
131	Homo sapiens	2022-07-01	Iran	BA.5.2	EPI_ISL_14290226
129	Homo sapiens	2022-06-15	Iran	BA.2	EPI_ISL_14290250
131	Homo sapiens	2022-06-30	Iran	BA.5.2	EPI_ISL_14290224
128	Homo sapiens	2022-06-09	Iran	BA.2	EPI_ISL_14290247
131	Homo sapiens	2022-06-30	Iran	BA.5.2	EPI_ISL_14290222
127	Homo sapiens	2022-06-04	Iran	BF.5	EPI_ISL_14290243
128	Homo sapiens	2022-06-09	Iran	BA.2	EPI_ISL_14290248
131	Homo sapiens	2022-07-01	Iran	BA.5.2	EPI_ISL_14290227
131	Homo sapiens	2022-07-03	Iran	BA.5.2	EPI_ISL_14290229
129	Homo sapiens	2022-06-14	Iran	BA.2	EPI_ISL_14290249
131	Homo sapiens	2022-07-03	Iran	BA.5.2	EPI_ISL_14290228
131	Homo sapiens	2022-07-01	Iran	BA.5.2	EPI_ISL_14290225
132	Homo sapiens	2022-07-06	Iran	BA.5.2	EPI_ISL_14290241
134	Homo sapiens	2022-07-24	Iran	BA.5.2	EPI_ISL_14445599
134	Homo sapiens	2022-07-20	Iran	BA.5.2.16	EPI_ISL_14445631
133	Homo sapiens	2022-07-16	Iran	BA.5.2	EPI_ISL_14445610
134	Homo sapiens	2022-07-20	Iran	BA.5.2	EPI_ISL_14445632
133	Homo sapiens	2022-07-16	Iran	BA.2.74	EPI_ISL_14445611
133	Homo sapiens	2022-07-17	Iran	BA.2	EPI_ISL_14445633
133	Homo sapiens	2022-07-16	Iran	BA.5.2	EPI_ISL_14445612
134	Homo sapiens	2022-07-24	Iran	BA.5.2	EPI_ISL_14445634
133	Homo sapiens	2022-07-16	Iran	BA.5.2	EPI_ISL_14445613
133	Homo sapiens	2022-07-16	Iran	BF.10	EPI_ISL_14445614
134	Homo sapiens	2022-07-20	Iran	BA.5.2.16	EPI_ISL_14445636
134	Homo sapiens	2022-07-22	Iran	BA.5.2.1	EPI_ISL_14445615
134	Homo sapiens	2022-07-20	Iran	BA.5.2.20	EPI_ISL_14445637
134	Homo sapiens	2022-07-21	Iran	BA.5.2	EPI_ISL_14445616
134	Homo sapiens	2022-07-20	Iran	BA.5.2.1	EPI_ISL_14445638
135	Homo sapiens	2022-07-29	Iran	BA.5.2	EPI_ISL_14445617
134	Homo sapiens	2022-07-23	Iran	BA.5.2	EPI_ISL_14445601
135	Homo sapiens	2022-07-30	Iran	BA.5.2	EPI_ISL_14445618
134	Homo sapiens	2022-07-21	Iran	BA.5.2	EPI_ISL_14445619
134	Homo sapiens	2022-07-20	Iran	BE.1.1	EPI_ISL_14445630
134	Homo sapiens	2022-07-24	Iran	BA.5.2	EPI_ISL_14445604
133	Homo sapiens	2022-07-17	Iran	BA.5.2	EPI_ISL_14445620
134	Homo sapiens	2022-07-19	Iran	BA.5.2	EPI_ISL_14445621
134	Homo sapiens	2022-07-24	Iran	BA.5.2.20	EPI_ISL_14445600
133	Homo sapiens	2022-07-17	Iran	BA.5.2.16	EPI_ISL_14445622
134	Homo sapiens	2022-07-19	Iran	BA.5.2	EPI_ISL_14445623
134	Homo sapiens	2022-07-23	Iran	BA.5.2	EPI_ISL_14445602
133	Homo sapiens	2022-07-17	Iran	BA.5.2	EPI_ISL_14445635
133	Homo sapiens	2022-07-17	Iran	BA.5.2.1	EPI_ISL_14445624
134	Homo sapiens	2022-07-20	Iran	BA.5.2	EPI_ISL_14445626
133	Homo sapiens	2022-07-17	Iran	BA.5.2	EPI_ISL_14445609
134	Homo sapiens	2022-07-23	Iran	BA.5.2	EPI_ISL_14445603
134	Homo sapiens	2022-07-20	Iran	BA.5.2	EPI_ISL_14445625
134	Homo sapiens	2022-07-23	Iran	BA.5.2	EPI_ISL_14445605
134	Homo sapiens	2022-07-20	Iran	BA.5.2	EPI_ISL_14445627
134	Homo sapiens	2022-07-23	Iran	BE.1.1	EPI_ISL_14445606
134	Homo sapiens	2022-07-21	Iran	BA.5.6	EPI_ISL_14445628
134	Homo sapiens	2022-07-24	Iran	BA.5.2	EPI_ISL_14445607
134	Homo sapiens	2022-07-20	Iran	BA.5.1	EPI_ISL_14445629
134	Homo sapiens	2022-07-18	Iran	BA.5.2	EPI_ISL_14445608
134	Homo sapiens	2022-07-23	Iran	BA.5.2.1	EPI_ISL_14445656
134	Homo sapiens	2022-07-23	Iran	BA.5.2.1	EPI_ISL_14445661
135	Homo sapiens	2022-07-27	Iran	BA.5.2	EPI_ISL_14445653
134	Homo sapiens	2022-07-21	Iran	BA.5.2	EPI_ISL_14445643
135	Homo sapiens	2022-07-28	Iran	BA.5.2	EPI_ISL_14445662
135	Homo sapiens	2022-07-25	Iran	BA.5.2	EPI_ISL_14445663
134	Homo sapiens	2022-07-22	Iran	BA.5.2	EPI_ISL_14445644
135	Homo sapiens	2022-07-27	Iran	BA.5.2	EPI_ISL_14445660
134	Homo sapiens	2022-07-24	Iran	BA.5.2.20	EPI_ISL_14445654
135	Homo sapiens	2022-07-28	Iran	BA.5.2	EPI_ISL_14445655
134	Homo sapiens	2022-07-20	Iran	BA.5.2	EPI_ISL_14445648
134	Homo sapiens	2022-07-23	Iran	BA.5.2.16	EPI_ISL_14445657
134	Homo sapiens	2022-07-24	Iran	BA.5.2.1	EPI_ISL_14445658
135	Homo sapiens	2022-07-26	Iran	BA.5.2	EPI_ISL_14445659
135	Homo sapiens	2022-07-28	Iran	BA.5.2	EPI_ISL_14445669
133	Homo sapiens	2022-07-11	Iran	BA.5.2.18	EPI_ISL_14445650
133	Homo sapiens	2022-07-12	Iran	BA.5.2	EPI_ISL_14445651
133	Homo sapiens	2022-07-11	Iran	BA.5.2.1	EPI_ISL_14445652
134	Homo sapiens	2022-07-20	Iran	BE.1.1	EPI_ISL_14445645
134	Homo sapiens	2022-07-24	Iran	BA.5.2	EPI_ISL_14445646
133	Homo sapiens	2022-07-17	Iran	BA.5.2	EPI_ISL_14445647
133	Homo sapiens	2022-07-11	Iran	BA.5.2.20	EPI_ISL_14445649
134	Homo sapiens	2022-07-24	Iran	BA.5.2.16	EPI_ISL_14445682
134	Homo sapiens	2022-07-24	Iran	BA.5.2.20	EPI_ISL_14445680
135	Homo sapiens	2022-07-28	Iran	BA.5.1.30	EPI_ISL_14445670
134	Homo sapiens	2022-07-23	Iran	BA.5.2	EPI_ISL_14445681
134	Homo sapiens	2022-07-24	Iran	BA.5.1	EPI_ISL_14445671
134	Homo sapiens	2022-07-20	Iran	BA.5.2.10	EPI_ISL_14445672
134	Homo sapiens	2022-07-21	Iran	BA.5.2	EPI_ISL_14445673
134	Homo sapiens	2022-07-19	Iran	BA.5.2.16	EPI_ISL_14445674
135	Homo sapiens	2022-07-27	Iran	BA.5.2	EPI_ISL_14445664
134	Homo sapiens	2022-07-21	Iran	BA.5.2	EPI_ISL_14445675
135	Homo sapiens	2022-07-26	Iran	BA.5.2	EPI_ISL_14445665
134	Homo sapiens	2022-07-22	Iran	BA.5.2	EPI_ISL_14445676
135	Homo sapiens	2022-07-27	Iran	BA.5.2	EPI_ISL_14445666
134	Homo sapiens	2022-07-23	Iran	BA.5.2	EPI_ISL_14445677
135	Homo sapiens	2022-07-28	Iran	BA.5.2	EPI_ISL_14445667
134	Homo sapiens	2022-07-24	Iran	BA.5.2	EPI_ISL_14445678
135	Homo sapiens	2022-07-27	Iran	BA.5.2	EPI_ISL_14445668
134	Homo sapiens	2022-07-23	Iran	BA.5.1	EPI_ISL_14445679
137	Homo sapiens	2022-08-09	Iran	BA.5.2.16	EPI_ISL_14806938
137	Homo sapiens	2022-08-12	Iran	BA.5.2	EPI_ISL_14806942
137	Homo sapiens	2022-08-11	Iran	BA.5.2.1	EPI_ISL_14806963
136	Homo sapiens	2022-08-02	Iran	BA.5.2.16	EPI_ISL_14806962
137	Homo sapiens	2022-08-11	Iran	BA.5.2	EPI_ISL_14806940
133	Homo sapiens	2022-07-17	Iran	BA.5.2	EPI_ISL_14805841
134	Homo sapiens	2022-07-23	Iran	BA.5.2	EPI_ISL_14805840
136	Homo sapiens	2022-08-06	Iran	BA.5.2	EPI_ISL_14806945
136	Homo sapiens	2022-08-02	Iran	BA.5.2	EPI_ISL_14806976
137	Homo sapiens	2022-08-11	Iran	BA.5.2.1	EPI_ISL_14806965
137	Homo sapiens	2022-08-10	Iran	B	EPI_ISL_14806955
136	Homo sapiens	2022-08-07	Iran	BA.5.2	EPI_ISL_14806943
137	Homo sapiens	2022-08-09	Iran	BA.5.2	EPI_ISL_14806941
137	Homo sapiens	2022-08-11	Iran	BA.5.2	EPI_ISL_14806964
137	Homo sapiens	2022-08-11	Iran	BA.5.2.1	EPI_ISL_14806946
136	Homo sapiens	2022-08-04	Iran	BA.2.76	EPI_ISL_14806934
137	Homo sapiens	2022-08-10	Iran	BA.5.2	EPI_ISL_14806936
136	Homo sapiens	2022-08-06	Iran	BA.5.2	EPI_ISL_14806933
136	Homo sapiens	2022-08-06	Iran	BA.5.2	EPI_ISL_14806973
136	Homo sapiens	2022-08-06	Iran	BA.5.2	EPI_ISL_14806969
136	Homo sapiens	2022-08-06	Iran	BA.5.2	EPI_ISL_14806972
136	Homo sapiens	2022-08-05	Iran	BA.5.2.1	EPI_ISL_14806959
137	Homo sapiens	2022-08-09	Iran	BA.5.2	EPI_ISL_14806970
136	Homo sapiens	2022-08-02	Iran	BA.5.2.29	EPI_ISL_14806977
137	Homo sapiens	2022-08-13	Iran	BA.5.2	EPI_ISL_14806939
136	Homo sapiens	2022-08-04	Iran	BA.5.2	EPI_ISL_14806974
137	Homo sapiens	2022-08-09	Iran	BA.5.2	EPI_ISL_14806971
137	Homo sapiens	2022-08-09	Iran	BA.5.2	EPI_ISL_14806948
136	Homo sapiens	2022-08-04	Iran	BA.5.2	EPI_ISL_14806975
136	Homo sapiens	2022-08-02	Iran	BA.5.2	EPI_ISL_14806961
136	Homo sapiens	2022-08-05	Iran	BA.5.2.1	EPI_ISL_14806960
136	Homo sapiens	2022-08-06	Iran	BA.5.2	EPI_ISL_14806968
136	Homo sapiens	2022-08-07	Iran	BA.5.2.1	EPI_ISL_14806949
136	Homo sapiens	2022-08-05	Iran	BA.5.2	EPI_ISL_14806957
137	Homo sapiens	2022-08-09	Iran	BA.5.2	EPI_ISL_14806967
136	Homo sapiens	2022-08-04	Iran	BA.5.2.1	EPI_ISL_14806958
137	Homo sapiens	2022-08-11	Iran	BA.5.2	EPI_ISL_14806947
137	Homo sapiens	2022-08-09	Iran	BA.5.2	EPI_ISL_14806935
137	Homo sapiens	2022-08-09	Iran	BA.5.2	EPI_ISL_14806966
136	Homo sapiens	2022-08-06	Iran	BA.5.2	EPI_ISL_14806952
137	Homo sapiens	2022-08-08	Iran	BA.5.2	EPI_ISL_14806954
137	Homo sapiens	2022-08-11	Iran	BA.5.2.1	EPI_ISL_14806953
136	Homo sapiens	2022-08-06	Iran	BA.5.2.1	EPI_ISL_14806951
137	Homo sapiens	2022-08-10	Iran	BA.5.2	EPI_ISL_14806956
137	Homo sapiens	2022-08-11	Iran	BA.5.2	EPI_ISL_14806950
137	Homo sapiens	2022-08-10	Iran	BA.5.2	EPI_ISL_14806937
137	Homo sapiens	2022-08-09	Iran	BA.5.2.16	EPI_ISL_14806944
135	Homo sapiens	2022-07-28	Iran	BF.5	EPI_ISL_14807039
136	Homo sapiens	2022-08-03	Iran	BE.1.1	EPI_ISL_14807050
135	Homo sapiens	2022-07-28	Iran	BA.5.2	EPI_ISL_14807038
136	Homo sapiens	2022-08-04	Iran	BA.5.2	EPI_ISL_14807059
136	Homo sapiens	2022-08-07	Iran	BA.5.2	EPI_ISL_14807055
139	Homo sapiens	2022-08-27	Iran	BA.4	EPI_ISL_14807032
137	Homo sapiens	2022-08-08	Iran	BA.5.2	EPI_ISL_14807056
139	Homo sapiens	2022-08-27	Iran	BA.5.2	EPI_ISL_14807033
134	Homo sapiens	2022-07-19	Iran	BA.5.2	EPI_ISL_14807044
136	Homo sapiens	2022-08-02	Iran	BA.2	EPI_ISL_14807027
136	Homo sapiens	2022-08-07	Iran	BA.5.2	EPI_ISL_14807054
136	Homo sapiens	2022-08-06	Iran	BA.5.2	EPI_ISL_14807045
136	Homo sapiens	2022-08-02	Iran	BA.5.2.29	EPI_ISL_14807026
136	Homo sapiens	2022-08-04	Iran	BA.5.2.1	EPI_ISL_14807030
135	Homo sapiens	2022-07-29	Iran	BA.5.2	EPI_ISL_14807052
137	Homo sapiens	2022-08-09	Iran	BA.5.2	EPI_ISL_14807051
137	Homo sapiens	2022-08-08	Iran	BA.5.2	EPI_ISL_14807034
136	Homo sapiens	2022-08-04	Iran	BA.5.2	EPI_ISL_14807035
136	Homo sapiens	2022-08-04	Iran	BA.5.2	EPI_ISL_14807031
136	Homo sapiens	2022-08-03	Iran	BA.5.2	EPI_ISL_14807063
135	Homo sapiens	2022-07-31	Iran	BA.5.2	EPI_ISL_14807028
136	Homo sapiens	2022-08-02	Iran	BA.5.1.30	EPI_ISL_14807053
136	Homo sapiens	2022-08-04	Iran	BA.5.2.31	EPI_ISL_14807057
136	Homo sapiens	2022-08-07	Iran	BA.5.2	EPI_ISL_14807029
135	Homo sapiens	2022-07-27	Iran	BF.5	EPI_ISL_14807037
136	Homo sapiens	2022-08-06	Iran	BA.5.1	EPI_ISL_14807040
136	Homo sapiens	2022-08-01	Iran	BA.5.2	EPI_ISL_14807043
136	Homo sapiens	2022-08-01	Iran	BA.5.2	EPI_ISL_14807036
136	Homo sapiens	2022-08-04	Iran	BA.5.2	EPI_ISL_14807062
136	Homo sapiens	2022-08-03	Iran	BA.5	EPI_ISL_14807058
136	Homo sapiens	2022-08-03	Iran	BA.5.2.16	EPI_ISL_14807041
136	Homo sapiens	2022-08-03	Iran	BA.5.2.20	EPI_ISL_14807060
136	Homo sapiens	2022-08-04	Iran	BA.5.2.1	EPI_ISL_14807061
136	Homo sapiens	2022-08-07	Iran	BA.5.2	EPI_ISL_14807048
136	Homo sapiens	2022-08-03	Iran	BA.5.2	EPI_ISL_14807046
136	Homo sapiens	2022-08-02	Iran	BF.3	EPI_ISL_14807042
136	Homo sapiens	2022-08-07	Iran	BA.5.2	EPI_ISL_14807047
136	Homo sapiens	2022-08-03	Iran	BA.5.2.1	EPI_ISL_14807049
137	Homo sapiens	2022-08-14	Iran	BA.5.1	EPI_ISL_14951905
138	Homo sapiens	2022-08-15	Iran	BA.5.2	EPI_ISL_14951906
136	Homo sapiens	2022-08-01	Iran	BA.5.2.1	EPI_ISL_14951896
136	Homo sapiens	2022-08-02	Iran	BA.5.2.16	EPI_ISL_14951899
136	Homo sapiens	2022-08-03	Iran	BA.5.2.29	EPI_ISL_14951895
136	Homo sapiens	2022-08-01	Iran	BA.5.2	EPI_ISL_14951897
136	Homo sapiens	2022-08-02	Iran	BA.5.2	EPI_ISL_14951898
135	Homo sapiens	2022-07-31	Iran	BA.5.5	EPI_ISL_14951894
135	Homo sapiens	2022-07-31	Iran	BA.5.2	EPI_ISL_14951893
137	Homo sapiens	2022-08-12	Iran	BA.5.2	EPI_ISL_14951912
138	Homo sapiens	2022-08-17	Iran	BA.5.6	EPI_ISL_14951913
135	Homo sapiens	2022-07-30	Iran	BA.5.2	EPI_ISL_14951930
137	Homo sapiens	2022-08-09	Iran	BA.5.2.1	EPI_ISL_14951923
138	Homo sapiens	2022-08-20	Iran	BA.5.2	EPI_ISL_14951924
134	Homo sapiens	2022-07-23	Iran	BA.5.2	EPI_ISL_14951921
138	Homo sapiens	2022-08-20	Iran	BA.5.2.1	EPI_ISL_14951925
134	Homo sapiens	2022-07-23	Iran	BA.5.2.29	EPI_ISL_14951920
135	Homo sapiens	2022-07-31	Iran	BA.5.2.1	EPI_ISL_14951929
136	Homo sapiens	2022-08-06	Iran	BA.5.2	EPI_ISL_14951926
134	Homo sapiens	2022-07-24	Iran	BA.5.2	EPI_ISL_14951917
135	Homo sapiens	2022-07-31	Iran	BA.5.2.20	EPI_ISL_14951927
137	Homo sapiens	2022-08-14	Iran	BA.5.2	EPI_ISL_14951901
138	Homo sapiens	2022-08-15	Iran	BA.5.2	EPI_ISL_14951908
135	Homo sapiens	2022-07-30	Iran	BA.5.2.29	EPI_ISL_14951928
138	Homo sapiens	2022-08-15	Iran	BA.5.2	EPI_ISL_14951910
138	Homo sapiens	2022-08-15	Iran	BA.5.2	EPI_ISL_14951911
134	Homo sapiens	2022-07-23	Iran	BA.5.2	EPI_ISL_14951918
136	Homo sapiens	2022-08-04	Iran	BA.5.2	EPI_ISL_14951916
137	Homo sapiens	2022-08-14	Iran	BA.5.2	EPI_ISL_14951914
138	Homo sapiens	2022-08-15	Iran	BA.5.2.1	EPI_ISL_14951904
137	Homo sapiens	2022-08-14	Iran	BA.5.2	EPI_ISL_14951900
135	Homo sapiens	2022-07-31	Iran	BA.5.2	EPI_ISL_14951902
138	Homo sapiens	2022-08-15	Iran	BA.5.2	EPI_ISL_14951907
138	Homo sapiens	2022-08-16	Iran	BA.5.2	EPI_ISL_14951909
135	Homo sapiens	2022-07-31	Iran	BA.5.2	EPI_ISL_14951903
138	Homo sapiens	2022-08-15	Iran	BA.5.2	EPI_ISL_15013502
135	Homo sapiens	2022-07-30	Iran	BA.5.2	EPI_ISL_15013493
135	Homo sapiens	2022-07-27	Iran	BA.5.2	EPI_ISL_15013490
138	Homo sapiens	2022-08-16	Iran	BA.5.2	EPI_ISL_15013508
138	Homo sapiens	2022-08-20	Iran	BA.5.2	EPI_ISL_15013489
138	Homo sapiens	2022-08-16	Iran	BA.5.2	EPI_ISL_15013506
137	Homo sapiens	2022-08-14	Iran	BA.5.2	EPI_ISL_15013509
138	Homo sapiens	2022-08-16	Iran	BA.5.2	EPI_ISL_15013507
137	Homo sapiens	2022-08-14	Iran	BA.5.2	EPI_ISL_15013511
134	Homo sapiens	2022-07-23	Iran	BA.5.2	EPI_ISL_15013501
136	Homo sapiens	2022-08-07	Iran	BA.5.2	EPI_ISL_15013504
137	Homo sapiens	2022-08-13	Iran	BA.5.2	EPI_ISL_15013505
138	Homo sapiens	2022-08-21	Iran	BA.5.2	EPI_ISL_15013481
138	Homo sapiens	2022-08-21	Iran	BA.5.2	EPI_ISL_15013480
136	Homo sapiens	2022-08-07	Iran	BA.5.2	EPI_ISL_15013503
138	Homo sapiens	2022-08-16	Iran	BA.5.2	EPI_ISL_15013510
135	Homo sapiens	2022-07-30	Iran	CK.2	EPI_ISL_15013494
135	Homo sapiens	2022-07-28	Iran	BA.5.2.1	EPI_ISL_15013492
135	Homo sapiens	2022-07-27	Iran	BA.5.2	EPI_ISL_15013491
138	Homo sapiens	2022-08-16	Iran	BA.5.1.30	EPI_ISL_15013488
137	Homo sapiens	2022-08-14	Iran	BA.5.2	EPI_ISL_15013487
134	Homo sapiens	2022-07-24	Iran	BA.5.2.20	EPI_ISL_15013483
137	Homo sapiens	2022-08-14	Iran	BA.5.2	EPI_ISL_15013486
137	Homo sapiens	2022-08-14	Iran	BA.5.2.16	EPI_ISL_15013477
135	Homo sapiens	2022-07-30	Iran	BA.5.2.1	EPI_ISL_15013496
138	Homo sapiens	2022-08-17	Iran	BA.5.1	EPI_ISL_15013485
138	Homo sapiens	2022-08-15	Iran	BA.5.2	EPI_ISL_15013498
135	Homo sapiens	2022-07-29	Iran	BA.5.2	EPI_ISL_15013495
137	Homo sapiens	2022-08-14	Iran	BA.5.2.1	EPI_ISL_15013484
138	Homo sapiens	2022-08-20	Iran	BA.5.2.29	EPI_ISL_15013482
137	Homo sapiens	2022-08-14	Iran	BA.5.2	EPI_ISL_15013479
135	Homo sapiens	2022-07-26	Iran	BA.5.2	EPI_ISL_15013497
137	Homo sapiens	2022-08-13	Iran	BA.5.2.16	EPI_ISL_15013478
135	Homo sapiens	2022-07-29	Iran	BA.5.2	EPI_ISL_15013499
135	Homo sapiens	2022-07-29	Iran	BF.7	EPI_ISL_15013500
132	Homo sapiens	2022-07-04	Iran	BA.5.2.1	EPI_ISL_15014030
133	Homo sapiens	2022-07-12	Iran	BA.5.2.16	EPI_ISL_15014040
132	Homo sapiens	2022-07-06	Iran	BA.5.2	EPI_ISL_15014067
132	Homo sapiens	2022-07-06	Iran	BA.5.2	EPI_ISL_15014068
132	Homo sapiens	2022-07-06	Iran	BA.5.2	EPI_ISL_15014065
132	Homo sapiens	2022-07-09	Iran	BA.1	EPI_ISL_15014035
133	Homo sapiens	2022-07-14	Iran	BA.5.2	EPI_ISL_15014052
133	Homo sapiens	2022-07-11	Iran	BA.4	EPI_ISL_15014036
133	Homo sapiens	2022-07-14	Iran	BA.5.2	EPI_ISL_15014038
132	Homo sapiens	2022-07-06	Iran	BA.2	EPI_ISL_15014061
132	Homo sapiens	2022-07-06	Iran	BA.5.1	EPI_ISL_15014062
132	Homo sapiens	2022-07-06	Iran	BA.2	EPI_ISL_15014056
133	Homo sapiens	2022-07-16	Iran	BA.5.2	EPI_ISL_15014043
124	Homo sapiens	2022-05-09	Iran	BA.2	EPI_ISL_15014044
132	Homo sapiens	2022-07-09	Iran	BA.5.1.10	EPI_ISL_15014034
134	Homo sapiens	2022-07-20	Iran	BA.5.2.20	EPI_ISL_15014041
131	Homo sapiens	2022-07-03	Iran	BA.2	EPI_ISL_15014031
132	Homo sapiens	2022-07-06	Iran	BA.5.6	EPI_ISL_15014060
134	Homo sapiens	2022-07-20	Iran	BA.5.2.1	EPI_ISL_15014042
133	Homo sapiens	2022-07-11	Iran	BA.5.2	EPI_ISL_15014037
132	Homo sapiens	2022-07-06	Iran	BA.5.2.1	EPI_ISL_15014058
133	Homo sapiens	2022-07-12	Iran	BA.5.6	EPI_ISL_15014039
132	Homo sapiens	2022-07-06	Iran	BA.5.2	EPI_ISL_15014066
132	Homo sapiens	2022-07-04	Iran	BA.5.2.1	EPI_ISL_15014032
132	Homo sapiens	2022-07-06	Iran	BF.10	EPI_ISL_15014063
129	Homo sapiens	2022-06-19	Iran	BA.5.2.1	EPI_ISL_15014046
132	Homo sapiens	2022-07-07	Iran	BA.5.2	EPI_ISL_15014033
132	Homo sapiens	2022-07-06	Iran	BA.5.2	EPI_ISL_15014054
130	Homo sapiens	2022-06-20	Iran	BA.2	EPI_ISL_15014047
131	Homo sapiens	2022-07-02	Iran	BA.5.2	EPI_ISL_15014029
132	Homo sapiens	2022-07-06	Iran	BA.5.2.1	EPI_ISL_15014064
132	Homo sapiens	2022-07-06	Iran	BA.5.2	EPI_ISL_15014059
133	Homo sapiens	2022-07-17	Iran	BA.5.2.1	EPI_ISL_15014049
132	Homo sapiens	2022-07-06	Iran	BA.5.2	EPI_ISL_15014057
133	Homo sapiens	2022-07-14	Iran	BA.4	EPI_ISL_15014051
133	Homo sapiens	2022-07-14	Iran	BA.5.2.1	EPI_ISL_15014053
133	Homo sapiens	2022-07-17	Iran	BA.5.2	EPI_ISL_15014050
132	Homo sapiens	2022-07-06	Iran	BA.5.2	EPI_ISL_15014055
131	Homo sapiens	2022-06-29	Iran	BA.5.2.1	EPI_ISL_15014048
130	Homo sapiens	2022-06-26	Iran	BA.5.2.1	EPI_ISL_15014045
139	Homo sapiens	2022-08-28	Iran	BA.5.2	EPI_ISL_15295430
140	Homo sapiens	2022-08-29	Iran	BA.5.2	EPI_ISL_15295435
139	Homo sapiens	2022-08-28	Iran	BA.5.2	EPI_ISL_15295439
140	Homo sapiens	2022-08-29	Iran	BA.5.2.1	EPI_ISL_15295432
140	Homo sapiens	2022-08-29	Iran	BA.5.2.1	EPI_ISL_15295431
139	Homo sapiens	2022-08-28	Iran	BA.5.2.18	EPI_ISL_15295434
139	Homo sapiens	2022-08-24	Iran	BA.5.2	EPI_ISL_15295436
140	Homo sapiens	2022-08-29	Iran	BA.5.2	EPI_ISL_15295433
139	Homo sapiens	2022-08-22	Iran	BA.5.2	EPI_ISL_15295438
139	Homo sapiens	2022-08-28	Iran	BA.5.2.16	EPI_ISL_15295437
139	Homo sapiens	2022-08-27	Iran	BA.5.2	EPI_ISL_15295443
139	Homo sapiens	2022-08-27	Iran	BA.5.1	EPI_ISL_15295444
139	Homo sapiens	2022-08-28	Iran	BA.5.2.7	EPI_ISL_15295442
139	Homo sapiens	2022-08-28	Iran	BA.5.2	EPI_ISL_15295441
139	Homo sapiens	2022-08-28	Iran	BA.5.2	EPI_ISL_15295440
140	Homo sapiens	2022-08-29	Iran	BA.5.2	EPI_ISL_15295452
139	Homo sapiens	2022-08-25	Iran	BA.5.2.16	EPI_ISL_15295447
139	Homo sapiens	2022-08-25	Iran	BA.5.2	EPI_ISL_15295449
139	Homo sapiens	2022-08-27	Iran	BA.5.1.30	EPI_ISL_15295446
139	Homo sapiens	2022-08-28	Iran	BA.5.2	EPI_ISL_15295445
139	Homo sapiens	2022-08-25	Iran	BA.5.2.29	EPI_ISL_15295450
139	Homo sapiens	2022-08-25	Iran	BA.5.2.18	EPI_ISL_15295448
140	Homo sapiens	2022-08-29	Iran	BA.5.1	EPI_ISL_15295454
140	Homo sapiens	2022-08-29	Iran	BA.5.2	EPI_ISL_15295453
139	Homo sapiens	2022-08-25	Iran	BA.5.2	EPI_ISL_15295451
136	Homo sapiens	2022-08-01	Iran	BA.5.2.20	EPI_ISL_15295458
139	Homo sapiens	2022-08-28	Iran	BA.5.2	EPI_ISL_15295457
139	Homo sapiens	2022-08-28	Iran	BA.5.2	EPI_ISL_15295456
135	Homo sapiens	2022-07-29	Iran	BA.5.2	EPI_ISL_15295459
140	Homo sapiens	2022-08-29	Iran	BA.5.2.1	EPI_ISL_15295455
135	Homo sapiens	2022-07-29	Iran	BA.5.2	EPI_ISL_15295460
137	Homo sapiens	2022-08-11	Iran	BA.5.6	EPI_ISL_15295424
137	Homo sapiens	2022-08-14	Iran	BA.5.2.1	EPI_ISL_15295426
139	Homo sapiens	2022-08-23	Iran	BA.5.2	EPI_ISL_15295421
138	Homo sapiens	2022-08-17	Iran	BA.5.2	EPI_ISL_15295429
137	Homo sapiens	2022-08-11	Iran	BA.5.2	EPI_ISL_15295425
137	Homo sapiens	2022-08-10	Iran	BA.5.2	EPI_ISL_15295423
139	Homo sapiens	2022-08-23	Iran	BA.5.2	EPI_ISL_15295422
138	Homo sapiens	2022-08-17	Iran	BA.5.2	EPI_ISL_15295428
138	Homo sapiens	2022-08-15	Iran	BA.5.2	EPI_ISL_15295427
139	Homo sapiens	2022-08-26	Iran	BA.5.2.24	EPI_ISL_15295472
139	Homo sapiens	2022-08-25	Iran	BA.5.2	EPI_ISL_15295465
139	Homo sapiens	2022-08-25	Iran	BA.5.2.24	EPI_ISL_15295464
139	Homo sapiens	2022-08-25	Iran	BA.5.2.6	EPI_ISL_15295462
139	Homo sapiens	2022-08-26	Iran	BA.5.2.6	EPI_ISL_15295470
139	Homo sapiens	2022-08-23	Iran	BA.5.2	EPI_ISL_15295479
139	Homo sapiens	2022-08-23	Iran	BA.5.2	EPI_ISL_15295490
139	Homo sapiens	2022-08-25	Iran	BA.5.2	EPI_ISL_15295463
139	Homo sapiens	2022-08-23	Iran	BA.5.2	EPI_ISL_15295478
139	Homo sapiens	2022-08-22	Iran	BA.5.2	EPI_ISL_15295480
139	Homo sapiens	2022-08-26	Iran	BA.5.2	EPI_ISL_15295471
139	Homo sapiens	2022-08-23	Iran	BA.5.2	EPI_ISL_15295476
139	Homo sapiens	2022-08-26	Iran	BA.5.2.24	EPI_ISL_15295469
139	Homo sapiens	2022-08-27	Iran	BA.5.2	EPI_ISL_15295468
139	Homo sapiens	2022-08-25	Iran	BA.5.2.6	EPI_ISL_15295466
139	Homo sapiens	2022-08-25	Iran	BA.5.2.6	EPI_ISL_15295467
138	Homo sapiens	2022-08-17	Iran	BA.5.2.7	EPI_ISL_15295482
139	Homo sapiens	2022-08-26	Iran	BA.5.2.6	EPI_ISL_15295475
138	Homo sapiens	2022-08-17	Iran	BA.5.2.6	EPI_ISL_15295481
139	Homo sapiens	2022-08-26	Iran	BA.5.2.6	EPI_ISL_15295474
139	Homo sapiens	2022-08-26	Iran	BA.5.2	EPI_ISL_15295473
139	Homo sapiens	2022-08-23	Iran	BA.5.2.24	EPI_ISL_15295477
138	Homo sapiens	2022-08-18	Iran	BA.5.2	EPI_ISL_15295484
138	Homo sapiens	2022-08-17	Iran	BA.5.2	EPI_ISL_15295483
138	Homo sapiens	2022-08-20	Iran	BA.5.2.1	EPI_ISL_15295487
140	Homo sapiens	2022-09-03	Iran	BA.5.2	EPI_ISL_15295497
138	Homo sapiens	2022-08-18	Iran	BA.5.2	EPI_ISL_15295486
138	Homo sapiens	2022-08-18	Iran	BA.5.2.1	EPI_ISL_15295485
139	Homo sapiens	2022-08-27	Iran	BA.5.2	EPI_ISL_15295493
139	Homo sapiens	2022-08-24	Iran	BA.5.2	EPI_ISL_15295492
139	Homo sapiens	2022-08-23	Iran	BA.5.2	EPI_ISL_15295489
136	Homo sapiens	2022-08-01	Iran	BA.5.2.1	EPI_ISL_15295501
138	Homo sapiens	2022-08-21	Iran	BA.5.2.1	EPI_ISL_15295488
139	Homo sapiens	2022-08-27	Iran	BE.1	EPI_ISL_15295494
139	Homo sapiens	2022-08-23	Iran	BA.5.2	EPI_ISL_15295491
135	Homo sapiens	2022-07-31	Iran	BA.5.2	EPI_ISL_15295498
140	Homo sapiens	2022-09-01	Iran	BA.5.2	EPI_ISL_15295496
136	Homo sapiens	2022-08-01	Iran	BA.5.2	EPI_ISL_15295500
140	Homo sapiens	2022-08-29	Iran	BA.5.2	EPI_ISL_15295495
135	Homo sapiens	2022-07-30	Iran	BA.5.2	EPI_ISL_15295499
136	Homo sapiens	2022-08-03	Iran	BA.5.2.29	EPI_ISL_15295502
11	Homo sapiens	2020-03-09	Iran	B.4	EPI_ISL_15754812
10	Homo sapiens	2020-03-02	Iran	B.4	EPI_ISL_15754896
09	Homo sapiens	2020-03-01	Iran	B.4	EPI_ISL_15754897
09	Homo sapiens	2020-02-29	Iran	B.4	EPI_ISL_15754953
10	Homo sapiens	2020-03-02	Iran	B.4	EPI_ISL_15754899
10	Homo sapiens	2020-03-02	Iran	B.4	EPI_ISL_15754898
12	Homo sapiens	2020-03-16	Iran	B.4	EPI_ISL_15754945
16	Homo sapiens	2020-04-14	Iran	B.4	EPI_ISL_15754981
15	Homo sapiens	2020-04-12	Iran	B.4	EPI_ISL_15754982
24	Homo sapiens	2020-06-12	Iran	B.4	EPI_ISL_15754990
24	Homo sapiens	2020-06-12	Iran	B.4	EPI_ISL_15754991
24	Homo sapiens	2020-06-12	Iran	B.4.6	EPI_ISL_15754992
28	Homo sapiens	2020-07-11	Iran	B.4.8	EPI_ISL_15755047
24	Homo sapiens	2020-06-11	Iran	B.4	EPI_ISL_15755033
24	Homo sapiens	2020-06-11	Iran	B.4	EPI_ISL_15755029
23	Homo sapiens	2020-06-05	Iran	B.4	EPI_ISL_15755027
24	Homo sapiens	2020-06-11	Iran	B.4	EPI_ISL_15755032
13	Homo sapiens	2020-03-24	Iran	B.4	EPI_ISL_15755074
77	Homo sapiens	2021-06-16	Iran	B.1.1.7	EPI_ISL_15755167
84	Homo sapiens	2021-08-02	Iran	B.1.617.2	EPI_ISL_15755237
41	Homo sapiens	2020-10-11	Iran	B.1.1.413	EPI_ISL_15755312
42	Homo sapiens	2020-10-14	Iran	B.1.1.413	EPI_ISL_15755317
42	Homo sapiens	2020-10-18	Iran	B.1.1	EPI_ISL_15755321
78	Homo sapiens	2021-06-27	Iran	AY.126	EPI_ISL_15755365
88	Homo sapiens	2021-08-31	Iran	AY.121	EPI_ISL_15755400
87	Homo sapiens	2021-08-25	Iran	AY.126	EPI_ISL_15755396
90	Homo sapiens	2021-09-18	Iran	AY.126	EPI_ISL_15755407
90	Homo sapiens	2021-09-15	Iran	AY.121	EPI_ISL_15755411
98	Homo sapiens	2021-11-12	Iran	AY.126	EPI_ISL_15755443
98	Homo sapiens	2021-11-11	Iran	AY.126	EPI_ISL_15755429
99	Homo sapiens	2021-11-16	Iran	B.1.617.2	EPI_ISL_15755473
98	Homo sapiens	2021-11-13	Iran	AY.126	EPI_ISL_15755467
99	Homo sapiens	2021-11-16	Iran	AY.126	EPI_ISL_15755471
11	Homo sapiens	2020-03-11	Iran	B.4	EPI_ISL_15754922
10	Homo sapiens	2020-03-03	Iran	B.4	EPI_ISL_15754901
11	Homo sapiens	2020-03-09	Iran	B.4	EPI_ISL_15754918
09	Homo sapiens	2020-03-01	Iran	B	EPI_ISL_15754906
11	Homo sapiens	2020-03-11	Iran	B.4	EPI_ISL_15754924
11	Homo sapiens	2020-03-15	Iran	B.4	EPI_ISL_15754928
11	Homo sapiens	2020-03-10	Iran	B.4	EPI_ISL_15754920
11	Homo sapiens	2020-03-10	Iran	B.4	EPI_ISL_15754923
10	Homo sapiens	2020-03-04	Iran	B.4	EPI_ISL_15754921
10	Homo sapiens	2020-03-03	Iran	B.4	EPI_ISL_15754902
11	Homo sapiens	2020-03-09	Iran	B.4	EPI_ISL_15754919
11	Homo sapiens	2020-03-15	Iran	B.4	EPI_ISL_15754929
10	Homo sapiens	2020-03-06	Iran	B.4	EPI_ISL_15754912
10	Homo sapiens	2020-03-05	Iran	B.4	EPI_ISL_15754913
10	Homo sapiens	2020-03-08	Iran	B.4	EPI_ISL_15754914
10	Homo sapiens	2020-03-06	Iran	B.4	EPI_ISL_15754910
11	Homo sapiens	2020-03-09	Iran	B.4.6	EPI_ISL_15754917
10	Homo sapiens	2020-03-07	Iran	B.4	EPI_ISL_15754915
08	Homo sapiens	2020-02-23	Iran	B.4	EPI_ISL_15754900
10	Homo sapiens	2020-03-04	Iran	B.4	EPI_ISL_15754905
10	Homo sapiens	2020-03-04	Iran	B.4	EPI_ISL_15754903
10	Homo sapiens	2020-03-04	Iran	B.4	EPI_ISL_15754904
10	Homo sapiens	2020-03-05	Iran	B.4	EPI_ISL_15754909
10	Homo sapiens	2020-03-05	Iran	B.4	EPI_ISL_15754907
10	Homo sapiens	2020-03-06	Iran	B.4	EPI_ISL_15754908
11	Homo sapiens	2020-03-09	Iran	B.4	EPI_ISL_15754842
11	Homo sapiens	2020-03-09	Iran	B.4	EPI_ISL_15754841
11	Homo sapiens	2020-03-10	Iran	B.4	EPI_ISL_15754849
11	Homo sapiens	2020-03-09	Iran	B.4	EPI_ISL_15754825
11	Homo sapiens	2020-03-09	Iran	B.4	EPI_ISL_15754820
12	Homo sapiens	2020-03-16	Iran	B.4	EPI_ISL_15754941
11	Homo sapiens	2020-03-11	Iran	B.4	EPI_ISL_15754935
10	Homo sapiens	2020-03-08	Iran	B.4	EPI_ISL_15754826
11	Homo sapiens	2020-03-09	Iran	B.4	EPI_ISL_15754827
11	Homo sapiens	2020-03-14	Iran	B.4	EPI_ISL_15754930
11	Homo sapiens	2020-03-09	Iran	B.4	EPI_ISL_15754819
11	Homo sapiens	2020-03-14	Iran	B.4	EPI_ISL_15754934
09	Homo sapiens	2020-02-27	Iran	B.4	EPI_ISL_15754891
11	Homo sapiens	2020-03-14	Iran	B.4	EPI_ISL_15754932
11	Homo sapiens	2020-03-14	Iran	B.4	EPI_ISL_15754933
08	Homo sapiens	2020-02-22	Iran	B.4	EPI_ISL_15754875
11	Homo sapiens	2020-03-14	Iran	B.4	EPI_ISL_15754938
11	Homo sapiens	2020-03-14	Iran	B.4	EPI_ISL_15754936
11	Homo sapiens	2020-03-09	Iran	B.4	EPI_ISL_15754816
11	Homo sapiens	2020-03-13	Iran	B.4	EPI_ISL_15754937
09	Homo sapiens	2020-02-27	Iran	B.4	EPI_ISL_15754886
09	Homo sapiens	2020-02-25	Iran	B.4	EPI_ISL_15754885
09	Homo sapiens	2020-02-25	Iran	B.4	EPI_ISL_15754887
08	Homo sapiens	2020-02-23	Iran	B.4	EPI_ISL_15754881
08	Homo sapiens	2020-02-20	Iran	B.4	EPI_ISL_15754868
09	Homo sapiens	2020-02-26	Iran	B.4	EPI_ISL_15754888
09	Homo sapiens	2020-02-28	Iran	B.4	EPI_ISL_15754890
09	Homo sapiens	2020-02-29	Iran	B.4	EPI_ISL_15754894
09	Homo sapiens	2020-02-26	Iran	B.4	EPI_ISL_15754889
09	Homo sapiens	2020-02-28	Iran	B.4	EPI_ISL_15754893
09	Homo sapiens	2020-02-25	Iran	B.4	EPI_ISL_15754883
09	Homo sapiens	2020-02-27	Iran	B.4	EPI_ISL_15754892
09	Homo sapiens	2020-02-24	Iran	B.4	EPI_ISL_15754876
09	Homo sapiens	2020-02-24	Iran	B.4	EPI_ISL_15754874
09	Homo sapiens	2020-02-24	Iran	B.4	EPI_ISL_15754882
08	Homo sapiens	2020-02-23	Iran	B.4	EPI_ISL_15754873
08	Homo sapiens	2020-02-23	Iran	B.4	EPI_ISL_15754879
08	Homo sapiens	2020-02-21	Iran	B.4	EPI_ISL_15754869
08	Homo sapiens	2020-02-20	Iran	B.4	EPI_ISL_15754871
11	Homo sapiens	2020-03-10	Iran	B.4	EPI_ISL_15754861
09	Homo sapiens	2020-02-24	Iran	B.4	EPI_ISL_15754878
08	Homo sapiens	2020-02-20	Iran	B.4	EPI_ISL_15754865
08	Homo sapiens	2020-02-20	Iran	B.4	EPI_ISL_15754866
09	Homo sapiens	2020-02-25	Iran	B.4	EPI_ISL_15754872
11	Homo sapiens	2020-03-10	Iran	B.4	EPI_ISL_15754853
09	Homo sapiens	2020-02-26	Iran	B.4	EPI_ISL_15754895
99	Homo sapiens	2021-11-20	Iran	AY.126	EPI_ISL_15755459
44	Homo sapiens	2020-10-31	Iran	B.1.36.7	EPI_ISL_15755338
99	Homo sapiens	2021-11-20	Iran	AY.108	EPI_ISL_15755458
98	Homo sapiens	2021-11-14	Iran	B.1.617.2	EPI_ISL_15755447
44	Homo sapiens	2020-10-27	Iran	B.1.1.413	EPI_ISL_15755336
45	Homo sapiens	2020-11-04	Iran	B.1.36	EPI_ISL_15755344
98	Homo sapiens	2021-11-13	Iran	B.1.617.2	EPI_ISL_15755466
100	Homo sapiens	2021-11-27	Iran	AY.43	EPI_ISL_15755463
45	Homo sapiens	2020-11-04	Iran	B.1.36	EPI_ISL_15755345
45	Homo sapiens	2020-11-02	Iran	B.1.1.317	EPI_ISL_15755342
45	Homo sapiens	2020-11-02	Iran	B.1.36	EPI_ISL_15755343
43	Homo sapiens	2020-10-21	Iran	B.1.1.413	EPI_ISL_15755326
98	Homo sapiens	2021-11-12	Iran	AY.126	EPI_ISL_15755450
99	Homo sapiens	2021-11-15	Iran	AY.126	EPI_ISL_15755448
43	Homo sapiens	2020-10-20	Iran	B.1.1.413	EPI_ISL_15755327
99	Homo sapiens	2021-11-15	Iran	AY.126	EPI_ISL_15755452
43	Homo sapiens	2020-10-19	Iran	B.1.36	EPI_ISL_15755324
43	Homo sapiens	2020-10-20	Iran	B.1.36	EPI_ISL_15755325
98	Homo sapiens	2021-11-11	Iran	AY.126	EPI_ISL_15755449
99	Homo sapiens	2021-11-15	Iran	AY.121	EPI_ISL_15755451
43	Homo sapiens	2020-10-21	Iran	B.1.1.413	EPI_ISL_15755330
99	Homo sapiens	2021-11-20	Iran	AY.108	EPI_ISL_15755454
42	Homo sapiens	2020-10-18	Iran	B.1.9.5	EPI_ISL_15755318
99	Homo sapiens	2021-11-15	Iran	AY.126	EPI_ISL_15755453
43	Homo sapiens	2020-10-24	Iran	B.1.36.7	EPI_ISL_15755332
98	Homo sapiens	2021-11-13	Iran	AY.126	EPI_ISL_15755437
42	Homo sapiens	2020-10-14	Iran	B.1.36	EPI_ISL_15755316
42	Homo sapiens	2020-10-12	Iran	B.1.36	EPI_ISL_15755313
42	Homo sapiens	2020-10-12	Iran	B.1.1.413	EPI_ISL_15755314
97	Homo sapiens	2021-11-04	Iran	AY.126	EPI_ISL_15755435
98	Homo sapiens	2021-11-13	Iran	AY.126	EPI_ISL_15755438
98	Homo sapiens	2021-11-13	Iran	AY.122	EPI_ISL_15755439
41	Homo sapiens	2020-10-10	Iran	B.1.36	EPI_ISL_15755304
42	Homo sapiens	2020-10-18	Iran	B.1.36.7	EPI_ISL_15755322
99	Homo sapiens	2021-11-15	Iran	AY.126	EPI_ISL_15755442
42	Homo sapiens	2020-10-12	Iran	B.1.1	EPI_ISL_15755306
40	Homo sapiens	2020-10-04	Iran	B.1.1.413	EPI_ISL_15755302
41	Homo sapiens	2020-10-11	Iran	B.1.22	EPI_ISL_15755307
97	Homo sapiens	2021-11-07	Iran	B.1.617.2	EPI_ISL_15755423
41	Homo sapiens	2020-10-07	Iran	B.1.36.7	EPI_ISL_15755308
41	Homo sapiens	2020-10-05	Iran	B.1.441	EPI_ISL_15755303
41	Homo sapiens	2020-10-11	Iran	B.1.36.22	EPI_ISL_15755309
41	Homo sapiens	2020-10-10	Iran	B.1.36	EPI_ISL_15755311
98	Homo sapiens	2021-11-11	Iran	B.1.617.2	EPI_ISL_15755428
83	Homo sapiens	2021-07-31	Iran	AY.33	EPI_ISL_15755379
98	Homo sapiens	2021-11-11	Iran	AY.126	EPI_ISL_15755433
98	Homo sapiens	2021-11-11	Iran	B.1.617.2	EPI_ISL_15755430
98	Homo sapiens	2021-11-11	Iran	AY.126	EPI_ISL_15755431
54	Homo sapiens	2021-01-08	Iran	B.1.36	EPI_ISL_15755264
41	Homo sapiens	2020-10-10	Iran	B.1.1	EPI_ISL_15755310
56	Homo sapiens	2021-01-21	Iran	B.1.1.7	EPI_ISL_15755266
84	Homo sapiens	2021-08-03	Iran	B.1.617.2	EPI_ISL_15755384
85	Homo sapiens	2021-08-09	Iran	AY.122	EPI_ISL_15755385
85	Homo sapiens	2021-08-14	Iran	AY.121	EPI_ISL_15755388
84	Homo sapiens	2021-08-08	Iran	AY.126	EPI_ISL_15755389
83	Homo sapiens	2021-08-01	Iran	B.1.617.2	EPI_ISL_15755382
59	Homo sapiens	2021-02-14	Iran	B.1.1.7	EPI_ISL_15755387
85	Homo sapiens	2021-08-09	Iran	AY.126	EPI_ISL_15755386
80	Homo sapiens	2021-07-11	Iran	AY.126	EPI_ISL_15755368
80	Homo sapiens	2021-07-11	Iran	B.1.1.7	EPI_ISL_15755369
82	Homo sapiens	2021-07-24	Iran	B.1.617.2	EPI_ISL_15755374
102	Homo sapiens	2021-12-06	Iran	AY.126	EPI_ISL_15755489
52	Homo sapiens	2020-12-23	Iran	B.1.1.413	EPI_ISL_15755252
103	Homo sapiens	2021-12-13	Iran	B.1.617.2	EPI_ISL_15755490
52	Homo sapiens	2020-12-23	Iran	B.1.1.413	EPI_ISL_15755253
82	Homo sapiens	2021-07-20	Iran	B.1.1.7	EPI_ISL_15755372
101	Homo sapiens	2021-12-03	Iran	AY.126	EPI_ISL_15755485
52	Homo sapiens	2020-12-23	Iran	B.1.36	EPI_ISL_15755256
83	Homo sapiens	2021-07-27	Iran	B.1.617.2	EPI_ISL_15755377
83	Homo sapiens	2021-07-28	Iran	AY.126	EPI_ISL_15755378
52	Homo sapiens	2020-12-23	Iran	B.1.36	EPI_ISL_15755254
52	Homo sapiens	2020-12-23	Iran	B.4.8	EPI_ISL_15755255
101	Homo sapiens	2021-12-05	Iran	AY.126	EPI_ISL_15755479
101	Homo sapiens	2021-11-29	Iran	AY.121	EPI_ISL_15755483
100	Homo sapiens	2021-11-23	Iran	AY.100	EPI_ISL_15755480
101	Homo sapiens	2021-12-03	Iran	AY.100	EPI_ISL_15755484
100	Homo sapiens	2021-11-25	Iran	AY.126	EPI_ISL_15755481
100	Homo sapiens	2021-11-28	Iran	AY.126	EPI_ISL_15755482
46	Homo sapiens	2020-11-15	Iran	B.1.36	EPI_ISL_15755351
101	Homo sapiens	2021-12-05	Iran	AY.100	EPI_ISL_15755487
102	Homo sapiens	2021-12-06	Iran	B.1.617.2	EPI_ISL_15755488
79	Homo sapiens	2021-07-04	Iran	AY.126	EPI_ISL_15755367
46	Homo sapiens	2020-11-10	Iran	B.1	EPI_ISL_15755348
46	Homo sapiens	2020-11-11	Iran	B.1.36	EPI_ISL_15755349
45	Homo sapiens	2020-11-04	Iran	B.1.1.413	EPI_ISL_15755346
99	Homo sapiens	2021-11-17	Iran	AY.126	EPI_ISL_15755476
52	Homo sapiens	2020-12-23	Iran	B.1.36.7	EPI_ISL_15755355
99	Homo sapiens	2021-11-17	Iran	B.1.617.2	EPI_ISL_15755475
39	Homo sapiens	2020-09-26	Iran	B.1.1.413	EPI_ISL_15755293
39	Homo sapiens	2020-09-21	Iran	B.1.1.136	EPI_ISL_15755284
39	Homo sapiens	2020-09-23	Iran	B.1.36.7	EPI_ISL_15755291
39	Homo sapiens	2020-09-23	Iran	B.1.36	EPI_ISL_15755290
40	Homo sapiens	2020-09-28	Iran	B.1	EPI_ISL_15755296
40	Homo sapiens	2020-09-28	Iran	B.1.1.317	EPI_ISL_15755297
39	Homo sapiens	2020-09-27	Iran	B.1.1.413	EPI_ISL_15755294
39	Homo sapiens	2020-09-27	Iran	B.1.1.413	EPI_ISL_15755295
40	Homo sapiens	2020-09-29	Iran	B.4.8	EPI_ISL_15755298
38	Homo sapiens	2020-09-15	Iran	B.1.441	EPI_ISL_15755281
38	Homo sapiens	2020-09-19	Iran	B.1.36.7	EPI_ISL_15755282
38	Homo sapiens	2020-09-16	Iran	B.1.36	EPI_ISL_15755285
38	Homo sapiens	2020-09-15	Iran	B.1.441	EPI_ISL_15755280
86	Homo sapiens	2021-08-17	Iran	AY.121	EPI_ISL_15755390
60	Homo sapiens	2021-02-17	Iran	B.1.1.413	EPI_ISL_15755287
54	Homo sapiens	2021-01-06	Iran	B.1.36	EPI_ISL_15755269
93	Homo sapiens	2021-10-06	Iran	AY.126	EPI_ISL_15755416
87	Homo sapiens	2021-08-28	Iran	B.1.617.2	EPI_ISL_15755398
88	Homo sapiens	2021-09-02	Iran	AY.126	EPI_ISL_15755403
87	Homo sapiens	2021-08-25	Iran	AY.126	EPI_ISL_15755395
38	Homo sapiens	2020-09-14	Iran	B.1.9.5	EPI_ISL_15755279
57	Homo sapiens	2021-01-31	Iran	B.1.36.1	EPI_ISL_15755275
87	Homo sapiens	2021-08-24	Iran	B.1.617.2	EPI_ISL_15755393
87	Homo sapiens	2021-08-24	Iran	B.1.617.2	EPI_ISL_15755394
37	Homo sapiens	2020-09-13	Iran	B.1.1.413	EPI_ISL_15755278
40	Homo sapiens	2020-10-03	Iran	B.1.1.413	EPI_ISL_15755300
98	Homo sapiens	2021-11-09	Iran	B.1.617.2	EPI_ISL_15755415
37	Homo sapiens	2020-09-13	Iran	B.1.36	EPI_ISL_15755277
90	Homo sapiens	2021-09-18	Iran	B.1.617.2	EPI_ISL_15755412
95	Homo sapiens	2021-10-22	Iran	B.1.617.2	EPI_ISL_15755418
98	Homo sapiens	2021-11-09	Iran	AY.121	EPI_ISL_15755419
95	Homo sapiens	2021-10-18	Iran	AY.126	EPI_ISL_15755417
88	Homo sapiens	2021-09-04	Iran	AY.126	EPI_ISL_15755409
88	Homo sapiens	2021-09-05	Iran	B.1.617.2	EPI_ISL_15755404
87	Homo sapiens	2021-08-28	Iran	B.1.617.2	EPI_ISL_15755402
88	Homo sapiens	2021-09-01	Iran	AY.126	EPI_ISL_15755408
90	Homo sapiens	2021-09-15	Iran	B.1.617.2	EPI_ISL_15755410
78	Homo sapiens	2021-06-23	Iran	AY.126	EPI_ISL_15755214
90	Homo sapiens	2021-09-15	Iran	AY.126	EPI_ISL_15755405
79	Homo sapiens	2021-06-29	Iran	AY.126	EPI_ISL_15755212
79	Homo sapiens	2021-07-03	Iran	AY.121	EPI_ISL_15755216
79	Homo sapiens	2021-07-03	Iran	B.1.1.7	EPI_ISL_15755217
78	Homo sapiens	2021-06-24	Iran	B.1.617.2	EPI_ISL_15755215
79	Homo sapiens	2021-07-03	Iran	B.1.1.7	EPI_ISL_15755218
79	Homo sapiens	2021-07-03	Iran	AY.33	EPI_ISL_15755219
80	Homo sapiens	2021-07-07	Iran	B.1.617.2	EPI_ISL_15755224
80	Homo sapiens	2021-07-07	Iran	AY.126	EPI_ISL_15755223
66	Homo sapiens	2021-03-31	Iran	B.1.1.7	EPI_ISL_15755102
78	Homo sapiens	2021-06-27	Iran	B.1.617.2	EPI_ISL_15755204
80	Homo sapiens	2021-07-05	Iran	AY.122	EPI_ISL_15755221
78	Homo sapiens	2021-06-26	Iran	AY.126	EPI_ISL_15755211
79	Homo sapiens	2021-06-28	Iran	B.1.1.7	EPI_ISL_15755208
80	Homo sapiens	2021-07-06	Iran	B.1.617.2	EPI_ISL_15755222
78	Homo sapiens	2021-06-27	Iran	AY.126	EPI_ISL_15755205
78	Homo sapiens	2021-06-21	Iran	B.1.1.7	EPI_ISL_15755202
78	Homo sapiens	2021-06-26	Iran	AY.126	EPI_ISL_15755210
75	Homo sapiens	2021-06-03	Iran	B.1.1.7	EPI_ISL_15755201
10	Homo sapiens	2020-03-08	Iran	B.4.2	EPI_ISL_15754963
77	Homo sapiens	2021-06-15	Iran	B.1.617.2	EPI_ISL_15755200
21	Homo sapiens	2020-05-23	Iran	B.4.8	EPI_ISL_15755019
11	Homo sapiens	2020-03-10	Iran	B.4	EPI_ISL_15754964
15	Homo sapiens	2020-04-12	Iran	B.4	EPI_ISL_15754969
22	Homo sapiens	2020-05-27	Iran	B.4	EPI_ISL_15755007
09	Homo sapiens	2020-02-27	Iran	B.4	EPI_ISL_15754961
10	Homo sapiens	2020-03-08	Iran	B.4	EPI_ISL_15754962
21	Homo sapiens	2020-05-21	Iran	B.4	EPI_ISL_15755017
12	Homo sapiens	2020-03-16	Iran	B.4	EPI_ISL_15754967
12	Homo sapiens	2020-03-22	Iran	B.4	EPI_ISL_15754968
11	Homo sapiens	2020-03-13	Iran	B.4	EPI_ISL_15754965
22	Homo sapiens	2020-05-27	Iran	B	EPI_ISL_15755022
11	Homo sapiens	2020-03-14	Iran	B.4	EPI_ISL_15754966
22	Homo sapiens	2020-05-27	Iran	B.4	EPI_ISL_15755021
22	Homo sapiens	2020-05-27	Iran	B.1	EPI_ISL_15755020
22	Homo sapiens	2020-05-27	Iran	B.4	EPI_ISL_15755008
71	Homo sapiens	2021-05-08	Iran	B.1.1.7	EPI_ISL_15755146
15	Homo sapiens	2020-04-09	Iran	B.4	EPI_ISL_15754970
23	Homo sapiens	2020-06-06	Iran	B.4.8	EPI_ISL_15755026
22	Homo sapiens	2020-05-27	Iran	B.4	EPI_ISL_15755005
22	Homo sapiens	2020-05-27	Iran	B	EPI_ISL_15755023
24	Homo sapiens	2020-06-10	Iran	B.1.1.409	EPI_ISL_15755024
75	Homo sapiens	2021-06-02	Iran	B.1.1.7	EPI_ISL_15755126
10	Homo sapiens	2020-03-02	Iran	B.4	EPI_ISL_15754955
67	Homo sapiens	2021-04-10	Iran	B.1.1.7	EPI_ISL_15755128
08	Homo sapiens	2020-02-23	Iran	B.4	EPI_ISL_15754951
09	Homo sapiens	2020-02-28	Iran	B.4	EPI_ISL_15754952
10	Homo sapiens	2020-03-04	Iran	B.4	EPI_ISL_15754957
22	Homo sapiens	2020-05-28	Iran	B.4	EPI_ISL_15755006
10	Homo sapiens	2020-03-03	Iran	B.4	EPI_ISL_15754956
67	Homo sapiens	2021-04-10	Iran	B.1.1.7	EPI_ISL_15755130
22	Homo sapiens	2020-05-28	Iran	B.4	EPI_ISL_15755009
23	Homo sapiens	2020-06-01	Iran	A	EPI_ISL_15755012
09	Homo sapiens	2020-03-01	Iran	B.4	EPI_ISL_15754954
10	Homo sapiens	2020-03-04	Iran	B.4.2	EPI_ISL_15754958
22	Homo sapiens	2020-05-29	Iran	B.4	EPI_ISL_15755010
10	Homo sapiens	2020-03-03	Iran	B.4	EPI_ISL_15754959
69	Homo sapiens	2021-04-25	Iran	B.1.1.7	EPI_ISL_15755136
12	Homo sapiens	2020-03-18	Iran	B.4	EPI_ISL_15754943
71	Homo sapiens	2021-05-03	Iran	B.1.1.7	EPI_ISL_15755120
23	Homo sapiens	2020-06-02	Iran	B.1.1	EPI_ISL_15755013
83	Homo sapiens	2021-07-28	Iran	B.1.617.2	EPI_ISL_15755229
83	Homo sapiens	2021-07-28	Iran	B.1.617.2	EPI_ISL_15755231
12	Homo sapiens	2020-03-18	Iran	B.4	EPI_ISL_15754948
84	Homo sapiens	2021-08-02	Iran	AY.126	EPI_ISL_15755236
12	Homo sapiens	2020-03-18	Iran	B.4	EPI_ISL_15754946
12	Homo sapiens	2020-03-18	Iran	B.4	EPI_ISL_15754944
22	Homo sapiens	2020-05-27	Iran	B.4	EPI_ISL_15755004
12	Homo sapiens	2020-03-18	Iran	B.4	EPI_ISL_15754947
27	Homo sapiens	2020-06-29	Iran	B.1.36	EPI_ISL_15755000
49	Homo sapiens	2020-11-30	Iran	B.1.9.5	EPI_ISL_15755240
74	Homo sapiens	2021-05-30	Iran	B.1.1.7	EPI_ISL_15755124
21	Homo sapiens	2020-05-24	Iran	B.4	EPI_ISL_15755002
67	Homo sapiens	2021-04-07	Iran	B.1.1.7	EPI_ISL_15755106
83	Homo sapiens	2021-07-28	Iran	B.1.617.2	EPI_ISL_15755230
67	Homo sapiens	2021-04-07	Iran	B.1.1.7	EPI_ISL_15755107
83	Homo sapiens	2021-07-27	Iran	B.1.617.2	EPI_ISL_15755228
52	Homo sapiens	2020-12-23	Iran	B.1.36.7	EPI_ISL_15755225
81	Homo sapiens	2021-07-18	Iran	B.1.617.2	EPI_ISL_15755226
83	Homo sapiens	2021-07-28	Iran	B.1.1.7	EPI_ISL_15755232
84	Homo sapiens	2021-08-02	Iran	B.1.1.7	EPI_ISL_15755234
84	Homo sapiens	2021-08-02	Iran	AY.126	EPI_ISL_15755235
14	Homo sapiens	2020-04-02	Iran	B.4	EPI_ISL_15755062
13	Homo sapiens	2020-03-29	Iran	B.4	EPI_ISL_15755066
83	Homo sapiens	2021-07-28	Iran	B.1.617.2	EPI_ISL_15755233
13	Homo sapiens	2020-03-29	Iran	B.1.9	EPI_ISL_15755065
89	Homo sapiens	2021-09-08	Iran	B.1.1.7	EPI_ISL_15755182
14	Homo sapiens	2020-04-04	Iran	B.4	EPI_ISL_15755061
88	Homo sapiens	2021-08-30	Iran	B.1.617.2	EPI_ISL_15755183
89	Homo sapiens	2021-09-08	Iran	B.1.617.2	EPI_ISL_15755180
14	Homo sapiens	2020-04-04	Iran	B.4	EPI_ISL_15755060
88	Homo sapiens	2021-08-31	Iran	B.1.617.2	EPI_ISL_15755185
26	Homo sapiens	2020-06-22	Iran	B.4	EPI_ISL_15754994
13	Homo sapiens	2020-03-29	Iran	B.4	EPI_ISL_15755067
88	Homo sapiens	2021-08-30	Iran	AY.126	EPI_ISL_15755184
88	Homo sapiens	2021-08-31	Iran	B.1.617.2	EPI_ISL_15755189
14	Homo sapiens	2020-04-02	Iran	B.4	EPI_ISL_15755063
26	Homo sapiens	2020-06-27	Iran	B.1.1	EPI_ISL_15754997
14	Homo sapiens	2020-03-31	Iran	B.4	EPI_ISL_15755064
13	Homo sapiens	2020-03-27	Iran	B.4	EPI_ISL_15755069
14	Homo sapiens	2020-03-30	Iran	B.4	EPI_ISL_15755068
88	Homo sapiens	2021-08-31	Iran	B.1.617.2	EPI_ISL_15755188
26	Homo sapiens	2020-06-24	Iran	B.4	EPI_ISL_15754996
29	Homo sapiens	2020-07-19	Iran	B.1.36	EPI_ISL_15755049
26	Homo sapiens	2020-06-24	Iran	B.1.36.35	EPI_ISL_15754995
85	Homo sapiens	2021-08-15	Iran	AY.126	EPI_ISL_15755172
26	Homo sapiens	2020-06-28	Iran	B.4.8	EPI_ISL_15754999
85	Homo sapiens	2021-08-15	Iran	B.1.617.2	EPI_ISL_15755171
89	Homo sapiens	2021-09-08	Iran	B.1.617.2	EPI_ISL_15755175
20	Homo sapiens	2020-05-15	Iran	A	EPI_ISL_15755054
19	Homo sapiens	2020-05-04	Iran	B.4	EPI_ISL_15755052
20	Homo sapiens	2020-05-15	Iran	B.4	EPI_ISL_15755055
85	Homo sapiens	2021-08-15	Iran	B.1.1.7	EPI_ISL_15755173
89	Homo sapiens	2021-09-08	Iran	AY.126	EPI_ISL_15755179
19	Homo sapiens	2020-05-10	Iran	B.4	EPI_ISL_15755058
89	Homo sapiens	2021-09-08	Iran	B.1.1.7	EPI_ISL_15755177
20	Homo sapiens	2020-05-15	Iran	A	EPI_ISL_15755056
21	Homo sapiens	2020-05-18	Iran	B.4	EPI_ISL_15755057
12	Homo sapiens	2020-03-20	Iran	B.4	EPI_ISL_15755039
17	Homo sapiens	2020-04-26	Iran	B.4	EPI_ISL_15754983
12	Homo sapiens	2020-03-21	Iran	B.4.6	EPI_ISL_15754986
12	Homo sapiens	2020-03-21	Iran	B.4	EPI_ISL_15754988
48	Homo sapiens	2020-11-25	Iran	B.1.36.7	EPI_ISL_15755162
76	Homo sapiens	2021-06-10	Iran	B.1.1.7	EPI_ISL_15755159
12	Homo sapiens	2020-03-21	Iran	B.4	EPI_ISL_15755038
24	Homo sapiens	2020-06-09	Iran	B.1.1.317	EPI_ISL_15755040
16	Homo sapiens	2020-04-13	Iran	B.4	EPI_ISL_15754984
12	Homo sapiens	2020-03-22	Iran	B.4	EPI_ISL_15754987
72	Homo sapiens	2021-05-10	Iran	B.1.1.7	EPI_ISL_15755160
13	Homo sapiens	2020-03-25	Iran	B.4	EPI_ISL_15755043
78	Homo sapiens	2021-06-21	Iran	B.1.1.7	EPI_ISL_15755161
15	Homo sapiens	2020-04-09	Iran	B.1.9.5	EPI_ISL_15754972
76	Homo sapiens	2021-06-13	Iran	B.1.1.7	EPI_ISL_15755164
76	Homo sapiens	2021-06-13	Iran	B.1.1.7	EPI_ISL_15755165
24	Homo sapiens	2020-06-09	Iran	B.4.6	EPI_ISL_15755044
16	Homo sapiens	2020-04-18	Iran	B.4	EPI_ISL_15754978
12	Homo sapiens	2020-03-19	Iran	B.4	EPI_ISL_15755041
76	Homo sapiens	2021-06-09	Iran	B.1.1.7	EPI_ISL_15755163
24	Homo sapiens	2020-06-11	Iran	B.4	EPI_ISL_15754993
23	Homo sapiens	2020-06-07	Iran	B.4	EPI_ISL_15755042
77	Homo sapiens	2021-06-14	Iran	B.1.1.7	EPI_ISL_15755166
28	Homo sapiens	2020-07-07	Iran	B.1.36.7	EPI_ISL_15755046
71	Homo sapiens	2021-05-08	Iran	B.1.1.7	EPI_ISL_15755148
13	Homo sapiens	2020-03-25	Iran	B.4	EPI_ISL_15754974
17	Homo sapiens	2020-04-23	Iran	B.4	EPI_ISL_15754975
17	Homo sapiens	2020-04-20	Iran	B.4	EPI_ISL_15755028
24	Homo sapiens	2020-06-12	Iran	B.1	EPI_ISL_15755094
25	Homo sapiens	2020-06-16	Iran	B.4.2	EPI_ISL_15755080
15	Homo sapiens	2020-04-07	Iran	B.4	EPI_ISL_15754973
16	Homo sapiens	2020-04-18	Iran	B.4	EPI_ISL_15754979
16	Homo sapiens	2020-04-18	Iran	B.4	EPI_ISL_15754977
71	Homo sapiens	2021-05-06	Iran	B.1.1.7	EPI_ISL_15755151
75	Homo sapiens	2021-06-01	Iran	B.1.1.7	EPI_ISL_15755152
24	Homo sapiens	2020-06-11	Iran	B.4	EPI_ISL_15755031
24	Homo sapiens	2020-06-11	Iran	B.4.6	EPI_ISL_15755035
17	Homo sapiens	2020-04-20	Iran	B.4	EPI_ISL_15755036
17	Homo sapiens	2020-04-20	Iran	B.4	EPI_ISL_15755034
12	Homo sapiens	2020-03-21	Iran	B.4	EPI_ISL_15755037
77	Homo sapiens	2021-06-15	Iran	AY.126	EPI_ISL_15755155
16	Homo sapiens	2020-04-17	Iran	B.4	EPI_ISL_15754980
24	Homo sapiens	2020-06-12	Iran	B.4.6	EPI_ISL_15755091
14	Homo sapiens	2020-04-05	Iran	B.4	EPI_ISL_15755086
15	Homo sapiens	2020-04-09	Iran	B.4	EPI_ISL_15755083
24	Homo sapiens	2020-06-12	Iran	B.1	EPI_ISL_15755093
55	Homo sapiens	2021-01-13	Iran	B.1.36.7	EPI_ISL_15755098
56	Homo sapiens	2021-01-24	Iran	B.1.36.7	EPI_ISL_15755099
53	Homo sapiens	2020-12-30	Iran	B.1.36.7	EPI_ISL_15755096
13	Homo sapiens	2020-03-25	Iran	B.4	EPI_ISL_15755073
25	Homo sapiens	2020-06-15	Iran	B.4	EPI_ISL_15755081
77	Homo sapiens	2021-06-19	Iran	B.1.617.2	EPI_ISL_15755198
24	Homo sapiens	2020-06-12	Iran	B.4	EPI_ISL_15755089
88	Homo sapiens	2021-08-31	Iran	AY.126	EPI_ISL_15755190
77	Homo sapiens	2021-06-15	Iran	B.1.1.7	EPI_ISL_15755193
76	Homo sapiens	2021-06-10	Iran	B.1.1.7	EPI_ISL_15755196
77	Homo sapiens	2021-06-14	Iran	B.1.617.2	EPI_ISL_15755194
25	Homo sapiens	2020-06-20	Iran	B.1	EPI_ISL_15755078
88	Homo sapiens	2021-08-31	Iran	AY.126	EPI_ISL_15755191
25	Homo sapiens	2020-06-20	Iran	B.1	EPI_ISL_15755079
25	Homo sapiens	2020-06-20	Iran	B.4	EPI_ISL_15755076
25	Homo sapiens	2020-06-20	Iran	B.1	EPI_ISL_15755077
25	Homo sapiens	2020-06-18	Iran	B.1.1	EPI_ISL_15755075
77	Homo sapiens	2021-06-17	Iran	B.1.617.2	EPI_ISL_15755199
89	Homo sapiens	2021-09-08	Iran	AY.126	EPI_ISL_15756474
22	Homo sapiens	2020-05-27	Iran	B	EPI_ISL_15756473
12	Homo sapiens	2020-03-18	Iran	B.4	EPI_ISL_15756472
57	Homo sapiens	2021-01-27	Iran	B.1.36.22	EPI_ISL_15756478
88	Homo sapiens	2021-08-30	Iran	AY.126	EPI_ISL_15756475
155	Homo sapiens	2022-12-17	Iran	BQ.1.1	EPI_ISL_16346882
153	Homo sapiens	2022-12-04	Iran	BQ.1.1.13	EPI_ISL_16346881
155	Homo sapiens	2022-12-17	Iran	BQ.1.23	EPI_ISL_16346883
153	Homo sapiens	2022-12-04	Iran	BN.1.4	EPI_ISL_16346880
154	Homo sapiens	2022-12-11	Iran	BA.2.75.5	EPI_ISL_16346884
90	Homo sapiens	2021-09-13	Iran	AY.126	EPI_ISL_16348860
79	Homo sapiens	2021-06-30	Iran	B.1.617.2	EPI_ISL_16348859
88	Homo sapiens	2021-09-02	Iran	AY.126	EPI_ISL_16352310
136	Homo sapiens	2022-08-01	Iran	BA.5.2	EPI_ISL_16352020
90	Homo sapiens	2021-09-13	Iran	AY.126	EPI_ISL_16363806
79	Homo sapiens	2021-06-30	Iran	B.1.617.2	EPI_ISL_16363805
88	Homo sapiens	2021-09-02	Iran	AY.126	EPI_ISL_16377191
85	Homo sapiens	2021-08-13	Iran	AY.126	EPI_ISL_16377189
157	Homo sapiens	2022-12-28	Iran	CA.3	EPI_ISL_16463999
157	Homo sapiens	2022-12-28	Iran	BQ.1.23	EPI_ISL_16464000
157	Homo sapiens	2022-12-26	Iran	BQ.1.1.32	EPI_ISL_16464001
157	Homo sapiens	2022-12-29	Iran	BN.1.3	EPI_ISL_16464002
157	Homo sapiens	2022-12-29	Iran	BF.7.14	EPI_ISL_16464003
157	Homo sapiens	2022-12-29	Iran	BF.7.14	EPI_ISL_16464004
157	Homo sapiens	2022-12-29	Iran	BF.7.14	EPI_ISL_16464005
157	Homo sapiens	2022-12-29	Iran	BA.5.2.48	EPI_ISL_16464006
157	Homo sapiens	2022-12-28	Iran	BN.1.2	EPI_ISL_16464007
157	Homo sapiens	2022-12-29	Iran	BN.1	EPI_ISL_16464008
154	Homo sapiens	2022-12-05	Iran	BA.5.2	EPI_ISL_16463580
157	Homo sapiens	2022-12-28	Iran	BA.5.2	EPI_ISL_16463581
153	Homo sapiens	2022-12-04	Iran	BA.5.2	EPI_ISL_16463574
157	Homo sapiens	2022-12-28	Iran	BA.5.2	EPI_ISL_16463582
157	Homo sapiens	2022-12-28	Iran	BA.5.2	EPI_ISL_16463583
157	Homo sapiens	2022-12-28	Iran	BA.5.2	EPI_ISL_16463584
157	Homo sapiens	2022-12-28	Iran	BA.5.2	EPI_ISL_16463585
157	Homo sapiens	2022-12-28	Iran	BA.5.2	EPI_ISL_16463586
157	Homo sapiens	2022-12-28	Iran	BA.5.2	EPI_ISL_16463587
153	Homo sapiens	2022-12-04	Iran	BU.3	EPI_ISL_16463588
156	Homo sapiens	2022-12-24	Iran	BU.3	EPI_ISL_16463589
155	Homo sapiens	2022-12-17	Iran	BA.5.2	EPI_ISL_16463590
155	Homo sapiens	2022-12-17	Iran	BA.5.2.16	EPI_ISL_16463575
155	Homo sapiens	2022-12-16	Iran	BA.5.2.18	EPI_ISL_16463576
154	Homo sapiens	2022-12-05	Iran	BA.5.2	EPI_ISL_16463577
154	Homo sapiens	2022-12-05	Iran	BA.5.2	EPI_ISL_16463578
154	Homo sapiens	2022-12-05	Iran	BA.5.2	EPI_ISL_16463579
157	Homo sapiens	2022-12-31	Iran	CR.1	EPI_ISL_16464009
157	Homo sapiens	2022-12-31	Iran	BA.5.2.6	EPI_ISL_16464010
157	Homo sapiens	2022-12-31	Iran	CR.1	EPI_ISL_16464011
156	Homo sapiens	2022-12-19	Iran	BN.1	EPI_ISL_16464012
155	Homo sapiens	2022-12-18	Iran	CR.1	EPI_ISL_16464013
156	Homo sapiens	2022-12-20	Iran	BN.1.2	EPI_ISL_16464014
156	Homo sapiens	2022-12-19	Iran	BN.1	EPI_ISL_16464015
156	Homo sapiens	2022-12-25	Iran	BA.5.2.6	EPI_ISL_16464016
157	Homo sapiens	2022-12-29	Iran	CR.1	EPI_ISL_16464017
157	Homo sapiens	2022-12-26	Iran	CK.1	EPI_ISL_16464018
157	Homo sapiens	2022-12-28	Iran	BA.5.2.48	EPI_ISL_16464019
157	Homo sapiens	2022-12-26	Iran	CR.1	EPI_ISL_16464020
156	Homo sapiens	2022-12-24	Iran	CR.1	EPI_ISL_16464021
157	Homo sapiens	2022-12-29	Iran	CR.1	EPI_ISL_16464022
158	Homo sapiens	2023-01-05	Iran	BF.7.14	EPI_ISL_16464023
157	Homo sapiens	2022-12-29	Iran	BA.5.2	EPI_ISL_16464024
155	Homo sapiens	2022-12-17	Iran	BN.1	EPI_ISL_16464025
156	Homo sapiens	2022-12-20	Iran	BN.1	EPI_ISL_16464026
156	Homo sapiens	2022-12-22	Iran	BA.5.2	EPI_ISL_16464027
156	Homo sapiens	2022-12-24	Iran	BN.1.2	EPI_ISL_16464028
157	Homo sapiens	2022-12-28	Iran	CR.1	EPI_ISL_16464029
157	Homo sapiens	2022-12-28	Iran	CR.1	EPI_ISL_16464030
157	Homo sapiens	2022-12-29	Iran	CR.1	EPI_ISL_16464031
157	Homo sapiens	2022-12-29	Iran	BN.1.2	EPI_ISL_16464032
157	Homo sapiens	2022-12-31	Iran	BA.5.2	EPI_ISL_16640282
158	Homo sapiens	2023-01-02	Iran	BN.1	EPI_ISL_16640287
158	Homo sapiens	2023-01-04	Iran	BN.1	EPI_ISL_16640285
158	Homo sapiens	2023-01-05	Iran	CR.1	EPI_ISL_16640291
157	Homo sapiens	2022-12-31	Iran	BQ.1.23	EPI_ISL_16640289
148	Homo sapiens	2022-10-28	Iran	BN.1	EPI_ISL_16640288
158	Homo sapiens	2023-01-02	Iran	BA.5.2.36	EPI_ISL_16640292
156	Homo sapiens	2022-12-24	Iran	BQ.1.23	EPI_ISL_16640294
147	Homo sapiens	2022-10-18	Iran	BA.5.2	EPI_ISL_16640304
158	Homo sapiens	2023-01-04	Iran	BQ.1.23	EPI_ISL_16640301
157	Homo sapiens	2022-12-29	Iran	CP.1	EPI_ISL_16640280
149	Homo sapiens	2022-11-03	Iran	BA.5.2	EPI_ISL_16640307
156	Homo sapiens	2022-12-22	Iran	CK.1	EPI_ISL_16640314
147	Homo sapiens	2022-10-18	Iran	BA.5.2.24	EPI_ISL_16640305
150	Homo sapiens	2022-11-12	Iran	BA.5.2.18	EPI_ISL_16640310
156	Homo sapiens	2022-12-22	Iran	BQ.1.23	EPI_ISL_16640313
154	Homo sapiens	2022-12-10	Iran	XBB.1	EPI_ISL_16640312
152	Homo sapiens	2022-11-25	Iran	BN.1	EPI_ISL_16640311
157	Homo sapiens	2022-12-31	Iran	CK.1	EPI_ISL_16640283
157	Homo sapiens	2023-01-01	Iran	BA.2.10.1	EPI_ISL_16640284
156	Homo sapiens	2022-12-22	Iran	BN.1.2	EPI_ISL_16640299
158	Homo sapiens	2023-01-03	Iran	CR.1	EPI_ISL_16640286
156	Homo sapiens	2022-12-22	Iran	BN.1	EPI_ISL_16640298
157	Homo sapiens	2022-12-31	Iran	BQ.1.1	EPI_ISL_16640290
157	Homo sapiens	2022-12-28	Iran	BN.1	EPI_ISL_16640295
156	Homo sapiens	2022-12-25	Iran	BN.1.2	EPI_ISL_16640297
156	Homo sapiens	2022-12-25	Iran	BN.1	EPI_ISL_16640293
158	Homo sapiens	2023-01-04	Iran	BN.1	EPI_ISL_16640296
158	Homo sapiens	2023-01-07	Iran	XBB.1	EPI_ISL_16640302
156	Homo sapiens	2022-12-24	Iran	XBB	EPI_ISL_16640303
158	Homo sapiens	2023-01-03	Iran	BQ.1.1.8	EPI_ISL_16640300
149	Homo sapiens	2022-11-03	Iran	BA.5.2.35	EPI_ISL_16640306
157	Homo sapiens	2022-12-30	Iran	BA.5.2.6	EPI_ISL_16640281
150	Homo sapiens	2022-11-12	Iran	CR.1	EPI_ISL_16640309
149	Homo sapiens	2022-11-06	Iran	CR.1	EPI_ISL_16640308
157	Homo sapiens	2022-12-31	Iran	BN.1	EPI_ISL_16640279
156	Homo sapiens	2022-12-25	Iran	BA.5.2.6	EPI_ISL_16640316
156	Homo sapiens	2022-12-23	Iran	XBB.1	EPI_ISL_16640315
158	Homo sapiens	2023-01-04	Iran	CK.1	EPI_ISL_16645702
159	Homo sapiens	2023-01-14	Iran	CK.1	EPI_ISL_16645707
158	Homo sapiens	2023-01-08	Iran	BA.2.10.1	EPI_ISL_16645706
158	Homo sapiens	2023-01-04	Iran	CK.1	EPI_ISL_16645700
158	Homo sapiens	2023-01-08	Iran	BA.5.2.6	EPI_ISL_16645703
158	Homo sapiens	2023-01-03	Iran	CK.1	EPI_ISL_16645696
158	Homo sapiens	2023-01-05	Iran	BA.2.10.1	EPI_ISL_16645699
158	Homo sapiens	2023-01-04	Iran	BA.2.10	EPI_ISL_16645701
158	Homo sapiens	2023-01-02	Iran	XBB.1	EPI_ISL_16645697
158	Homo sapiens	2023-01-08	Iran	BA.5.2.6	EPI_ISL_16645705
158	Homo sapiens	2023-01-03	Iran	BQ.1.1	EPI_ISL_16645694
158	Homo sapiens	2023-01-07	Iran	CK.1	EPI_ISL_16645692
158	Homo sapiens	2023-01-08	Iran	BA.5.2.6	EPI_ISL_16645704
157	Homo sapiens	2023-01-01	Iran	BN.1	EPI_ISL_16645698
160	Homo sapiens	2023-01-16	Iran	BN.1	EPI_ISL_16645708
158	Homo sapiens	2023-01-03	Iran	BN.1	EPI_ISL_16645695
160	Homo sapiens	2023-01-17	Iran	CK.1	EPI_ISL_16645693
156	Homo sapiens	2022-12-24	Iran	CK.1	EPI_ISL_16738075
164	Homo sapiens	2023-02-15	Iran	CH.1.1	EPI_ISL_17324868
164	Homo sapiens	2023-02-14	Iran	BN.1.4	EPI_ISL_17324862
164	Homo sapiens	2023-02-14	Iran	CK.1	EPI_ISL_17324863
164	Homo sapiens	2023-02-14	Iran	CK.1	EPI_ISL_17324865
165	Homo sapiens	2023-02-21	Iran	CK.1	EPI_ISL_17324880
164	Homo sapiens	2023-02-16	Iran	BY.1	EPI_ISL_17324871
164	Homo sapiens	2023-02-15	Iran	BN.1	EPI_ISL_17324851
164	Homo sapiens	2023-02-18	Iran	BN.1.2	EPI_ISL_17324855
165	Homo sapiens	2023-02-20	Iran	CH.1.1.1	EPI_ISL_17324877
164	Homo sapiens	2023-02-19	Iran	BQ.1.22	EPI_ISL_17324876
161	Homo sapiens	2023-01-26	Iran	BN.1.3	EPI_ISL_17324856
163	Homo sapiens	2023-02-12	Iran	BA.2.10.1	EPI_ISL_17324860
164	Homo sapiens	2023-02-14	Iran	XBB.1.9.1	EPI_ISL_17324866
164	Homo sapiens	2023-02-17	Iran	XBB.1.5	EPI_ISL_17324873
165	Homo sapiens	2023-02-20	Iran	XBB.1.5	EPI_ISL_17324881
164	Homo sapiens	2023-02-14	Iran	XBB.1.9.1	EPI_ISL_17324861
164	Homo sapiens	2023-02-14	Iran	XBB.1.5	EPI_ISL_17324864
164	Homo sapiens	2023-02-15	Iran	XBB.1.5	EPI_ISL_17324867
163	Homo sapiens	2023-02-11	Iran	BA.5.2.6	EPI_ISL_17324848
163	Homo sapiens	2023-02-07	Iran	CK.1	EPI_ISL_17324847
164	Homo sapiens	2023-02-16	Iran	BA.2.10.1	EPI_ISL_17324869
164	Homo sapiens	2023-02-14	Iran	XBB.1.9.1	EPI_ISL_17324849
164	Homo sapiens	2023-02-16	Iran	XBB.1.5	EPI_ISL_17324870
164	Homo sapiens	2023-02-14	Iran	CR.1	EPI_ISL_17324850
164	Homo sapiens	2023-02-16	Iran	BN.1	EPI_ISL_17324872
165	Homo sapiens	2023-02-21	Iran	XBB.1.5	EPI_ISL_17324879
164	Homo sapiens	2023-02-18	Iran	XBB.1.5	EPI_ISL_17324853
164	Homo sapiens	2023-02-18	Iran	XBB.1.9.1	EPI_ISL_17324875
164	Homo sapiens	2023-02-18	Iran	XBB.1.9.1	EPI_ISL_17324852
164	Homo sapiens	2023-02-18	Iran	XBB.1.5	EPI_ISL_17324874
164	Homo sapiens	2023-02-18	Iran	CK.1	EPI_ISL_17324854
163	Homo sapiens	2023-02-08	Iran	XBB.1.9.1	EPI_ISL_17324857
165	Homo sapiens	2023-02-20	Iran	XBB.1.9.1	EPI_ISL_17324878
163	Homo sapiens	2023-02-12	Iran	XBB.1.9	EPI_ISL_17324859
164	Homo sapiens	2023-02-15	Iran	BA.2.10.1	EPI_ISL_17324858
