58	Homo sapiens	2021-02-05	Ivory Coast	A.27	EPI_ISL_3545635
60	Homo sapiens	2021-02-20	Ivory Coast	A.27	EPI_ISL_3545629
61	Homo sapiens	2021-02-22	Ivory Coast	A.27	EPI_ISL_3545647
61	Homo sapiens	2021-02-24	Ivory Coast	A.27	EPI_ISL_3545644
61	Homo sapiens	2021-02-26	Ivory Coast	A.27	EPI_ISL_3545631
65	Homo sapiens	2021-03-22	Ivory Coast	A.21	EPI_ISL_3536551
65	Homo sapiens	2021-03-23	Ivory Coast	B.1.1.7	EPI_ISL_3536553
65	Homo sapiens	2021-03-23	Ivory Coast	B.1.1.7	EPI_ISL_3536555
65	Homo sapiens	2021-03-26	Ivory Coast	B.1.525	EPI_ISL_3536567
66	Homo sapiens	2021-04-02	Ivory Coast	B.1	EPI_ISL_3536572
66	Homo sapiens	2021-04-01	Ivory Coast	B.1.1.7	EPI_ISL_3536575
66	Homo sapiens	2021-04-02	Ivory Coast	B.1.1.7	EPI_ISL_3536578
67	Homo sapiens	2021-04-06	Ivory Coast	B.1.1.318	EPI_ISL_3536573
67	Homo sapiens	2021-04-07	Ivory Coast	B.1.1.318	EPI_ISL_3536581
68	Homo sapiens	2021-04-14	Ivory Coast	B.1.1.318	EPI_ISL_3536589
68	Homo sapiens	2021-04-16	Ivory Coast	B.1.1.318	EPI_ISL_3536590
69	Homo sapiens	2021-04-25	Ivory Coast	B.1.1.318	EPI_ISL_3536594
70	Homo sapiens	2021-04-27	Ivory Coast	B.1.1.7	EPI_ISL_3536597
65	Homo sapiens	2021-03-22	Ivory Coast	B.1.1.7	EPI_ISL_3631584
69	Homo sapiens	2021-04-25	Ivory Coast	B.1.1.7	EPI_ISL_3631589
61	Homo sapiens	2021-02-26	Ivory Coast	B.1.1.7	EPI_ISL_1663676
61	Homo sapiens	2021-02-25	Ivory Coast	B.1.525	EPI_ISL_1663654
60	Homo sapiens	2021-02-17	Ivory Coast	B.1.1.7	EPI_ISL_1663668
60	Homo sapiens	2021-02-15	Ivory Coast	B.1.525	EPI_ISL_1365033
60	Homo sapiens	2021-02-15	Ivory Coast	B.1.525	EPI_ISL_1663652
59	Homo sapiens	2021-02-12	Ivory Coast	B.1.1.7	EPI_ISL_1365025
59	Homo sapiens	2021-02-11	Ivory Coast	B.1.525	EPI_ISL_1365028
59	Homo sapiens	2021-02-09	Ivory Coast	B.1	EPI_ISL_1365022
59	Homo sapiens	2021-02-08	Ivory Coast	B.1.525	EPI_ISL_1663667
58	Homo sapiens	2021-02-02	Ivory Coast	B.1.1.7	EPI_ISL_1365024
58	Homo sapiens	2021-02-01	Ivory Coast	A.19	EPI_ISL_1365034
55	Homo sapiens	2021-01-12	Ivory Coast	B.1	EPI_ISL_1663663
55	Homo sapiens	2021-01-11	Ivory Coast	A.21	EPI_ISL_1663659
52	Homo sapiens	2020-12-24	Ivory Coast	A.19	EPI_ISL_1663660
52	Homo sapiens	2020-12-22	Ivory Coast	A.19	EPI_ISL_1663670
52	Homo sapiens	2020-12-22	Ivory Coast	A.19	EPI_ISL_1663673
52	Homo sapiens	2020-12-21	Ivory Coast	A.19	EPI_ISL_1663661
39	Homo sapiens	2020-09-22	Ivory Coast	B.1.476	EPI_ISL_614347
36	Homo sapiens	2020-09-04	Ivory Coast	A.18	EPI_ISL_614393
34	Homo sapiens	2020-08-23	Ivory Coast	A.19	EPI_ISL_614391
34	Homo sapiens	2020-08-19	Ivory Coast	B.1	EPI_ISL_614388
33	Homo sapiens	2020-08-12	Ivory Coast	A.18	EPI_ISL_614386
33	Homo sapiens	2020-08-10	Ivory Coast	B.1	EPI_ISL_681841
32	Homo sapiens	2020-08-05	Ivory Coast	A.18	EPI_ISL_681840
31	Homo sapiens	2020-07-27	Ivory Coast	A.19	EPI_ISL_614384
29	Homo sapiens	2020-07-17	Ivory Coast	B.1.476	EPI_ISL_614379
27	Homo sapiens	2020-07-03	Ivory Coast	A.19	EPI_ISL_681836
27	Homo sapiens	2020-07-02	Ivory Coast	A.19	EPI_ISL_614376
26	Homo sapiens	2020-06-24	Ivory Coast	A.19	EPI_ISL_614371
25	Homo sapiens	2020-06-20	Ivory Coast	A.19	EPI_ISL_614365
25	Homo sapiens	2020-06-20	Ivory Coast	A.19	EPI_ISL_614366
25	Homo sapiens	2020-06-19	Ivory Coast	B.1.482	EPI_ISL_614364
25	Homo sapiens	2020-06-19	Ivory Coast	B.1.388	EPI_ISL_614368
25	Homo sapiens	2020-06-16	Ivory Coast	A.19	EPI_ISL_614362
25	Homo sapiens	2020-06-16	Ivory Coast	A.19	EPI_ISL_614360
25	Homo sapiens	2020-06-15	Ivory Coast	A.19	EPI_ISL_614363
24	Homo sapiens	2020-06-13	Ivory Coast	A.19	EPI_ISL_614358
24	Homo sapiens	2020-06-13	Ivory Coast	A.19	EPI_ISL_614357
24	Homo sapiens	2020-06-12	Ivory Coast	B.1.388	EPI_ISL_614356
24	Homo sapiens	2020-06-12	Ivory Coast	A.19	EPI_ISL_614359
24	Homo sapiens	2020-06-10	Ivory Coast	B.1	EPI_ISL_614354
24	Homo sapiens	2020-06-10	Ivory Coast	B.1.388	EPI_ISL_614355
24	Homo sapiens	2020-06-08	Ivory Coast	B.1.482	EPI_ISL_614353
23	Homo sapiens	2020-06-04	Ivory Coast	A.19	EPI_ISL_614351
23	Homo sapiens	2020-06-04	Ivory Coast	A.19	EPI_ISL_614352
22	Homo sapiens	2020-05-30	Ivory Coast	A	EPI_ISL_614348
22	Homo sapiens	2020-05-29	Ivory Coast	A	EPI_ISL_614349
87	Homo sapiens	2021-08-24	Ivory Coast	B.1.1.318	EPI_ISL_9637144
87	Homo sapiens	2021-08-24	Ivory Coast	B.1.1.7	EPI_ISL_9637140
87	Homo sapiens	2021-08-24	Ivory Coast	B.1.525	EPI_ISL_9637141
87	Homo sapiens	2021-08-24	Ivory Coast	B.1	EPI_ISL_9638536
87	Homo sapiens	2021-08-24	Ivory Coast	B.1.617.2	EPI_ISL_9640015
87	Homo sapiens	2021-08-24	Ivory Coast	B.1.617.2	EPI_ISL_9640013
87	Homo sapiens	2021-08-24	Ivory Coast	B.1.617.2	EPI_ISL_9640011
87	Homo sapiens	2021-08-24	Ivory Coast	B.1.1.7	EPI_ISL_9638601
87	Homo sapiens	2021-08-24	Ivory Coast	B.1.1.7	EPI_ISL_9638155
87	Homo sapiens	2021-08-24	Ivory Coast	B.1	EPI_ISL_9638491
87	Homo sapiens	2021-08-24	Ivory Coast	B.1.525	EPI_ISL_9637143
87	Homo sapiens	2021-08-24	Ivory Coast	B.1.525	EPI_ISL_9637142
83	Homo sapiens	2021-07-28	Ivory Coast	AY.5	EPI_ISL_9636961
83	Homo sapiens	2021-07-28	Ivory Coast	B.1.617.2	EPI_ISL_9636963
83	Homo sapiens	2021-07-28	Ivory Coast	B.1.494	EPI_ISL_9636628
83	Homo sapiens	2021-07-28	Ivory Coast	AY.36	EPI_ISL_9636879
83	Homo sapiens	2021-07-28	Ivory Coast	B.1.617.2	EPI_ISL_9888101
60	Homo sapiens	2021-02-17	Ivory Coast	B.1.525	EPI_ISL_9888118
60	Homo sapiens	2021-02-17	Ivory Coast	B.1.525	EPI_ISL_9888116
55	Homo sapiens	2021-01-12	Ivory Coast	B.1	EPI_ISL_9888097
60	Homo sapiens	2021-02-17	Ivory Coast	B.1.1.7	EPI_ISL_9888122
55	Homo sapiens	2021-01-12	Ivory Coast	B.1	EPI_ISL_9888104
62	Homo sapiens	2021-03-02	Ivory Coast	B.1.1.7	EPI_ISL_9888098
61	Homo sapiens	2021-02-27	Ivory Coast	B.1.525	EPI_ISL_9888111
60	Homo sapiens	2021-02-17	Ivory Coast	B.1.525	EPI_ISL_9888113
60	Homo sapiens	2021-02-17	Ivory Coast	B.1	EPI_ISL_9888112
60	Homo sapiens	2021-02-17	Ivory Coast	B.1.1.7	EPI_ISL_9888132
62	Homo sapiens	2021-03-01	Ivory Coast	B.1.1.7	EPI_ISL_9888108
62	Homo sapiens	2021-03-01	Ivory Coast	B.1.1.318	EPI_ISL_9888110
60	Homo sapiens	2021-02-17	Ivory Coast	B.1.1.7	EPI_ISL_9888115
60	Homo sapiens	2021-02-16	Ivory Coast	B.1.525	EPI_ISL_9888117
96	Homo sapiens	2021-10-27	Ivory Coast	AY.34	EPI_ISL_9888102
62	Homo sapiens	2021-03-01	Ivory Coast	B.1.1.318	EPI_ISL_9888109
62	Homo sapiens	2021-03-01	Ivory Coast	B.1.525	EPI_ISL_9888106
62	Homo sapiens	2021-03-01	Ivory Coast	B.1.525	EPI_ISL_9888107
60	Homo sapiens	2021-02-17	Ivory Coast	B.1.525	EPI_ISL_9888135
60	Homo sapiens	2021-02-17	Ivory Coast	B.1	EPI_ISL_9888130
60	Homo sapiens	2021-02-17	Ivory Coast	B.1.525	EPI_ISL_9888129
60	Homo sapiens	2021-02-17	Ivory Coast	A.21	EPI_ISL_9888131
60	Homo sapiens	2021-02-17	Ivory Coast	B.1.1.7	EPI_ISL_9888127
60	Homo sapiens	2021-02-17	Ivory Coast	B.1.525	EPI_ISL_9888123
60	Homo sapiens	2021-02-18	Ivory Coast	B.1.494	EPI_ISL_9892612
60	Homo sapiens	2021-02-18	Ivory Coast	B.1.1.7	EPI_ISL_9892615
60	Homo sapiens	2021-02-17	Ivory Coast	B.1.525	EPI_ISL_9892616
60	Homo sapiens	2021-02-18	Ivory Coast	B.1.525	EPI_ISL_9892618
62	Homo sapiens	2021-03-02	Ivory Coast	B.1.525	EPI_ISL_9892625
60	Homo sapiens	2021-02-18	Ivory Coast	B.1.525	EPI_ISL_9892633
55	Homo sapiens	2021-01-12	Ivory Coast	B.1	EPI_ISL_9892641
55	Homo sapiens	2021-01-11	Ivory Coast	B.1	EPI_ISL_9892639
55	Homo sapiens	2021-01-11	Ivory Coast	B.1.2	EPI_ISL_9892640
62	Homo sapiens	2021-03-02	Ivory Coast	B.1.525	EPI_ISL_9892629
62	Homo sapiens	2021-03-02	Ivory Coast	B.1.1.318	EPI_ISL_9892623
62	Homo sapiens	2021-03-02	Ivory Coast	B.1.525	EPI_ISL_9892627
50	Homo sapiens	2020-12-07	Ivory Coast	B.1.525	EPI_ISL_9893271
50	Homo sapiens	2020-12-07	Ivory Coast	B.1.525	EPI_ISL_9893272
50	Homo sapiens	2020-12-07	Ivory Coast	B.1.525	EPI_ISL_9893270
50	Homo sapiens	2020-12-07	Ivory Coast	B.1.525	EPI_ISL_9893273
53	Homo sapiens	2020-12-28	Ivory Coast	A.19	EPI_ISL_9893277
53	Homo sapiens	2020-12-28	Ivory Coast	B.1.525	EPI_ISL_9893276
53	Homo sapiens	2020-12-28	Ivory Coast	B.1.525	EPI_ISL_9893279
55	Homo sapiens	2021-01-11	Ivory Coast	C.16	EPI_ISL_9893284
59	Homo sapiens	2021-02-12	Ivory Coast	B.1.525	EPI_ISL_9893288
71	Homo sapiens	2021-05-05	Ivory Coast	B.1.525	EPI_ISL_9893295
61	Homo sapiens	2021-02-28	Ivory Coast	B.1.617.2	EPI_ISL_9894404
62	Homo sapiens	2021-03-01	Ivory Coast	B.1.617.2	EPI_ISL_9894405
62	Homo sapiens	2021-03-01	Ivory Coast	B.1.617.2	EPI_ISL_9894406
62	Homo sapiens	2021-03-01	Ivory Coast	B.1.617.2	EPI_ISL_9894410
62	Homo sapiens	2021-03-01	Ivory Coast	B.1.617.2	EPI_ISL_9894411
62	Homo sapiens	2021-03-01	Ivory Coast	B.1.617.2	EPI_ISL_9894412
62	Homo sapiens	2021-03-01	Ivory Coast	B.1.617.2	EPI_ISL_9894413
62	Homo sapiens	2021-03-01	Ivory Coast	B.1.617.2	EPI_ISL_9894417
62	Homo sapiens	2021-03-01	Ivory Coast	AY.133	EPI_ISL_9894419
62	Homo sapiens	2021-03-01	Ivory Coast	B.1.617.2	EPI_ISL_9894421
62	Homo sapiens	2021-03-01	Ivory Coast	AY.122	EPI_ISL_9894420
62	Homo sapiens	2021-03-01	Ivory Coast	B.1.617.2	EPI_ISL_9894422
62	Homo sapiens	2021-03-01	Ivory Coast	B.1.617.2	EPI_ISL_9894424
62	Homo sapiens	2021-03-02	Ivory Coast	B.1.617.2	EPI_ISL_9894425
62	Homo sapiens	2021-03-02	Ivory Coast	AY.37	EPI_ISL_9894426
62	Homo sapiens	2021-03-02	Ivory Coast	B.1.617.2	EPI_ISL_9894429
60	Homo sapiens	2021-02-18	Ivory Coast	B.1.617.2	EPI_ISL_9906194
60	Homo sapiens	2021-02-18	Ivory Coast	B.1.617.2	EPI_ISL_9906201
62	Homo sapiens	2021-03-01	Ivory Coast	B.1.525	EPI_ISL_9906210
62	Homo sapiens	2021-03-01	Ivory Coast	B.1	EPI_ISL_9906212
62	Homo sapiens	2021-03-01	Ivory Coast	A.18	EPI_ISL_9906213
62	Homo sapiens	2021-03-01	Ivory Coast	B.1.525	EPI_ISL_9906214
60	Homo sapiens	2021-02-18	Ivory Coast	AY.133	EPI_ISL_9906202
60	Homo sapiens	2021-02-18	Ivory Coast	B.1.525	EPI_ISL_9906204
62	Homo sapiens	2021-03-01	Ivory Coast	B.1.525	EPI_ISL_9906209
62	Homo sapiens	2021-03-01	Ivory Coast	B.1.1.318	EPI_ISL_9906207
60	Homo sapiens	2021-02-18	Ivory Coast	B.1.617.2	EPI_ISL_9906203
62	Homo sapiens	2021-03-01	Ivory Coast	B.1.525	EPI_ISL_9906206
60	Homo sapiens	2021-02-18	Ivory Coast	B.1.617.2	EPI_ISL_9906188
60	Homo sapiens	2021-02-18	Ivory Coast	B.1.617.2	EPI_ISL_9906196
60	Homo sapiens	2021-02-18	Ivory Coast	B.1.617.2	EPI_ISL_9906192
60	Homo sapiens	2021-02-18	Ivory Coast	B.1.617.2	EPI_ISL_9906199
60	Homo sapiens	2021-02-18	Ivory Coast	AY.133	EPI_ISL_9906191
60	Homo sapiens	2021-02-16	Ivory Coast	A.27	EPI_ISL_9912882
60	Homo sapiens	2021-02-17	Ivory Coast	A.27	EPI_ISL_9912885
60	Homo sapiens	2021-02-17	Ivory Coast	B.1	EPI_ISL_9912884
62	Homo sapiens	2021-03-01	Ivory Coast	A.27	EPI_ISL_9913088
60	Homo sapiens	2021-02-18	Ivory Coast	A.27	EPI_ISL_9912883
60	Homo sapiens	2021-02-17	Ivory Coast	A.27	EPI_ISL_9912881
60	Homo sapiens	2021-02-18	Ivory Coast	A.27	EPI_ISL_9912886
60	Homo sapiens	2021-02-16	Ivory Coast	A.27	EPI_ISL_9912880
62	Homo sapiens	2021-03-01	Ivory Coast	B.1.617.2	EPI_ISL_9913153
62	Homo sapiens	2021-03-01	Ivory Coast	AY.39	EPI_ISL_9894407
62	Homo sapiens	2021-03-01	Ivory Coast	B.1.617.2	EPI_ISL_9894408
61	Homo sapiens	2021-02-27	Ivory Coast	B.1.617.2	EPI_ISL_9894403
62	Homo sapiens	2021-03-01	Ivory Coast	B.1.617.2	EPI_ISL_9894415
62	Homo sapiens	2021-03-01	Ivory Coast	B.1.617.2	EPI_ISL_9894418
62	Homo sapiens	2021-03-02	Ivory Coast	B.1.1.7	EPI_ISL_9893292
62	Homo sapiens	2021-03-02	Ivory Coast	B.1.617.2	EPI_ISL_9893293
62	Homo sapiens	2021-03-01	Ivory Coast	B.1.1.7	EPI_ISL_9893291
53	Homo sapiens	2020-12-28	Ivory Coast	B.1.1.7	EPI_ISL_9893281
53	Homo sapiens	2020-12-28	Ivory Coast	B.1.525	EPI_ISL_9893278
83	Homo sapiens	2021-07-28	Ivory Coast	AY.5	EPI_ISL_9631313
83	Homo sapiens	2021-07-28	Ivory Coast	B.1.617.2	EPI_ISL_9631646
83	Homo sapiens	2021-07-28	Ivory Coast	AY.39	EPI_ISL_9631627
83	Homo sapiens	2021-07-28	Ivory Coast	AY.34	EPI_ISL_9630894
83	Homo sapiens	2021-07-28	Ivory Coast	B.1.617.2	EPI_ISL_9631620
62	Homo sapiens	2021-03-01	Ivory Coast	AY.37	EPI_ISL_9995611
62	Homo sapiens	2021-03-01	Ivory Coast	B.1.525	EPI_ISL_9995614
62	Homo sapiens	2021-03-01	Ivory Coast	AY.37	EPI_ISL_9995619
62	Homo sapiens	2021-03-01	Ivory Coast	B.1	EPI_ISL_9995615
62	Homo sapiens	2021-03-01	Ivory Coast	B.1.1.318	EPI_ISL_9995616
91	Homo sapiens	2021-09-23	Ivory Coast	B.1.525	EPI_ISL_9995623
62	Homo sapiens	2021-03-01	Ivory Coast	B.1	EPI_ISL_9995598
62	Homo sapiens	2021-03-01	Ivory Coast	B.1	EPI_ISL_9995599
62	Homo sapiens	2021-03-01	Ivory Coast	B.1	EPI_ISL_9995600
62	Homo sapiens	2021-03-01	Ivory Coast	B.1.525	EPI_ISL_9995607
62	Homo sapiens	2021-03-01	Ivory Coast	A.21	EPI_ISL_9995606
62	Homo sapiens	2021-03-01	Ivory Coast	A.18	EPI_ISL_9995608
62	Homo sapiens	2021-03-01	Ivory Coast	B.1.1.404	EPI_ISL_9995605
62	Homo sapiens	2021-03-01	Ivory Coast	B.1.525	EPI_ISL_9995602
62	Homo sapiens	2021-03-01	Ivory Coast	A.18	EPI_ISL_9995603
62	Homo sapiens	2021-03-01	Ivory Coast	B.1	EPI_ISL_9995601
62	Homo sapiens	2021-03-01	Ivory Coast	B.1.617.2	EPI_ISL_9995613
87	Homo sapiens	2021-08-23	Ivory Coast	B.1.1.7	EPI_ISL_9995625
62	Homo sapiens	2021-03-01	Ivory Coast	AY.37	EPI_ISL_9995617
91	Homo sapiens	2021-09-23	Ivory Coast	B.1.525	EPI_ISL_9995624
62	Homo sapiens	2021-03-01	Ivory Coast	B.1.1.7	EPI_ISL_10046310
62	Homo sapiens	2021-03-01	Ivory Coast	A.27	EPI_ISL_10046311
91	Homo sapiens	2021-09-23	Ivory Coast	B.1.525	EPI_ISL_10070628
87	Homo sapiens	2021-08-23	Ivory Coast	B.1.1.7	EPI_ISL_10070652
87	Homo sapiens	2021-08-25	Ivory Coast	B.1.525	EPI_ISL_10070629
87	Homo sapiens	2021-08-23	Ivory Coast	B.1.525	EPI_ISL_10070639
87	Homo sapiens	2021-08-23	Ivory Coast	B.1.525	EPI_ISL_10070644
87	Homo sapiens	2021-08-23	Ivory Coast	B.1.525	EPI_ISL_10070646
87	Homo sapiens	2021-08-23	Ivory Coast	B.1.525	EPI_ISL_10070656
87	Homo sapiens	2021-08-23	Ivory Coast	B.1.494	EPI_ISL_10070655
87	Homo sapiens	2021-08-23	Ivory Coast	B.1.351	EPI_ISL_10070654
87	Homo sapiens	2021-08-23	Ivory Coast	B.1.525	EPI_ISL_10070632
87	Homo sapiens	2021-08-23	Ivory Coast	B.1.1.7	EPI_ISL_10070634
87	Homo sapiens	2021-08-23	Ivory Coast	B.1.1.7	EPI_ISL_10070645
87	Homo sapiens	2021-08-23	Ivory Coast	B.1.525	EPI_ISL_10070633
87	Homo sapiens	2021-08-23	Ivory Coast	B.1.525	EPI_ISL_10070647
87	Homo sapiens	2021-08-23	Ivory Coast	B.1.525	EPI_ISL_10070636
87	Homo sapiens	2021-08-23	Ivory Coast	B.1.1.7	EPI_ISL_10070635
87	Homo sapiens	2021-08-23	Ivory Coast	B.1.1.7	EPI_ISL_10070648
87	Homo sapiens	2021-08-23	Ivory Coast	B.1.1.7	EPI_ISL_10070630
87	Homo sapiens	2021-08-23	Ivory Coast	B.1	EPI_ISL_10070642
87	Homo sapiens	2021-08-23	Ivory Coast	B.1.1.7	EPI_ISL_10070640
87	Homo sapiens	2021-08-23	Ivory Coast	B.1.1.7	EPI_ISL_10070651
87	Homo sapiens	2021-08-23	Ivory Coast	B.1.525	EPI_ISL_10077502
87	Homo sapiens	2021-08-23	Ivory Coast	B.1.525	EPI_ISL_10077512
87	Homo sapiens	2021-08-23	Ivory Coast	B.1.1.7	EPI_ISL_10077509
87	Homo sapiens	2021-08-23	Ivory Coast	B.1.1.7	EPI_ISL_10077505
87	Homo sapiens	2021-08-23	Ivory Coast	B.1.1.7	EPI_ISL_10077504
87	Homo sapiens	2021-08-23	Ivory Coast	B.1.1.7	EPI_ISL_10077506
87	Homo sapiens	2021-08-23	Ivory Coast	B.1.1.7	EPI_ISL_10077519
87	Homo sapiens	2021-08-23	Ivory Coast	B.1.1.7	EPI_ISL_10077518
87	Homo sapiens	2021-08-23	Ivory Coast	B.1.525	EPI_ISL_10077517
87	Homo sapiens	2021-08-25	Ivory Coast	B.1.1.7	EPI_ISL_10077515
64	Homo sapiens	2021-03-18	Ivory Coast	B.1.525	EPI_ISL_10077526
64	Homo sapiens	2021-03-18	Ivory Coast	B.1.1.7	EPI_ISL_10077516
87	Homo sapiens	2021-08-23	Ivory Coast	B.1.525	EPI_ISL_10077513
64	Homo sapiens	2021-03-17	Ivory Coast	B.1.1.7	EPI_ISL_10077527
87	Homo sapiens	2021-08-23	Ivory Coast	B.1.1.7	EPI_ISL_10077510
87	Homo sapiens	2021-08-25	Ivory Coast	B.1.1.7	EPI_ISL_10077521
87	Homo sapiens	2021-08-26	Ivory Coast	B.1.525	EPI_ISL_10077522
87	Homo sapiens	2021-08-25	Ivory Coast	B.1.1.7	EPI_ISL_10077520
87	Homo sapiens	2021-08-23	Ivory Coast	A.27	EPI_ISL_10077728
64	Homo sapiens	2021-03-17	Ivory Coast	B.1.525	EPI_ISL_10077835
65	Homo sapiens	2021-03-24	Ivory Coast	B.1.525	EPI_ISL_10077831
65	Homo sapiens	2021-03-24	Ivory Coast	B.1.525	EPI_ISL_10077826
65	Homo sapiens	2021-03-23	Ivory Coast	B.1.1.7	EPI_ISL_10077819
64	Homo sapiens	2021-03-18	Ivory Coast	B.1.1.7	EPI_ISL_10077834
64	Homo sapiens	2021-03-18	Ivory Coast	B.1.525	EPI_ISL_10077815
64	Homo sapiens	2021-03-17	Ivory Coast	B.1.525	EPI_ISL_10077828
65	Homo sapiens	2021-03-24	Ivory Coast	B.1.1.7	EPI_ISL_10077827
64	Homo sapiens	2021-03-17	Ivory Coast	B.1.525	EPI_ISL_10077825
64	Homo sapiens	2021-03-18	Ivory Coast	B.1.1.318	EPI_ISL_10077822
65	Homo sapiens	2021-03-24	Ivory Coast	B.1.525	EPI_ISL_10077820
64	Homo sapiens	2021-03-18	Ivory Coast	B.1.1.7	EPI_ISL_10077836
64	Homo sapiens	2021-03-17	Ivory Coast	B.1.525	EPI_ISL_10077838
65	Homo sapiens	2021-03-24	Ivory Coast	B.1.525	EPI_ISL_10077833
60	Homo sapiens	2021-02-17	Ivory Coast	B.1.525	EPI_ISL_10077840
65	Homo sapiens	2021-03-24	Ivory Coast	B.1.525	EPI_ISL_10077837
65	Homo sapiens	2021-03-24	Ivory Coast	B.1	EPI_ISL_10077832
64	Homo sapiens	2021-03-18	Ivory Coast	A.27	EPI_ISL_10079502
87	Homo sapiens	2021-08-23	Ivory Coast	A.27	EPI_ISL_10079500
64	Homo sapiens	2021-03-18	Ivory Coast	B.1.1.318	EPI_ISL_10079492
65	Homo sapiens	2021-03-24	Ivory Coast	B.1.525	EPI_ISL_10080097
64	Homo sapiens	2021-03-18	Ivory Coast	B.1.1.7	EPI_ISL_10080098
62	Homo sapiens	2021-03-06	Ivory Coast	B.1.525	EPI_ISL_10080103
62	Homo sapiens	2021-03-05	Ivory Coast	B.1.1.7	EPI_ISL_10080111
62	Homo sapiens	2021-03-06	Ivory Coast	B.1.525	EPI_ISL_10080102
62	Homo sapiens	2021-03-06	Ivory Coast	B.1.525	EPI_ISL_10080108
62	Homo sapiens	2021-03-06	Ivory Coast	B.1.1.7	EPI_ISL_10080105
62	Homo sapiens	2021-03-05	Ivory Coast	B.1.617.2	EPI_ISL_10080114
62	Homo sapiens	2021-03-06	Ivory Coast	B.1.525	EPI_ISL_10080107
62	Homo sapiens	2021-03-06	Ivory Coast	B.1.1.7	EPI_ISL_10080106
62	Homo sapiens	2021-03-05	Ivory Coast	B.1.1.318	EPI_ISL_10080109
62	Homo sapiens	2021-03-05	Ivory Coast	AY.37	EPI_ISL_10080113
62	Homo sapiens	2021-03-05	Ivory Coast	B.1.494	EPI_ISL_10080110
64	Homo sapiens	2021-03-18	Ivory Coast	B.1.1.7	EPI_ISL_10080095
62	Homo sapiens	2021-03-06	Ivory Coast	A.27	EPI_ISL_10097006
62	Homo sapiens	2021-03-05	Ivory Coast	B.1.617.2	EPI_ISL_10101182
62	Homo sapiens	2021-03-05	Ivory Coast	B.1.617.2	EPI_ISL_10101174
62	Homo sapiens	2021-03-05	Ivory Coast	AY.37	EPI_ISL_10101178
62	Homo sapiens	2021-03-05	Ivory Coast	B.1.617.2	EPI_ISL_10101181
62	Homo sapiens	2021-03-05	Ivory Coast	B.1.617.2	EPI_ISL_10101169
62	Homo sapiens	2021-03-05	Ivory Coast	B.1.617.2	EPI_ISL_10101177
59	Homo sapiens	2021-02-11	Ivory Coast	B.1.617.2	EPI_ISL_10115894
102	Homo sapiens	2021-12-06	Ivory Coast	BA.1.1.1	EPI_ISL_10115878
101	Homo sapiens	2021-12-03	Ivory Coast	BA.1.18	EPI_ISL_10115887
102	Homo sapiens	2021-12-06	Ivory Coast	AY.133	EPI_ISL_10115875
101	Homo sapiens	2021-12-03	Ivory Coast	BA.1.18	EPI_ISL_10115886
59	Homo sapiens	2021-02-11	Ivory Coast	B.1.1.7	EPI_ISL_10115890
59	Homo sapiens	2021-02-11	Ivory Coast	B.1.1.7	EPI_ISL_10115897
59	Homo sapiens	2021-02-11	Ivory Coast	B.1.1.7	EPI_ISL_10115898
59	Homo sapiens	2021-02-10	Ivory Coast	B.1.1.7	EPI_ISL_10115893
59	Homo sapiens	2021-02-10	Ivory Coast	B.1.617.2	EPI_ISL_10115888
59	Homo sapiens	2021-02-10	Ivory Coast	B.1	EPI_ISL_10115889
59	Homo sapiens	2021-02-10	Ivory Coast	B.1.617.2	EPI_ISL_10115895
59	Homo sapiens	2021-02-11	Ivory Coast	B.1.617.2	EPI_ISL_10115896
59	Homo sapiens	2021-02-10	Ivory Coast	B.1.617.2	EPI_ISL_10115891
59	Homo sapiens	2021-02-11	Ivory Coast	B.1.617.2	EPI_ISL_10115892
102	Homo sapiens	2021-12-06	Ivory Coast	AY.133	EPI_ISL_10115876
102	Homo sapiens	2021-12-06	Ivory Coast	B.1.617.2	EPI_ISL_10115874
101	Homo sapiens	2021-11-30	Ivory Coast	B.1.640.1	EPI_ISL_10116449
59	Homo sapiens	2021-02-11	Ivory Coast	A.27	EPI_ISL_10116453
59	Homo sapiens	2021-02-10	Ivory Coast	B.1.525	EPI_ISL_10116532
59	Homo sapiens	2021-02-10	Ivory Coast	B.1.1.7	EPI_ISL_10116514
59	Homo sapiens	2021-02-11	Ivory Coast	B.1.1.7	EPI_ISL_10116529
60	Homo sapiens	2021-02-18	Ivory Coast	B.1.525	EPI_ISL_10116528
59	Homo sapiens	2021-02-10	Ivory Coast	B.1.617.2	EPI_ISL_10116513
60	Homo sapiens	2021-02-18	Ivory Coast	B.1.525	EPI_ISL_10116512
59	Homo sapiens	2021-02-11	Ivory Coast	R.1	EPI_ISL_10116530
59	Homo sapiens	2021-02-11	Ivory Coast	B.1	EPI_ISL_10116536
59	Homo sapiens	2021-02-10	Ivory Coast	B.1.617.2	EPI_ISL_10116526
59	Homo sapiens	2021-02-11	Ivory Coast	B.1.1.7	EPI_ISL_10116527
59	Homo sapiens	2021-02-11	Ivory Coast	B.1.1.7	EPI_ISL_10116524
59	Homo sapiens	2021-02-10	Ivory Coast	B.1.351	EPI_ISL_10116525
59	Homo sapiens	2021-02-10	Ivory Coast	B.1.525	EPI_ISL_10116535
59	Homo sapiens	2021-02-10	Ivory Coast	B.1.525	EPI_ISL_10116533
59	Homo sapiens	2021-02-10	Ivory Coast	B.1.617.2	EPI_ISL_10116523
59	Homo sapiens	2021-02-11	Ivory Coast	B.1.525	EPI_ISL_10116520
59	Homo sapiens	2021-02-11	Ivory Coast	B.1.1.7	EPI_ISL_10116521
59	Homo sapiens	2021-02-11	Ivory Coast	B.1.1.7	EPI_ISL_10116534
59	Homo sapiens	2021-02-10	Ivory Coast	B.1.525	EPI_ISL_10116522
60	Homo sapiens	2021-02-18	Ivory Coast	B.1.525	EPI_ISL_10116531
59	Homo sapiens	2021-02-10	Ivory Coast	B.1.1.7	EPI_ISL_10116518
59	Homo sapiens	2021-02-10	Ivory Coast	B.1.1.7	EPI_ISL_10116519
60	Homo sapiens	2021-02-18	Ivory Coast	B.1.1.7	EPI_ISL_10116517
59	Homo sapiens	2021-02-11	Ivory Coast	B.1.1.7	EPI_ISL_10116515
59	Homo sapiens	2021-02-11	Ivory Coast	A.27	EPI_ISL_10126493
59	Homo sapiens	2021-02-10	Ivory Coast	A.27	EPI_ISL_10126495
59	Homo sapiens	2021-02-10	Ivory Coast	A.27	EPI_ISL_10126492
59	Homo sapiens	2021-02-11	Ivory Coast	A.27	EPI_ISL_10126494
59	Homo sapiens	2021-02-11	Ivory Coast	A.27	EPI_ISL_10126490
87	Homo sapiens	2021-08-24	Ivory Coast	A.27	EPI_ISL_9638488
55	Homo sapiens	2021-01-12	Ivory Coast	B.1	EPI_ISL_1662514
52	Homo sapiens	2020-12-22	Ivory Coast	A.19	EPI_ISL_1663605
61	Homo sapiens	2021-02-26	Ivory Coast	B.1.1.7	EPI_ISL_1663611
59	Homo sapiens	2021-02-08	Ivory Coast	B.1.525	EPI_ISL_1662518
52	Homo sapiens	2020-12-24	Ivory Coast	A.19	EPI_ISL_1662511
60	Homo sapiens	2021-02-15	Ivory Coast	B.1.525	EPI_ISL_1662503
60	Homo sapiens	2021-02-17	Ivory Coast	B.1.1.7	EPI_ISL_1663603
52	Homo sapiens	2020-12-22	Ivory Coast	A.19	EPI_ISL_1663608
61	Homo sapiens	2021-02-25	Ivory Coast	B.1.525	EPI_ISL_1662505
52	Homo sapiens	2020-12-21	Ivory Coast	A.19	EPI_ISL_1662512
55	Homo sapiens	2021-01-11	Ivory Coast	A.21	EPI_ISL_1662510
134	Homo sapiens	2022-07-20	Ivory Coast	BA.4.1	EPI_ISL_15528721
135	Homo sapiens	2022-07-25	Ivory Coast	BA.2	EPI_ISL_15528723
65	Homo sapiens	2021-03-22	Ivory Coast	B.1.1.7	EPI_ISL_15528710
147	Homo sapiens	2022-10-18	Ivory Coast	BQ.1.1.6	EPI_ISL_15813189
147	Homo sapiens	2022-10-18	Ivory Coast	BQ.1.1	EPI_ISL_15813188
139	Homo sapiens	2022-08-27	Ivory Coast	BA.5.2	EPI_ISL_15813204
132	Homo sapiens	2022-07-04	Ivory Coast	BA.2	EPI_ISL_15813224
131	Homo sapiens	2022-06-30	Ivory Coast	BA.2	EPI_ISL_15908242
132	Homo sapiens	2022-07-05	Ivory Coast	BA.2	EPI_ISL_15908245
136	Homo sapiens	2022-08-05	Ivory Coast	BA.5.2.25	EPI_ISL_15908279
137	Homo sapiens	2022-08-09	Ivory Coast	BA.5.2.25	EPI_ISL_15908278
137	Homo sapiens	2022-08-09	Ivory Coast	BA.5.2.25	EPI_ISL_15908277
136	Homo sapiens	2022-08-07	Ivory Coast	BA.5.2.25	EPI_ISL_15908247
136	Homo sapiens	2022-08-07	Ivory Coast	BA.5.2.25	EPI_ISL_15908246
131	Homo sapiens	2022-06-30	Ivory Coast	BA.4.1	EPI_ISL_15908243
130	Homo sapiens	2022-06-26	Ivory Coast	BA.2	EPI_ISL_15908241
137	Homo sapiens	2022-08-11	Ivory Coast	BA.5.2.25	EPI_ISL_15908249
138	Homo sapiens	2022-08-17	Ivory Coast	BA.5.2.25	EPI_ISL_15908259
137	Homo sapiens	2022-08-13	Ivory Coast	BA.5.2.25	EPI_ISL_15908257
138	Homo sapiens	2022-08-17	Ivory Coast	BA.5.2.25	EPI_ISL_15908256
140	Homo sapiens	2022-09-02	Ivory Coast	BA.5.2.25	EPI_ISL_15908254
132	Homo sapiens	2022-07-04	Ivory Coast	BA.2	EPI_ISL_15908253
142	Homo sapiens	2022-09-13	Ivory Coast	BA.5.2.2	EPI_ISL_15908252
134	Homo sapiens	2022-07-24	Ivory Coast	BA.5.2	EPI_ISL_15908262
142	Homo sapiens	2022-09-16	Ivory Coast	BA.5.2.25	EPI_ISL_15908260
135	Homo sapiens	2022-07-26	Ivory Coast	BA.4.1	EPI_ISL_15908269
135	Homo sapiens	2022-07-26	Ivory Coast	BA.5.2.36	EPI_ISL_15908268
135	Homo sapiens	2022-07-26	Ivory Coast	BA.5.2.1	EPI_ISL_15908265
135	Homo sapiens	2022-07-25	Ivory Coast	BA.5.2.25	EPI_ISL_15908263
135	Homo sapiens	2022-07-30	Ivory Coast	BA.5.2.25	EPI_ISL_15908273
134	Homo sapiens	2022-07-18	Ivory Coast	BA.4.1	EPI_ISL_15908272
135	Homo sapiens	2022-07-30	Ivory Coast	BA.5.2.25	EPI_ISL_15908271
135	Homo sapiens	2022-07-30	Ivory Coast	BA.5.2.25	EPI_ISL_15908270
136	Homo sapiens	2022-08-01	Ivory Coast	BA.5.2	EPI_ISL_15908276
137	Homo sapiens	2022-08-09	Ivory Coast	BA.5.2.25	EPI_ISL_15908275
135	Homo sapiens	2022-07-30	Ivory Coast	BA.2	EPI_ISL_15908274
138	Homo sapiens	2022-08-15	Ivory Coast	BA.5.2.25	EPI_ISL_15908219
131	Homo sapiens	2022-07-02	Ivory Coast	BA.2	EPI_ISL_15908225
131	Homo sapiens	2022-07-02	Ivory Coast	BA.2	EPI_ISL_15908224
131	Homo sapiens	2022-07-02	Ivory Coast	BA.2	EPI_ISL_15908229
131	Homo sapiens	2022-06-30	Ivory Coast	BA.5.2	EPI_ISL_15908236
132	Homo sapiens	2022-07-06	Ivory Coast	BA.2	EPI_ISL_15908232
130	Homo sapiens	2022-06-26	Ivory Coast	BA.5	EPI_ISL_15908239
106	Homo sapiens	2022-01-03	Ivory Coast	BA.1.1.1	EPI_ISL_16234194
108	Homo sapiens	2022-01-17	Ivory Coast	BA.1.1.1	EPI_ISL_16234195
156	Homo sapiens	2022-12-19	Ivory Coast	BA.5.2.25	EPI_ISL_16445312
158	Homo sapiens	2023-01-03	Ivory Coast	BA.1	EPI_ISL_16894717
159	Homo sapiens	2023-01-11	Ivory Coast	BQ.1.1.31	EPI_ISL_16894719
161	Homo sapiens	2023-01-24	Ivory Coast	XBB.1	EPI_ISL_16894720
162	Homo sapiens	2023-02-05	Ivory Coast	XBB.1	EPI_ISL_17186699
165	Homo sapiens	2023-02-20	Ivory Coast	XBB.1	EPI_ISL_17186704
163	Homo sapiens	2023-02-10	Ivory Coast	XBB.1	EPI_ISL_17186701
164	Homo sapiens	2023-02-13	Ivory Coast	XBB.1	EPI_ISL_17186694
164	Homo sapiens	2023-02-13	Ivory Coast	XBB.1	EPI_ISL_17186696
164	Homo sapiens	2023-02-16	Ivory Coast	XBB.1	EPI_ISL_17186690
164	Homo sapiens	2023-02-17	Ivory Coast	XBB.1	EPI_ISL_17186705
162	Homo sapiens	2023-02-05	Ivory Coast	XBB.1	EPI_ISL_17186698
164	Homo sapiens	2023-02-16	Ivory Coast	XBB.1	EPI_ISL_17186695
164	Homo sapiens	2023-02-17	Ivory Coast	XBB.1.5	EPI_ISL_17203136
162	Homo sapiens	2023-02-01	Ivory Coast	XBB.1	EPI_ISL_17203129
164	Homo sapiens	2023-02-15	Ivory Coast	XBB.1	EPI_ISL_17203134
164	Homo sapiens	2023-02-15	Ivory Coast	XBB.1	EPI_ISL_17203130
116	Homo sapiens	2022-03-16	Ivory Coast	BA.1.1.1	EPI_ISL_17425651
94	Homo sapiens	2021-10-15	Ivory Coast	B.1.617.2	EPI_ISL_17425656
116	Homo sapiens	2022-03-14	Ivory Coast	BA.1.1	EPI_ISL_17425652
