11	Homo sapiens	2020-03-09	Jamaica	B.40	MT507271.1
11	Homo sapiens	2020-03-11	Jamaica	B.6	MT507272.1
11	Homo sapiens	2020-03-14	Jamaica	B.40	MT507273.1
12	Homo sapiens	2020-03-16	Jamaica	B.40	MT507274.1
12	Homo sapiens	2020-03-16	Jamaica	B.1	MT507275.1
12	Homo sapiens	2020-03-17	Jamaica	B.1	MT507276.1
11	Homo sapiens	2020-03-11	Jamaica	B.33	MT507793.1
12	Homo sapiens	2020-03-16	Jamaica	B.1	MT507794.1
66	Homo sapiens	2021-04-01	Jamaica	B.1.1.7	EPI_ISL_3235150
66	Homo sapiens	2021-04-01	Jamaica	B.1.1.7	EPI_ISL_3235179
66	Homo sapiens	2021-04-01	Jamaica	B.1.1.7	EPI_ISL_3235100
66	Homo sapiens	2021-03-31	Jamaica	B.1.1.7	EPI_ISL_3235095
65	Homo sapiens	2021-03-28	Jamaica	B.1.1.7	EPI_ISL_3235098
63	Homo sapiens	2021-03-08	Jamaica	B.1.1.7	EPI_ISL_3235196
62	Homo sapiens	2021-03-01	Jamaica	B.1.1.7	EPI_ISL_3235205
62	Homo sapiens	2021-03-01	Jamaica	B.1.1.7	EPI_ISL_3235113
62	Homo sapiens	2021-03-01	Jamaica	B.1.1.7	EPI_ISL_3235157
62	Homo sapiens	2021-03-01	Jamaica	B.1.1.7	EPI_ISL_3235163
62	Homo sapiens	2021-03-01	Jamaica	B.1.1.7	EPI_ISL_3235097
62	Homo sapiens	2021-03-01	Jamaica	B.1.1.7	EPI_ISL_3235104
62	Homo sapiens	2021-03-01	Jamaica	B.1.1.7	EPI_ISL_3235185
62	Homo sapiens	2021-03-01	Jamaica	B.1.1.7	EPI_ISL_3235158
61	Homo sapiens	2021-02-28	Jamaica	B.1.1.7	EPI_ISL_3235225
61	Homo sapiens	2021-02-28	Jamaica	B.1.1.7	EPI_ISL_3235216
61	Homo sapiens	2021-02-28	Jamaica	B.1.1.7	EPI_ISL_3235094
61	Homo sapiens	2021-02-28	Jamaica	B.1.1.7	EPI_ISL_3235141
61	Homo sapiens	2021-02-28	Jamaica	B.1.1.7	EPI_ISL_3235134
61	Homo sapiens	2021-02-28	Jamaica	B.1.1.7	EPI_ISL_3235186
61	Homo sapiens	2021-02-28	Jamaica	B.1.1.7	EPI_ISL_3235181
61	Homo sapiens	2021-02-28	Jamaica	B.1.1.7	EPI_ISL_3235203
61	Homo sapiens	2021-02-28	Jamaica	B.1.1.7	EPI_ISL_3235129
61	Homo sapiens	2021-02-28	Jamaica	B.1.1.7	EPI_ISL_3235224
61	Homo sapiens	2021-02-28	Jamaica	B.1.1.7	EPI_ISL_3235206
61	Homo sapiens	2021-02-28	Jamaica	B.1.1.7	EPI_ISL_3235131
61	Homo sapiens	2021-02-28	Jamaica	B.1.1.7	EPI_ISL_3235142
61	Homo sapiens	2021-02-28	Jamaica	B.1.1.7	EPI_ISL_3235177
61	Homo sapiens	2021-02-28	Jamaica	B.1.1.7	EPI_ISL_3235101
61	Homo sapiens	2021-02-28	Jamaica	B.1.1.7	EPI_ISL_3235092
61	Homo sapiens	2021-02-28	Jamaica	B.1.1.7	EPI_ISL_3235119
61	Homo sapiens	2021-02-28	Jamaica	B.1.1.7	EPI_ISL_3235161
61	Homo sapiens	2021-02-28	Jamaica	B.1.1.7	EPI_ISL_3235218
61	Homo sapiens	2021-02-28	Jamaica	B.1.1.7	EPI_ISL_3235204
61	Homo sapiens	2021-02-28	Jamaica	B.1.1.7	EPI_ISL_3235217
61	Homo sapiens	2021-02-27	Jamaica	B.1.1.7	EPI_ISL_3235183
61	Homo sapiens	2021-02-27	Jamaica	B.1.1.7	EPI_ISL_3235227
61	Homo sapiens	2021-02-27	Jamaica	B.1.1.7	EPI_ISL_3235213
61	Homo sapiens	2021-02-27	Jamaica	B.1.1.7	EPI_ISL_3235221
61	Homo sapiens	2021-02-27	Jamaica	B.1.1.7	EPI_ISL_3235164
61	Homo sapiens	2021-02-27	Jamaica	B.1.1.7	EPI_ISL_3235124
61	Homo sapiens	2021-02-27	Jamaica	B.1.1.7	EPI_ISL_3235128
61	Homo sapiens	2021-02-27	Jamaica	B.1.1.7	EPI_ISL_3235115
61	Homo sapiens	2021-02-27	Jamaica	B.1.1.7	EPI_ISL_3235145
61	Homo sapiens	2021-02-27	Jamaica	B.1.1.7	EPI_ISL_3235133
61	Homo sapiens	2021-02-27	Jamaica	B.1.1.7	EPI_ISL_3235191
61	Homo sapiens	2021-02-27	Jamaica	B.1.1.7	EPI_ISL_3235102
61	Homo sapiens	2021-02-27	Jamaica	B.1.1.7	EPI_ISL_3235149
61	Homo sapiens	2021-02-27	Jamaica	B.1.1.7	EPI_ISL_3235099
61	Homo sapiens	2021-02-27	Jamaica	B.1.1.7	EPI_ISL_3235107
61	Homo sapiens	2021-02-27	Jamaica	B.1.1.7	EPI_ISL_3235199
61	Homo sapiens	2021-02-27	Jamaica	B.1.1.7	EPI_ISL_3235143
61	Homo sapiens	2021-02-27	Jamaica	B.1.1.7	EPI_ISL_3235182
61	Homo sapiens	2021-02-27	Jamaica	B.1.1.7	EPI_ISL_3235170
61	Homo sapiens	2021-02-27	Jamaica	B.1.1.7	EPI_ISL_3235123
61	Homo sapiens	2021-02-27	Jamaica	B.1.1.7	EPI_ISL_3235220
61	Homo sapiens	2021-02-27	Jamaica	B.1.1.7	EPI_ISL_3235146
61	Homo sapiens	2021-02-26	Jamaica	B.1.1.7	EPI_ISL_3235169
61	Homo sapiens	2021-02-26	Jamaica	B.1.1.7	EPI_ISL_3235172
61	Homo sapiens	2021-02-26	Jamaica	B.1.1.7	EPI_ISL_3235175
61	Homo sapiens	2021-02-26	Jamaica	B.1.1.7	EPI_ISL_3235166
61	Homo sapiens	2021-02-26	Jamaica	B.1.1.7	EPI_ISL_3235219
61	Homo sapiens	2021-02-26	Jamaica	B.1.1.7	EPI_ISL_3235165
61	Homo sapiens	2021-02-26	Jamaica	B.1.1.7	EPI_ISL_3235110
61	Homo sapiens	2021-02-26	Jamaica	B.1.1.7	EPI_ISL_3235226
61	Homo sapiens	2021-02-26	Jamaica	B.1.1.7	EPI_ISL_3235118
61	Homo sapiens	2021-02-26	Jamaica	B.1.1.7	EPI_ISL_3235114
61	Homo sapiens	2021-02-26	Jamaica	B.1.1.7	EPI_ISL_3235112
61	Homo sapiens	2021-02-26	Jamaica	B.1.1.7	EPI_ISL_3235108
61	Homo sapiens	2021-02-26	Jamaica	B.1.1.7	EPI_ISL_3235176
61	Homo sapiens	2021-02-25	Jamaica	B.1.1.7	EPI_ISL_3235180
61	Homo sapiens	2021-02-25	Jamaica	B.1.1.7	EPI_ISL_3235153
61	Homo sapiens	2021-02-25	Jamaica	B.1.1.7	EPI_ISL_3235105
61	Homo sapiens	2021-02-25	Jamaica	B.1.1.7	EPI_ISL_3235132
61	Homo sapiens	2021-02-25	Jamaica	B.1.1.7	EPI_ISL_3235168
61	Homo sapiens	2021-02-23	Jamaica	B.1.1.7	EPI_ISL_3235194
60	Homo sapiens	2021-02-18	Jamaica	B.1.1.7	EPI_ISL_3235208
60	Homo sapiens	2021-02-18	Jamaica	B.1.1.7	EPI_ISL_3235127
57	Homo sapiens	2021-01-29	Jamaica	B.1.1.7	EPI_ISL_3235151
74	Homo sapiens	2021-05-30	Jamaica	B.1.1.7	EPI_ISL_5417927
74	Homo sapiens	2021-05-30	Jamaica	B.1.1.7	EPI_ISL_5417919
74	Homo sapiens	2021-05-28	Jamaica	B.1.1.7	EPI_ISL_5417957
74	Homo sapiens	2021-05-28	Jamaica	B.1.1.7	EPI_ISL_5417923
74	Homo sapiens	2021-05-27	Jamaica	B.1.621	EPI_ISL_5429195
74	Homo sapiens	2021-05-27	Jamaica	B.1.1.7	EPI_ISL_5417952
74	Homo sapiens	2021-05-26	Jamaica	B.1.1.7	EPI_ISL_5417960
74	Homo sapiens	2021-05-26	Jamaica	B.1.1.7	EPI_ISL_5417943
74	Homo sapiens	2021-05-26	Jamaica	B.1.1.7	EPI_ISL_5417937
74	Homo sapiens	2021-05-26	Jamaica	B.1.1.7	EPI_ISL_5417950
74	Homo sapiens	2021-05-26	Jamaica	B.1.1.7	EPI_ISL_5417944
74	Homo sapiens	2021-05-25	Jamaica	B.1.1.7	EPI_ISL_5417934
74	Homo sapiens	2021-05-25	Jamaica	B.1.1.7	EPI_ISL_5417956
74	Homo sapiens	2021-05-25	Jamaica	B.1.1.7	EPI_ISL_5417921
73	Homo sapiens	2021-05-23	Jamaica	B.1.1.7	EPI_ISL_5417942
73	Homo sapiens	2021-05-23	Jamaica	B.1.1.7	EPI_ISL_5417928
73	Homo sapiens	2021-05-23	Jamaica	B.1.1.7	EPI_ISL_5417926
73	Homo sapiens	2021-05-21	Jamaica	B.1.1.7	EPI_ISL_5417935
73	Homo sapiens	2021-05-21	Jamaica	B.1.1.7	EPI_ISL_5417955
73	Homo sapiens	2021-05-21	Jamaica	B.1.1.7	EPI_ISL_5417920
73	Homo sapiens	2021-05-21	Jamaica	B.1.1.7	EPI_ISL_5417959
73	Homo sapiens	2021-05-20	Jamaica	B.1.1.7	EPI_ISL_5429194
73	Homo sapiens	2021-05-19	Jamaica	B.1.1.7	EPI_ISL_5417929
73	Homo sapiens	2021-05-18	Jamaica	B.1.1.7	EPI_ISL_5417925
73	Homo sapiens	2021-05-18	Jamaica	B.1.1.7	EPI_ISL_5417941
73	Homo sapiens	2021-05-17	Jamaica	B.1.1.7	EPI_ISL_5417916
72	Homo sapiens	2021-05-16	Jamaica	B.1.1.7	EPI_ISL_5417954
72	Homo sapiens	2021-05-14	Jamaica	B.1.1.7	EPI_ISL_5417940
72	Homo sapiens	2021-05-14	Jamaica	B.1.1.7	EPI_ISL_5417949
72	Homo sapiens	2021-05-14	Jamaica	B.1.637	EPI_ISL_5417933
72	Homo sapiens	2021-05-13	Jamaica	B.1.1.7	EPI_ISL_5429199
72	Homo sapiens	2021-05-13	Jamaica	B.1.637	EPI_ISL_5417961
72	Homo sapiens	2021-05-12	Jamaica	B.1.1.7	EPI_ISL_5417930
72	Homo sapiens	2021-05-12	Jamaica	B.1.1.7	EPI_ISL_5417948
72	Homo sapiens	2021-05-12	Jamaica	B.1.1.7	EPI_ISL_5429198
72	Homo sapiens	2021-05-11	Jamaica	B.1.1.7	EPI_ISL_5417963
72	Homo sapiens	2021-05-11	Jamaica	B.1.1.7	EPI_ISL_5417924
72	Homo sapiens	2021-05-11	Jamaica	B.1.1.7	EPI_ISL_5417939
72	Homo sapiens	2021-05-10	Jamaica	B.1.1.7	EPI_ISL_5417951
72	Homo sapiens	2021-05-10	Jamaica	B.1.1.7	EPI_ISL_5429197
72	Homo sapiens	2021-05-10	Jamaica	B.1.1.7	EPI_ISL_5417953
72	Homo sapiens	2021-05-10	Jamaica	B.1.1.7	EPI_ISL_5417918
69	Homo sapiens	2021-04-22	Jamaica	B.1.1.7	EPI_ISL_5417915
68	Homo sapiens	2021-04-14	Jamaica	B.1.1.7	EPI_ISL_5417936
68	Homo sapiens	2021-04-14	Jamaica	B.1.1.7	EPI_ISL_5417931
68	Homo sapiens	2021-04-14	Jamaica	B.1.1.7	EPI_ISL_5417958
68	Homo sapiens	2021-04-14	Jamaica	B.1.1.7	EPI_ISL_5417922
68	Homo sapiens	2021-04-14	Jamaica	B.1.1.7	EPI_ISL_5417945
68	Homo sapiens	2021-04-14	Jamaica	B.1.1.7	EPI_ISL_5417946
68	Homo sapiens	2021-04-14	Jamaica	B.1.1.7	EPI_ISL_5417938
68	Homo sapiens	2021-04-14	Jamaica	B.1.1.7	EPI_ISL_5417947
68	Homo sapiens	2021-04-14	Jamaica	B.1.1.7	EPI_ISL_5417962
82	Homo sapiens	2021-07-25	Jamaica	AY.9	EPI_ISL_6631958
82	Homo sapiens	2021-07-24	Jamaica	B.1.621.1	EPI_ISL_6632116
82	Homo sapiens	2021-07-24	Jamaica	B.1.621.1	EPI_ISL_6632142
82	Homo sapiens	2021-07-24	Jamaica	B.1.621.1	EPI_ISL_6632149
82	Homo sapiens	2021-07-24	Jamaica	B.1.621.1	EPI_ISL_6632161
82	Homo sapiens	2021-07-24	Jamaica	AY.107	EPI_ISL_6632214
82	Homo sapiens	2021-07-24	Jamaica	AY.107	EPI_ISL_6632251
82	Homo sapiens	2021-07-24	Jamaica	AY.107	EPI_ISL_6632259
82	Homo sapiens	2021-07-24	Jamaica	AY.25.1	EPI_ISL_6632265
82	Homo sapiens	2021-07-23	Jamaica	B.1.621.1	EPI_ISL_6632101
82	Homo sapiens	2021-07-23	Jamaica	B.1.621.1	EPI_ISL_6632133
82	Homo sapiens	2021-07-23	Jamaica	B.1.621.1	EPI_ISL_6632179
82	Homo sapiens	2021-07-23	Jamaica	AY.107	EPI_ISL_6632224
82	Homo sapiens	2021-07-23	Jamaica	AY.103	EPI_ISL_6632359
82	Homo sapiens	2021-07-23	Jamaica	AY.107	EPI_ISL_6632374
82	Homo sapiens	2021-07-23	Jamaica	AY.107	EPI_ISL_6632386
82	Homo sapiens	2021-07-23	Jamaica	AY.107	EPI_ISL_6632399
82	Homo sapiens	2021-07-22	Jamaica	B.1.617.2	EPI_ISL_6632088
82	Homo sapiens	2021-07-22	Jamaica	B.1.617.2	EPI_ISL_6632099
82	Homo sapiens	2021-07-22	Jamaica	B.1.621.1	EPI_ISL_6632107
82	Homo sapiens	2021-07-22	Jamaica	B.1.621.1	EPI_ISL_6632134
82	Homo sapiens	2021-07-22	Jamaica	B.1.621.1	EPI_ISL_6632185
82	Homo sapiens	2021-07-22	Jamaica	AY.107	EPI_ISL_6632197
82	Homo sapiens	2021-07-22	Jamaica	AY.47	EPI_ISL_6632204
82	Homo sapiens	2021-07-22	Jamaica	AY.107	EPI_ISL_6632282
82	Homo sapiens	2021-07-22	Jamaica	AY.107	EPI_ISL_6632290
82	Homo sapiens	2021-07-21	Jamaica	AY.9	EPI_ISL_6631969
82	Homo sapiens	2021-07-21	Jamaica	B.1.621.1	EPI_ISL_6632100
82	Homo sapiens	2021-07-21	Jamaica	B.1.621.1	EPI_ISL_6632135
82	Homo sapiens	2021-07-21	Jamaica	B.1.621.1	EPI_ISL_6632172
82	Homo sapiens	2021-07-21	Jamaica	AY.103	EPI_ISL_6632193
82	Homo sapiens	2021-07-21	Jamaica	AY.25.1	EPI_ISL_6632264
82	Homo sapiens	2021-07-21	Jamaica	AY.122	EPI_ISL_6632320
82	Homo sapiens	2021-07-21	Jamaica	AY.25.1	EPI_ISL_6632327
82	Homo sapiens	2021-07-21	Jamaica	AY.107	EPI_ISL_6632410
82	Homo sapiens	2021-07-21	Jamaica	AY.3	EPI_ISL_6632412
82	Homo sapiens	2021-07-20	Jamaica	AY.9	EPI_ISL_6631927
82	Homo sapiens	2021-07-20	Jamaica	AY.9	EPI_ISL_6631948
82	Homo sapiens	2021-07-20	Jamaica	AY.107	EPI_ISL_6632239
82	Homo sapiens	2021-07-20	Jamaica	AY.100	EPI_ISL_6632338
82	Homo sapiens	2021-07-20	Jamaica	AY.107	EPI_ISL_6632348
82	Homo sapiens	2021-07-20	Jamaica	AY.25.1	EPI_ISL_6632380
82	Homo sapiens	2021-07-20	Jamaica	AY.25.1	EPI_ISL_6632401
82	Homo sapiens	2021-07-20	Jamaica	AY.25.1	EPI_ISL_6632409
82	Homo sapiens	2021-07-20	Jamaica	AY.25.1	EPI_ISL_6632411
82	Homo sapiens	2021-07-19	Jamaica	B.1.621.1	EPI_ISL_6632166
82	Homo sapiens	2021-07-19	Jamaica	AY.107	EPI_ISL_6632215
82	Homo sapiens	2021-07-19	Jamaica	AY.107	EPI_ISL_6632275
82	Homo sapiens	2021-07-19	Jamaica	AY.107	EPI_ISL_6632394
81	Homo sapiens	2021-07-18	Jamaica	AY.25.1	EPI_ISL_6632288
81	Homo sapiens	2021-07-16	Jamaica	AY.9	EPI_ISL_6631941
81	Homo sapiens	2021-07-16	Jamaica	AY.25.1	EPI_ISL_6632289
81	Homo sapiens	2021-07-14	Jamaica	AY.9	EPI_ISL_6631935
81	Homo sapiens	2021-07-14	Jamaica	B.1.621.1	EPI_ISL_6632119
81	Homo sapiens	2021-07-14	Jamaica	B.1.621.1	EPI_ISL_6632132
81	Homo sapiens	2021-07-14	Jamaica	AY.107	EPI_ISL_6632300
81	Homo sapiens	2021-07-13	Jamaica	B.1.621.1	EPI_ISL_6632127
81	Homo sapiens	2021-07-13	Jamaica	AY.107	EPI_ISL_6632310
81	Homo sapiens	2021-07-12	Jamaica	B.1.621.1	EPI_ISL_6632131
96	Homo sapiens	2021-10-25	Jamaica	AY.107	OM180084.1
95	Homo sapiens	2021-10-20	Jamaica	AY.107	OM180083.1
94	Homo sapiens	2021-10-15	Jamaica	AY.107	OM180082.1
94	Homo sapiens	2021-10-15	Jamaica	AY.107	OM180081.1
94	Homo sapiens	2021-10-14	Jamaica	AY.100	OM180080.1
88	Homo sapiens	2021-09-03	Jamaica	AY.122	OM180079.1
88	Homo sapiens	2021-08-31	Jamaica	AY.103	OM180078.1
88	Homo sapiens	2021-08-31	Jamaica	AY.107	OM180077.1
87	Homo sapiens	2021-08-28	Jamaica	AY.25	OM180076.1
87	Homo sapiens	2021-08-26	Jamaica	AY.25.1	OM180075.1
87	Homo sapiens	2021-08-23	Jamaica	AY.107	OM180072.1
87	Homo sapiens	2021-08-23	Jamaica	AY.107	OM180074.1
87	Homo sapiens	2021-08-23	Jamaica	AY.107	OM180073.1
86	Homo sapiens	2021-08-22	Jamaica	AY.107	OM180071.1
86	Homo sapiens	2021-08-19	Jamaica	AY.47	OM180067.1
86	Homo sapiens	2021-08-19	Jamaica	AY.107	OM180069.1
86	Homo sapiens	2021-08-18	Jamaica	AY.44	OM180065.1
86	Homo sapiens	2021-08-16	Jamaica	AY.9	OM180062.1
86	Homo sapiens	2021-08-16	Jamaica	AY.9	OM180063.1
85	Homo sapiens	2021-08-14	Jamaica	AY.25.1	OM180059.1
85	Homo sapiens	2021-08-13	Jamaica	AY.25.1	OM180057.1
85	Homo sapiens	2021-08-13	Jamaica	AY.25.1	OM180058.1
85	Homo sapiens	2021-08-12	Jamaica	AY.9	OM180055.1
85	Homo sapiens	2021-08-12	Jamaica	B.1.621.1	OM180056.1
85	Homo sapiens	2021-08-11	Jamaica	AY.9	OM180054.1
85	Homo sapiens	2021-08-11	Jamaica	AY.9	OM180053.1
85	Homo sapiens	2021-08-10	Jamaica	B.1.617.2	OM180051.1
85	Homo sapiens	2021-08-10	Jamaica	B.1.621.1	OM180052.1
85	Homo sapiens	2021-08-10	Jamaica	B.1.1.7	OM180050.1
85	Homo sapiens	2021-08-09	Jamaica	AY.9	OM180048.1
85	Homo sapiens	2021-08-09	Jamaica	AY.25.1	OM180047.1
85	Homo sapiens	2021-08-09	Jamaica	B.1.621.1	OM180046.1
85	Homo sapiens	2021-08-09	Jamaica	AY.25.1	OM180049.1
85	Homo sapiens	2021-08-09	Jamaica	B.1.621.1	OM180045.1
84	Homo sapiens	2021-08-07	Jamaica	AY.74	OM180043.1
84	Homo sapiens	2021-08-06	Jamaica	B.1.1.7	OM180041.1
84	Homo sapiens	2021-08-06	Jamaica	B.1.617.2	OM180042.1
84	Homo sapiens	2021-08-05	Jamaica	AY.25.1	OM180036.1
84	Homo sapiens	2021-08-05	Jamaica	AY.25	OM180035.1
84	Homo sapiens	2021-08-05	Jamaica	AY.107	OM180039.1
84	Homo sapiens	2021-08-05	Jamaica	AY.9	OM180038.1
84	Homo sapiens	2021-08-05	Jamaica	B.1.1.7	OM180037.1
84	Homo sapiens	2021-08-05	Jamaica	AY.107	OM180040.1
84	Homo sapiens	2021-08-04	Jamaica	AY.9	OM180034.1
84	Homo sapiens	2021-08-03	Jamaica	AY.100	OM180031.1
84	Homo sapiens	2021-08-03	Jamaica	AY.107	OM180032.1
83	Homo sapiens	2021-08-01	Jamaica	AY.44	OM180030.1
83	Homo sapiens	2021-07-30	Jamaica	AY.25.1	OM180028.1
83	Homo sapiens	2021-07-30	Jamaica	B.1.621.1	OM180029.1
83	Homo sapiens	2021-07-29	Jamaica	B.1.621.1	OM180027.1
83	Homo sapiens	2021-07-28	Jamaica	B.1.1.7	OM180024.1
83	Homo sapiens	2021-07-28	Jamaica	B.1.1.7	OM180025.1
83	Homo sapiens	2021-07-28	Jamaica	AY.9	OM180026.1
83	Homo sapiens	2021-07-27	Jamaica	B.1.617.2	OM180022.1
83	Homo sapiens	2021-07-27	Jamaica	AY.39	OM180023.1
83	Homo sapiens	2021-07-26	Jamaica	B.1.1.7	OM180020.1
82	Homo sapiens	2021-07-25	Jamaica	AY.47	OM180019.1
82	Homo sapiens	2021-07-23	Jamaica	AY.107	OM180018.1
102	Homo sapiens	2021-12-07	Jamaica	AY.107	OM320437.1
102	Homo sapiens	2021-12-06	Jamaica	AY.107	OM320436.1
102	Homo sapiens	2021-12-06	Jamaica	AY.107	OM320435.1
101	Homo sapiens	2021-12-03	Jamaica	AY.25.1	OM320434.1
101	Homo sapiens	2021-12-01	Jamaica	AY.107	OM320432.1
101	Homo sapiens	2021-11-30	Jamaica	AY.107	OM320431.1
101	Homo sapiens	2021-11-30	Jamaica	B.1.1.7	OM320429.1
101	Homo sapiens	2021-11-30	Jamaica	AY.107	OM320430.1
101	Homo sapiens	2021-11-29	Jamaica	AY.3	OM320427.1
101	Homo sapiens	2021-11-29	Jamaica	AY.3	OM320428.1
100	Homo sapiens	2021-11-26	Jamaica	AY.100	OM320423.1
100	Homo sapiens	2021-11-26	Jamaica	AY.107	OM320426.1
100	Homo sapiens	2021-11-26	Jamaica	AY.107	OM320425.1
100	Homo sapiens	2021-11-26	Jamaica	AY.3	OM320424.1
100	Homo sapiens	2021-11-23	Jamaica	AY.107	OM320422.1
99	Homo sapiens	2021-11-21	Jamaica	AY.107	OM320418.1
99	Homo sapiens	2021-11-21	Jamaica	AY.107	OM320421.1
99	Homo sapiens	2021-11-21	Jamaica	AY.103	OM320420.1
99	Homo sapiens	2021-11-21	Jamaica	AY.107	OM320419.1
99	Homo sapiens	2021-11-20	Jamaica	AY.25.1	OM320414.1
99	Homo sapiens	2021-11-20	Jamaica	AY.107	OM320417.1
99	Homo sapiens	2021-11-20	Jamaica	AY.107	OM320413.1
99	Homo sapiens	2021-11-20	Jamaica	AY.3	OM320415.1
99	Homo sapiens	2021-11-20	Jamaica	AY.107	OM320416.1
99	Homo sapiens	2021-11-19	Jamaica	AY.3	OM320412.1
99	Homo sapiens	2021-11-18	Jamaica	AY.44	OM320411.1
99	Homo sapiens	2021-11-18	Jamaica	AY.107	OM320410.1
99	Homo sapiens	2021-11-16	Jamaica	AY.4	OM320409.1
99	Homo sapiens	2021-11-16	Jamaica	AY.4	OM320408.1
98	Homo sapiens	2021-11-13	Jamaica	AY.107	OM320406.1
98	Homo sapiens	2021-11-13	Jamaica	AY.107	OM320407.1
98	Homo sapiens	2021-11-09	Jamaica	AY.25.1	OM320405.1
98	Homo sapiens	2021-11-08	Jamaica	AY.103	OM320403.1
98	Homo sapiens	2021-11-08	Jamaica	AY.107	OM320404.1
97	Homo sapiens	2021-11-07	Jamaica	AY.107	OM320401.1
97	Homo sapiens	2021-11-07	Jamaica	AY.100	OM320402.1
97	Homo sapiens	2021-11-06	Jamaica	AY.100	OM320400.1
97	Homo sapiens	2021-11-05	Jamaica	AY.107	OM320399.1
97	Homo sapiens	2021-11-05	Jamaica	AY.107	OM320397.1
97	Homo sapiens	2021-11-05	Jamaica	AY.3	OM320396.1
97	Homo sapiens	2021-11-05	Jamaica	AY.75	OM320398.1
97	Homo sapiens	2021-11-04	Jamaica	AY.107	OM320395.1
97	Homo sapiens	2021-11-03	Jamaica	AY.107	OM320393.1
97	Homo sapiens	2021-11-03	Jamaica	AY.107	OM320394.1
97	Homo sapiens	2021-11-03	Jamaica	AY.107	OM320392.1
97	Homo sapiens	2021-11-02	Jamaica	AY.103	OM320391.1
97	Homo sapiens	2021-11-01	Jamaica	B.1.617.2	OM320390.1
96	Homo sapiens	2021-10-31	Jamaica	AY.107	OM320388.1
96	Homo sapiens	2021-10-31	Jamaica	AY.107	OM320389.1
96	Homo sapiens	2021-10-30	Jamaica	AY.107	OM320386.1
96	Homo sapiens	2021-10-30	Jamaica	AY.107	OM320387.1
96	Homo sapiens	2021-10-29	Jamaica	AY.107	OM320385.1
96	Homo sapiens	2021-10-29	Jamaica	AY.107	OM320382.1
96	Homo sapiens	2021-10-29	Jamaica	AY.107	OM320384.1
96	Homo sapiens	2021-10-29	Jamaica	AY.107	OM320383.1
96	Homo sapiens	2021-10-28	Jamaica	AY.107	OM320379.1
96	Homo sapiens	2021-10-28	Jamaica	AY.103	OM320377.1
96	Homo sapiens	2021-10-28	Jamaica	AY.107	OM320380.1
96	Homo sapiens	2021-10-28	Jamaica	AY.107	OM320378.1
96	Homo sapiens	2021-10-28	Jamaica	AY.107	OM320381.1
96	Homo sapiens	2021-10-26	Jamaica	AY.107	OM320376.1
94	Homo sapiens	2021-10-14	Jamaica	AY.44	OM320375.1
89	Homo sapiens	2021-09-11	Jamaica	AY.107	OM320374.1
89	Homo sapiens	2021-09-11	Jamaica	AY.107	OM320372.1
89	Homo sapiens	2021-09-11	Jamaica	AY.107	OM320373.1
67	Homo sapiens	2021-04-11	Jamaica	AY.107	OM320370.1
67	Homo sapiens	2021-04-11	Jamaica	AY.107	OM320369.1
67	Homo sapiens	2021-04-11	Jamaica	AY.107	OM320368.1
67	Homo sapiens	2021-04-11	Jamaica	AY.107	OM320371.1
59	Homo sapiens	2021-02-11	Jamaica	AY.107	OM320367.1
104	Homo sapiens	2021-12-21	Jamaica	AY.100	EPI_ISL_10189742
99	Homo sapiens	2021-11-18	Jamaica	AY.107	EPI_ISL_10251317
102	Homo sapiens	2021-12-11	Jamaica	AY.25.1	EPI_ISL_10251326
103	Homo sapiens	2021-12-13	Jamaica	AY.107	EPI_ISL_10251330
102	Homo sapiens	2021-12-11	Jamaica	AY.119	EPI_ISL_10251340
103	Homo sapiens	2021-12-15	Jamaica	AY.107	EPI_ISL_10251352
103	Homo sapiens	2021-12-15	Jamaica	AY.100	EPI_ISL_10251356
103	Homo sapiens	2021-12-17	Jamaica	AY.107	EPI_ISL_10251368
103	Homo sapiens	2021-12-17	Jamaica	AY.103	EPI_ISL_10251378
103	Homo sapiens	2021-12-19	Jamaica	AY.100	EPI_ISL_10251376
92	Homo sapiens	2021-10-02	Jamaica	AY.107	OM961058.1
94	Homo sapiens	2021-10-14	Jamaica	AY.107	OM961059.1
94	Homo sapiens	2021-10-16	Jamaica	AY.107	OM961060.1
95	Homo sapiens	2021-10-18	Jamaica	AY.9	OM961061.1
96	Homo sapiens	2021-10-25	Jamaica	AY.107	OM961062.1
96	Homo sapiens	2021-10-27	Jamaica	AY.107	OM961063.1
96	Homo sapiens	2021-10-28	Jamaica	AY.107	OM961064.1
96	Homo sapiens	2021-10-28	Jamaica	AY.100	OM961065.1
96	Homo sapiens	2021-10-29	Jamaica	AY.103	OM961066.1
96	Homo sapiens	2021-10-30	Jamaica	AY.25.1	OM961067.1
97	Homo sapiens	2021-11-01	Jamaica	AY.25.1	OM961068.1
97	Homo sapiens	2021-11-02	Jamaica	AY.107	OM961069.1
100	Homo sapiens	2021-11-25	Jamaica	AY.103	OM961070.1
100	Homo sapiens	2021-11-26	Jamaica	AY.107	OM961071.1
101	Homo sapiens	2021-11-29	Jamaica	AY.4	OM961072.1
101	Homo sapiens	2021-11-29	Jamaica	AY.118	OM961073.1
101	Homo sapiens	2021-11-30	Jamaica	AY.107	OM961074.1
101	Homo sapiens	2021-11-30	Jamaica	AY.107	OM961075.1
101	Homo sapiens	2021-11-30	Jamaica	AY.3	OM961076.1
101	Homo sapiens	2021-11-30	Jamaica	AY.107	OM961077.1
101	Homo sapiens	2021-12-01	Jamaica	AY.107	OM961079.1
101	Homo sapiens	2021-12-01	Jamaica	AY.107	OM961080.1
101	Homo sapiens	2021-12-01	Jamaica	AY.107	OM961081.1
101	Homo sapiens	2021-12-01	Jamaica	AY.103	OM961082.1
101	Homo sapiens	2021-12-02	Jamaica	AY.107	OM961083.1
101	Homo sapiens	2021-12-02	Jamaica	AY.107	OM961084.1
101	Homo sapiens	2021-12-02	Jamaica	AY.107	OM961086.1
101	Homo sapiens	2021-12-02	Jamaica	AY.100	OM961087.1
101	Homo sapiens	2021-12-02	Jamaica	AY.103	OM961088.1
101	Homo sapiens	2021-12-02	Jamaica	AY.103	OM961089.1
101	Homo sapiens	2021-12-02	Jamaica	AY.103	OM961090.1
101	Homo sapiens	2021-12-03	Jamaica	AY.100	OM961091.1
101	Homo sapiens	2021-12-03	Jamaica	AY.107	OM961092.1
101	Homo sapiens	2021-12-03	Jamaica	AY.107	OM961093.1
101	Homo sapiens	2021-12-03	Jamaica	AY.100	OM961094.1
101	Homo sapiens	2021-12-03	Jamaica	AY.100	OM961095.1
101	Homo sapiens	2021-12-03	Jamaica	AY.100	OM961096.1
101	Homo sapiens	2021-12-03	Jamaica	AY.107	OM961097.1
101	Homo sapiens	2021-12-03	Jamaica	AY.107	OM961098.1
101	Homo sapiens	2021-12-03	Jamaica	AY.107	OM961099.1
101	Homo sapiens	2021-12-03	Jamaica	AY.107	OM961100.1
101	Homo sapiens	2021-12-03	Jamaica	AY.107	OM961101.1
101	Homo sapiens	2021-12-03	Jamaica	AY.103	OM961102.1
101	Homo sapiens	2021-12-03	Jamaica	AY.100	OM961103.1
101	Homo sapiens	2021-12-03	Jamaica	AY.107	OM961104.1
101	Homo sapiens	2021-12-04	Jamaica	AY.107	OM961105.1
101	Homo sapiens	2021-12-04	Jamaica	AY.25.1	OM961106.1
101	Homo sapiens	2021-12-04	Jamaica	AY.107	OM961107.1
101	Homo sapiens	2021-12-04	Jamaica	AY.44	OM961108.1
101	Homo sapiens	2021-12-05	Jamaica	AY.100	OM961109.1
101	Homo sapiens	2021-12-05	Jamaica	AY.107	OM961110.1
102	Homo sapiens	2021-12-06	Jamaica	AY.107	OM961111.1
102	Homo sapiens	2021-12-06	Jamaica	AY.107	OM961112.1
102	Homo sapiens	2021-12-06	Jamaica	AY.107	OM961113.1
102	Homo sapiens	2021-12-06	Jamaica	AY.107	OM961114.1
102	Homo sapiens	2021-12-06	Jamaica	AY.107	OM961115.1
102	Homo sapiens	2021-12-06	Jamaica	AY.107	OM961116.1
102	Homo sapiens	2021-12-06	Jamaica	AY.44	OM961117.1
102	Homo sapiens	2021-12-06	Jamaica	AY.107	OM961118.1
102	Homo sapiens	2021-12-06	Jamaica	AY.107	OM961119.1
102	Homo sapiens	2021-12-06	Jamaica	AY.107	OM961120.1
102	Homo sapiens	2021-12-07	Jamaica	AY.107	OM961121.1
102	Homo sapiens	2021-12-07	Jamaica	AY.100	OM961122.1
102	Homo sapiens	2021-12-07	Jamaica	AY.44	OM961123.1
102	Homo sapiens	2021-12-08	Jamaica	AY.107	OM961124.1
102	Homo sapiens	2021-12-08	Jamaica	AY.107	OM961125.1
102	Homo sapiens	2021-12-08	Jamaica	AY.103	OM961127.1
102	Homo sapiens	2021-12-08	Jamaica	AY.103	OM961128.1
102	Homo sapiens	2021-12-08	Jamaica	AY.107	OM961129.1
102	Homo sapiens	2021-12-08	Jamaica	AY.107	OM961130.1
106	Homo sapiens	2022-01-05	Jamaica	BA.1.1	OM961131.1
106	Homo sapiens	2022-01-05	Jamaica	BA.1.1	OM961132.1
106	Homo sapiens	2022-01-05	Jamaica	BA.1.18	OM961133.1
106	Homo sapiens	2022-01-05	Jamaica	BA.1.1	OM961134.1
106	Homo sapiens	2022-01-05	Jamaica	BA.1.1	OM961135.1
106	Homo sapiens	2022-01-05	Jamaica	BA.1.15	OM961136.1
106	Homo sapiens	2022-01-05	Jamaica	BA.1.1	OM961137.1
106	Homo sapiens	2022-01-07	Jamaica	BA.1.18	OM961138.1
104	Homo sapiens	2021-12-25	Jamaica	AY.25.1	EPI_ISL_11017386
94	Homo sapiens	2021-10-11	Jamaica	AY.107	EPI_ISL_11668719
97	Homo sapiens	2021-11-07	Jamaica	AY.9	EPI_ISL_11668730
98	Homo sapiens	2021-11-14	Jamaica	AY.107	EPI_ISL_11668747
99	Homo sapiens	2021-11-16	Jamaica	AY.107	EPI_ISL_11668756
99	Homo sapiens	2021-11-15	Jamaica	AY.107	EPI_ISL_11668748
98	Homo sapiens	2021-11-14	Jamaica	AY.25.1	EPI_ISL_11668750
99	Homo sapiens	2021-11-19	Jamaica	AY.103	EPI_ISL_11668753
98	Homo sapiens	2021-11-12	Jamaica	AY.100	EPI_ISL_11668738
98	Homo sapiens	2021-11-12	Jamaica	AY.35	EPI_ISL_11668742
98	Homo sapiens	2021-11-10	Jamaica	AY.25	EPI_ISL_11668735
99	Homo sapiens	2021-11-19	Jamaica	AY.103	EPI_ISL_11668760
95	Homo sapiens	2021-10-18	Jamaica	AY.25.1	EPI_ISL_11668723
94	Homo sapiens	2021-10-13	Jamaica	AY.100	EPI_ISL_11668721
94	Homo sapiens	2021-10-15	Jamaica	AY.107	EPI_ISL_11668722
94	Homo sapiens	2021-10-11	Jamaica	AY.100	EPI_ISL_11668720
94	Homo sapiens	2021-10-17	Jamaica	AY.107	EPI_ISL_11668725
98	Homo sapiens	2021-11-11	Jamaica	AY.103	EPI_ISL_11668736
98	Homo sapiens	2021-11-12	Jamaica	AY.107	EPI_ISL_11668739
98	Homo sapiens	2021-11-12	Jamaica	AY.107	EPI_ISL_11668743
98	Homo sapiens	2021-11-12	Jamaica	AY.107	EPI_ISL_11668744
98	Homo sapiens	2021-11-14	Jamaica	AY.107	EPI_ISL_11668745
98	Homo sapiens	2021-11-08	Jamaica	AY.4	EPI_ISL_11668729
98	Homo sapiens	2021-11-12	Jamaica	AY.107	EPI_ISL_11668741
95	Homo sapiens	2021-10-22	Jamaica	AY.107	EPI_ISL_11668726
97	Homo sapiens	2021-11-04	Jamaica	AY.107	EPI_ISL_11668727
98	Homo sapiens	2021-11-08	Jamaica	AY.25.1	EPI_ISL_11668734
99	Homo sapiens	2021-11-18	Jamaica	AY.107	EPI_ISL_11668758
100	Homo sapiens	2021-11-24	Jamaica	AY.107	EPI_ISL_11668762
99	Homo sapiens	2021-11-19	Jamaica	AY.107	EPI_ISL_11668761
98	Homo sapiens	2021-11-14	Jamaica	AY.107	EPI_ISL_11668749
99	Homo sapiens	2021-11-16	Jamaica	AY.25.1	EPI_ISL_11668754
98	Homo sapiens	2021-11-14	Jamaica	AY.103	EPI_ISL_11668752
108	Homo sapiens	2022-01-17	Jamaica	BA.1.1	EPI_ISL_12087562
112	Homo sapiens	2022-02-18	Jamaica	BA.1.1	EPI_ISL_12087571
106	Homo sapiens	2022-01-07	Jamaica	BA.1.17.2	EPI_ISL_12087592
98	Homo sapiens	2021-11-09	Jamaica	AY.103	EPI_ISL_10251315
121	Homo sapiens	2022-04-21	Jamaica	BA.2.18	EPI_ISL_13462636
127	Homo sapiens	2022-05-31	Jamaica	BA.2	OP157264.1
127	Homo sapiens	2022-05-31	Jamaica	BA.2	OP157265.1
127	Homo sapiens	2022-05-31	Jamaica	BA.2	OP157266.1
127	Homo sapiens	2022-05-31	Jamaica	BA.2	OP157267.1
127	Homo sapiens	2022-05-31	Jamaica	BA.2	OP157268.1
127	Homo sapiens	2022-06-01	Jamaica	BA.2	OP157269.1
127	Homo sapiens	2022-06-01	Jamaica	BA.2	OP157271.1
127	Homo sapiens	2022-06-01	Jamaica	BA.2	OP157272.1
127	Homo sapiens	2022-06-01	Jamaica	BA.2	OP157273.1
127	Homo sapiens	2022-06-02	Jamaica	BA.2	OP157274.1
127	Homo sapiens	2022-06-02	Jamaica	BA.2	OP157275.1
127	Homo sapiens	2022-06-02	Jamaica	BA.2.18	OP157276.1
127	Homo sapiens	2022-06-02	Jamaica	BA.2.12.1	OP157277.1
127	Homo sapiens	2022-06-02	Jamaica	BA.2.18	OP157279.1
127	Homo sapiens	2022-06-02	Jamaica	BA.2	OP157280.1
127	Homo sapiens	2022-06-03	Jamaica	BA.2.9.2	OP157281.1
127	Homo sapiens	2022-06-03	Jamaica	BA.2.12.1	OP157285.1
127	Homo sapiens	2022-06-03	Jamaica	BA.2.5	OP157286.1
127	Homo sapiens	2022-06-04	Jamaica	BA.2	OP157287.1
127	Homo sapiens	2022-06-04	Jamaica	BA.2	OP157288.1
127	Homo sapiens	2022-06-04	Jamaica	BA.2.12.1	OP157289.1
127	Homo sapiens	2022-06-04	Jamaica	BA.4.1	OP157290.1
127	Homo sapiens	2022-06-04	Jamaica	BA.4.1	OP157291.1
127	Homo sapiens	2022-06-04	Jamaica	BA.2	OP157292.1
127	Homo sapiens	2022-06-04	Jamaica	BA.4.1	OP157293.1
127	Homo sapiens	2022-06-04	Jamaica	BA.2.12.1	OP157294.1
127	Homo sapiens	2022-06-04	Jamaica	BA.2	OP157295.1
127	Homo sapiens	2022-06-04	Jamaica	BA.2	OP157296.1
127	Homo sapiens	2022-06-04	Jamaica	BA.2.12.1	OP157297.1
127	Homo sapiens	2022-06-04	Jamaica	BA.2.18	OP157298.1
127	Homo sapiens	2022-06-04	Jamaica	BA.2	OP157299.1
127	Homo sapiens	2022-06-04	Jamaica	BA.2.12.1	OP157300.1
127	Homo sapiens	2022-06-04	Jamaica	BA.4.1	OP157301.1
127	Homo sapiens	2022-06-05	Jamaica	BA.2.12.1	OP157303.1
127	Homo sapiens	2022-06-05	Jamaica	BA.2	OP157304.1
127	Homo sapiens	2022-06-05	Jamaica	BA.2.12.1	OP157305.1
127	Homo sapiens	2022-06-05	Jamaica	BA.4.1	OP157306.1
127	Homo sapiens	2022-06-05	Jamaica	BA.2	OP157307.1
127	Homo sapiens	2022-06-05	Jamaica	BA.2.12.1	OP157308.1
128	Homo sapiens	2022-06-06	Jamaica	BA.2.12.1	OP157309.1
128	Homo sapiens	2022-06-06	Jamaica	BA.2.12.1	OP157310.1
128	Homo sapiens	2022-06-06	Jamaica	BA.2	OP157311.1
128	Homo sapiens	2022-06-06	Jamaica	BA.2	OP157312.1
128	Homo sapiens	2022-06-06	Jamaica	BA.2	OP157313.1
128	Homo sapiens	2022-06-07	Jamaica	BA.2.12.1	OP157314.1
128	Homo sapiens	2022-06-07	Jamaica	BA.2	OP157315.1
128	Homo sapiens	2022-06-07	Jamaica	BA.2	OP157316.1
128	Homo sapiens	2022-06-07	Jamaica	BA.2.51	OP157317.1
128	Homo sapiens	2022-06-07	Jamaica	BA.2.12.1	OP157318.1
128	Homo sapiens	2022-06-07	Jamaica	BA.2	OP157319.1
128	Homo sapiens	2022-06-07	Jamaica	BA.2.18	OP157320.1
128	Homo sapiens	2022-06-08	Jamaica	BA.2	OP157321.1
128	Homo sapiens	2022-06-08	Jamaica	BA.2.12.1	OP157322.1
128	Homo sapiens	2022-06-08	Jamaica	BA.4	OP157323.1
128	Homo sapiens	2022-06-08	Jamaica	BA.2.12.1	OP157324.1
128	Homo sapiens	2022-06-09	Jamaica	BA.2	OP157325.1
128	Homo sapiens	2022-06-09	Jamaica	BA.2.12.1	OP157326.1
128	Homo sapiens	2022-06-09	Jamaica	BA.2	OP157327.1
128	Homo sapiens	2022-06-09	Jamaica	BA.2.1	OP157328.1
128	Homo sapiens	2022-06-09	Jamaica	BA.2	OP157329.1
128	Homo sapiens	2022-06-10	Jamaica	BA.4.1	OP157330.1
128	Homo sapiens	2022-06-10	Jamaica	BA.2	OP157331.1
128	Homo sapiens	2022-06-10	Jamaica	BA.2	OP157332.1
128	Homo sapiens	2022-06-10	Jamaica	BA.2	OP157333.1
128	Homo sapiens	2022-06-10	Jamaica	BA.2.45	OP157334.1
128	Homo sapiens	2022-06-10	Jamaica	BA.2.12.1	OP157335.1
128	Homo sapiens	2022-06-12	Jamaica	BA.2	OP157337.1
128	Homo sapiens	2022-06-12	Jamaica	BA.2.12.1	OP157338.1
129	Homo sapiens	2022-06-14	Jamaica	BA.5.1	EPI_ISL_14469320
134	Homo sapiens	2022-07-20	Jamaica	BA.5.2.1	EPI_ISL_14780239
134	Homo sapiens	2022-07-19	Jamaica	BA.5.2.1	EPI_ISL_14780169
134	Homo sapiens	2022-07-20	Jamaica	BE.1	EPI_ISL_14780199
129	Homo sapiens	2022-06-17	Jamaica	BA.2	EPI_ISL_14986940
158	Homo sapiens	2023-01-06	Jamaica	BQ.1.3	EPI_ISL_16833078
158	Homo sapiens	2023-01-03	Jamaica	BQ.1.1.13	EPI_ISL_16833054
157	Homo sapiens	2022-12-30	Jamaica	BQ.1.1	EPI_ISL_16833038
158	Homo sapiens	2023-01-08	Jamaica	BQ.1.18	EPI_ISL_16833087
158	Homo sapiens	2023-01-06	Jamaica	BQ.1.1.32	EPI_ISL_16833080
158	Homo sapiens	2023-01-07	Jamaica	BQ.1.1	EPI_ISL_16833085
157	Homo sapiens	2023-01-01	Jamaica	BQ.1.1	EPI_ISL_16833082
158	Homo sapiens	2023-01-04	Jamaica	BQ.1.1	EPI_ISL_16833071
158	Homo sapiens	2023-01-04	Jamaica	BQ.1.18	EPI_ISL_16833072
158	Homo sapiens	2023-01-06	Jamaica	BQ.1.10	EPI_ISL_16833079
158	Homo sapiens	2023-01-06	Jamaica	BQ.1.1.4	EPI_ISL_16833069
157	Homo sapiens	2022-12-31	Jamaica	BQ.1.1	EPI_ISL_16833049
158	Homo sapiens	2023-01-04	Jamaica	BQ.1.1.13	EPI_ISL_16833056
157	Homo sapiens	2023-01-01	Jamaica	BQ.1.11	EPI_ISL_16833042
158	Homo sapiens	2023-01-04	Jamaica	BQ.1.2	EPI_ISL_16833048
157	Homo sapiens	2022-12-31	Jamaica	BA.5.5	EPI_ISL_16833040
157	Homo sapiens	2022-12-31	Jamaica	BQ.1.2	EPI_ISL_16833041
158	Homo sapiens	2023-01-02	Jamaica	BQ.1.11	EPI_ISL_16833045
157	Homo sapiens	2022-12-30	Jamaica	BQ.1.1.13	EPI_ISL_16833034
159	Homo sapiens	2023-01-11	Jamaica	BQ.1.1	EPI_ISL_16849034
159	Homo sapiens	2023-01-11	Jamaica	BQ.1.18	EPI_ISL_16849030
159	Homo sapiens	2023-01-11	Jamaica	BQ.1.1.18	EPI_ISL_16849031
158	Homo sapiens	2023-01-08	Jamaica	BQ.1.18	EPI_ISL_16849012
159	Homo sapiens	2023-01-10	Jamaica	BF.14	EPI_ISL_16849033
159	Homo sapiens	2023-01-11	Jamaica	BQ.1.1.7	EPI_ISL_16849036
159	Homo sapiens	2023-01-10	Jamaica	BQ.1.1.7	EPI_ISL_16849037
158	Homo sapiens	2023-01-04	Jamaica	BQ.1.1	EPI_ISL_16849039
153	Homo sapiens	2022-11-28	Jamaica	BQ.1.1	EPI_ISL_16849041
159	Homo sapiens	2023-01-09	Jamaica	BQ.1.1	EPI_ISL_16849024
156	Homo sapiens	2022-12-19	Jamaica	BQ.1.1	EPI_ISL_16913119
156	Homo sapiens	2022-12-21	Jamaica	BQ.1.1.25	EPI_ISL_16913122
156	Homo sapiens	2022-12-21	Jamaica	BQ.1.1.25	EPI_ISL_16913121
155	Homo sapiens	2022-12-14	Jamaica	BF.7.4.1	EPI_ISL_16913115
150	Homo sapiens	2022-11-09	Jamaica	BQ.1.11	EPI_ISL_16913141
152	Homo sapiens	2022-11-21	Jamaica	BF.14	EPI_ISL_16913148
150	Homo sapiens	2022-11-07	Jamaica	BF.7.4.1	EPI_ISL_16913134
150	Homo sapiens	2022-11-08	Jamaica	BQ.1.1	EPI_ISL_16913136
149	Homo sapiens	2022-10-31	Jamaica	BQ.1.1.5	EPI_ISL_16913152
152	Homo sapiens	2022-11-21	Jamaica	BQ.1.1	EPI_ISL_16913151
152	Homo sapiens	2022-11-21	Jamaica	BQ.1.1	EPI_ISL_17213728
151	Homo sapiens	2022-11-16	Jamaica	BQ.1.11	EPI_ISL_17213727
151	Homo sapiens	2022-11-17	Jamaica	BQ.1	EPI_ISL_17213726
150	Homo sapiens	2022-11-08	Jamaica	BE.1.1	EPI_ISL_17213722
144	Homo sapiens	2022-09-30	Jamaica	BA.5.6	EPI_ISL_17213765
146	Homo sapiens	2022-10-13	Jamaica	BA.5.2	EPI_ISL_17213729
147	Homo sapiens	2022-10-21	Jamaica	BF.28	EPI_ISL_17213738
145	Homo sapiens	2022-10-05	Jamaica	BA.5.2	EPI_ISL_17213769
151	Homo sapiens	2022-11-15	Jamaica	BQ.1.11	EPI_ISL_17213724
144	Homo sapiens	2022-09-27	Jamaica	BA.5.1	EPI_ISL_17213747
148	Homo sapiens	2022-10-28	Jamaica	BQ.1.11	EPI_ISL_17213741
148	Homo sapiens	2022-10-26	Jamaica	BA.5.2	EPI_ISL_17213739
147	Homo sapiens	2022-10-21	Jamaica	BA.5	EPI_ISL_17213735
151	Homo sapiens	2022-11-17	Jamaica	BE.1.1	EPI_ISL_17213725
147	Homo sapiens	2022-10-21	Jamaica	BF.11	EPI_ISL_17213736
144	Homo sapiens	2022-09-27	Jamaica	BA.5.1.23	EPI_ISL_17213750
144	Homo sapiens	2022-09-27	Jamaica	BA.5.1	EPI_ISL_17213746
144	Homo sapiens	2022-09-26	Jamaica	CE.1	EPI_ISL_17213749
159	Homo sapiens	2023-01-11	Jamaica	BQ.1.2	EPI_ISL_17213783
148	Homo sapiens	2022-10-28	Jamaica	BA.5.2	EPI_ISL_17213743
159	Homo sapiens	2023-01-10	Jamaica	BQ.1.8	EPI_ISL_17213776
159	Homo sapiens	2023-01-11	Jamaica	BQ.1.5	EPI_ISL_17213779
145	Homo sapiens	2022-10-06	Jamaica	BA.5.2	EPI_ISL_17213770
146	Homo sapiens	2022-10-12	Jamaica	BA.5.2.1	EPI_ISL_17213730
159	Homo sapiens	2023-01-12	Jamaica	BQ.1.10	EPI_ISL_17213780
159	Homo sapiens	2023-01-13	Jamaica	BQ.1.25	EPI_ISL_17213801
144	Homo sapiens	2022-09-26	Jamaica	BA.5.2.1	EPI_ISL_17213751
159	Homo sapiens	2023-01-15	Jamaica	BQ.1.1.4	EPI_ISL_17213805
159	Homo sapiens	2023-01-11	Jamaica	BQ.1.1.7	EPI_ISL_17213791
159	Homo sapiens	2023-01-15	Jamaica	BQ.1.25	EPI_ISL_17213802
160	Homo sapiens	2023-01-16	Jamaica	BQ.1.1.4	EPI_ISL_17213837
160	Homo sapiens	2023-01-17	Jamaica	BQ.1.23	EPI_ISL_17213844
160	Homo sapiens	2023-01-17	Jamaica	XBB.1.5	EPI_ISL_17213821
159	Homo sapiens	2023-01-15	Jamaica	BQ.1.1.4	EPI_ISL_17213804
160	Homo sapiens	2023-01-16	Jamaica	BQ.1.1.4	EPI_ISL_17213807
160	Homo sapiens	2023-01-18	Jamaica	BQ.1.2	EPI_ISL_17213854
160	Homo sapiens	2023-01-18	Jamaica	BQ.1.1	EPI_ISL_17213843
159	Homo sapiens	2023-01-13	Jamaica	XBB.1.5	EPI_ISL_17213800
159	Homo sapiens	2023-01-14	Jamaica	BQ.1.1.13	EPI_ISL_17213810
160	Homo sapiens	2023-01-16	Jamaica	BQ.1.1.4	EPI_ISL_17213830
158	Homo sapiens	2023-01-08	Jamaica	BQ.1.1	EPI_ISL_17213799
159	Homo sapiens	2023-01-15	Jamaica	BQ.1.13.1	EPI_ISL_17213809
159	Homo sapiens	2023-01-13	Jamaica	XBB.1.5	EPI_ISL_17213792
159	Homo sapiens	2023-01-12	Jamaica	BQ.1.1	EPI_ISL_17213833
160	Homo sapiens	2023-01-16	Jamaica	BQ.1.1.2	EPI_ISL_17213787
159	Homo sapiens	2023-01-11	Jamaica	BQ.1.1.7	EPI_ISL_17213790
157	Homo sapiens	2023-01-01	Jamaica	BQ.1.1.18	EPI_ISL_17213842
160	Homo sapiens	2023-01-16	Jamaica	BQ.1.1.4	EPI_ISL_17213829
160	Homo sapiens	2023-01-16	Jamaica	BQ.1.1.4	EPI_ISL_17213828
159	Homo sapiens	2023-01-14	Jamaica	BQ.1.18	EPI_ISL_17213811
160	Homo sapiens	2023-01-16	Jamaica	BQ.1.1.4	EPI_ISL_17213831
159	Homo sapiens	2023-01-14	Jamaica	BQ.1.1.4	EPI_ISL_17213826
159	Homo sapiens	2023-01-12	Jamaica	BQ.1.1.4	EPI_ISL_17213823
160	Homo sapiens	2023-01-17	Jamaica	BQ.1.1	EPI_ISL_17213818
159	Homo sapiens	2023-01-12	Jamaica	BQ.1.1.4	EPI_ISL_17213825
160	Homo sapiens	2023-01-16	Jamaica	BQ.1.23	EPI_ISL_17213817
160	Homo sapiens	2023-01-18	Jamaica	BQ.1.28	EPI_ISL_17213862
159	Homo sapiens	2023-01-15	Jamaica	BQ.1.5	EPI_ISL_17213812
160	Homo sapiens	2023-01-18	Jamaica	P.1	EPI_ISL_17213865
160	Homo sapiens	2023-01-16	Jamaica	BQ.1.23	EPI_ISL_17213814
160	Homo sapiens	2023-01-18	Jamaica	XBB.1.5	EPI_ISL_17213861
160	Homo sapiens	2023-01-17	Jamaica	BQ.1.1.4	EPI_ISL_17213857
160	Homo sapiens	2023-01-17	Jamaica	XBB.1.5	EPI_ISL_17213822
160	Homo sapiens	2023-01-18	Jamaica	BQ.1.1	EPI_ISL_17213852
160	Homo sapiens	2023-01-16	Jamaica	XBB.1.5	EPI_ISL_17213813
160	Homo sapiens	2023-01-17	Jamaica	XBB.1.5	EPI_ISL_17213860
158	Homo sapiens	2023-01-02	Jamaica	XBB.1.5	EPI_ISL_17213834
158	Homo sapiens	2023-01-07	Jamaica	BQ.1	EPI_ISL_17359266
159	Homo sapiens	2023-01-12	Jamaica	BQ.1.1.30	EPI_ISL_17359274
159	Homo sapiens	2023-01-10	Jamaica	BQ.1.1.32	EPI_ISL_17359271
125	Homo sapiens	2022-05-20	Jamaica	BA.2	EPI_ISL_17359325
134	Homo sapiens	2022-07-19	Jamaica	BA.5.5.2	EPI_ISL_17419289
134	Homo sapiens	2022-07-21	Jamaica	BF.10	EPI_ISL_17419292
132	Homo sapiens	2022-07-09	Jamaica	BA.5.6	EPI_ISL_17422333
133	Homo sapiens	2022-07-11	Jamaica	BA.5.1	EPI_ISL_17422339
141	Homo sapiens	2022-09-09	Jamaica	BA.4.6	EPI_ISL_17508273
142	Homo sapiens	2022-09-16	Jamaica	BA.5.1.18	EPI_ISL_17508274
144	Homo sapiens	2022-09-27	Jamaica	BA.5.1.18	EPI_ISL_17508329
142	Homo sapiens	2022-09-16	Jamaica	BA.4.6	EPI_ISL_17508321
142	Homo sapiens	2022-09-16	Jamaica	BA.5.2.1	EPI_ISL_17508281
144	Homo sapiens	2022-09-27	Jamaica	BA.5.2.1	EPI_ISL_17508322
143	Homo sapiens	2022-09-25	Jamaica	BE.1.1.1	EPI_ISL_17508317
144	Homo sapiens	2022-09-26	Jamaica	BE.1	EPI_ISL_17508323
141	Homo sapiens	2022-09-08	Jamaica	BA.4.6	EPI_ISL_17508341
141	Homo sapiens	2022-09-08	Jamaica	BA.5.2.1	EPI_ISL_17508337
141	Homo sapiens	2022-09-10	Jamaica	BA.5.2.1	EPI_ISL_17508334
141	Homo sapiens	2022-09-09	Jamaica	BA.5.2.1	EPI_ISL_17508343
141	Homo sapiens	2022-09-10	Jamaica	BA.5.6	EPI_ISL_17508342
142	Homo sapiens	2022-09-13	Jamaica	BA.5.2.1	EPI_ISL_17508350
141	Homo sapiens	2022-09-10	Jamaica	BA.5.1.23	EPI_ISL_17508346
142	Homo sapiens	2022-09-17	Jamaica	BA.5.2.1	EPI_ISL_17508304
143	Homo sapiens	2022-09-22	Jamaica	BF.39	EPI_ISL_17508309
143	Homo sapiens	2022-09-23	Jamaica	CE.1	EPI_ISL_17508314
143	Homo sapiens	2022-09-20	Jamaica	BF.27	EPI_ISL_17508313
142	Homo sapiens	2022-09-17	Jamaica	BA.5.1.18	EPI_ISL_17508292
142	Homo sapiens	2022-09-17	Jamaica	BF.5	EPI_ISL_17508290
142	Homo sapiens	2022-09-17	Jamaica	BA.5.2	EPI_ISL_17508293
142	Homo sapiens	2022-09-15	Jamaica	BA.5.1.18	EPI_ISL_17508298
141	Homo sapiens	2022-09-09	Jamaica	BA.5.1.18	EPI_ISL_17508270
143	Homo sapiens	2022-09-19	Jamaica	BA.5.1.22	EPI_ISL_17508301
