12	Homo sapiens	2020-03-16	Jordan	B.1.1	MT811545.1
12	Homo sapiens	2020-03-17	Jordan	B.1.1	MT811546.1
13	Homo sapiens	2020-03-23	Jordan	B.1	MT811548.1
12	Homo sapiens	2020-03-16	Jordan	B.28	MT811549.1
13	Homo sapiens	2020-03-28	Jordan	A.5	MT811550.1
12	Homo sapiens	2020-03-17	Jordan	B.1.1	MT811551.1
14	Homo sapiens	2020-03-30	Jordan	B.35	MT811552.1
12	Homo sapiens	2020-03-17	Jordan	B.1.1	MT811553.1
12	Homo sapiens	2020-03-16	Jordan	B.1.1	MT811554.1
12	Homo sapiens	2020-03-16	Jordan	B.1.1	MT811555.1
12	Homo sapiens	2020-03-17	Jordan	B.1.1	MT811556.1
13	Homo sapiens	2020-03-26	Jordan	B.1	EPI_ISL_430005
13	Homo sapiens	2020-03-23	Jordan	B.1	MT811557.1
12	Homo sapiens	2020-03-19	Jordan	B.1.1	MT811558.1
14	Homo sapiens	2020-03-30	Jordan	B.1.1	MT811560.1
12	Homo sapiens	2020-03-19	Jordan	B.35	MT811561.1
14	Homo sapiens	2020-03-30	Jordan	B.1.1	MT811562.1
12	Homo sapiens	2020-03-17	Jordan	B.28	MT811564.1
13	Homo sapiens	2020-03-24	Jordan	B.28	MT811565.1
12	Homo sapiens	2020-03-16	Jordan	B.40	MT811566.1
15	Homo sapiens	2020-04-07	Jordan	B.28	MT811567.1
15	Homo sapiens	2020-04-08	Jordan	B.1	MT811568.1
15	Homo sapiens	2020-04-06	Jordan	A	MT811569.1
26	Homo sapiens	2020-06-25	Jordan	A	EPI_ISL_635777
27	Homo sapiens	2020-07-04	Jordan	B.1.466	EPI_ISL_635778
23	Homo sapiens	2020-06-01	Jordan	B.1	EPI_ISL_635779
23	Homo sapiens	2020-06-04	Jordan	B.1	EPI_ISL_635780
25	Homo sapiens	2020-06-21	Jordan	B.1	EPI_ISL_635781
27	Homo sapiens	2020-07-04	Jordan	B.1.466	EPI_ISL_635782
40	Homo sapiens	2020-09-30	Jordan	B.1.1.312	EPI_ISL_636267
40	Homo sapiens	2020-09-30	Jordan	B.1.36.10	EPI_ISL_636268
40	Homo sapiens	2020-09-30	Jordan	B.1.1.312	EPI_ISL_636269
40	Homo sapiens	2020-09-30	Jordan	B.1.1.312	EPI_ISL_636270
40	Homo sapiens	2020-09-30	Jordan	B.1.1.312	EPI_ISL_636271
40	Homo sapiens	2020-09-30	Jordan	B.1.1.312	EPI_ISL_636272
40	Homo sapiens	2020-09-30	Jordan	B.1.1.312	EPI_ISL_636273
40	Homo sapiens	2020-09-30	Jordan	B.1.36.10	EPI_ISL_636274
40	Homo sapiens	2020-09-30	Jordan	B.1.1.312	EPI_ISL_636275
40	Homo sapiens	2020-09-30	Jordan	B.1.1.312	EPI_ISL_636276
40	Homo sapiens	2020-09-30	Jordan	B.1.1.312	EPI_ISL_636277
40	Homo sapiens	2020-09-30	Jordan	B.1.36.10	EPI_ISL_636278
40	Homo sapiens	2020-09-30	Jordan	B.1.1.312	EPI_ISL_636279
40	Homo sapiens	2020-09-30	Jordan	B.1.1.312	EPI_ISL_636280
40	Homo sapiens	2020-09-30	Jordan	B.1.1.312	EPI_ISL_636281
40	Homo sapiens	2020-09-30	Jordan	B.1.1.312	EPI_ISL_636282
40	Homo sapiens	2020-09-30	Jordan	B.1.36.10	EPI_ISL_636283
40	Homo sapiens	2020-09-30	Jordan	B.1.36.10	EPI_ISL_636284
40	Homo sapiens	2020-09-30	Jordan	B.1.36.10	EPI_ISL_636285
40	Homo sapiens	2020-09-30	Jordan	B.1.1.312	EPI_ISL_636286
40	Homo sapiens	2020-09-30	Jordan	B.1.1.312	EPI_ISL_636287
40	Homo sapiens	2020-09-30	Jordan	B.1.1.312	EPI_ISL_636288
40	Homo sapiens	2020-09-30	Jordan	B.1.1.312	EPI_ISL_636289
40	Homo sapiens	2020-09-30	Jordan	B.1.1.312	EPI_ISL_636290
40	Homo sapiens	2020-09-30	Jordan	B.1.36.10	EPI_ISL_636291
40	Homo sapiens	2020-09-30	Jordan	B.1.1.312	EPI_ISL_636292
40	Homo sapiens	2020-09-30	Jordan	B.1.1.312	EPI_ISL_636293
40	Homo sapiens	2020-09-30	Jordan	B.1.1.312	EPI_ISL_636294
40	Homo sapiens	2020-09-30	Jordan	B.1.1.312	EPI_ISL_636295
40	Homo sapiens	2020-09-30	Jordan	B.1.1.312	EPI_ISL_636296
40	Homo sapiens	2020-09-30	Jordan	B.1.1.312	EPI_ISL_636297
40	Homo sapiens	2020-09-30	Jordan	B.1.1.312	EPI_ISL_636298
40	Homo sapiens	2020-09-30	Jordan	B.1.1.312	EPI_ISL_636299
40	Homo sapiens	2020-09-30	Jordan	B.1.1.312	EPI_ISL_636300
40	Homo sapiens	2020-09-30	Jordan	B.1.1.312	EPI_ISL_636301
40	Homo sapiens	2020-09-30	Jordan	B.1.1.312	EPI_ISL_636302
40	Homo sapiens	2020-09-30	Jordan	B.1.1.312	EPI_ISL_636303
40	Homo sapiens	2020-09-30	Jordan	B.1.1.312	EPI_ISL_636304
40	Homo sapiens	2020-09-30	Jordan	B.1.1.312	EPI_ISL_636305
40	Homo sapiens	2020-09-30	Jordan	B.1.1.312	EPI_ISL_636306
40	Homo sapiens	2020-09-30	Jordan	B.1.1.312	EPI_ISL_636307
40	Homo sapiens	2020-09-30	Jordan	B.1.1.312	EPI_ISL_636308
40	Homo sapiens	2020-09-30	Jordan	B.1.1.312	EPI_ISL_636309
40	Homo sapiens	2020-09-30	Jordan	B.1.1.312	EPI_ISL_636310
40	Homo sapiens	2020-09-30	Jordan	B.1.1.312	EPI_ISL_636311
40	Homo sapiens	2020-09-30	Jordan	B.1.1.312	EPI_ISL_636312
40	Homo sapiens	2020-09-30	Jordan	B.1.1.312	EPI_ISL_636313
40	Homo sapiens	2020-09-30	Jordan	B.1.1.312	EPI_ISL_636314
40	Homo sapiens	2020-09-30	Jordan	B.1.1.312	EPI_ISL_636315
40	Homo sapiens	2020-09-30	Jordan	B.1.1.312	EPI_ISL_636316
40	Homo sapiens	2020-09-30	Jordan	B.1.1.312	EPI_ISL_636317
40	Homo sapiens	2020-09-30	Jordan	B.1.1.312	EPI_ISL_636318
40	Homo sapiens	2020-09-30	Jordan	B.1.1.312	EPI_ISL_636319
40	Homo sapiens	2020-09-30	Jordan	B.1.1.312	EPI_ISL_636320
40	Homo sapiens	2020-09-30	Jordan	B.1.1.312	EPI_ISL_636321
40	Homo sapiens	2020-09-30	Jordan	B.1.1.312	EPI_ISL_636322
40	Homo sapiens	2020-09-30	Jordan	B.1.1.312	EPI_ISL_636323
40	Homo sapiens	2020-09-30	Jordan	B.1.1.312	EPI_ISL_636324
40	Homo sapiens	2020-09-30	Jordan	B.1.1.312	EPI_ISL_636325
40	Homo sapiens	2020-09-30	Jordan	B.1.36.10	EPI_ISL_636326
40	Homo sapiens	2020-09-30	Jordan	B.1.36.10	EPI_ISL_636327
40	Homo sapiens	2020-09-30	Jordan	B.1.1.312	EPI_ISL_636328
40	Homo sapiens	2020-10-02	Jordan	B.1.1.312	EPI_ISL_636329
40	Homo sapiens	2020-10-02	Jordan	B.1.1.312	EPI_ISL_636330
40	Homo sapiens	2020-10-02	Jordan	B.1.1.312	EPI_ISL_636331
40	Homo sapiens	2020-10-03	Jordan	B.1.1.312	EPI_ISL_636332
40	Homo sapiens	2020-10-03	Jordan	B.1.1.312	EPI_ISL_636333
40	Homo sapiens	2020-10-03	Jordan	B.1.1.312	EPI_ISL_636334
40	Homo sapiens	2020-10-02	Jordan	B.1.1.312	EPI_ISL_636335
40	Homo sapiens	2020-10-02	Jordan	B.1.1.312	EPI_ISL_636336
40	Homo sapiens	2020-10-03	Jordan	B.1.36.10	EPI_ISL_636337
40	Homo sapiens	2020-10-03	Jordan	B.1.36.10	EPI_ISL_636338
40	Homo sapiens	2020-10-03	Jordan	B.1.1.312	EPI_ISL_636339
40	Homo sapiens	2020-10-03	Jordan	B.1.1.312	EPI_ISL_636340
40	Homo sapiens	2020-10-02	Jordan	B.1.1.312	EPI_ISL_636341
40	Homo sapiens	2020-10-02	Jordan	B.1.1.312	EPI_ISL_636342
40	Homo sapiens	2020-10-03	Jordan	B.1.36.10	EPI_ISL_636343
40	Homo sapiens	2020-10-03	Jordan	B.1.36.10	EPI_ISL_636344
40	Homo sapiens	2020-10-03	Jordan	B.1.1.312	EPI_ISL_636345
40	Homo sapiens	2020-10-03	Jordan	B.1.1.312	EPI_ISL_636346
40	Homo sapiens	2020-10-03	Jordan	B.1.1.312	EPI_ISL_636347
40	Homo sapiens	2020-10-02	Jordan	B.1.1.312	EPI_ISL_636348
40	Homo sapiens	2020-10-02	Jordan	B.1.1.312	EPI_ISL_636349
40	Homo sapiens	2020-10-03	Jordan	B.1.1.312	EPI_ISL_636350
40	Homo sapiens	2020-10-03	Jordan	B.1.1.312	EPI_ISL_636351
40	Homo sapiens	2020-10-03	Jordan	B.1.1.312	EPI_ISL_636352
40	Homo sapiens	2020-10-03	Jordan	B.1.1.312	EPI_ISL_636353
40	Homo sapiens	2020-10-03	Jordan	B.1.1.312	EPI_ISL_636354
40	Homo sapiens	2020-10-03	Jordan	B.1.1.312	EPI_ISL_636355
40	Homo sapiens	2020-10-02	Jordan	B.1.36.10	EPI_ISL_636356
40	Homo sapiens	2020-10-03	Jordan	B.1.1.312	EPI_ISL_636357
40	Homo sapiens	2020-10-03	Jordan	B.1.1.312	EPI_ISL_636358
40	Homo sapiens	2020-10-03	Jordan	B.1.1.312	EPI_ISL_636359
40	Homo sapiens	2020-10-02	Jordan	B.1.1.312	EPI_ISL_636360
40	Homo sapiens	2020-10-03	Jordan	B.1.1.312	EPI_ISL_636362
40	Homo sapiens	2020-10-03	Jordan	B.1.1.312	EPI_ISL_636363
40	Homo sapiens	2020-10-03	Jordan	B.1.1.312	EPI_ISL_636364
40	Homo sapiens	2020-10-03	Jordan	B.1.1.312	EPI_ISL_636365
40	Homo sapiens	2020-10-02	Jordan	B.1.1.312	EPI_ISL_636366
40	Homo sapiens	2020-10-02	Jordan	B.1.1.312	EPI_ISL_636367
40	Homo sapiens	2020-10-03	Jordan	B.1.1.312	EPI_ISL_636368
40	Homo sapiens	2020-10-03	Jordan	B.1.1.312	EPI_ISL_636369
40	Homo sapiens	2020-10-03	Jordan	B.1.36.10	EPI_ISL_636370
40	Homo sapiens	2020-10-02	Jordan	B.1.1.312	EPI_ISL_636371
40	Homo sapiens	2020-10-03	Jordan	B.1.1.312	EPI_ISL_636372
40	Homo sapiens	2020-10-03	Jordan	B.1.1.312	EPI_ISL_636373
40	Homo sapiens	2020-10-03	Jordan	B.1.1.312	EPI_ISL_636374
40	Homo sapiens	2020-10-03	Jordan	B.1.1.312	EPI_ISL_636375
40	Homo sapiens	2020-10-03	Jordan	B.1.1.312	EPI_ISL_636376
40	Homo sapiens	2020-10-03	Jordan	B.1.1.312	EPI_ISL_636377
40	Homo sapiens	2020-10-03	Jordan	B.1.1.312	EPI_ISL_636378
40	Homo sapiens	2020-10-03	Jordan	B.1.1.312	EPI_ISL_636379
40	Homo sapiens	2020-10-02	Jordan	B.1.1.312	EPI_ISL_636380
40	Homo sapiens	2020-10-03	Jordan	B.1.1.312	EPI_ISL_636381
40	Homo sapiens	2020-10-03	Jordan	B.1.1.312	EPI_ISL_636382
40	Homo sapiens	2020-10-03	Jordan	B.1.1.312	EPI_ISL_636383
40	Homo sapiens	2020-10-03	Jordan	B.1.1.312	EPI_ISL_636384
40	Homo sapiens	2020-10-02	Jordan	B.1.1.312	EPI_ISL_636385
40	Homo sapiens	2020-10-03	Jordan	B.1.1.312	EPI_ISL_636386
40	Homo sapiens	2020-10-03	Jordan	B.1.1.312	EPI_ISL_636387
40	Homo sapiens	2020-10-03	Jordan	B.1.1.312	EPI_ISL_636388
40	Homo sapiens	2020-10-03	Jordan	B.1.1.312	EPI_ISL_636389
40	Homo sapiens	2020-10-03	Jordan	B.1.1.312	EPI_ISL_636391
40	Homo sapiens	2020-10-03	Jordan	B.1.1.312	EPI_ISL_636392
40	Homo sapiens	2020-10-03	Jordan	B.1.1.312	EPI_ISL_636393
40	Homo sapiens	2020-10-03	Jordan	B.1.1.312	EPI_ISL_636394
40	Homo sapiens	2020-10-03	Jordan	B.1.1.312	EPI_ISL_636395
40	Homo sapiens	2020-10-03	Jordan	B.1.1.312	EPI_ISL_636396
40	Homo sapiens	2020-10-03	Jordan	B.1.1.312	EPI_ISL_636397
40	Homo sapiens	2020-10-03	Jordan	B.1.1.312	EPI_ISL_636398
40	Homo sapiens	2020-10-03	Jordan	B.1.36.10	EPI_ISL_636399
40	Homo sapiens	2020-10-03	Jordan	B.1.36.10	EPI_ISL_636400
40	Homo sapiens	2020-10-03	Jordan	B.1.1.312	EPI_ISL_636401
40	Homo sapiens	2020-10-03	Jordan	B.1.1.312	EPI_ISL_636402
40	Homo sapiens	2020-10-03	Jordan	B.1.1.312	EPI_ISL_636403
40	Homo sapiens	2020-10-03	Jordan	B.1.1.312	EPI_ISL_636404
40	Homo sapiens	2020-10-03	Jordan	B.1.1.312	EPI_ISL_636405
40	Homo sapiens	2020-10-03	Jordan	B.1.1.312	EPI_ISL_636406
40	Homo sapiens	2020-10-03	Jordan	B.1.1.312	EPI_ISL_636407
40	Homo sapiens	2020-10-03	Jordan	B.1.1.312	EPI_ISL_636408
40	Homo sapiens	2020-10-03	Jordan	B.1.1.312	EPI_ISL_636409
40	Homo sapiens	2020-10-03	Jordan	B.1.36.10	EPI_ISL_636410
40	Homo sapiens	2020-10-03	Jordan	B.1.36.10	EPI_ISL_636411
40	Homo sapiens	2020-10-03	Jordan	B.1.1.312	EPI_ISL_636412
40	Homo sapiens	2020-10-03	Jordan	B.1.1.312	EPI_ISL_636413
40	Homo sapiens	2020-10-03	Jordan	B.1.1.312	EPI_ISL_636414
40	Homo sapiens	2020-10-03	Jordan	B.1.1.312	EPI_ISL_636415
40	Homo sapiens	2020-10-03	Jordan	B.1.1.312	EPI_ISL_636416
40	Homo sapiens	2020-10-03	Jordan	B.1.1.312	EPI_ISL_636417
40	Homo sapiens	2020-10-03	Jordan	B.1.1.312	EPI_ISL_636418
40	Homo sapiens	2020-10-03	Jordan	B.1.1.312	EPI_ISL_636419
40	Homo sapiens	2020-10-03	Jordan	B.1.1.312	EPI_ISL_636420
40	Homo sapiens	2020-10-03	Jordan	B.1.1.312	EPI_ISL_636422
40	Homo sapiens	2020-10-03	Jordan	B.1.1.312	EPI_ISL_636423
40	Homo sapiens	2020-10-03	Jordan	B.1.1.312	EPI_ISL_636424
40	Homo sapiens	2020-10-03	Jordan	B.1.1.312	EPI_ISL_636425
40	Homo sapiens	2020-10-03	Jordan	B.1.1.312	EPI_ISL_636427
40	Homo sapiens	2020-10-03	Jordan	B.1.1.312	EPI_ISL_636428
40	Homo sapiens	2020-10-03	Jordan	B.1.1.312	EPI_ISL_636429
40	Homo sapiens	2020-10-03	Jordan	B.1.1.312	EPI_ISL_636430
40	Homo sapiens	2020-10-03	Jordan	B.1.1.312	EPI_ISL_636431
40	Homo sapiens	2020-10-03	Jordan	B.1.1.312	EPI_ISL_636432
40	Homo sapiens	2020-10-03	Jordan	B.1.1.312	EPI_ISL_636433
40	Homo sapiens	2020-10-03	Jordan	B.1.1.312	EPI_ISL_636434
40	Homo sapiens	2020-10-03	Jordan	B.1.1.312	EPI_ISL_636435
40	Homo sapiens	2020-10-03	Jordan	B.1.1.312	EPI_ISL_636436
40	Homo sapiens	2020-10-03	Jordan	B.1.1.312	EPI_ISL_636437
40	Homo sapiens	2020-10-03	Jordan	B.1.36.10	EPI_ISL_636438
40	Homo sapiens	2020-10-03	Jordan	B.1.1.312	EPI_ISL_636439
40	Homo sapiens	2020-10-03	Jordan	B.1.1.312	EPI_ISL_636440
40	Homo sapiens	2020-10-03	Jordan	B.1.1.312	EPI_ISL_636441
40	Homo sapiens	2020-10-03	Jordan	B.1.1.312	EPI_ISL_636442
40	Homo sapiens	2020-10-03	Jordan	B.1.1.312	EPI_ISL_636443
40	Homo sapiens	2020-10-03	Jordan	B.1.1.312	EPI_ISL_636444
40	Homo sapiens	2020-10-03	Jordan	B.1.1.312	EPI_ISL_636445
40	Homo sapiens	2020-10-03	Jordan	B.1.1.312	EPI_ISL_636446
40	Homo sapiens	2020-10-03	Jordan	B.1.1.312	EPI_ISL_636447
40	Homo sapiens	2020-10-03	Jordan	B.1.1.312	EPI_ISL_636448
40	Homo sapiens	2020-10-03	Jordan	B.1.1.312	EPI_ISL_636449
40	Homo sapiens	2020-10-03	Jordan	B.1.1.312	EPI_ISL_636450
40	Homo sapiens	2020-10-03	Jordan	B.1.1.312	EPI_ISL_636451
40	Homo sapiens	2020-10-03	Jordan	B.1.1.339	EPI_ISL_636452
40	Homo sapiens	2020-10-03	Jordan	B.1.1.312	EPI_ISL_636453
40	Homo sapiens	2020-10-03	Jordan	B.1.1.312	EPI_ISL_636454
40	Homo sapiens	2020-10-03	Jordan	B.1.1.312	EPI_ISL_636455
40	Homo sapiens	2020-10-03	Jordan	B.1.1.312	EPI_ISL_636456
40	Homo sapiens	2020-10-03	Jordan	B.1.1.312	EPI_ISL_636457
40	Homo sapiens	2020-10-03	Jordan	B.1.1.312	EPI_ISL_636458
37	Homo sapiens	2020-09-12	Jordan	B.1.1.312	EPI_ISL_730229
40	Homo sapiens	2020-10-04	Jordan	B.1.1.312	EPI_ISL_730230
41	Homo sapiens	2020-10-05	Jordan	B.1.1.312	EPI_ISL_730231
41	Homo sapiens	2020-10-08	Jordan	B.1.1.312	EPI_ISL_730232
40	Homo sapiens	2020-10-03	Jordan	B.1.1.312	EPI_ISL_730233
40	Homo sapiens	2020-10-03	Jordan	B.1.36.10	EPI_ISL_730234
41	Homo sapiens	2020-10-05	Jordan	B.1.1.312	EPI_ISL_730235
41	Homo sapiens	2020-10-06	Jordan	B.1.1.312	EPI_ISL_730236
40	Homo sapiens	2020-10-03	Jordan	B.1.1.312	EPI_ISL_730237
40	Homo sapiens	2020-10-03	Jordan	B.1.1.312	EPI_ISL_730238
40	Homo sapiens	2020-10-04	Jordan	B.1.1.312	EPI_ISL_730239
41	Homo sapiens	2020-10-07	Jordan	B.1.1.312	EPI_ISL_730240
41	Homo sapiens	2020-10-08	Jordan	B.1.1.312	EPI_ISL_730241
41	Homo sapiens	2020-10-10	Jordan	B.1.1.312	EPI_ISL_730242
40	Homo sapiens	2020-10-03	Jordan	B.1.36.10	EPI_ISL_730243
40	Homo sapiens	2020-10-03	Jordan	B.1.1.312	EPI_ISL_730244
40	Homo sapiens	2020-10-04	Jordan	B.1.1.312	EPI_ISL_730245
41	Homo sapiens	2020-10-05	Jordan	B.1.1.312	EPI_ISL_730246
41	Homo sapiens	2020-10-06	Jordan	B.1.1.312	EPI_ISL_730247
41	Homo sapiens	2020-10-08	Jordan	B.1.1.312	EPI_ISL_730248
41	Homo sapiens	2020-10-10	Jordan	B.1.1.312	EPI_ISL_730249
40	Homo sapiens	2020-10-03	Jordan	B.1.1.312	EPI_ISL_730250
41	Homo sapiens	2020-10-05	Jordan	B.1.1.312	EPI_ISL_730251
41	Homo sapiens	2020-10-06	Jordan	B.1.1.312	EPI_ISL_730252
41	Homo sapiens	2020-10-07	Jordan	B.1.1.312	EPI_ISL_730253
41	Homo sapiens	2020-10-10	Jordan	B.1.1.312	EPI_ISL_730254
41	Homo sapiens	2020-10-11	Jordan	B.1.1.312	EPI_ISL_730255
40	Homo sapiens	2020-10-03	Jordan	B.1.1.312	EPI_ISL_730256
40	Homo sapiens	2020-10-03	Jordan	B.1.1.312	EPI_ISL_730257
40	Homo sapiens	2020-10-03	Jordan	B.1.1.312	EPI_ISL_730258
41	Homo sapiens	2020-10-05	Jordan	B.1	EPI_ISL_730259
41	Homo sapiens	2020-10-06	Jordan	B.1.1.312	EPI_ISL_730260
41	Homo sapiens	2020-10-08	Jordan	B.1.1.312	EPI_ISL_730261
41	Homo sapiens	2020-10-10	Jordan	B.1.1.312	EPI_ISL_730262
41	Homo sapiens	2020-10-11	Jordan	B.1.1.312	EPI_ISL_730263
40	Homo sapiens	2020-10-03	Jordan	B.1.36.10	EPI_ISL_730264
40	Homo sapiens	2020-10-04	Jordan	B.1.36.10	EPI_ISL_730265
41	Homo sapiens	2020-10-06	Jordan	B.1.36.10	EPI_ISL_730266
41	Homo sapiens	2020-10-06	Jordan	B.1.1.312	EPI_ISL_730267
41	Homo sapiens	2020-10-08	Jordan	B.1.1.312	EPI_ISL_730268
41	Homo sapiens	2020-10-10	Jordan	B.1.36.10	EPI_ISL_730269
41	Homo sapiens	2020-10-11	Jordan	B.1.1.312	EPI_ISL_730270
40	Homo sapiens	2020-10-03	Jordan	B.1.36.10	EPI_ISL_730271
41	Homo sapiens	2020-10-05	Jordan	B.1.1.312	EPI_ISL_730272
41	Homo sapiens	2020-10-05	Jordan	B.1.1.312	EPI_ISL_730273
41	Homo sapiens	2020-10-06	Jordan	B.1.1.312	EPI_ISL_730274
41	Homo sapiens	2020-10-08	Jordan	B.1.36.10	EPI_ISL_730275
41	Homo sapiens	2020-10-10	Jordan	B.1.1.312	EPI_ISL_730276
41	Homo sapiens	2020-10-11	Jordan	B.1.1.312	EPI_ISL_730277
41	Homo sapiens	2020-10-10	Jordan	B.1.1.312	EPI_ISL_730278
41	Homo sapiens	2020-10-11	Jordan	B.1.36.10	EPI_ISL_730279
40	Homo sapiens	2020-10-03	Jordan	B.1.1.312	EPI_ISL_730280
41	Homo sapiens	2020-10-05	Jordan	B.1.1.312	EPI_ISL_730281
41	Homo sapiens	2020-10-05	Jordan	B.1.1.312	EPI_ISL_730282
41	Homo sapiens	2020-10-06	Jordan	B.1.1.312	EPI_ISL_730283
41	Homo sapiens	2020-10-07	Jordan	B.1.36.10	EPI_ISL_730284
41	Homo sapiens	2020-10-10	Jordan	B.1.1.312	EPI_ISL_730285
41	Homo sapiens	2020-10-11	Jordan	B.1.1.312	EPI_ISL_730286
40	Homo sapiens	2020-10-03	Jordan	B.1.36.10	EPI_ISL_730287
40	Homo sapiens	2020-10-04	Jordan	B.1.1.312	EPI_ISL_730288
41	Homo sapiens	2020-10-05	Jordan	B.1.1.312	EPI_ISL_730289
41	Homo sapiens	2020-10-06	Jordan	B.1.1.312	EPI_ISL_730290
42	Homo sapiens	2020-10-12	Jordan	B.1.1.312	EPI_ISL_730372
42	Homo sapiens	2020-10-15	Jordan	B.1.1.312	EPI_ISL_730373
42	Homo sapiens	2020-10-16	Jordan	B.1.1.312	EPI_ISL_730374
42	Homo sapiens	2020-10-17	Jordan	B.1.1.312	EPI_ISL_730375
43	Homo sapiens	2020-10-20	Jordan	B.1.1.312	EPI_ISL_730376
42	Homo sapiens	2020-10-16	Jordan	B.1.1.312	EPI_ISL_730377
43	Homo sapiens	2020-10-20	Jordan	B.1.1.312	EPI_ISL_730378
42	Homo sapiens	2020-10-12	Jordan	B.1.1.312	EPI_ISL_730379
42	Homo sapiens	2020-10-12	Jordan	B.1.1.312	EPI_ISL_730380
42	Homo sapiens	2020-10-15	Jordan	B.1.1.312	EPI_ISL_730381
42	Homo sapiens	2020-10-12	Jordan	B.1.1.312	EPI_ISL_730382
42	Homo sapiens	2020-10-15	Jordan	B.1.36.10	EPI_ISL_730383
42	Homo sapiens	2020-10-18	Jordan	B.1.36.10	EPI_ISL_730384
42	Homo sapiens	2020-10-15	Jordan	B.1.36.10	EPI_ISL_730385
42	Homo sapiens	2020-10-16	Jordan	B.1.1.312	EPI_ISL_730386
42	Homo sapiens	2020-10-16	Jordan	B.1.1.312	EPI_ISL_730387
42	Homo sapiens	2020-10-18	Jordan	B.1.1.312	EPI_ISL_730388
43	Homo sapiens	2020-10-20	Jordan	B.1.1.312	EPI_ISL_730389
42	Homo sapiens	2020-10-12	Jordan	B.1.1.312	EPI_ISL_730390
42	Homo sapiens	2020-10-16	Jordan	B.1.36.10	EPI_ISL_730392
42	Homo sapiens	2020-10-16	Jordan	B.1.1.312	EPI_ISL_730393
42	Homo sapiens	2020-10-12	Jordan	B.1.1.312	EPI_ISL_730394
42	Homo sapiens	2020-10-15	Jordan	B.1.1.312	EPI_ISL_730395
42	Homo sapiens	2020-10-16	Jordan	B.1.1.312	EPI_ISL_730396
42	Homo sapiens	2020-10-18	Jordan	B.1.1.312	EPI_ISL_730397
42	Homo sapiens	2020-10-18	Jordan	B.1.36.10	EPI_ISL_730398
43	Homo sapiens	2020-10-21	Jordan	B.1.1.312	EPI_ISL_730399
42	Homo sapiens	2020-10-16	Jordan	B.1.1.312	EPI_ISL_730401
42	Homo sapiens	2020-10-16	Jordan	B.1.1.312	EPI_ISL_730402
43	Homo sapiens	2020-10-20	Jordan	B.1.1.312	EPI_ISL_730403
42	Homo sapiens	2020-10-12	Jordan	B.1.1.312	EPI_ISL_730404
42	Homo sapiens	2020-10-15	Jordan	B.1.36.10	EPI_ISL_730405
42	Homo sapiens	2020-10-15	Jordan	B.1.1.312	EPI_ISL_730406
42	Homo sapiens	2020-10-16	Jordan	B.1.1.312	EPI_ISL_730407
42	Homo sapiens	2020-10-16	Jordan	B.1.1.312	EPI_ISL_730408
42	Homo sapiens	2020-10-18	Jordan	B.1.1.312	EPI_ISL_730409
42	Homo sapiens	2020-10-18	Jordan	B.1.1.312	EPI_ISL_730410
41	Homo sapiens	2020-10-07	Jordan	B.1.1.312	EPI_ISL_730411
42	Homo sapiens	2020-10-12	Jordan	B.1.36.10	EPI_ISL_730412
42	Homo sapiens	2020-10-14	Jordan	B.1.36.10	EPI_ISL_730413
42	Homo sapiens	2020-10-16	Jordan	B.1.1.312	EPI_ISL_730414
42	Homo sapiens	2020-10-16	Jordan	B.1.1.312	EPI_ISL_730415
42	Homo sapiens	2020-10-18	Jordan	B.1.1.312	EPI_ISL_730416
43	Homo sapiens	2020-10-19	Jordan	B.1.1.312	EPI_ISL_730417
41	Homo sapiens	2020-10-11	Jordan	B.1.1.312	EPI_ISL_730418
42	Homo sapiens	2020-10-12	Jordan	B.1.36.10	EPI_ISL_730419
42	Homo sapiens	2020-10-15	Jordan	B.1.1.312	EPI_ISL_730420
42	Homo sapiens	2020-10-18	Jordan	B.1.1.312	EPI_ISL_730421
43	Homo sapiens	2020-10-19	Jordan	B.1.1.312	EPI_ISL_730422
42	Homo sapiens	2020-10-15	Jordan	B.1.1.312	EPI_ISL_730423
42	Homo sapiens	2020-10-15	Jordan	B.1.1.312	EPI_ISL_730424
42	Homo sapiens	2020-10-16	Jordan	B.1.1.312	EPI_ISL_730425
42	Homo sapiens	2020-10-16	Jordan	B.1.36.10	EPI_ISL_730426
42	Homo sapiens	2020-10-17	Jordan	B.1.36.10	EPI_ISL_730427
43	Homo sapiens	2020-10-20	Jordan	B.1.1.312	EPI_ISL_730428
41	Homo sapiens	2020-10-05	Jordan	B.1.1.312	EPI_ISL_730429
43	Homo sapiens	2020-10-20	Jordan	B.1.36.10	EPI_ISL_730431
41	Homo sapiens	2020-10-08	Jordan	B.1.1.312	EPI_ISL_730432
41	Homo sapiens	2020-10-11	Jordan	B.1.1.312	EPI_ISL_730433
43	Homo sapiens	2020-10-20	Jordan	B.1.36.10	EPI_ISL_730434
42	Homo sapiens	2020-10-18	Jordan	B.1.1.312	EPI_ISL_730435
41	Homo sapiens	2020-10-06	Jordan	B.1.1.312	EPI_ISL_730436
41	Homo sapiens	2020-10-11	Jordan	B.1.1.312	EPI_ISL_730437
42	Homo sapiens	2020-10-18	Jordan	B.1.1.312	EPI_ISL_730438
41	Homo sapiens	2020-10-07	Jordan	B.1.1.312	EPI_ISL_730439
41	Homo sapiens	2020-10-08	Jordan	B.1.1.312	EPI_ISL_730440
42	Homo sapiens	2020-10-12	Jordan	B.1.1.312	EPI_ISL_730441
43	Homo sapiens	2020-10-20	Jordan	B.1.1.312	EPI_ISL_730442
41	Homo sapiens	2020-10-05	Jordan	B.1.1.312	EPI_ISL_730443
41	Homo sapiens	2020-10-11	Jordan	B.1.1.312	EPI_ISL_730444
42	Homo sapiens	2020-10-12	Jordan	B.1.36.10	EPI_ISL_730445
43	Homo sapiens	2020-10-20	Jordan	B.1.1.312	EPI_ISL_730446
42	Homo sapiens	2020-10-18	Jordan	B.1.1.312	EPI_ISL_730447
41	Homo sapiens	2020-10-05	Jordan	B.1.1.312	EPI_ISL_730448
41	Homo sapiens	2020-10-07	Jordan	B.1.1.312	EPI_ISL_730449
41	Homo sapiens	2020-10-11	Jordan	B.1.1.312	EPI_ISL_730450
42	Homo sapiens	2020-10-12	Jordan	B.1.36.10	EPI_ISL_730451
43	Homo sapiens	2020-10-20	Jordan	B.1.1.312	EPI_ISL_730452
42	Homo sapiens	2020-10-18	Jordan	B.1.1.312	EPI_ISL_730453
42	Homo sapiens	2020-10-18	Jordan	B.1.36.10	EPI_ISL_730454
41	Homo sapiens	2020-10-05	Jordan	B.1.1.312	EPI_ISL_730455
41	Homo sapiens	2020-10-08	Jordan	B.1.1.312	EPI_ISL_730456
41	Homo sapiens	2020-10-11	Jordan	B.1.1.312	EPI_ISL_730457
43	Homo sapiens	2020-10-20	Jordan	B.1.1.312	EPI_ISL_730458
42	Homo sapiens	2020-10-18	Jordan	B.1.1.312	EPI_ISL_730460
41	Homo sapiens	2020-10-07	Jordan	B.1.1.312	EPI_ISL_730461
41	Homo sapiens	2020-10-08	Jordan	B.1.1.312	EPI_ISL_730462
41	Homo sapiens	2020-10-11	Jordan	B.1.1.312	EPI_ISL_730463
42	Homo sapiens	2020-10-12	Jordan	B.1.1.312	EPI_ISL_730464
42	Homo sapiens	2020-10-18	Jordan	B.1.1.312	EPI_ISL_730465
41	Homo sapiens	2020-10-05	Jordan	B.1.1.312	EPI_ISL_730466
41	Homo sapiens	2020-10-07	Jordan	B.1.36.10	EPI_ISL_730467
41	Homo sapiens	2020-10-11	Jordan	B.1.1.312	EPI_ISL_730468
42	Homo sapiens	2020-10-18	Jordan	B.1.1.312	EPI_ISL_730469
42	Homo sapiens	2020-10-18	Jordan	B.1.1.312	EPI_ISL_730470
43	Homo sapiens	2020-10-19	Jordan	B.1.36.10	EPI_ISL_730471
42	Homo sapiens	2020-10-18	Jordan	B.1.36.10	EPI_ISL_730472
41	Homo sapiens	2020-10-06	Jordan	B.1.1.312	EPI_ISL_730474
41	Homo sapiens	2020-10-07	Jordan	B.1.1.312	EPI_ISL_730475
41	Homo sapiens	2020-10-11	Jordan	B.1.1.312	EPI_ISL_730476
42	Homo sapiens	2020-10-18	Jordan	B.1.1.312	EPI_ISL_730477
42	Homo sapiens	2020-10-18	Jordan	B.1.1.312	EPI_ISL_730478
41	Homo sapiens	2020-10-06	Jordan	B.1.1.312	EPI_ISL_730479
41	Homo sapiens	2020-10-06	Jordan	B.1.1.312	EPI_ISL_730480
42	Homo sapiens	2020-10-18	Jordan	B.1.1.312	EPI_ISL_730481
41	Homo sapiens	2020-10-06	Jordan	B.1.1.312	EPI_ISL_730482
41	Homo sapiens	2020-10-06	Jordan	B.1.1.312	EPI_ISL_730483
41	Homo sapiens	2020-10-05	Jordan	B.1.1.312	EPI_ISL_730484
42	Homo sapiens	2020-10-15	Jordan	B.1.1.312	EPI_ISL_730485
41	Homo sapiens	2020-10-06	Jordan	B.1.1.312	EPI_ISL_730486
41	Homo sapiens	2020-10-06	Jordan	B.1.1.312	EPI_ISL_730487
41	Homo sapiens	2020-10-07	Jordan	B.1.1.312	EPI_ISL_730488
42	Homo sapiens	2020-10-18	Jordan	B.1.1.312	EPI_ISL_730489
42	Homo sapiens	2020-10-15	Jordan	B.1.1.312	EPI_ISL_730490
41	Homo sapiens	2020-10-05	Jordan	B.1.1.312	EPI_ISL_730491
41	Homo sapiens	2020-10-06	Jordan	B.1.1.312	EPI_ISL_730492
41	Homo sapiens	2020-10-10	Jordan	B.1.1.312	EPI_ISL_730493
41	Homo sapiens	2020-10-06	Jordan	B.1.1.312	EPI_ISL_730494
41	Homo sapiens	2020-10-06	Jordan	B.1.1.312	EPI_ISL_730495
42	Homo sapiens	2020-10-17	Jordan	B.1.1.312	EPI_ISL_730496
42	Homo sapiens	2020-10-18	Jordan	B.1.1.312	EPI_ISL_730497
42	Homo sapiens	2020-10-12	Jordan	B.1.1.312	EPI_ISL_730498
41	Homo sapiens	2020-10-06	Jordan	B.1.1.312	EPI_ISL_730499
41	Homo sapiens	2020-10-06	Jordan	B.1.1.312	EPI_ISL_730500
42	Homo sapiens	2020-10-12	Jordan	B.1.1.312	EPI_ISL_730501
42	Homo sapiens	2020-10-15	Jordan	B.1.1.312	EPI_ISL_730502
41	Homo sapiens	2020-10-06	Jordan	B.1.1.312	EPI_ISL_730503
41	Homo sapiens	2020-10-06	Jordan	B.1.1.312	EPI_ISL_730504
41	Homo sapiens	2020-10-07	Jordan	B.1.1.312	EPI_ISL_730505
41	Homo sapiens	2020-10-07	Jordan	B.1.36.10	EPI_ISL_730506
42	Homo sapiens	2020-10-18	Jordan	B.1.36.10	EPI_ISL_730507
41	Homo sapiens	2020-10-08	Jordan	B.1.1.312	EPI_ISL_730508
41	Homo sapiens	2020-10-06	Jordan	B.1.1.312	EPI_ISL_730509
41	Homo sapiens	2020-10-06	Jordan	B.1.1.312	EPI_ISL_730510
41	Homo sapiens	2020-10-07	Jordan	B.1.1.312	EPI_ISL_730511
41	Homo sapiens	2020-10-07	Jordan	B.1.1.312	EPI_ISL_730512
41	Homo sapiens	2020-10-08	Jordan	B.1.1.312	EPI_ISL_730513
42	Homo sapiens	2020-10-18	Jordan	B.1.1.312	EPI_ISL_730514
41	Homo sapiens	2020-10-05	Jordan	B.1.1.312	EPI_ISL_730515
41	Homo sapiens	2020-10-07	Jordan	B.1.1.312	EPI_ISL_730516
45	Homo sapiens	2020-11-03	Jordan	B.1.1.312	EPI_ISL_730517
45	Homo sapiens	2020-11-04	Jordan	B.1.1.312	EPI_ISL_730518
45	Homo sapiens	2020-11-04	Jordan	B.1.1.312	EPI_ISL_730519
45	Homo sapiens	2020-11-06	Jordan	B.1.36	EPI_ISL_730520
44	Homo sapiens	2020-10-31	Jordan	B.1.36	EPI_ISL_730521
45	Homo sapiens	2020-11-06	Jordan	B.1.1.312	EPI_ISL_730522
45	Homo sapiens	2020-11-03	Jordan	B.1.36.10	EPI_ISL_730523
45	Homo sapiens	2020-11-04	Jordan	B.1.36.10	EPI_ISL_730524
45	Homo sapiens	2020-11-06	Jordan	B.1.1.312	EPI_ISL_730525
45	Homo sapiens	2020-11-06	Jordan	B.1	EPI_ISL_730526
44	Homo sapiens	2020-10-31	Jordan	B.1.36.10	EPI_ISL_730527
45	Homo sapiens	2020-11-02	Jordan	B.1.1.312	EPI_ISL_730528
45	Homo sapiens	2020-11-04	Jordan	B.1.36.10	EPI_ISL_730529
45	Homo sapiens	2020-11-04	Jordan	B.1.1.312	EPI_ISL_730530
45	Homo sapiens	2020-11-06	Jordan	B.1.1.312	EPI_ISL_730531
45	Homo sapiens	2020-11-02	Jordan	B.1.1.312	EPI_ISL_730532
44	Homo sapiens	2020-11-01	Jordan	B.1.36.10	EPI_ISL_730533
45	Homo sapiens	2020-11-04	Jordan	B.1.1.312	EPI_ISL_730534
45	Homo sapiens	2020-11-06	Jordan	B.1.1.312	EPI_ISL_730535
45	Homo sapiens	2020-11-06	Jordan	B.1.1.312	EPI_ISL_730536
44	Homo sapiens	2020-10-31	Jordan	B.1.1.312	EPI_ISL_730537
45	Homo sapiens	2020-11-03	Jordan	B.1.1.312	EPI_ISL_730538
45	Homo sapiens	2020-11-04	Jordan	B.1.1.312	EPI_ISL_730539
45	Homo sapiens	2020-11-06	Jordan	B.1.1.312	EPI_ISL_730540
45	Homo sapiens	2020-11-07	Jordan	B.1.1.312	EPI_ISL_730541
44	Homo sapiens	2020-10-31	Jordan	B.1.1.312	EPI_ISL_730542
45	Homo sapiens	2020-11-02	Jordan	B.1.36.10	EPI_ISL_730544
45	Homo sapiens	2020-11-07	Jordan	B.1.1.312	EPI_ISL_730546
44	Homo sapiens	2020-10-31	Jordan	B.1.1.312	EPI_ISL_730547
45	Homo sapiens	2020-11-02	Jordan	B.1.1.312	EPI_ISL_730548
45	Homo sapiens	2020-11-03	Jordan	B.1.36.10	EPI_ISL_730549
45	Homo sapiens	2020-11-04	Jordan	B.1.36.10	EPI_ISL_730550
45	Homo sapiens	2020-11-06	Jordan	B.1.1.312	EPI_ISL_730552
45	Homo sapiens	2020-11-07	Jordan	B.1.1.312	EPI_ISL_730553
45	Homo sapiens	2020-11-02	Jordan	B.1.1.312	EPI_ISL_730554
45	Homo sapiens	2020-11-03	Jordan	B.1.1.312	EPI_ISL_730555
45	Homo sapiens	2020-11-04	Jordan	B.1.36.10	EPI_ISL_730556
45	Homo sapiens	2020-11-04	Jordan	B.1.1.312	EPI_ISL_730557
45	Homo sapiens	2020-11-06	Jordan	C.16	EPI_ISL_730558
45	Homo sapiens	2020-11-07	Jordan	B.1.36.10	EPI_ISL_730559
45	Homo sapiens	2020-11-03	Jordan	B.1.36	EPI_ISL_730560
45	Homo sapiens	2020-11-04	Jordan	B.1.1.312	EPI_ISL_730561
45	Homo sapiens	2020-11-03	Jordan	B.1.1.312	EPI_ISL_730562
45	Homo sapiens	2020-11-04	Jordan	B.1.1.312	EPI_ISL_730563
37	Homo sapiens	2020-09-09	Jordan	B.1.1.312	EPI_ISL_755141
38	Homo sapiens	2020-09-14	Jordan	B.1.1.312	EPI_ISL_755142
37	Homo sapiens	2020-09-08	Jordan	B.1.1.312	EPI_ISL_755143
37	Homo sapiens	2020-09-10	Jordan	B.1.1.312	EPI_ISL_755144
34	Homo sapiens	2020-08-22	Jordan	B.1.428.3	EPI_ISL_755145
41	Homo sapiens	2020-10-11	Jordan	B.1.1.312	EPI_ISL_755210
41	Homo sapiens	2020-10-11	Jordan	B.1.1.312	EPI_ISL_755211
41	Homo sapiens	2020-10-07	Jordan	B.1.1.312	EPI_ISL_755212
45	Homo sapiens	2020-11-07	Jordan	B.1.1.312	EPI_ISL_755213
38	Homo sapiens	2020-09-15	Jordan	B.1.1.312	EPI_ISL_755214
33	Homo sapiens	2020-08-13	Jordan	B.1.1.312	EPI_ISL_755232
34	Homo sapiens	2020-08-23	Jordan	B.1.1.312	EPI_ISL_755233
35	Homo sapiens	2020-08-30	Jordan	B.1.1.312	EPI_ISL_755234
36	Homo sapiens	2020-09-06	Jordan	B.1.1.312	EPI_ISL_755235
34	Homo sapiens	2020-08-18	Jordan	B.1.1.312	EPI_ISL_755236
37	Homo sapiens	2020-09-09	Jordan	B.1.1.312	EPI_ISL_755241
37	Homo sapiens	2020-09-13	Jordan	B.1.1.312	EPI_ISL_755242
37	Homo sapiens	2020-09-13	Jordan	B.1.1.312	EPI_ISL_755244
37	Homo sapiens	2020-09-07	Jordan	B.1.1.312	EPI_ISL_755245
37	Homo sapiens	2020-09-13	Jordan	B.1.1.312	EPI_ISL_755246
38	Homo sapiens	2020-09-15	Jordan	B.1.1.312	EPI_ISL_755248
37	Homo sapiens	2020-09-07	Jordan	B.1.1.312	EPI_ISL_755249
37	Homo sapiens	2020-09-08	Jordan	B.1.1.312	EPI_ISL_755250
38	Homo sapiens	2020-09-15	Jordan	B.1.1.312	EPI_ISL_755251
34	Homo sapiens	2020-08-20	Jordan	B.1.1.312	EPI_ISL_755252
35	Homo sapiens	2020-08-25	Jordan	B.1.1.312	EPI_ISL_755253
34	Homo sapiens	2020-08-22	Jordan	B.1.1.312	EPI_ISL_755254
35	Homo sapiens	2020-08-29	Jordan	B.1.1.312	EPI_ISL_755255
37	Homo sapiens	2020-09-08	Jordan	B.1.1.312	EPI_ISL_755256
37	Homo sapiens	2020-09-11	Jordan	B.1.2	EPI_ISL_755257
37	Homo sapiens	2020-09-13	Jordan	B.1.1.312	EPI_ISL_755258
38	Homo sapiens	2020-09-14	Jordan	B.1.1.312	EPI_ISL_755259
38	Homo sapiens	2020-09-15	Jordan	B.1.1.312	EPI_ISL_755260
37	Homo sapiens	2020-09-08	Jordan	B.1.1.312	EPI_ISL_755261
37	Homo sapiens	2020-09-07	Jordan	B.1.311	EPI_ISL_755263
37	Homo sapiens	2020-09-07	Jordan	B.1.1.312	EPI_ISL_755264
37	Homo sapiens	2020-09-08	Jordan	B.1.1.312	EPI_ISL_755265
37	Homo sapiens	2020-09-12	Jordan	B.1.1.312	EPI_ISL_755266
38	Homo sapiens	2020-09-14	Jordan	B.1.1.312	EPI_ISL_755268
54	Homo sapiens	2021-01-04	Jordan	B.1.1.7	EPI_ISL_878440
54	Homo sapiens	2021-01-04	Jordan	B.1.1.7	EPI_ISL_878443
54	Homo sapiens	2021-01-04	Jordan	B.1.1.7	EPI_ISL_878445
54	Homo sapiens	2021-01-04	Jordan	B.1.1.7	EPI_ISL_878448
54	Homo sapiens	2021-01-04	Jordan	B.1.1.7	EPI_ISL_878450
54	Homo sapiens	2021-01-04	Jordan	B.1.1.7	EPI_ISL_878452
54	Homo sapiens	2021-01-04	Jordan	B.1.1	EPI_ISL_878455
54	Homo sapiens	2021-01-04	Jordan	B.1.1.7	EPI_ISL_878457
54	Homo sapiens	2021-01-04	Jordan	B.1.1.7	EPI_ISL_878463
54	Homo sapiens	2021-01-04	Jordan	B.1.1.7	EPI_ISL_878465
54	Homo sapiens	2021-01-04	Jordan	B.1.1	EPI_ISL_878468
54	Homo sapiens	2021-01-04	Jordan	B.1.1.7	EPI_ISL_878470
54	Homo sapiens	2021-01-04	Jordan	B.1.1	EPI_ISL_878472
54	Homo sapiens	2021-01-04	Jordan	B.1.1.7	EPI_ISL_878474
54	Homo sapiens	2021-01-05	Jordan	B.1.1.7	EPI_ISL_878477
54	Homo sapiens	2021-01-05	Jordan	B.1.1.7	EPI_ISL_878480
54	Homo sapiens	2021-01-05	Jordan	B.1.1.7	EPI_ISL_878483
54	Homo sapiens	2021-01-05	Jordan	B.1.1.7	EPI_ISL_878485
54	Homo sapiens	2021-01-05	Jordan	B.1.1.7	EPI_ISL_878488
54	Homo sapiens	2021-01-05	Jordan	B.1.1.7	EPI_ISL_878491
54	Homo sapiens	2021-01-05	Jordan	B.1.1.7	EPI_ISL_878492
53	Homo sapiens	2021-01-03	Jordan	B.1.1	EPI_ISL_878498
53	Homo sapiens	2021-01-02	Jordan	B.1.1.7	EPI_ISL_878500
54	Homo sapiens	2021-01-06	Jordan	B.1.1.7	EPI_ISL_878503
54	Homo sapiens	2021-01-06	Jordan	B.1.1.7	EPI_ISL_878506
54	Homo sapiens	2021-01-06	Jordan	B.1.1.7	EPI_ISL_878509
54	Homo sapiens	2021-01-06	Jordan	B.1.1.7	EPI_ISL_878511
54	Homo sapiens	2021-01-06	Jordan	B.1.1.7	EPI_ISL_878514
54	Homo sapiens	2021-01-06	Jordan	B.1.1.7	EPI_ISL_878519
54	Homo sapiens	2021-01-06	Jordan	B.1.1.7	EPI_ISL_878522
54	Homo sapiens	2021-01-06	Jordan	B.1.1.7	EPI_ISL_878524
54	Homo sapiens	2021-01-06	Jordan	B.1.1.7	EPI_ISL_878526
52	Homo sapiens	2020-12-25	Jordan	B.1.1.7	EPI_ISL_878571
52	Homo sapiens	2020-12-24	Jordan	B.1.1.7	EPI_ISL_878574
53	Homo sapiens	2021-01-02	Jordan	B.1.1.7	EPI_ISL_878576
53	Homo sapiens	2021-01-02	Jordan	B.1.1.7	EPI_ISL_878579
53	Homo sapiens	2021-01-02	Jordan	B.1.1.7	EPI_ISL_878581
54	Homo sapiens	2021-01-07	Jordan	B.1.1.7	EPI_ISL_935046
57	Homo sapiens	2021-01-29	Jordan	B.1.1.7	EPI_ISL_977537
57	Homo sapiens	2021-01-27	Jordan	B.1.1.7	EPI_ISL_977600
56	Homo sapiens	2021-01-24	Jordan	B.1.438	EPI_ISL_977602
57	Homo sapiens	2021-01-27	Jordan	B.1.1.7	EPI_ISL_1116758
65	Homo sapiens	2021-03-27	Jordan	B.1.1.7	EPI_ISL_1404588
64	Homo sapiens	2021-03-18	Jordan	B.1.1.7	EPI_ISL_1404614
64	Homo sapiens	2021-03-18	Jordan	B.1.1.7	EPI_ISL_1405965
63	Homo sapiens	2021-03-13	Jordan	B.1.1.7	EPI_ISL_1406143
63	Homo sapiens	2021-03-09	Jordan	P.1	EPI_ISL_1406151
63	Homo sapiens	2021-03-09	Jordan	P.1	EPI_ISL_1406179
63	Homo sapiens	2021-03-13	Jordan	P.1	EPI_ISL_1406183
62	Homo sapiens	2021-03-07	Jordan	B.1.351.3	EPI_ISL_1406189
63	Homo sapiens	2021-03-09	Jordan	B.1.351.3	EPI_ISL_1406195
64	Homo sapiens	2021-03-20	Jordan	A.28	EPI_ISL_1406239
68	Homo sapiens	2021-04-16	Jordan	B.1.351	EPI_ISL_1823202
68	Homo sapiens	2021-04-18	Jordan	B.1.351	EPI_ISL_1824717
59	Homo sapiens	2021-02-10	Jordan	B.1.1.312	EPI_ISL_1970827
59	Homo sapiens	2021-02-09	Jordan	B.1.1.7	EPI_ISL_1970824
59	Homo sapiens	2021-02-09	Jordan	B.1.1.7	EPI_ISL_1970825
59	Homo sapiens	2021-02-09	Jordan	B.1.1.7	EPI_ISL_1970829
59	Homo sapiens	2021-02-09	Jordan	A.28	EPI_ISL_1970830
59	Homo sapiens	2021-02-09	Jordan	B.1.1.7	EPI_ISL_1970834
59	Homo sapiens	2021-02-08	Jordan	B.1.1.7	EPI_ISL_1970826
59	Homo sapiens	2021-02-08	Jordan	B.1.1.7	EPI_ISL_1970828
57	Homo sapiens	2021-01-29	Jordan	B.1.1.7	EPI_ISL_1970832
56	Homo sapiens	2021-01-19	Jordan	B.1.1.7	EPI_ISL_1970835
53	Homo sapiens	2021-01-02	Jordan	A.28	EPI_ISL_1970833
71	Homo sapiens	2021-05-04	Jordan	B.1.1.7	EPI_ISL_2105674
70	Homo sapiens	2021-04-28	Jordan	P.1	EPI_ISL_2105670
70	Homo sapiens	2021-04-28	Jordan	P.1	EPI_ISL_2105671
69	Homo sapiens	2021-04-25	Jordan	B.1.617.1	EPI_ISL_2105672
61	Homo sapiens	2021-02-25	Jordan	B.1.1.7	EPI_ISL_2617453
60	Homo sapiens	2021-02-15	Jordan	B.1.1.7	EPI_ISL_2617451
59	Homo sapiens	2021-02-12	Jordan	B.1.1.7	EPI_ISL_2617450
59	Homo sapiens	2021-02-10	Jordan	B.1.1.7	EPI_ISL_2617449
59	Homo sapiens	2021-02-08	Jordan	B.1.1.312	EPI_ISL_2617462
58	Homo sapiens	2021-02-07	Jordan	C.36	EPI_ISL_2617461
58	Homo sapiens	2021-02-05	Jordan	B.1.1.312	EPI_ISL_2617460
58	Homo sapiens	2021-02-01	Jordan	B.1.1.312	EPI_ISL_2617456
68	Homo sapiens	2021-04-13	Jordan	B.1.1.7	EPI_ISL_2658765
67	Homo sapiens	2021-04-10	Jordan	B.1.1.7	EPI_ISL_2658764
66	Homo sapiens	2021-04-03	Jordan	B.1.1.7	EPI_ISL_2658763
66	Homo sapiens	2021-04-01	Jordan	B.1.1.7	EPI_ISL_2658762
59	Homo sapiens	2021-02-13	Jordan	B.1.36.10	EPI_ISL_2658759
59	Homo sapiens	2021-02-12	Jordan	C.36	EPI_ISL_2658758
57	Homo sapiens	2021-01-26	Jordan	C.36.3	EPI_ISL_2658768
57	Homo sapiens	2021-01-25	Jordan	B.1.1.7	EPI_ISL_2658766
57	Homo sapiens	2021-01-25	Jordan	B.1.1.7	EPI_ISL_2658767
57	Homo sapiens	2021-01-30	Jordan	A.28	EPI_ISL_2693980
57	Homo sapiens	2021-01-29	Jordan	B.1.1.7	EPI_ISL_2693976
57	Homo sapiens	2021-01-29	Jordan	B.1.1.7	EPI_ISL_2693977
57	Homo sapiens	2021-01-29	Jordan	B.1.1.7	EPI_ISL_2693978
57	Homo sapiens	2021-01-29	Jordan	B.1.1.7	EPI_ISL_2693979
57	Homo sapiens	2021-01-28	Jordan	B.1.1.7	EPI_ISL_2693973
57	Homo sapiens	2021-01-28	Jordan	B.1.1.7	EPI_ISL_2693974
57	Homo sapiens	2021-01-28	Jordan	B.1.1.7	EPI_ISL_2693975
64	Homo sapiens	2021-03-17	Jordan	B.1.1.7	EPI_ISL_2868421
55	Homo sapiens	2021-01-16	Jordan	B.1.1.312	EPI_ISL_2868418
54	Homo sapiens	2021-01-09	Jordan	B.1.1.312	EPI_ISL_2868415
75	Homo sapiens	2021-06-01	Jordan	AY.106	EPI_ISL_2932618
66	Homo sapiens	2021-03-30	Jordan	B.1.1.7	EPI_ISL_3149716
65	Homo sapiens	2021-03-28	Jordan	B.1.1.7	EPI_ISL_3149715
65	Homo sapiens	2021-03-26	Jordan	B.1.1.7	EPI_ISL_3149714
64	Homo sapiens	2021-03-16	Jordan	B.1.1.7	EPI_ISL_3149713
63	Homo sapiens	2021-03-11	Jordan	B.1.1.7	EPI_ISL_3149720
63	Homo sapiens	2021-03-08	Jordan	B.1.1.7	EPI_ISL_3149719
62	Homo sapiens	2021-03-07	Jordan	B.1.1.7	EPI_ISL_3149718
62	Homo sapiens	2021-03-06	Jordan	B.1.1.7	EPI_ISL_3149717
87	Homo sapiens	2021-08-24	Jordan	AY.106	EPI_ISL_3652187
87	Homo sapiens	2021-08-24	Jordan	AY.33	EPI_ISL_3650850
87	Homo sapiens	2021-08-24	Jordan	AY.106	EPI_ISL_3650535
87	Homo sapiens	2021-08-24	Jordan	AY.65	EPI_ISL_3652698
75	Homo sapiens	2021-06-04	Jordan	AY.106	EPI_ISL_4053512
75	Homo sapiens	2021-06-04	Jordan	AY.106	EPI_ISL_4053540
75	Homo sapiens	2021-06-03	Jordan	AY.106	EPI_ISL_4053510
75	Homo sapiens	2021-06-03	Jordan	AY.106	EPI_ISL_4053536
72	Homo sapiens	2021-05-11	Jordan	AY.106	EPI_ISL_4053534
66	Homo sapiens	2021-04-04	Jordan	B.1.1.7	EPI_ISL_4053542
66	Homo sapiens	2021-04-02	Jordan	B.1.1.7	EPI_ISL_4053514
65	Homo sapiens	2021-03-22	Jordan	B.1.1.7	EPI_ISL_4053497
65	Homo sapiens	2021-03-22	Jordan	B.1.36.10	EPI_ISL_4053530
64	Homo sapiens	2021-03-20	Jordan	B.1.1.7	EPI_ISL_4053495
64	Homo sapiens	2021-03-18	Jordan	B.1.1.7	EPI_ISL_4053518
64	Homo sapiens	2021-03-18	Jordan	B.1.1.7	EPI_ISL_4053491
64	Homo sapiens	2021-03-18	Jordan	B.1.1.7	EPI_ISL_4053493
64	Homo sapiens	2021-03-17	Jordan	B.1.1.7	EPI_ISL_4053487
64	Homo sapiens	2021-03-17	Jordan	B.1.1.7	EPI_ISL_4053489
64	Homo sapiens	2021-03-16	Jordan	B.1.1.7	EPI_ISL_4053516
63	Homo sapiens	2021-03-10	Jordan	P.1	EPI_ISL_4053505
63	Homo sapiens	2021-03-10	Jordan	B.1.1	EPI_ISL_4053526
63	Homo sapiens	2021-03-08	Jordan	P.1	EPI_ISL_4053502
62	Homo sapiens	2021-03-07	Jordan	B.1.351	EPI_ISL_4053524
62	Homo sapiens	2021-03-06	Jordan	B.1.1.7	EPI_ISL_4053498
62	Homo sapiens	2021-03-06	Jordan	P.1	EPI_ISL_4053522
62	Homo sapiens	2021-03-04	Jordan	P.1	EPI_ISL_4053500
89	Homo sapiens	2021-09-11	Jordan	AY.112	EPI_ISL_4148487
89	Homo sapiens	2021-09-11	Jordan	AY.39.1.4	EPI_ISL_4148488
89	Homo sapiens	2021-09-11	Jordan	AY.106	EPI_ISL_4148489
89	Homo sapiens	2021-09-11	Jordan	AY.34.1	EPI_ISL_4148490
69	Homo sapiens	2021-04-19	Jordan	B.1.1.7	EPI_ISL_4600360
70	Homo sapiens	2021-04-30	Jordan	B.1.1.7	EPI_ISL_4600363
69	Homo sapiens	2021-04-21	Jordan	B.1.1.7	EPI_ISL_4600361
91	Homo sapiens	2021-09-26	Jordan	AY.106	EPI_ISL_5069695
63	Homo sapiens	2021-03-10	Jordan	B.1.1.7	EPI_ISL_5159460
62	Homo sapiens	2021-03-01	Jordan	B.1.1.7	EPI_ISL_5159459
48	Homo sapiens	2020-11-24	Jordan	B.1.1.312	EPI_ISL_5146802
65	Homo sapiens	2021-03-27	Jordan	B.1.1.7	EPI_ISL_5324082
79	Homo sapiens	2021-07-04	Jordan	AY.106	EPI_ISL_5529841
75	Homo sapiens	2021-06-03	Jordan	B.1.617.2	EPI_ISL_5529842
70	Homo sapiens	2021-04-26	Jordan	AY.106	EPI_ISL_5529837
69	Homo sapiens	2021-04-25	Jordan	B.1.1.7	EPI_ISL_5529836
68	Homo sapiens	2021-04-12	Jordan	B.1.1	EPI_ISL_5529833
67	Homo sapiens	2021-04-07	Jordan	B.1.637	EPI_ISL_5529830
67	Homo sapiens	2021-04-06	Jordan	B.1.617.1	EPI_ISL_5529829
67	Homo sapiens	2021-04-05	Jordan	B.1.1	EPI_ISL_5529828
66	Homo sapiens	2021-04-01	Jordan	A.29	EPI_ISL_5529843
81	Homo sapiens	2021-07-12	Jordan	AY.106	EPI_ISL_5852725
75	Homo sapiens	2021-05-31	Jordan	B.1.1.7	EPI_ISL_5852743
74	Homo sapiens	2021-05-28	Jordan	B.1.1.7	EPI_ISL_5852742
74	Homo sapiens	2021-05-24	Jordan	AY.106	EPI_ISL_5852754
73	Homo sapiens	2021-05-22	Jordan	B.1.1.7	EPI_ISL_5852738
73	Homo sapiens	2021-05-18	Jordan	AY.106	EPI_ISL_5852751
73	Homo sapiens	2021-05-17	Jordan	B.1.1.7	EPI_ISL_5852736
72	Homo sapiens	2021-05-16	Jordan	B.1.1.7	EPI_ISL_5852735
71	Homo sapiens	2021-05-07	Jordan	B.1.1.7	EPI_ISL_5852729
71	Homo sapiens	2021-05-06	Jordan	B.1.1.419	EPI_ISL_5852745
71	Homo sapiens	2021-05-03	Jordan	B.1.1.419	EPI_ISL_5852744
80	Homo sapiens	2021-07-09	Jordan	B.1.1.7	EPI_ISL_6268705
79	Homo sapiens	2021-06-30	Jordan	B.1.1.7	EPI_ISL_6268682
78	Homo sapiens	2021-06-26	Jordan	AY.106	EPI_ISL_6268696
77	Homo sapiens	2021-06-20	Jordan	AY.122	EPI_ISL_6268692
76	Homo sapiens	2021-06-10	Jordan	B.1.1.7	EPI_ISL_6268675
76	Homo sapiens	2021-06-08	Jordan	B.1.1.7	EPI_ISL_6268674
102	Homo sapiens	2021-12-06	Jordan	AY.106	EPI_ISL_7545233
101	Homo sapiens	2021-12-05	Jordan	AY.39	EPI_ISL_7662097
85	Homo sapiens	2021-08-13	Jordan	AY.106	EPI_ISL_7979258
75	Homo sapiens	2021-06-05	Jordan	C.36.3	EPI_ISL_7979250
104	Homo sapiens	2021-12-22	Jordan	BA.1.1	EPI_ISL_8165195
104	Homo sapiens	2021-12-22	Jordan	BA.1.1	EPI_ISL_8164976
92	Homo sapiens	2021-09-29	Jordan	AY.121	EPI_ISL_8766856
92	Homo sapiens	2021-09-28	Jordan	AY.39	EPI_ISL_8766855
91	Homo sapiens	2021-09-25	Jordan	AY.106	EPI_ISL_8766853
91	Homo sapiens	2021-09-23	Jordan	AY.127	EPI_ISL_8766851
90	Homo sapiens	2021-09-19	Jordan	AY.106	EPI_ISL_8766847
90	Homo sapiens	2021-09-16	Jordan	AY.43	EPI_ISL_8766845
90	Homo sapiens	2021-09-15	Jordan	AY.106	EPI_ISL_8766844
90	Homo sapiens	2021-09-14	Jordan	AY.106	EPI_ISL_8766843
90	Homo sapiens	2021-09-14	Jordan	AY.106	EPI_ISL_8766860
89	Homo sapiens	2021-09-11	Jordan	AY.106	EPI_ISL_8766840
89	Homo sapiens	2021-09-09	Jordan	AY.106	EPI_ISL_8766838
89	Homo sapiens	2021-09-07	Jordan	AY.106	EPI_ISL_8766859
88	Homo sapiens	2021-09-04	Jordan	AY.106	EPI_ISL_8766834
88	Homo sapiens	2021-09-04	Jordan	B.1.617.2	EPI_ISL_8766858
88	Homo sapiens	2021-09-03	Jordan	AY.106	EPI_ISL_8766832
87	Homo sapiens	2021-08-27	Jordan	AY.121	EPI_ISL_8766829
106	Homo sapiens	2022-01-04	Jordan	AY.121	EPI_ISL_9671795
96	Homo sapiens	2021-10-29	Jordan	AY.106	EPI_ISL_9671781
96	Homo sapiens	2021-10-25	Jordan	AY.106	EPI_ISL_9671778
95	Homo sapiens	2021-10-24	Jordan	AY.121	EPI_ISL_9671777
94	Homo sapiens	2021-10-15	Jordan	AY.106	EPI_ISL_9671770
94	Homo sapiens	2021-10-11	Jordan	AY.106	EPI_ISL_9671766
93	Homo sapiens	2021-10-09	Jordan	B.1.617.2	EPI_ISL_9671764
106	Homo sapiens	2022-01-03	Jordan	BA.2	EPI_ISL_9914810
98	Homo sapiens	2021-11-14	Jordan	AY.127	EPI_ISL_10298242
100	Homo sapiens	2021-11-22	Jordan	AY.106	EPI_ISL_10298246
97	Homo sapiens	2021-11-05	Jordan	AY.106	EPI_ISL_10298239
97	Homo sapiens	2021-11-01	Jordan	B.1.617.2	EPI_ISL_10298248
99	Homo sapiens	2021-11-21	Jordan	AY.127	EPI_ISL_10298245
102	Homo sapiens	2021-12-11	Jordan	AY.106	EPI_ISL_10298247
99	Homo sapiens	2021-11-20	Jordan	AY.106	EPI_ISL_10298244
97	Homo sapiens	2021-11-04	Jordan	AY.106	EPI_ISL_10298238
97	Homo sapiens	2021-11-03	Jordan	AY.106	EPI_ISL_10329367
98	Homo sapiens	2021-11-10	Jordan	AY.106	EPI_ISL_10329366
98	Homo sapiens	2021-11-11	Jordan	AY.106	EPI_ISL_10329370
103	Homo sapiens	2021-12-18	Jordan	B.1.617.2	EPI_ISL_10329378
100	Homo sapiens	2021-11-23	Jordan	B.1.617.2	EPI_ISL_10329375
99	Homo sapiens	2021-11-18	Jordan	B.1.617.2	EPI_ISL_10329373
101	Homo sapiens	2021-12-04	Jordan	AY.106	EPI_ISL_11026248
101	Homo sapiens	2021-12-02	Jordan	B.1.617.2	EPI_ISL_11026245
101	Homo sapiens	2021-12-05	Jordan	B.1.617.2	EPI_ISL_11026249
102	Homo sapiens	2021-12-10	Jordan	B.1.617.2	EPI_ISL_11026254
102	Homo sapiens	2021-12-06	Jordan	AY.127	EPI_ISL_11026250
105	Homo sapiens	2021-12-28	Jordan	B.1.617.2	EPI_ISL_11026274
102	Homo sapiens	2021-12-09	Jordan	AY.106	EPI_ISL_11026253
102	Homo sapiens	2021-12-08	Jordan	AY.106	EPI_ISL_11026252
103	Homo sapiens	2021-12-15	Jordan	AY.106	EPI_ISL_11026259
103	Homo sapiens	2021-12-16	Jordan	AY.106	EPI_ISL_11026261
103	Homo sapiens	2021-12-18	Jordan	B.1.617.2	EPI_ISL_11026262
103	Homo sapiens	2021-12-13	Jordan	AY.106	EPI_ISL_11026257
104	Homo sapiens	2021-12-24	Jordan	B.1.617.2	EPI_ISL_11026270
104	Homo sapiens	2021-12-23	Jordan	B.1.617.2	EPI_ISL_11026269
104	Homo sapiens	2021-12-25	Jordan	B.1.617.2	EPI_ISL_11026271
104	Homo sapiens	2021-12-21	Jordan	B.1.617.2	EPI_ISL_11026267
103	Homo sapiens	2021-12-18	Jordan	B.1.617.2	EPI_ISL_11026263
104	Homo sapiens	2021-12-22	Jordan	AY.127	EPI_ISL_11026268
106	Homo sapiens	2022-01-09	Jordan	B.1.617.2	EPI_ISL_11026277
107	Homo sapiens	2022-01-16	Jordan	B.1.617.2	EPI_ISL_11026278
105	Homo sapiens	2021-12-29	Jordan	B.1.617.2	EPI_ISL_11026275
101	Homo sapiens	2021-12-02	Jordan	B.1.617.2	EPI_ISL_11026246
103	Homo sapiens	2021-12-14	Jordan	AY.106	EPI_ISL_11026258
102	Homo sapiens	2021-12-12	Jordan	B.1.617.2	EPI_ISL_11026256
103	Homo sapiens	2021-12-15	Jordan	AY.106	EPI_ISL_11026260
102	Homo sapiens	2021-12-11	Jordan	AY.100	EPI_ISL_11026255
109	Homo sapiens	2022-01-24	Jordan	B.1.617.2	EPI_ISL_11532998
106	Homo sapiens	2022-01-09	Jordan	AY.106	EPI_ISL_11532987
108	Homo sapiens	2022-01-22	Jordan	B.1.617.2	EPI_ISL_11532996
105	Homo sapiens	2022-01-02	Jordan	B.1.617.2	EPI_ISL_11532980
106	Homo sapiens	2022-01-03	Jordan	B.1.617.2	EPI_ISL_11532981
105	Homo sapiens	2022-01-01	Jordan	B.1.617.2	EPI_ISL_11532979
106	Homo sapiens	2022-01-07	Jordan	B.1.617.2	EPI_ISL_11532985
107	Homo sapiens	2022-01-12	Jordan	AY.106	EPI_ISL_11532989
109	Homo sapiens	2022-01-28	Jordan	B.1.617.2	EPI_ISL_11533002
105	Homo sapiens	2022-01-02	Jordan	B.1.617.2	EPI_ISL_11533005
125	Homo sapiens	2022-05-20	Jordan	BA.5.2	EPI_ISL_12972932
125	Homo sapiens	2022-05-20	Jordan	BA.5.2	EPI_ISL_12972933
125	Homo sapiens	2022-05-20	Jordan	BA.5.2	EPI_ISL_12972934
125	Homo sapiens	2022-05-20	Jordan	BA.5.2	EPI_ISL_12972930
125	Homo sapiens	2022-05-20	Jordan	BA.5.2	EPI_ISL_12972931
125	Homo sapiens	2022-05-20	Jordan	BA.5.2	EPI_ISL_12972929
117	Homo sapiens	2022-03-26	Jordan	BA.2	EPI_ISL_12977282
117	Homo sapiens	2022-03-26	Jordan	BA.2.3	EPI_ISL_12977279
117	Homo sapiens	2022-03-26	Jordan	BA.2	EPI_ISL_12977286
125	Homo sapiens	2022-05-20	Jordan	BA.2	EPI_ISL_12977273
117	Homo sapiens	2022-03-26	Jordan	BA.2	EPI_ISL_12977285
117	Homo sapiens	2022-03-26	Jordan	BA.2	EPI_ISL_12977281
117	Homo sapiens	2022-03-26	Jordan	BA.2	EPI_ISL_12977280
117	Homo sapiens	2022-03-26	Jordan	BA.2	EPI_ISL_12977288
117	Homo sapiens	2022-03-26	Jordan	BA.2	EPI_ISL_12977275
117	Homo sapiens	2022-03-26	Jordan	BA.2	EPI_ISL_12977295
125	Homo sapiens	2022-05-20	Jordan	BA.2	EPI_ISL_12977294
117	Homo sapiens	2022-03-26	Jordan	BA.2	EPI_ISL_12977293
117	Homo sapiens	2022-03-26	Jordan	BA.2	EPI_ISL_12977291
125	Homo sapiens	2022-05-20	Jordan	BA.2	EPI_ISL_12977292
117	Homo sapiens	2022-03-26	Jordan	BA.2	EPI_ISL_12977278
117	Homo sapiens	2022-03-26	Jordan	BA.2	EPI_ISL_12977290
117	Homo sapiens	2022-03-26	Jordan	BA.2	EPI_ISL_12977296
135	Homo sapiens	2022-07-25	Jordan	BA.5.2	EPI_ISL_14807771
89	Homo sapiens	2021-09-11	Jordan	AY.106	EPI_ISL_4148491
89	Homo sapiens	2021-09-11	Jordan	B.1.617.2	EPI_ISL_4148493
89	Homo sapiens	2021-09-11	Jordan	AY.46	EPI_ISL_4148492
135	Homo sapiens	2022-07-25	Jordan	BA.5.2	EPI_ISL_14807770
134	Homo sapiens	2022-07-19	Jordan	BA.2	EPI_ISL_14980694
117	Homo sapiens	2022-03-23	Jordan	BA.2	EPI_ISL_11415634
137	Homo sapiens	2022-08-11	Jordan	BA.5.2	EPI_ISL_14770454
135	Homo sapiens	2022-07-25	Jordan	BA.2	EPI_ISL_14949812
135	Homo sapiens	2022-07-25	Jordan	BA.2	EPI_ISL_14949813
135	Homo sapiens	2022-07-25	Jordan	BA.2	EPI_ISL_14949820
135	Homo sapiens	2022-07-25	Jordan	BA.2	EPI_ISL_14949811
135	Homo sapiens	2022-07-26	Jordan	BA.2	EPI_ISL_14949809
135	Homo sapiens	2022-07-29	Jordan	BA.5.2.1	EPI_ISL_14980693
134	Homo sapiens	2022-07-24	Jordan	BA.2	EPI_ISL_14980726
134	Homo sapiens	2022-07-24	Jordan	BA.2.12.1	EPI_ISL_14980723
134	Homo sapiens	2022-07-24	Jordan	BA.2.9	EPI_ISL_14980724
135	Homo sapiens	2022-07-26	Jordan	BA.2.12.1	EPI_ISL_14980722
135	Homo sapiens	2022-07-25	Jordan	BA.2.12.1	EPI_ISL_14980692
