12	Homo sapiens	2020-03-20	Kazakhstan	B.4.1	MT428551.1
12	Homo sapiens	2020-03-20	Kazakhstan	B.1	MT428552.1
12	Homo sapiens	2020-03-20	Kazakhstan	B.1.1.10	MT428553.1
12	Homo sapiens	2020-03-20	Kazakhstan	A.2	MT428554.1
20	Homo sapiens	2020-05-14	Kazakhstan	A.2	EPI_ISL_454497
16	Homo sapiens	2020-04-14	Kazakhstan	A.2	EPI_ISL_454498
16	Homo sapiens	2020-04-16	Kazakhstan	A.2	EPI_ISL_454499
16	Homo sapiens	2020-04-16	Kazakhstan	A.2	EPI_ISL_454500
17	Homo sapiens	2020-04-20	Kazakhstan	B.1	EPI_ISL_454501
17	Homo sapiens	2020-04-20	Kazakhstan	B.1	EPI_ISL_454502
17	Homo sapiens	2020-04-22	Kazakhstan	A.2	EPI_ISL_454503
17	Homo sapiens	2020-04-26	Kazakhstan	B.4.1	EPI_ISL_454504
17	Homo sapiens	2020-04-26	Kazakhstan	B.4.1	EPI_ISL_454505
17	Homo sapiens	2020-04-26	Kazakhstan	B.4.1	EPI_ISL_454506
17	Homo sapiens	2020-04-26	Kazakhstan	B.4.1	EPI_ISL_454507
16	Homo sapiens	2020-04-19	Kazakhstan	B.4.1	EPI_ISL_454508
17	Homo sapiens	2020-04-26	Kazakhstan	B.4.1	EPI_ISL_454509
17	Homo sapiens	2020-04-26	Kazakhstan	B.4.1	EPI_ISL_454510
17	Homo sapiens	2020-04-26	Kazakhstan	B.4.1	EPI_ISL_454511
17	Homo sapiens	2020-04-26	Kazakhstan	B.4.1	EPI_ISL_454512
17	Homo sapiens	2020-04-26	Kazakhstan	B.4.1	EPI_ISL_454513
17	Homo sapiens	2020-04-26	Kazakhstan	B.4.1	EPI_ISL_454514
17	Homo sapiens	2020-04-26	Kazakhstan	B.4.1	EPI_ISL_454515
17	Homo sapiens	2020-04-26	Kazakhstan	A.2	EPI_ISL_454516
17	Homo sapiens	2020-04-26	Kazakhstan	A.2	EPI_ISL_454517
17	Homo sapiens	2020-04-26	Kazakhstan	A.2	EPI_ISL_454518
17	Homo sapiens	2020-04-26	Kazakhstan	A.2	EPI_ISL_454519
17	Homo sapiens	2020-04-26	Kazakhstan	A.2	EPI_ISL_454520
13	Homo sapiens	2020-03-25	Kazakhstan	A.2	EPI_ISL_454571
13	Homo sapiens	2020-03-25	Kazakhstan	A.2	EPI_ISL_454572
19	Homo sapiens	2020-05-09	Kazakhstan	B.1	EPI_ISL_454575
16	Homo sapiens	2020-04-14	Kazakhstan	A.2	EPI_ISL_454576
16	Homo sapiens	2020-04-15	Kazakhstan	A.2	EPI_ISL_454577
16	Homo sapiens	2020-04-16	Kazakhstan	A.2	EPI_ISL_454579
16	Homo sapiens	2020-04-16	Kazakhstan	A.2	EPI_ISL_454580
17	Homo sapiens	2020-04-23	Kazakhstan	A.2	EPI_ISL_454582
17	Homo sapiens	2020-04-21	Kazakhstan	A.2	EPI_ISL_454584
19	Homo sapiens	2020-05-04	Kazakhstan	B.1	EPI_ISL_454585
17	Homo sapiens	2020-04-21	Kazakhstan	B.1	EPI_ISL_454586
17	Homo sapiens	2020-04-26	Kazakhstan	B.4.1	EPI_ISL_454587
17	Homo sapiens	2020-04-26	Kazakhstan	B.4.1	EPI_ISL_454589
17	Homo sapiens	2020-04-26	Kazakhstan	B.4.1	EPI_ISL_454590
17	Homo sapiens	2020-04-26	Kazakhstan	B.4.1	EPI_ISL_454591
17	Homo sapiens	2020-04-26	Kazakhstan	B.4.1	EPI_ISL_454593
17	Homo sapiens	2020-04-26	Kazakhstan	B.4.1	EPI_ISL_454594
17	Homo sapiens	2020-04-26	Kazakhstan	B.4.1	EPI_ISL_454596
17	Homo sapiens	2020-04-26	Kazakhstan	B.4.1	EPI_ISL_454597
17	Homo sapiens	2020-04-26	Kazakhstan	B.4.1	EPI_ISL_454598
17	Homo sapiens	2020-04-26	Kazakhstan	B.4.1	EPI_ISL_454599
17	Homo sapiens	2020-04-26	Kazakhstan	B.4.1	EPI_ISL_454600
17	Homo sapiens	2020-04-26	Kazakhstan	B.4.1	EPI_ISL_454601
17	Homo sapiens	2020-04-26	Kazakhstan	B.4.1	EPI_ISL_454603
17	Homo sapiens	2020-04-26	Kazakhstan	B.4.1	EPI_ISL_454604
47	Homo sapiens	2020-11-17	Kazakhstan	B.1.1	EPI_ISL_1334516
52	Homo sapiens	2020-12-26	Kazakhstan	B.1.1.398	EPI_ISL_1334517
54	Homo sapiens	2021-01-05	Kazakhstan	B.1.1	EPI_ISL_1334569
47	Homo sapiens	2020-11-17	Kazakhstan	B.1.1	EPI_ISL_1334570
50	Homo sapiens	2020-12-13	Kazakhstan	A	EPI_ISL_1334572
54	Homo sapiens	2021-01-04	Kazakhstan	B.1.1	EPI_ISL_1334574
09	Homo sapiens	2020-03-01	Kazakhstan	B.1.1	EPI_ISL_1334575
09	Homo sapiens	2020-03-01	Kazakhstan	B.1.1	EPI_ISL_1334576
50	Homo sapiens	2020-12-13	Kazakhstan	A	EPI_ISL_1334580
09	Homo sapiens	2020-03-01	Kazakhstan	B.1.1	EPI_ISL_1334600
51	Homo sapiens	2020-12-18	Kazakhstan	B.1.1	EPI_ISL_1335044
09	Homo sapiens	2020-03-01	Kazakhstan	B.1.1	EPI_ISL_1335390
09	Homo sapiens	2020-03-01	Kazakhstan	B.1.1	EPI_ISL_1335758
09	Homo sapiens	2020-03-01	Kazakhstan	B.1.1	EPI_ISL_1335759
09	Homo sapiens	2020-03-01	Kazakhstan	B.1.1	EPI_ISL_1335760
09	Homo sapiens	2020-03-01	Kazakhstan	B.1.1	EPI_ISL_1335803
09	Homo sapiens	2020-03-01	Kazakhstan	B	EPI_ISL_1341150
51	Homo sapiens	2020-12-17	Kazakhstan	B.1.1	EPI_ISL_1341380
53	Homo sapiens	2021-01-01	Kazakhstan	B.1.1	EPI_ISL_1341501
53	Homo sapiens	2020-12-29	Kazakhstan	B.1.1.336	EPI_ISL_1341502
53	Homo sapiens	2021-01-01	Kazakhstan	B.1.1.294	EPI_ISL_1341503
54	Homo sapiens	2021-01-06	Kazakhstan	B.1.1	EPI_ISL_1341505
54	Homo sapiens	2021-01-06	Kazakhstan	B.1.1	EPI_ISL_1341642
54	Homo sapiens	2021-01-04	Kazakhstan	B.1.1	EPI_ISL_1341643
52	Homo sapiens	2020-12-22	Kazakhstan	B.1.1	EPI_ISL_1364612
51	Homo sapiens	2020-12-18	Kazakhstan	B.1.1	EPI_ISL_1364614
50	Homo sapiens	2020-12-13	Kazakhstan	B.1.1	EPI_ISL_1364991
50	Homo sapiens	2020-12-13	Kazakhstan	B.1.1	EPI_ISL_1365036
50	Homo sapiens	2020-12-13	Kazakhstan	B.1.1	EPI_ISL_1365363
46	Homo sapiens	2020-11-14	Kazakhstan	B.1.1	EPI_ISL_1365364
47	Homo sapiens	2020-11-18	Kazakhstan	B.1.1	EPI_ISL_1365365
50	Homo sapiens	2020-12-10	Kazakhstan	B.1.1	EPI_ISL_1365638
51	Homo sapiens	2020-12-15	Kazakhstan	B.1.1.294	EPI_ISL_1365697
51	Homo sapiens	2020-12-16	Kazakhstan	B.1.1	EPI_ISL_1365698
49	Homo sapiens	2020-12-04	Kazakhstan	B.1.1.171	EPI_ISL_1365734
50	Homo sapiens	2020-12-09	Kazakhstan	B.1.1	EPI_ISL_1365736
52	Homo sapiens	2020-12-22	Kazakhstan	B.1.1	EPI_ISL_1365740
49	Homo sapiens	2020-12-04	Kazakhstan	B.1.1	EPI_ISL_1365741
47	Homo sapiens	2020-11-22	Kazakhstan	B.1.1	EPI_ISL_1365742
47	Homo sapiens	2020-11-22	Kazakhstan	B.1.1	EPI_ISL_1365743
62	Homo sapiens	2021-03-04	Kazakhstan	B.1.1	EPI_ISL_1448017
61	Homo sapiens	2021-02-24	Kazakhstan	B.1.1.141	EPI_ISL_1448018
61	Homo sapiens	2021-02-26	Kazakhstan	B.1.177.53	EPI_ISL_1448020
56	Homo sapiens	2021-01-21	Kazakhstan	B.1.1	EPI_ISL_1489930
62	Homo sapiens	2021-03-04	Kazakhstan	B.1.1	EPI_ISL_1489932
17	Homo sapiens	2020-04-23	Kazakhstan	B.1.1	EPI_ISL_1334573
09	Homo sapiens	2020-03-01	Kazakhstan	B	EPI_ISL_1341149
09	Homo sapiens	2020-03-01	Kazakhstan	B.1.1	EPI_ISL_1341312
09	Homo sapiens	2020-03-01	Kazakhstan	B.1.1	EPI_ISL_1341313
09	Homo sapiens	2020-03-01	Kazakhstan	B.1.1	EPI_ISL_1341377
46	Homo sapiens	2020-11-11	Kazakhstan	B.1.1	EPI_ISL_1341378
46	Homo sapiens	2020-11-11	Kazakhstan	B.1.1	EPI_ISL_1341379
47	Homo sapiens	2020-11-17	Kazakhstan	B.1.1	EPI_ISL_1341381
54	Homo sapiens	2021-01-06	Kazakhstan	B.1.1	EPI_ISL_1341504
54	Homo sapiens	2021-01-06	Kazakhstan	B.1.1	EPI_ISL_1341641
53	Homo sapiens	2020-12-29	Kazakhstan	B.1.1	EPI_ISL_1364615
62	Homo sapiens	2021-03-01	Kazakhstan	B.1.1	EPI_ISL_1364617
62	Homo sapiens	2021-03-01	Kazakhstan	B.1.1	EPI_ISL_1364618
62	Homo sapiens	2021-03-01	Kazakhstan	B.1.1	EPI_ISL_1364619
62	Homo sapiens	2021-03-01	Kazakhstan	B.1.1	EPI_ISL_1364621
62	Homo sapiens	2021-03-01	Kazakhstan	B.1.1	EPI_ISL_1364863
62	Homo sapiens	2021-03-01	Kazakhstan	B.1.1	EPI_ISL_1364864
62	Homo sapiens	2021-03-01	Kazakhstan	B.1.1	EPI_ISL_1364865
62	Homo sapiens	2021-03-01	Kazakhstan	B.1.1	EPI_ISL_1364879
53	Homo sapiens	2020-12-31	Kazakhstan	B.1.1	EPI_ISL_1364880
67	Homo sapiens	2021-04-05	Kazakhstan	B.1.1.7	EPI_ISL_2162202
67	Homo sapiens	2021-04-05	Kazakhstan	B.1.1.7	EPI_ISL_2162203
67	Homo sapiens	2021-04-05	Kazakhstan	B.1.1.7	EPI_ISL_2162208
67	Homo sapiens	2021-04-05	Kazakhstan	B.1.1.7	EPI_ISL_2162213
66	Homo sapiens	2021-04-04	Kazakhstan	B.1.1.7	EPI_ISL_2162163
66	Homo sapiens	2021-04-04	Kazakhstan	B.1.1.7	EPI_ISL_2162164
66	Homo sapiens	2021-04-04	Kazakhstan	B.1.1.7	EPI_ISL_2162165
66	Homo sapiens	2021-04-04	Kazakhstan	B.1.1.7	EPI_ISL_2162173
66	Homo sapiens	2021-04-04	Kazakhstan	B.1.1.7	EPI_ISL_2162174
66	Homo sapiens	2021-04-04	Kazakhstan	B.1.1.7	EPI_ISL_2162175
66	Homo sapiens	2021-04-04	Kazakhstan	B.1.1.7	EPI_ISL_2162176
66	Homo sapiens	2021-04-04	Kazakhstan	B.1.1.7	EPI_ISL_2162180
66	Homo sapiens	2021-04-04	Kazakhstan	B.1.1.7	EPI_ISL_2162182
66	Homo sapiens	2021-04-04	Kazakhstan	B.1.1.7	EPI_ISL_2162183
66	Homo sapiens	2021-04-04	Kazakhstan	B.1.1.7	EPI_ISL_2162186
66	Homo sapiens	2021-04-04	Kazakhstan	B.1.1.7	EPI_ISL_2162188
66	Homo sapiens	2021-04-04	Kazakhstan	B.1.1.7	EPI_ISL_2162200
66	Homo sapiens	2021-04-03	Kazakhstan	B.1.1.7	EPI_ISL_2162158
66	Homo sapiens	2021-04-03	Kazakhstan	B.1.1.7	EPI_ISL_2162191
66	Homo sapiens	2021-04-03	Kazakhstan	B.1.1.7	EPI_ISL_2162194
66	Homo sapiens	2021-04-03	Kazakhstan	B.1.1.7	EPI_ISL_2162196
66	Homo sapiens	2021-04-03	Kazakhstan	B.1.1.7	EPI_ISL_2162197
66	Homo sapiens	2021-04-03	Kazakhstan	B.1.1.7	EPI_ISL_2162198
66	Homo sapiens	2021-04-02	Kazakhstan	B.1.1.7	EPI_ISL_2162152
66	Homo sapiens	2021-04-02	Kazakhstan	B.1.1.7	EPI_ISL_2162153
66	Homo sapiens	2021-04-02	Kazakhstan	B.1.1.7	EPI_ISL_2162155
66	Homo sapiens	2021-04-01	Kazakhstan	B.1.1.7	EPI_ISL_2162161
66	Homo sapiens	2021-04-01	Kazakhstan	B.1.1.7	EPI_ISL_2162169
64	Homo sapiens	2021-03-20	Kazakhstan	B.1.1.7	EPI_ISL_2162146
64	Homo sapiens	2021-03-19	Kazakhstan	B.1.1.7	EPI_ISL_2162147
64	Homo sapiens	2021-03-17	Kazakhstan	B.1.1.7	EPI_ISL_2162123
64	Homo sapiens	2021-03-17	Kazakhstan	B.1.1.7	EPI_ISL_2162125
64	Homo sapiens	2021-03-17	Kazakhstan	B.1.1.7	EPI_ISL_2162127
63	Homo sapiens	2021-03-11	Kazakhstan	B.1.1.7	EPI_ISL_2162137
63	Homo sapiens	2021-03-11	Kazakhstan	B.1.1.7	EPI_ISL_2194542
64	Homo sapiens	2021-03-20	Kazakhstan	B.1.1.7	EPI_ISL_2004072
64	Homo sapiens	2021-03-17	Kazakhstan	B.1.1.7	EPI_ISL_2004070
64	Homo sapiens	2021-03-17	Kazakhstan	B.1.1.7	EPI_ISL_2004068
64	Homo sapiens	2021-03-17	Kazakhstan	B.1.1.7	EPI_ISL_2004074
61	Homo sapiens	2021-02-26	Kazakhstan	B.1.1	EPI_ISL_1489929
70	Homo sapiens	2021-04-26	Kazakhstan	B.1.1.7	EPI_ISL_2438636
70	Homo sapiens	2021-04-26	Kazakhstan	B.1.1.7	EPI_ISL_2438649
69	Homo sapiens	2021-04-25	Kazakhstan	B.1.1.7	EPI_ISL_2438634
69	Homo sapiens	2021-04-24	Kazakhstan	B.1.1.7	EPI_ISL_2438664
69	Homo sapiens	2021-04-24	Kazakhstan	B.1.1.7	EPI_ISL_2438655
69	Homo sapiens	2021-04-24	Kazakhstan	B.1.1.7	EPI_ISL_2438642
69	Homo sapiens	2021-04-20	Kazakhstan	B.1.1.7	EPI_ISL_2438625
69	Homo sapiens	2021-04-20	Kazakhstan	B.1.1.7	EPI_ISL_2438610
69	Homo sapiens	2021-04-20	Kazakhstan	B.1.1.7	EPI_ISL_2438623
68	Homo sapiens	2021-04-17	Kazakhstan	B.1.1.7	EPI_ISL_2438613
68	Homo sapiens	2021-04-15	Kazakhstan	B.1.1.7	EPI_ISL_2438619
67	Homo sapiens	2021-04-08	Kazakhstan	B.1.1.7	EPI_ISL_2438605
66	Homo sapiens	2021-04-04	Kazakhstan	B.1.1.7	EPI_ISL_2438608
67	Homo sapiens	2021-04-08	Kazakhstan	B.1.1.7	EPI_ISL_2840039
64	Homo sapiens	2021-03-18	Kazakhstan	B.1.1	EPI_ISL_2840051
62	Homo sapiens	2021-03-01	Kazakhstan	B.1.1	EPI_ISL_3162298
63	Homo sapiens	2021-03-09	Kazakhstan	B.1.1.7	EPI_ISL_3162301
64	Homo sapiens	2021-03-18	Kazakhstan	B.1.1.7	EPI_ISL_3162304
63	Homo sapiens	2021-03-10	Kazakhstan	B.1.1.7	EPI_ISL_3162302
62	Homo sapiens	2021-03-02	Kazakhstan	B.1.1.7	EPI_ISL_3162306
62	Homo sapiens	2021-03-02	Kazakhstan	B.1.1.7	EPI_ISL_3162299
63	Homo sapiens	2021-03-11	Kazakhstan	B.1.1.7	EPI_ISL_3162303
66	Homo sapiens	2021-03-31	Kazakhstan	B.1.1.7	EPI_ISL_3162305
66	Homo sapiens	2021-03-31	Kazakhstan	B.1.1.7	EPI_ISL_3162300
86	Homo sapiens	2021-08-19	Kazakhstan	AY.122	EPI_ISL_4470506
86	Homo sapiens	2021-08-19	Kazakhstan	B.1.617.2	EPI_ISL_4447368
86	Homo sapiens	2021-08-19	Kazakhstan	AY.122	EPI_ISL_4447386
86	Homo sapiens	2021-08-19	Kazakhstan	AY.122	EPI_ISL_4470508
86	Homo sapiens	2021-08-19	Kazakhstan	AY.122	EPI_ISL_4470509
86	Homo sapiens	2021-08-19	Kazakhstan	AY.122	EPI_ISL_4470510
86	Homo sapiens	2021-08-19	Kazakhstan	AY.122	EPI_ISL_4470545
86	Homo sapiens	2021-08-19	Kazakhstan	AY.120	EPI_ISL_4442334
86	Homo sapiens	2021-08-19	Kazakhstan	AY.126	EPI_ISL_4444325
86	Homo sapiens	2021-08-18	Kazakhstan	AY.122	EPI_ISL_4447395
86	Homo sapiens	2021-08-18	Kazakhstan	AY.122	EPI_ISL_4435902
86	Homo sapiens	2021-08-18	Kazakhstan	AY.122	EPI_ISL_4435903
86	Homo sapiens	2021-08-18	Kazakhstan	AY.121	EPI_ISL_4435904
86	Homo sapiens	2021-08-18	Kazakhstan	AY.122	EPI_ISL_4445438
86	Homo sapiens	2021-08-18	Kazakhstan	B.1.617.2	EPI_ISL_4441326
86	Homo sapiens	2021-08-17	Kazakhstan	AY.122	EPI_ISL_4447349
86	Homo sapiens	2021-08-17	Kazakhstan	B.1.617.2	EPI_ISL_4447358
86	Homo sapiens	2021-08-17	Kazakhstan	AY.122	EPI_ISL_4447361
86	Homo sapiens	2021-08-17	Kazakhstan	AY.122	EPI_ISL_4447365
86	Homo sapiens	2021-08-17	Kazakhstan	AY.122	EPI_ISL_4435672
86	Homo sapiens	2021-08-19	Kazakhstan	AY.122	EPI_ISL_4498705
86	Homo sapiens	2021-08-19	Kazakhstan	AY.122	EPI_ISL_4498706
86	Homo sapiens	2021-08-19	Kazakhstan	AY.122	EPI_ISL_4498707
86	Homo sapiens	2021-08-19	Kazakhstan	AY.122	EPI_ISL_4498709
86	Homo sapiens	2021-08-19	Kazakhstan	AY.122	EPI_ISL_4498711
86	Homo sapiens	2021-08-19	Kazakhstan	AY.122	EPI_ISL_4498713
86	Homo sapiens	2021-08-19	Kazakhstan	AY.122	EPI_ISL_4498717
86	Homo sapiens	2021-08-19	Kazakhstan	AY.122	EPI_ISL_4498720
86	Homo sapiens	2021-08-19	Kazakhstan	AY.122	EPI_ISL_4498715
86	Homo sapiens	2021-08-19	Kazakhstan	AY.122	EPI_ISL_4520692
86	Homo sapiens	2021-08-19	Kazakhstan	B.1.617.2	EPI_ISL_4520792
86	Homo sapiens	2021-08-18	Kazakhstan	AY.122	EPI_ISL_4637215
86	Homo sapiens	2021-08-17	Kazakhstan	AY.122	EPI_ISL_4636763
86	Homo sapiens	2021-08-18	Kazakhstan	AY.122	EPI_ISL_4638324
94	Homo sapiens	2021-10-12	Kazakhstan	AY.122	EPI_ISL_7629982
86	Homo sapiens	2021-08-18	Kazakhstan	AY.122	EPI_ISL_4443246
120	Homo sapiens	2022-04-14	Kazakhstan	BA.2	EPI_ISL_13257823
122	Homo sapiens	2022-04-29	Kazakhstan	BA.2	EPI_ISL_13257853
122	Homo sapiens	2022-04-29	Kazakhstan	BA.2	EPI_ISL_13257852
115	Homo sapiens	2022-03-07	Kazakhstan	BA.2.3	EPI_ISL_13257826
115	Homo sapiens	2022-03-09	Kazakhstan	BA.2	EPI_ISL_13257825
120	Homo sapiens	2022-04-15	Kazakhstan	BA.2	EPI_ISL_13257850
122	Homo sapiens	2022-04-27	Kazakhstan	BA.2	EPI_ISL_13257859
121	Homo sapiens	2022-04-24	Kazakhstan	BA.2	EPI_ISL_13257855
117	Homo sapiens	2022-03-24	Kazakhstan	BA.2	EPI_ISL_13257869
122	Homo sapiens	2022-04-26	Kazakhstan	BA.2	EPI_ISL_13257858
122	Homo sapiens	2022-04-25	Kazakhstan	BA.2	EPI_ISL_13257857
120	Homo sapiens	2022-04-12	Kazakhstan	BA.2	EPI_ISL_13257868
122	Homo sapiens	2022-04-26	Kazakhstan	BA.2	EPI_ISL_13257863
88	Homo sapiens	2021-09-02	Kazakhstan	B.1.617.2	EPI_ISL_13717748
88	Homo sapiens	2021-09-02	Kazakhstan	AY.122	EPI_ISL_13717756
88	Homo sapiens	2021-09-02	Kazakhstan	AY.122	EPI_ISL_13717762
88	Homo sapiens	2021-09-02	Kazakhstan	AY.122	EPI_ISL_13717754
88	Homo sapiens	2021-09-02	Kazakhstan	AY.122	EPI_ISL_13717750
88	Homo sapiens	2021-09-02	Kazakhstan	AY.122	EPI_ISL_13717763
88	Homo sapiens	2021-09-02	Kazakhstan	AY.122	EPI_ISL_13717761
88	Homo sapiens	2021-09-02	Kazakhstan	AY.122	EPI_ISL_13717749
88	Homo sapiens	2021-09-02	Kazakhstan	AY.122	EPI_ISL_13717780
106	Homo sapiens	2022-01-08	Kazakhstan	BA.1	EPI_ISL_13717827
106	Homo sapiens	2022-01-06	Kazakhstan	AY.122	EPI_ISL_13717814
88	Homo sapiens	2021-09-02	Kazakhstan	AY.122	EPI_ISL_13717779
88	Homo sapiens	2021-09-02	Kazakhstan	AY.122	EPI_ISL_13717773
88	Homo sapiens	2021-09-02	Kazakhstan	AY.122	EPI_ISL_13717786
88	Homo sapiens	2021-09-02	Kazakhstan	AY.122	EPI_ISL_13717781
88	Homo sapiens	2021-09-02	Kazakhstan	AY.122	EPI_ISL_13718008
107	Homo sapiens	2022-01-13	Kazakhstan	BA.1	EPI_ISL_13717975
130	Homo sapiens	2022-06-21	Kazakhstan	BA.2	EPI_ISL_13953833
130	Homo sapiens	2022-06-21	Kazakhstan	BA.2	EPI_ISL_13953831
130	Homo sapiens	2022-06-23	Kazakhstan	BA.2	EPI_ISL_13953816
130	Homo sapiens	2022-06-23	Kazakhstan	BA.2	EPI_ISL_13953807
130	Homo sapiens	2022-06-23	Kazakhstan	BA.5.2	EPI_ISL_13953810
130	Homo sapiens	2022-06-23	Kazakhstan	BA.2	EPI_ISL_13953805
130	Homo sapiens	2022-06-23	Kazakhstan	BA.2	EPI_ISL_13953794
145	Homo sapiens	2022-10-07	Kazakhstan	BA.5.2	EPI_ISL_15757839
145	Homo sapiens	2022-10-06	Kazakhstan	BA.5.2.1	EPI_ISL_15757814
145	Homo sapiens	2022-10-07	Kazakhstan	BA.5.2.1	EPI_ISL_15757825
145	Homo sapiens	2022-10-07	Kazakhstan	BA.5.2.22	EPI_ISL_15757833
145	Homo sapiens	2022-10-07	Kazakhstan	BA.5.2	EPI_ISL_15757841
145	Homo sapiens	2022-10-07	Kazakhstan	BA.5.6	EPI_ISL_15757890
145	Homo sapiens	2022-10-07	Kazakhstan	BA.5.1	EPI_ISL_15757886
145	Homo sapiens	2022-10-07	Kazakhstan	BA.5.2	EPI_ISL_15757869
145	Homo sapiens	2022-10-07	Kazakhstan	BA.5.2.1	EPI_ISL_15757856
145	Homo sapiens	2022-10-07	Kazakhstan	BA.5.2	EPI_ISL_15757855
145	Homo sapiens	2022-10-07	Kazakhstan	BA.5.2	EPI_ISL_15757845
145	Homo sapiens	2022-10-07	Kazakhstan	BA.5.2	EPI_ISL_15757847
145	Homo sapiens	2022-10-07	Kazakhstan	BA.5.2.6	EPI_ISL_15757853
145	Homo sapiens	2022-10-07	Kazakhstan	BA.5.2	EPI_ISL_15757846
145	Homo sapiens	2022-10-07	Kazakhstan	BA.5.2.1	EPI_ISL_15757835
145	Homo sapiens	2022-10-07	Kazakhstan	BA.5.2.12	EPI_ISL_15757844
145	Homo sapiens	2022-10-07	Kazakhstan	BA.5.2.1	EPI_ISL_15757834
145	Homo sapiens	2022-10-07	Kazakhstan	BA.5.2	EPI_ISL_15757836
145	Homo sapiens	2022-10-07	Kazakhstan	BA.5.2.22	EPI_ISL_15757843
145	Homo sapiens	2022-10-07	Kazakhstan	BA.5.2.20	EPI_ISL_15757852
145	Homo sapiens	2022-10-07	Kazakhstan	BA.5.2.1	EPI_ISL_15757849
145	Homo sapiens	2022-10-07	Kazakhstan	BA.5.2	EPI_ISL_15757848
145	Homo sapiens	2022-10-07	Kazakhstan	BA.5.2	EPI_ISL_15757837
145	Homo sapiens	2022-10-07	Kazakhstan	BA.5.2	EPI_ISL_15757851
145	Homo sapiens	2022-10-07	Kazakhstan	BA.5.2.1	EPI_ISL_15757850
145	Homo sapiens	2022-10-07	Kazakhstan	BA.5.2.1	EPI_ISL_15757829
145	Homo sapiens	2022-10-07	Kazakhstan	BA.5.1.1	EPI_ISL_15757887
145	Homo sapiens	2022-10-07	Kazakhstan	BA.5.2	EPI_ISL_15757832
145	Homo sapiens	2022-10-07	Kazakhstan	BA.5.2	EPI_ISL_15757826
145	Homo sapiens	2022-10-07	Kazakhstan	BA.5.2	EPI_ISL_15757838
145	Homo sapiens	2022-10-07	Kazakhstan	BA.5.2	EPI_ISL_15757842
145	Homo sapiens	2022-10-07	Kazakhstan	BA.5.2	EPI_ISL_15757840
145	Homo sapiens	2022-10-07	Kazakhstan	BA.5.2.1	EPI_ISL_15757823
145	Homo sapiens	2022-10-06	Kazakhstan	BA.5.2.1	EPI_ISL_15757822
145	Homo sapiens	2022-10-06	Kazakhstan	BA.5.2	EPI_ISL_15757815
145	Homo sapiens	2022-10-06	Kazakhstan	BA.5.2	EPI_ISL_15757821
145	Homo sapiens	2022-10-06	Kazakhstan	BA.5.2	EPI_ISL_15757819
145	Homo sapiens	2022-10-07	Kazakhstan	BA.5.2.1	EPI_ISL_15757827
145	Homo sapiens	2022-10-07	Kazakhstan	BA.5.1	EPI_ISL_15757831
145	Homo sapiens	2022-10-07	Kazakhstan	BA.5.2	EPI_ISL_15757830
145	Homo sapiens	2022-10-06	Kazakhstan	BA.5.2.1	EPI_ISL_15757817
145	Homo sapiens	2022-10-06	Kazakhstan	BA.5.2.1	EPI_ISL_15757816
145	Homo sapiens	2022-10-06	Kazakhstan	BA.5.2.1	EPI_ISL_15757818
145	Homo sapiens	2022-10-06	Kazakhstan	BA.5.1	EPI_ISL_15757820
147	Homo sapiens	2022-10-18	Kazakhstan	BA.5.1.24	EPI_ISL_15775127
147	Homo sapiens	2022-10-18	Kazakhstan	BA.4.1	EPI_ISL_15775145
147	Homo sapiens	2022-10-18	Kazakhstan	BA.5.1.6	EPI_ISL_15775131
147	Homo sapiens	2022-10-18	Kazakhstan	BA.5.5	EPI_ISL_15775119
147	Homo sapiens	2022-10-18	Kazakhstan	BE.1	EPI_ISL_15775133
147	Homo sapiens	2022-10-18	Kazakhstan	BA.5.1	EPI_ISL_15775147
147	Homo sapiens	2022-10-18	Kazakhstan	BA.5.5	EPI_ISL_15775121
147	Homo sapiens	2022-10-18	Kazakhstan	BA.5.2.1	EPI_ISL_15775144
147	Homo sapiens	2022-10-18	Kazakhstan	BA.5.2	EPI_ISL_15775068
147	Homo sapiens	2022-10-18	Kazakhstan	BA.4.1.1	EPI_ISL_15775085
147	Homo sapiens	2022-10-21	Kazakhstan	BA.5.2.1	EPI_ISL_15775093
147	Homo sapiens	2022-10-21	Kazakhstan	BA.5.1.3	EPI_ISL_15775090
147	Homo sapiens	2022-10-21	Kazakhstan	BA.4.6.1	EPI_ISL_15775094
147	Homo sapiens	2022-10-21	Kazakhstan	BA.5.1	EPI_ISL_15775091
147	Homo sapiens	2022-10-18	Kazakhstan	BA.5.2.44	EPI_ISL_15775082
147	Homo sapiens	2022-10-21	Kazakhstan	BA.5.2	EPI_ISL_15775089
147	Homo sapiens	2022-10-18	Kazakhstan	BA.5.1	EPI_ISL_15775087
147	Homo sapiens	2022-10-18	Kazakhstan	BA.5.1	EPI_ISL_15775110
147	Homo sapiens	2022-10-18	Kazakhstan	BA.5.2.44	EPI_ISL_15775081
147	Homo sapiens	2022-10-18	Kazakhstan	BA.5.6	EPI_ISL_15775114
147	Homo sapiens	2022-10-18	Kazakhstan	BA.5.2	EPI_ISL_15775074
147	Homo sapiens	2022-10-18	Kazakhstan	BA.5.2	EPI_ISL_15775108
147	Homo sapiens	2022-10-18	Kazakhstan	BA.5.2.24	EPI_ISL_15775111
147	Homo sapiens	2022-10-18	Kazakhstan	BA.5.2.44	EPI_ISL_15775077
147	Homo sapiens	2022-10-18	Kazakhstan	BA.5.1.24	EPI_ISL_15775075
147	Homo sapiens	2022-10-18	Kazakhstan	BA.5.2.3	EPI_ISL_15775076
147	Homo sapiens	2022-10-18	Kazakhstan	BA.5.2	EPI_ISL_15775072
147	Homo sapiens	2022-10-18	Kazakhstan	BA.5.2	EPI_ISL_15775071
147	Homo sapiens	2022-10-21	Kazakhstan	BA.5.1.22	EPI_ISL_15775164
147	Homo sapiens	2022-10-21	Kazakhstan	BA.4.6	EPI_ISL_15775161
147	Homo sapiens	2022-10-18	Kazakhstan	BA.5.2.7	EPI_ISL_15775106
147	Homo sapiens	2022-10-21	Kazakhstan	BA.5.1.6	EPI_ISL_15775162
147	Homo sapiens	2022-10-18	Kazakhstan	BA.5.1.25	EPI_ISL_15775153
147	Homo sapiens	2022-10-21	Kazakhstan	BA.5.1	EPI_ISL_15775165
147	Homo sapiens	2022-10-18	Kazakhstan	BA.5.1.6	EPI_ISL_15775155
147	Homo sapiens	2022-10-19	Kazakhstan	BA.5.1.6	EPI_ISL_15775137
147	Homo sapiens	2022-10-21	Kazakhstan	BA.5.1.6	EPI_ISL_15775163
147	Homo sapiens	2022-10-21	Kazakhstan	BA.5.2	EPI_ISL_15775160
147	Homo sapiens	2022-10-18	Kazakhstan	BA.5.1.28	EPI_ISL_15775154
147	Homo sapiens	2022-10-18	Kazakhstan	BA.5.1.6	EPI_ISL_15775158
147	Homo sapiens	2022-10-18	Kazakhstan	BA.5.2	EPI_ISL_15775157
147	Homo sapiens	2022-10-18	Kazakhstan	BA.5.2	EPI_ISL_15775152
147	Homo sapiens	2022-10-18	Kazakhstan	BA.5.2	EPI_ISL_15775151
147	Homo sapiens	2022-10-18	Kazakhstan	BA.5.1.6	EPI_ISL_15775122
147	Homo sapiens	2022-10-18	Kazakhstan	BA.5.1.22	EPI_ISL_15775150
147	Homo sapiens	2022-10-18	Kazakhstan	BA.5.6	EPI_ISL_15775141
147	Homo sapiens	2022-10-18	Kazakhstan	BA.5.1.6	EPI_ISL_15775126
147	Homo sapiens	2022-10-18	Kazakhstan	BA.5.1	EPI_ISL_15775120
147	Homo sapiens	2022-10-18	Kazakhstan	BA.5.2.1	EPI_ISL_15775134
147	Homo sapiens	2022-10-18	Kazakhstan	BA.5.2.1	EPI_ISL_15775129
147	Homo sapiens	2022-10-21	Kazakhstan	BA.5.1.25	EPI_ISL_15775117
147	Homo sapiens	2022-10-18	Kazakhstan	BA.5.2.1	EPI_ISL_15775123
147	Homo sapiens	2022-10-18	Kazakhstan	BA.2.75.1	EPI_ISL_15775079
147	Homo sapiens	2022-10-18	Kazakhstan	BA.5	EPI_ISL_15775128
147	Homo sapiens	2022-10-18	Kazakhstan	BA.5.1.6	EPI_ISL_15775118
147	Homo sapiens	2022-10-21	Kazakhstan	BA.5.1	EPI_ISL_15775116
147	Homo sapiens	2022-10-18	Kazakhstan	BA.5.1.6	EPI_ISL_15775125
147	Homo sapiens	2022-10-18	Kazakhstan	BE.3	EPI_ISL_15775124
147	Homo sapiens	2022-10-21	Kazakhstan	BA.5.6	EPI_ISL_15775115
147	Homo sapiens	2022-10-18	Kazakhstan	BA.5.2	EPI_ISL_15775109
147	Homo sapiens	2022-10-18	Kazakhstan	BA.5.2	EPI_ISL_15775148
147	Homo sapiens	2022-10-18	Kazakhstan	BA.5.2.9	EPI_ISL_15775143
147	Homo sapiens	2022-10-19	Kazakhstan	BA.5.2.9	EPI_ISL_15775138
147	Homo sapiens	2022-10-18	Kazakhstan	BA.5.1	EPI_ISL_15775149
145	Homo sapiens	2022-10-07	Kazakhstan	BA.5.2.6	EPI_ISL_15775579
88	Homo sapiens	2021-09-02	Kazakhstan	B.1.617.2	OQ119934.1
88	Homo sapiens	2021-09-02	Kazakhstan	AY.122	OQ119935.1
88	Homo sapiens	2021-09-02	Kazakhstan	AY.122	OQ119936.1
88	Homo sapiens	2021-09-02	Kazakhstan	AY.122	OQ119939.1
88	Homo sapiens	2021-09-02	Kazakhstan	AY.122	OQ119941.1
88	Homo sapiens	2021-09-02	Kazakhstan	AY.122	OQ119946.1
88	Homo sapiens	2021-09-02	Kazakhstan	AY.122	OQ119947.1
88	Homo sapiens	2021-09-02	Kazakhstan	AY.122	OQ119948.1
88	Homo sapiens	2021-09-02	Kazakhstan	AY.122	OQ119958.1
88	Homo sapiens	2021-09-02	Kazakhstan	AY.122	OQ119964.1
88	Homo sapiens	2021-09-02	Kazakhstan	AY.122	OQ119965.1
88	Homo sapiens	2021-09-02	Kazakhstan	AY.122	OQ119966.1
88	Homo sapiens	2021-09-02	Kazakhstan	AY.122	OQ119971.1
84	Homo sapiens	2021-08-02	Kazakhstan	AY.122	OQ119999.1
84	Homo sapiens	2021-08-03	Kazakhstan	BA.1	OQ120012.1
111	Homo sapiens	2022-02-09	Kazakhstan	BA.1	OQ120160.1
108	Homo sapiens	2022-01-20	Kazakhstan	AY.122	OQ120193.1
108	Homo sapiens	2022-01-21	Kazakhstan	AY.122	OQ120197.1
108	Homo sapiens	2022-01-21	Kazakhstan	AY.122	OQ120198.1
108	Homo sapiens	2022-01-21	Kazakhstan	AY.122	OQ120199.1
107	Homo sapiens	2022-01-13	Kazakhstan	AY.122	OQ120200.1
107	Homo sapiens	2022-01-14	Kazakhstan	AY.122	OQ120201.1
107	Homo sapiens	2022-01-14	Kazakhstan	AY.122	OQ120202.1
107	Homo sapiens	2022-01-13	Kazakhstan	AY.122	OQ120203.1
109	Homo sapiens	2022-01-26	Kazakhstan	B.1.617.2	OQ120204.1
109	Homo sapiens	2022-01-28	Kazakhstan	AY.122	OQ120205.1
107	Homo sapiens	2022-01-14	Kazakhstan	AY.122	OQ120206.1
108	Homo sapiens	2022-01-17	Kazakhstan	AY.122	OQ120207.1
108	Homo sapiens	2022-01-17	Kazakhstan	AY.122	OQ120208.1
109	Homo sapiens	2022-01-24	Kazakhstan	AY.122	OQ120209.1
106	Homo sapiens	2022-01-09	Kazakhstan	AY.122	OQ120210.1
107	Homo sapiens	2022-01-10	Kazakhstan	AY.122	OQ120211.1
107	Homo sapiens	2022-01-11	Kazakhstan	AY.122	OQ120212.1
107	Homo sapiens	2022-01-11	Kazakhstan	B.1.617.2	OQ120213.1
107	Homo sapiens	2022-01-11	Kazakhstan	AY.122	OQ120214.1
107	Homo sapiens	2022-01-11	Kazakhstan	B.1.617.2	OQ120215.1
107	Homo sapiens	2022-01-11	Kazakhstan	AY.122	OQ120216.1
107	Homo sapiens	2022-01-11	Kazakhstan	AY.122	OQ120217.1
107	Homo sapiens	2022-01-11	Kazakhstan	AY.122	OQ120218.1
107	Homo sapiens	2022-01-11	Kazakhstan	B.1.617.2	OQ120219.1
107	Homo sapiens	2022-01-12	Kazakhstan	AY.122	OQ120221.1
107	Homo sapiens	2022-01-12	Kazakhstan	AY.122	OQ120222.1
107	Homo sapiens	2022-01-12	Kazakhstan	AY.122	OQ120223.1
107	Homo sapiens	2022-01-12	Kazakhstan	AY.122	OQ120224.1
107	Homo sapiens	2022-01-12	Kazakhstan	AY.122	OQ120225.1
107	Homo sapiens	2022-01-12	Kazakhstan	AY.122	OQ120226.1
107	Homo sapiens	2022-01-12	Kazakhstan	B.1.637	OQ120227.1
107	Homo sapiens	2022-01-12	Kazakhstan	AY.122	OQ120228.1
107	Homo sapiens	2022-01-12	Kazakhstan	B.1.617.2	OQ120229.1
107	Homo sapiens	2022-01-12	Kazakhstan	AY.122	OQ120230.1
107	Homo sapiens	2022-01-12	Kazakhstan	AY.122	OQ120231.1
107	Homo sapiens	2022-01-13	Kazakhstan	AY.122	OQ120233.1
107	Homo sapiens	2022-01-13	Kazakhstan	AY.122	OQ120234.1
107	Homo sapiens	2022-01-13	Kazakhstan	AY.122	OQ120235.1
107	Homo sapiens	2022-01-13	Kazakhstan	AY.122	OQ120236.1
107	Homo sapiens	2022-01-13	Kazakhstan	B.1.617.2	OQ120237.1
107	Homo sapiens	2022-01-13	Kazakhstan	AY.122	OQ120238.1
107	Homo sapiens	2022-01-13	Kazakhstan	AY.122	OQ120239.1
107	Homo sapiens	2022-01-13	Kazakhstan	AY.122	OQ120240.1
107	Homo sapiens	2022-01-13	Kazakhstan	AY.122	OQ120241.1
107	Homo sapiens	2022-01-13	Kazakhstan	AY.122	OQ120242.1
107	Homo sapiens	2022-01-13	Kazakhstan	AY.122	OQ120243.1
108	Homo sapiens	2022-01-21	Kazakhstan	AY.122	OQ120244.1
108	Homo sapiens	2022-01-21	Kazakhstan	AY.122	OQ120245.1
108	Homo sapiens	2022-01-22	Kazakhstan	AY.122	OQ120246.1
107	Homo sapiens	2022-01-14	Kazakhstan	AY.122	OQ120247.1
107	Homo sapiens	2022-01-14	Kazakhstan	AY.122	OQ120248.1
107	Homo sapiens	2022-01-14	Kazakhstan	AY.122	OQ120249.1
107	Homo sapiens	2022-01-15	Kazakhstan	AY.122	OQ120250.1
107	Homo sapiens	2022-01-15	Kazakhstan	AY.122	OQ120251.1
107	Homo sapiens	2022-01-15	Kazakhstan	AY.122	OQ120252.1
107	Homo sapiens	2022-01-15	Kazakhstan	AY.122	OQ120253.1
107	Homo sapiens	2022-01-15	Kazakhstan	AY.122	OQ120254.1
107	Homo sapiens	2022-01-15	Kazakhstan	AY.122	OQ120255.1
108	Homo sapiens	2022-01-17	Kazakhstan	AY.122	OQ120256.1
108	Homo sapiens	2022-01-17	Kazakhstan	AY.122	OQ120257.1
107	Homo sapiens	2022-01-13	Kazakhstan	AY.122	OQ120258.1
108	Homo sapiens	2022-01-19	Kazakhstan	AY.122	OQ120259.1
108	Homo sapiens	2022-01-19	Kazakhstan	AY.122	OQ120260.1
108	Homo sapiens	2022-01-19	Kazakhstan	AY.122	OQ120261.1
88	Homo sapiens	2021-09-02	Kazakhstan	AY.122	OQ120262.1
108	Homo sapiens	2022-01-19	Kazakhstan	AY.122	OQ120263.1
108	Homo sapiens	2022-01-20	Kazakhstan	AY.122	OQ120264.1
108	Homo sapiens	2022-01-20	Kazakhstan	AY.122	OQ120265.1
108	Homo sapiens	2022-01-20	Kazakhstan	AY.122	OQ120266.1
108	Homo sapiens	2022-01-20	Kazakhstan	AY.122	OQ120267.1
88	Homo sapiens	2021-09-02	Kazakhstan	AY.122	OQ120268.1
88	Homo sapiens	2021-09-02	Kazakhstan	AY.122	OQ120269.1
108	Homo sapiens	2022-01-21	Kazakhstan	AY.122	OQ120270.1
107	Homo sapiens	2022-01-10	Kazakhstan	AY.126	OQ120271.1
108	Homo sapiens	2022-01-20	Kazakhstan	AY.122	OQ120272.1
108	Homo sapiens	2022-01-20	Kazakhstan	AY.122	EPI_ISL_16871595
108	Homo sapiens	2022-01-20	Kazakhstan	AY.122	EPI_ISL_16871593
108	Homo sapiens	2022-01-20	Kazakhstan	AY.122	EPI_ISL_16871592
88	Homo sapiens	2021-09-02	Kazakhstan	AY.122	EPI_ISL_16871597
88	Homo sapiens	2021-09-02	Kazakhstan	AY.122	EPI_ISL_16871590
88	Homo sapiens	2021-09-02	Kazakhstan	AY.122	EPI_ISL_16871591
108	Homo sapiens	2022-01-20	Kazakhstan	AY.122	EPI_ISL_16871594
108	Homo sapiens	2022-01-19	Kazakhstan	AY.122	EPI_ISL_16871596
108	Homo sapiens	2022-01-19	Kazakhstan	AY.122	EPI_ISL_16871598
108	Homo sapiens	2022-01-19	Kazakhstan	AY.122	EPI_ISL_16871599
107	Homo sapiens	2022-01-15	Kazakhstan	AY.122	EPI_ISL_16871609
107	Homo sapiens	2022-01-13	Kazakhstan	AY.122	EPI_ISL_16871601
108	Homo sapiens	2022-01-17	Kazakhstan	AY.122	EPI_ISL_16871602
108	Homo sapiens	2022-01-17	Kazakhstan	AY.122	EPI_ISL_16871603
107	Homo sapiens	2022-01-15	Kazakhstan	AY.122	EPI_ISL_16871606
107	Homo sapiens	2022-01-15	Kazakhstan	AY.122	EPI_ISL_16871604
107	Homo sapiens	2022-01-15	Kazakhstan	AY.122	EPI_ISL_16871605
107	Homo sapiens	2022-01-15	Kazakhstan	AY.122	EPI_ISL_16871607
107	Homo sapiens	2022-01-15	Kazakhstan	AY.122	EPI_ISL_16871608
108	Homo sapiens	2022-01-19	Kazakhstan	AY.122	EPI_ISL_16871600
107	Homo sapiens	2022-01-14	Kazakhstan	AY.122	EPI_ISL_16871612
108	Homo sapiens	2022-01-22	Kazakhstan	AY.122	EPI_ISL_16871613
107	Homo sapiens	2022-01-13	Kazakhstan	AY.122	EPI_ISL_16871619
108	Homo sapiens	2022-01-21	Kazakhstan	AY.122	EPI_ISL_16871614
108	Homo sapiens	2022-01-21	Kazakhstan	AY.122	EPI_ISL_16871615
107	Homo sapiens	2022-01-14	Kazakhstan	AY.122	EPI_ISL_16871610
107	Homo sapiens	2022-01-13	Kazakhstan	AY.122	EPI_ISL_16871616
107	Homo sapiens	2022-01-13	Kazakhstan	AY.122	EPI_ISL_16871624
107	Homo sapiens	2022-01-13	Kazakhstan	AY.122	EPI_ISL_16871617
107	Homo sapiens	2022-01-13	Kazakhstan	AY.122	EPI_ISL_16871618
107	Homo sapiens	2022-01-14	Kazakhstan	AY.122	EPI_ISL_16871611
107	Homo sapiens	2022-01-13	Kazakhstan	AY.122	EPI_ISL_16871623
107	Homo sapiens	2022-01-13	Kazakhstan	AY.122	EPI_ISL_16871625
107	Homo sapiens	2022-01-13	Kazakhstan	AY.122	EPI_ISL_16871621
107	Homo sapiens	2022-01-13	Kazakhstan	AY.122	EPI_ISL_16871620
108	Homo sapiens	2022-01-20	Kazakhstan	AY.122	EPI_ISL_16871587
107	Homo sapiens	2022-01-10	Kazakhstan	AY.126	EPI_ISL_16871588
108	Homo sapiens	2022-01-21	Kazakhstan	AY.122	EPI_ISL_16871589
107	Homo sapiens	2022-01-13	Kazakhstan	B.1.617.2	EPI_ISL_16871622
107	Homo sapiens	2022-01-12	Kazakhstan	AY.122	EPI_ISL_16871635
108	Homo sapiens	2022-01-21	Kazakhstan	AY.122	EPI_ISL_16871660
84	Homo sapiens	2021-08-03	Kazakhstan	BA.1	EPI_ISL_16871838
84	Homo sapiens	2021-08-02	Kazakhstan	AY.122	EPI_ISL_16871851
107	Homo sapiens	2022-01-13	Kazakhstan	AY.122	EPI_ISL_16871626
107	Homo sapiens	2022-01-12	Kazakhstan	AY.122	EPI_ISL_16871628
107	Homo sapiens	2022-01-12	Kazakhstan	AY.122	EPI_ISL_16871634
107	Homo sapiens	2022-01-12	Kazakhstan	AY.122	EPI_ISL_16871636
107	Homo sapiens	2022-01-12	Kazakhstan	AY.122	EPI_ISL_16871637
107	Homo sapiens	2022-01-12	Kazakhstan	AY.122	EPI_ISL_16871638
107	Homo sapiens	2022-01-12	Kazakhstan	AY.122	EPI_ISL_16871631
107	Homo sapiens	2022-01-12	Kazakhstan	B.1.617.2	EPI_ISL_16871630
107	Homo sapiens	2022-01-12	Kazakhstan	B.1.637	EPI_ISL_16871632
107	Homo sapiens	2022-01-12	Kazakhstan	AY.122	EPI_ISL_16871633
107	Homo sapiens	2022-01-11	Kazakhstan	AY.122	EPI_ISL_16871645
107	Homo sapiens	2022-01-11	Kazakhstan	B.1.617.2	EPI_ISL_16871646
107	Homo sapiens	2022-01-11	Kazakhstan	AY.122	EPI_ISL_16871647
107	Homo sapiens	2022-01-10	Kazakhstan	AY.122	EPI_ISL_16871648
106	Homo sapiens	2022-01-09	Kazakhstan	AY.122	EPI_ISL_16871649
107	Homo sapiens	2022-01-11	Kazakhstan	B.1.617.2	EPI_ISL_16871640
107	Homo sapiens	2022-01-11	Kazakhstan	AY.122	EPI_ISL_16871641
107	Homo sapiens	2022-01-11	Kazakhstan	AY.122	EPI_ISL_16871642
107	Homo sapiens	2022-01-11	Kazakhstan	AY.122	EPI_ISL_16871643
107	Homo sapiens	2022-01-14	Kazakhstan	AY.122	EPI_ISL_16871653
107	Homo sapiens	2022-01-11	Kazakhstan	B.1.617.2	EPI_ISL_16871644
107	Homo sapiens	2022-01-14	Kazakhstan	AY.122	EPI_ISL_16871658
107	Homo sapiens	2022-01-13	Kazakhstan	AY.122	EPI_ISL_16871656
107	Homo sapiens	2022-01-14	Kazakhstan	AY.122	EPI_ISL_16871657
107	Homo sapiens	2022-01-13	Kazakhstan	AY.122	EPI_ISL_16871659
109	Homo sapiens	2022-01-24	Kazakhstan	AY.122	EPI_ISL_16871650
108	Homo sapiens	2022-01-17	Kazakhstan	AY.122	EPI_ISL_16871651
108	Homo sapiens	2022-01-17	Kazakhstan	AY.122	EPI_ISL_16871652
109	Homo sapiens	2022-01-28	Kazakhstan	AY.122	EPI_ISL_16871654
109	Homo sapiens	2022-01-26	Kazakhstan	B.1.617.2	EPI_ISL_16871655
108	Homo sapiens	2022-01-21	Kazakhstan	AY.122	EPI_ISL_16871661
108	Homo sapiens	2022-01-21	Kazakhstan	AY.122	EPI_ISL_16871662
108	Homo sapiens	2022-01-20	Kazakhstan	AY.122	EPI_ISL_16871665
111	Homo sapiens	2022-02-09	Kazakhstan	BA.1	EPI_ISL_16871691
107	Homo sapiens	2022-01-12	Kazakhstan	AY.122	EPI_ISL_16871629
80	Homo sapiens	2021-07-07	Kazakhstan	AY.122	OQ561548.1
98	Homo sapiens	2021-11-08	Kazakhstan	AY.122	EPI_ISL_17453805
98	Homo sapiens	2021-11-08	Kazakhstan	AY.122	EPI_ISL_17453813
98	Homo sapiens	2021-11-08	Kazakhstan	AY.122	EPI_ISL_17453793
98	Homo sapiens	2021-11-08	Kazakhstan	AY.122	EPI_ISL_17453806
98	Homo sapiens	2021-11-08	Kazakhstan	AY.122	EPI_ISL_17453808
98	Homo sapiens	2021-11-08	Kazakhstan	AY.122	EPI_ISL_17453811
98	Homo sapiens	2021-11-08	Kazakhstan	B.1.617.2	EPI_ISL_17453816
98	Homo sapiens	2021-11-08	Kazakhstan	AY.122	EPI_ISL_17453792
98	Homo sapiens	2021-11-08	Kazakhstan	B.1.617.2	EPI_ISL_17453798
108	Homo sapiens	2022-01-19	Kazakhstan	BA.1.1	EPI_ISL_17454052
98	Homo sapiens	2021-11-08	Kazakhstan	AY.122	EPI_ISL_17453774
98	Homo sapiens	2021-11-08	Kazakhstan	AY.122	EPI_ISL_17453786
98	Homo sapiens	2021-11-08	Kazakhstan	AY.122	EPI_ISL_17453771
98	Homo sapiens	2021-11-08	Kazakhstan	AY.122	EPI_ISL_17453775
98	Homo sapiens	2021-11-08	Kazakhstan	AY.122	EPI_ISL_17453780
98	Homo sapiens	2021-11-08	Kazakhstan	AY.122	EPI_ISL_17453784
98	Homo sapiens	2021-11-08	Kazakhstan	AY.122	EPI_ISL_17453789
133	Homo sapiens	2022-07-13	Kazakhstan	AY.122	EPI_ISL_17454372
107	Homo sapiens	2022-01-13	Kazakhstan	BA.1.1	EPI_ISL_17454050
98	Homo sapiens	2021-11-08	Kazakhstan	AY.122	EPI_ISL_17454377
98	Homo sapiens	2021-11-08	Kazakhstan	AY.122	EPI_ISL_17454390
98	Homo sapiens	2021-11-08	Kazakhstan	AY.122	EPI_ISL_17454392
98	Homo sapiens	2021-11-08	Kazakhstan	AY.122	EPI_ISL_17454386
98	Homo sapiens	2021-11-08	Kazakhstan	AY.122	EPI_ISL_17454387
98	Homo sapiens	2021-11-08	Kazakhstan	AY.122	EPI_ISL_17454388
98	Homo sapiens	2021-11-08	Kazakhstan	AY.122	EPI_ISL_17454389
138	Homo sapiens	2022-08-15	Kazakhstan	BA.5.2	EPI_ISL_17454318
