127	Homo sapiens	2022-06-03	Kiribati	BA.1.17.2	EPI_ISL_14549509
137	Homo sapiens	2022-08-11	Kiribati	BA.5.2.1	EPI_ISL_14549557
137	Homo sapiens	2022-08-11	Kiribati	BA.5.2.1	EPI_ISL_14549558
137	Homo sapiens	2022-08-11	Kiribati	BA.5.2.1	EPI_ISL_14549542
137	Homo sapiens	2022-08-11	Kiribati	BA.5.2.1	EPI_ISL_14549591
134	Homo sapiens	2022-07-19	Kiribati	BA.5.2.1	EPI_ISL_14549550
137	Homo sapiens	2022-08-11	Kiribati	BA.5.2.1	EPI_ISL_14549570
132	Homo sapiens	2022-07-08	Kiribati	BA.1.17.2	EPI_ISL_14549527
137	Homo sapiens	2022-08-11	Kiribati	BA.5.2.1	EPI_ISL_14549594
137	Homo sapiens	2022-08-11	Kiribati	BA.5.2.1	EPI_ISL_14549551
137	Homo sapiens	2022-08-11	Kiribati	BA.5.2.1	EPI_ISL_14549597
137	Homo sapiens	2022-08-11	Kiribati	BA.5.2.1	EPI_ISL_14549592
137	Homo sapiens	2022-08-11	Kiribati	BA.5.2.1	EPI_ISL_14549593
134	Homo sapiens	2022-07-22	Kiribati	BA.5.2.1	EPI_ISL_14549518
137	Homo sapiens	2022-08-11	Kiribati	BA.5.2.1	EPI_ISL_14549590
130	Homo sapiens	2022-06-23	Kiribati	BA.1.17.2	EPI_ISL_14549514
137	Homo sapiens	2022-08-11	Kiribati	BA.1.17.2	EPI_ISL_14549513
137	Homo sapiens	2022-08-11	Kiribati	BA.1.17.2	EPI_ISL_14549516
130	Homo sapiens	2022-06-20	Kiribati	BA.1.17.2	EPI_ISL_14549511
134	Homo sapiens	2022-07-19	Kiribati	BA.5.2.1	EPI_ISL_14549595
137	Homo sapiens	2022-08-11	Kiribati	BA.5.2.1	EPI_ISL_14549596
134	Homo sapiens	2022-07-22	Kiribati	BA.5.2.1	EPI_ISL_14549519
131	Homo sapiens	2022-06-27	Kiribati	BA.1.17.2	EPI_ISL_14549517
137	Homo sapiens	2022-08-11	Kiribati	BA.1.17.2	EPI_ISL_14549524
137	Homo sapiens	2022-08-11	Kiribati	BA.1.17.2	EPI_ISL_14549520
137	Homo sapiens	2022-08-11	Kiribati	BA.5.2.1	EPI_ISL_14549549
137	Homo sapiens	2022-08-11	Kiribati	BA.5.2.1	EPI_ISL_14549559
133	Homo sapiens	2022-07-13	Kiribati	BA.1.17.2	EPI_ISL_14549556
137	Homo sapiens	2022-08-11	Kiribati	BA.5.2.1	EPI_ISL_14549555
137	Homo sapiens	2022-08-11	Kiribati	BA.5.2.1	EPI_ISL_14549564
133	Homo sapiens	2022-07-16	Kiribati	BA.5.2.1	EPI_ISL_14549553
133	Homo sapiens	2022-07-17	Kiribati	BA.5.2.1	EPI_ISL_14549560
137	Homo sapiens	2022-08-11	Kiribati	BA.5.2.1	EPI_ISL_14549554
137	Homo sapiens	2022-08-11	Kiribati	BA.5.2.1	EPI_ISL_14549552
137	Homo sapiens	2022-08-11	Kiribati	BA.5.2.1	EPI_ISL_14549561
133	Homo sapiens	2022-07-14	Kiribati	BA.5.2.1	EPI_ISL_14549567
137	Homo sapiens	2022-08-11	Kiribati	BA.5.2.1	EPI_ISL_14549569
137	Homo sapiens	2022-08-11	Kiribati	BA.5.2.1	EPI_ISL_14549562
137	Homo sapiens	2022-08-11	Kiribati	BA.5.2.1	EPI_ISL_14549566
137	Homo sapiens	2022-08-11	Kiribati	BA.1.17.2	EPI_ISL_14549529
137	Homo sapiens	2022-08-11	Kiribati	BA.1.17.2	EPI_ISL_14549576
137	Homo sapiens	2022-08-11	Kiribati	BA.5.2.1	EPI_ISL_14549533
137	Homo sapiens	2022-08-11	Kiribati	BA.5.2.1	EPI_ISL_14549544
137	Homo sapiens	2022-08-11	Kiribati	BA.1.17.2	EPI_ISL_14549575
137	Homo sapiens	2022-08-11	Kiribati	BA.5.2.1	EPI_ISL_14549537
137	Homo sapiens	2022-08-11	Kiribati	BA.5.2.1	EPI_ISL_14549571
137	Homo sapiens	2022-08-11	Kiribati	BA.5.2.1	EPI_ISL_14549579
137	Homo sapiens	2022-08-11	Kiribati	BA.5.2.1	EPI_ISL_14549583
132	Homo sapiens	2022-07-04	Kiribati	BA.1.17.2	EPI_ISL_14549528
137	Homo sapiens	2022-08-11	Kiribati	BA.5.2.1	EPI_ISL_14549580
134	Homo sapiens	2022-07-18	Kiribati	BA.5.2.1	EPI_ISL_14549535
137	Homo sapiens	2022-08-11	Kiribati	BA.5.2.1	EPI_ISL_14549578
137	Homo sapiens	2022-08-11	Kiribati	BA.5.2.1	EPI_ISL_14549582
137	Homo sapiens	2022-08-11	Kiribati	BA.5.2.1	EPI_ISL_14549572
137	Homo sapiens	2022-08-11	Kiribati	BA.5.2.1	EPI_ISL_14549573
137	Homo sapiens	2022-08-11	Kiribati	BA.5.2.1	EPI_ISL_14549534
137	Homo sapiens	2022-08-11	Kiribati	BA.5.2.1	EPI_ISL_14549532
137	Homo sapiens	2022-08-11	Kiribati	BA.1.17.2	EPI_ISL_14549574
137	Homo sapiens	2022-08-11	Kiribati	BA.5.2.1	EPI_ISL_14549538
137	Homo sapiens	2022-08-11	Kiribati	BA.5.2.1	EPI_ISL_14549546
137	Homo sapiens	2022-08-11	Kiribati	BA.5.2.1	EPI_ISL_14549581
137	Homo sapiens	2022-08-11	Kiribati	BA.5.2.1	EPI_ISL_14549545
137	Homo sapiens	2022-08-11	Kiribati	BA.5.2.1	EPI_ISL_14549540
137	Homo sapiens	2022-08-11	Kiribati	BA.5.2.1	EPI_ISL_14549547
137	Homo sapiens	2022-08-11	Kiribati	BA.5.2.1	EPI_ISL_14549586
137	Homo sapiens	2022-08-11	Kiribati	BA.5.2.1	EPI_ISL_14549584
137	Homo sapiens	2022-08-11	Kiribati	BA.5.2.1	EPI_ISL_14549587
