53	Homo sapiens	2020-12-31	Kosovo	B.1.1.189	EPI_ISL_1027637
53	Homo sapiens	2020-12-31	Kosovo	B.1.236	EPI_ISL_1027638
53	Homo sapiens	2020-12-31	Kosovo	B.1.236	EPI_ISL_1027639
53	Homo sapiens	2020-12-31	Kosovo	B.1.236	EPI_ISL_1027640
53	Homo sapiens	2020-12-31	Kosovo	B.1.1.39	EPI_ISL_1027641
52	Homo sapiens	2020-12-27	Kosovo	B.1.236	EPI_ISL_1027642
52	Homo sapiens	2020-12-27	Kosovo	B.1.1.519	EPI_ISL_1027643
54	Homo sapiens	2021-01-04	Kosovo	B.1.236	EPI_ISL_1027644
54	Homo sapiens	2021-01-05	Kosovo	B.1.1.7	EPI_ISL_1027645
54	Homo sapiens	2021-01-05	Kosovo	B.1.1.7	EPI_ISL_1027646
54	Homo sapiens	2021-01-05	Kosovo	B.1.1.39	EPI_ISL_1027647
54	Homo sapiens	2021-01-05	Kosovo	B.1.177	EPI_ISL_1027648
54	Homo sapiens	2021-01-06	Kosovo	B.1.1.7	EPI_ISL_1027649
54	Homo sapiens	2021-01-05	Kosovo	B.1.258	EPI_ISL_1027650
54	Homo sapiens	2021-01-05	Kosovo	B.1.258	EPI_ISL_1027651
54	Homo sapiens	2021-01-04	Kosovo	B.1.258.17	EPI_ISL_1027652
54	Homo sapiens	2021-01-04	Kosovo	B.1.177.75	EPI_ISL_1027653
54	Homo sapiens	2021-01-04	Kosovo	B.1.236	EPI_ISL_1027655
54	Homo sapiens	2021-01-04	Kosovo	B.1.1.39	EPI_ISL_1027656
54	Homo sapiens	2021-01-04	Kosovo	AD.2	EPI_ISL_1027657
75	Homo sapiens	2021-06-05	Kosovo	B.1.1.7	EPI_ISL_2833660
75	Homo sapiens	2021-06-05	Kosovo	B.1.1.7	EPI_ISL_2833661
75	Homo sapiens	2021-06-05	Kosovo	B.1.1.7	EPI_ISL_2833662
75	Homo sapiens	2021-06-05	Kosovo	B.1.1.7	EPI_ISL_2833663
75	Homo sapiens	2021-06-05	Kosovo	B.1.1.7	EPI_ISL_2833664
75	Homo sapiens	2021-06-02	Kosovo	B.1.1.7	EPI_ISL_2833648
73	Homo sapiens	2021-05-17	Kosovo	B.1.1.7	EPI_ISL_2833647
71	Homo sapiens	2021-05-08	Kosovo	B.1.1.7	EPI_ISL_2833654
71	Homo sapiens	2021-05-07	Kosovo	B.1.1.7	EPI_ISL_2833658
71	Homo sapiens	2021-05-07	Kosovo	B.1.1.7	EPI_ISL_2833651
71	Homo sapiens	2021-05-07	Kosovo	B.1.1.7	EPI_ISL_2833649
71	Homo sapiens	2021-05-07	Kosovo	B.1.1.7	EPI_ISL_2833666
71	Homo sapiens	2021-05-07	Kosovo	B.1.1.7	EPI_ISL_2833653
71	Homo sapiens	2021-05-07	Kosovo	B.1.1.7	EPI_ISL_2833655
71	Homo sapiens	2021-05-07	Kosovo	B.1.1.7	EPI_ISL_2833656
71	Homo sapiens	2021-05-07	Kosovo	B.1.1.7	EPI_ISL_2833657
82	Homo sapiens	2021-07-19	Kosovo	AY.112	EPI_ISL_3505783
82	Homo sapiens	2021-07-25	Kosovo	AY.4	EPI_ISL_3505784
83	Homo sapiens	2021-07-26	Kosovo	AY.112	EPI_ISL_3505785
83	Homo sapiens	2021-07-27	Kosovo	AY.125	EPI_ISL_3505786
83	Homo sapiens	2021-07-28	Kosovo	AY.125	EPI_ISL_3505787
83	Homo sapiens	2021-07-28	Kosovo	AY.4	EPI_ISL_3505788
83	Homo sapiens	2021-07-28	Kosovo	AY.9	EPI_ISL_3505789
83	Homo sapiens	2021-07-29	Kosovo	AY.9.2	EPI_ISL_3505790
83	Homo sapiens	2021-07-29	Kosovo	AY.125	EPI_ISL_3505791
82	Homo sapiens	2021-07-21	Kosovo	AY.46.6	EPI_ISL_3505792
83	Homo sapiens	2021-07-29	Kosovo	AY.112	EPI_ISL_3505794
80	Homo sapiens	2021-07-09	Kosovo	AY.4	EPI_ISL_3505795
83	Homo sapiens	2021-07-29	Kosovo	AY.4	EPI_ISL_3505796
83	Homo sapiens	2021-07-29	Kosovo	AY.122	EPI_ISL_3505797
82	Homo sapiens	2021-07-21	Kosovo	AY.42	EPI_ISL_3505798
83	Homo sapiens	2021-07-28	Kosovo	B.1.1.7	EPI_ISL_3505799
79	Homo sapiens	2021-07-01	Kosovo	B.1.1.7	EPI_ISL_3505801
81	Homo sapiens	2021-07-14	Kosovo	AY.4	EPI_ISL_3505802
84	Homo sapiens	2021-08-04	Kosovo	AY.112	EPI_ISL_3505803
83	Homo sapiens	2021-07-26	Kosovo	AY.4	EPI_ISL_3505804
83	Homo sapiens	2021-07-26	Kosovo	AY.9	EPI_ISL_3505805
82	Homo sapiens	2021-07-23	Kosovo	AY.9.2	EPI_ISL_3505806
83	Homo sapiens	2021-07-26	Kosovo	AY.46.6	EPI_ISL_3505807
82	Homo sapiens	2021-07-19	Kosovo	AY.4	EPI_ISL_3505808
30	Homo sapiens	2020-07-23	Kosovo	C.35	EPI_ISL_541655
28	Homo sapiens	2020-07-06	Kosovo	C.35	EPI_ISL_541651
28	Homo sapiens	2020-07-06	Kosovo	B.1.1.70	EPI_ISL_541658
85	Homo sapiens	2021-08-15	Kosovo	AY.26	EPI_ISL_4550606
95	Homo sapiens	2021-10-21	Kosovo	AY.4	EPI_ISL_6567032
95	Homo sapiens	2021-10-21	Kosovo	AY.43	EPI_ISL_6567050
95	Homo sapiens	2021-10-21	Kosovo	AY.43	EPI_ISL_6567060
95	Homo sapiens	2021-10-21	Kosovo	AY.43	EPI_ISL_6567061
95	Homo sapiens	2021-10-20	Kosovo	AY.129	EPI_ISL_6567059
95	Homo sapiens	2021-10-19	Kosovo	AY.43	EPI_ISL_6567045
95	Homo sapiens	2021-10-19	Kosovo	AY.43	EPI_ISL_6567046
95	Homo sapiens	2021-10-19	Kosovo	AY.43	EPI_ISL_6567047
95	Homo sapiens	2021-10-19	Kosovo	AY.4	EPI_ISL_6567049
95	Homo sapiens	2021-10-18	Kosovo	AY.98.1	EPI_ISL_6567041
95	Homo sapiens	2021-10-18	Kosovo	AY.43	EPI_ISL_6567044
94	Homo sapiens	2021-10-17	Kosovo	AY.43	EPI_ISL_6567056
94	Homo sapiens	2021-10-17	Kosovo	AY.129	EPI_ISL_6567057
94	Homo sapiens	2021-10-16	Kosovo	AY.33	EPI_ISL_6567055
94	Homo sapiens	2021-10-15	Kosovo	AY.129	EPI_ISL_6567029
94	Homo sapiens	2021-10-15	Kosovo	AY.122	EPI_ISL_6567040
94	Homo sapiens	2021-10-15	Kosovo	AY.129	EPI_ISL_6567054
94	Homo sapiens	2021-10-14	Kosovo	AY.122	EPI_ISL_6567039
94	Homo sapiens	2021-10-13	Kosovo	AY.98.1	EPI_ISL_6567035
94	Homo sapiens	2021-10-13	Kosovo	AY.4	EPI_ISL_6567037
94	Homo sapiens	2021-10-13	Kosovo	AY.4	EPI_ISL_6567038
94	Homo sapiens	2021-10-12	Kosovo	AY.98.1	EPI_ISL_6567033
94	Homo sapiens	2021-10-12	Kosovo	AY.33	EPI_ISL_6567034
93	Homo sapiens	2021-10-08	Kosovo	AY.46.6	EPI_ISL_6567031
93	Homo sapiens	2021-10-07	Kosovo	AY.46.6	EPI_ISL_6567019
93	Homo sapiens	2021-10-07	Kosovo	AY.129	EPI_ISL_6567020
93	Homo sapiens	2021-10-07	Kosovo	AY.4	EPI_ISL_6567021
93	Homo sapiens	2021-10-07	Kosovo	AY.122	EPI_ISL_6567022
93	Homo sapiens	2021-10-07	Kosovo	AY.4	EPI_ISL_6567023
93	Homo sapiens	2021-10-07	Kosovo	AY.4	EPI_ISL_6567024
93	Homo sapiens	2021-10-07	Kosovo	AY.4	EPI_ISL_6567025
93	Homo sapiens	2021-10-07	Kosovo	AY.129	EPI_ISL_6567026
93	Homo sapiens	2021-10-07	Kosovo	AY.4	EPI_ISL_6567028
93	Homo sapiens	2021-10-07	Kosovo	AY.4	EPI_ISL_6567042
93	Homo sapiens	2021-10-07	Kosovo	AY.4	EPI_ISL_6567052
93	Homo sapiens	2021-10-06	Kosovo	AY.46.6	EPI_ISL_6567017
93	Homo sapiens	2021-10-06	Kosovo	AY.43	EPI_ISL_6567018
93	Homo sapiens	2021-10-04	Kosovo	AY.43	EPI_ISL_6567010
93	Homo sapiens	2021-10-04	Kosovo	AY.43	EPI_ISL_6567011
93	Homo sapiens	2021-10-04	Kosovo	AY.4	EPI_ISL_6567012
93	Homo sapiens	2021-10-04	Kosovo	AY.9.2	EPI_ISL_6567014
93	Homo sapiens	2021-10-04	Kosovo	AY.9	EPI_ISL_6567015
93	Homo sapiens	2021-10-04	Kosovo	AY.9	EPI_ISL_6567016
92	Homo sapiens	2021-10-03	Kosovo	AY.122	EPI_ISL_6567006
92	Homo sapiens	2021-10-03	Kosovo	AY.122	EPI_ISL_6567007
92	Homo sapiens	2021-10-03	Kosovo	AY.98.1	EPI_ISL_6567008
92	Homo sapiens	2021-10-03	Kosovo	AY.129	EPI_ISL_6567009
95	Homo sapiens	2021-10-21	Kosovo	AY.6	EPI_ISL_6667226
95	Homo sapiens	2021-10-21	Kosovo	AY.6	EPI_ISL_6667228
95	Homo sapiens	2021-10-20	Kosovo	AY.46.6	EPI_ISL_6667227
93	Homo sapiens	2021-10-04	Kosovo	AY.4	EPI_ISL_6667223
92	Homo sapiens	2021-10-03	Kosovo	AY.4	EPI_ISL_6667222
96	Homo sapiens	2021-10-26	Kosovo	AY.4	EPI_ISL_6965681
96	Homo sapiens	2021-10-25	Kosovo	AY.4	EPI_ISL_6965738
95	Homo sapiens	2021-10-24	Kosovo	AY.4	EPI_ISL_6965761
97	Homo sapiens	2021-11-06	Kosovo	AY.34	EPI_ISL_6965849
98	Homo sapiens	2021-11-11	Kosovo	AY.125	EPI_ISL_6965872
98	Homo sapiens	2021-11-08	Kosovo	B.1.617.2	EPI_ISL_6965899
95	Homo sapiens	2021-10-23	Kosovo	AY.43	EPI_ISL_6965982
97	Homo sapiens	2021-11-03	Kosovo	AY.43	EPI_ISL_6966007
108	Homo sapiens	2022-01-21	Kosovo	BA.1	EPI_ISL_11324588
107	Homo sapiens	2022-01-10	Kosovo	BA.1.1	EPI_ISL_11324581
108	Homo sapiens	2022-01-21	Kosovo	BA.1.1	EPI_ISL_11324583
108	Homo sapiens	2022-01-21	Kosovo	BA.1.1	EPI_ISL_11324585
108	Homo sapiens	2022-01-21	Kosovo	BA.1.1.1	EPI_ISL_11324586
108	Homo sapiens	2022-01-21	Kosovo	BA.1.1	EPI_ISL_11324592
108	Homo sapiens	2022-01-21	Kosovo	BA.1.1	EPI_ISL_11324594
108	Homo sapiens	2022-01-21	Kosovo	BA.1.1	EPI_ISL_11324616
108	Homo sapiens	2022-01-20	Kosovo	BA.1.1	EPI_ISL_11324634
108	Homo sapiens	2022-01-21	Kosovo	BA.1	EPI_ISL_11324615
108	Homo sapiens	2022-01-21	Kosovo	BA.1.1	EPI_ISL_11324614
108	Homo sapiens	2022-01-21	Kosovo	BA.2	EPI_ISL_11324618
108	Homo sapiens	2022-01-21	Kosovo	BA.1.17	EPI_ISL_11324612
108	Homo sapiens	2022-01-21	Kosovo	BA.1.1	EPI_ISL_11324625
108	Homo sapiens	2022-01-21	Kosovo	BA.1.1	EPI_ISL_11324627
108	Homo sapiens	2022-01-21	Kosovo	BA.1.1	EPI_ISL_11324598
108	Homo sapiens	2022-01-21	Kosovo	BA.1.1	EPI_ISL_11324607
108	Homo sapiens	2022-01-21	Kosovo	BA.1.1	EPI_ISL_11324609
108	Homo sapiens	2022-01-21	Kosovo	BA.1.1	EPI_ISL_11324606
108	Homo sapiens	2022-01-21	Kosovo	BA.1	EPI_ISL_11324596
108	Homo sapiens	2022-01-21	Kosovo	BA.1.1	EPI_ISL_11324587
108	Homo sapiens	2022-01-21	Kosovo	BA.1.1	EPI_ISL_11324595
108	Homo sapiens	2022-01-21	Kosovo	BA.1.1	EPI_ISL_11324593
108	Homo sapiens	2022-01-21	Kosovo	BA.1.1	EPI_ISL_11324599
108	Homo sapiens	2022-01-21	Kosovo	BA.1.1	EPI_ISL_11324591
108	Homo sapiens	2022-01-21	Kosovo	BA.1	EPI_ISL_11324597
108	Homo sapiens	2022-01-21	Kosovo	BA.1.18	EPI_ISL_11324590
110	Homo sapiens	2022-02-06	Kosovo	BA.1.1	EPI_ISL_11348283
111	Homo sapiens	2022-02-07	Kosovo	BA.1.1	EPI_ISL_11348285
109	Homo sapiens	2022-01-28	Kosovo	BA.1.1	EPI_ISL_11804514
106	Homo sapiens	2022-01-03	Kosovo	BA.1.1	EPI_ISL_11804513
107	Homo sapiens	2022-01-10	Kosovo	BA.1.1.1	EPI_ISL_11804520
110	Homo sapiens	2022-01-31	Kosovo	BA.1.17.2	EPI_ISL_11804522
112	Homo sapiens	2022-02-16	Kosovo	BA.1	EPI_ISL_11804467
112	Homo sapiens	2022-02-18	Kosovo	BA.1.1	EPI_ISL_11804468
113	Homo sapiens	2022-02-23	Kosovo	BA.1.1	EPI_ISL_11804502
113	Homo sapiens	2022-02-23	Kosovo	BA.1.1	EPI_ISL_11804500
113	Homo sapiens	2022-02-23	Kosovo	BA.1.1	EPI_ISL_11804506
113	Homo sapiens	2022-02-24	Kosovo	BA.1.1	EPI_ISL_11804508
113	Homo sapiens	2022-02-23	Kosovo	BA.1.18	EPI_ISL_11804497
112	Homo sapiens	2022-02-16	Kosovo	BA.1.1	EPI_ISL_11804462
112	Homo sapiens	2022-02-15	Kosovo	BA.1.1	EPI_ISL_11804455
113	Homo sapiens	2022-02-23	Kosovo	BA.1.1	EPI_ISL_11804507
113	Homo sapiens	2022-02-23	Kosovo	BA.1.1.10	EPI_ISL_11804498
112	Homo sapiens	2022-02-14	Kosovo	BA.1.1	EPI_ISL_11804452
112	Homo sapiens	2022-02-16	Kosovo	BA.1.1	EPI_ISL_11804459
112	Homo sapiens	2022-02-14	Kosovo	BA.1	EPI_ISL_11804491
112	Homo sapiens	2022-02-14	Kosovo	BA.1.1	EPI_ISL_11804450
113	Homo sapiens	2022-02-21	Kosovo	BA.1.1	EPI_ISL_11804490
113	Homo sapiens	2022-02-22	Kosovo	BA.1.1.1	EPI_ISL_11804486
112	Homo sapiens	2022-02-14	Kosovo	BA.1	EPI_ISL_11804494
112	Homo sapiens	2022-02-16	Kosovo	BA.1.1	EPI_ISL_11804457
112	Homo sapiens	2022-02-19	Kosovo	BA.1.17	EPI_ISL_11804476
111	Homo sapiens	2022-02-12	Kosovo	BA.1.1	EPI_ISL_11804481
113	Homo sapiens	2022-02-24	Kosovo	BA.1.1	EPI_ISL_11804509
113	Homo sapiens	2022-02-21	Kosovo	BA.1.1	EPI_ISL_11804479
113	Homo sapiens	2022-02-25	Kosovo	BA.1	EPI_ISL_11804583
109	Homo sapiens	2022-01-27	Kosovo	BA.1.1	EPI_ISL_11804528
113	Homo sapiens	2022-02-23	Kosovo	BA.1.1	EPI_ISL_11804576
113	Homo sapiens	2022-02-22	Kosovo	BA.1.1	EPI_ISL_11804571
109	Homo sapiens	2022-01-27	Kosovo	BA.1.17	EPI_ISL_11804527
109	Homo sapiens	2022-01-26	Kosovo	BA.1.1	EPI_ISL_11804526
113	Homo sapiens	2022-02-22	Kosovo	BA.1.1	EPI_ISL_11804515
113	Homo sapiens	2022-02-22	Kosovo	BA.1.1	EPI_ISL_11804523
108	Homo sapiens	2022-01-19	Kosovo	BA.1	EPI_ISL_11804542
113	Homo sapiens	2022-02-23	Kosovo	BA.1	EPI_ISL_11804511
106	Homo sapiens	2022-01-07	Kosovo	BA.1.1	EPI_ISL_11804517
108	Homo sapiens	2022-01-21	Kosovo	BA.1.1	EPI_ISL_11804531
112	Homo sapiens	2022-02-16	Kosovo	BA.1.1	EPI_ISL_11804534
108	Homo sapiens	2022-01-21	Kosovo	BA.1.1	EPI_ISL_11804530
112	Homo sapiens	2022-02-15	Kosovo	BA.1.1	EPI_ISL_11804532
112	Homo sapiens	2022-02-15	Kosovo	BA.1.1	EPI_ISL_11804535
108	Homo sapiens	2022-01-19	Kosovo	BA.1.1.1	EPI_ISL_11804539
108	Homo sapiens	2022-01-19	Kosovo	BA.1.1.11	EPI_ISL_11804536
113	Homo sapiens	2022-02-21	Kosovo	BA.1.1	EPI_ISL_11804569
108	Homo sapiens	2022-01-21	Kosovo	BA.1.1	EPI_ISL_11804559
