112	Homo sapiens	2022-02-16	Laos	AY.5.3	EPI_ISL_12266051
112	Homo sapiens	2022-02-16	Laos	AY.85	EPI_ISL_12266052
112	Homo sapiens	2022-02-17	Laos	AY.85	EPI_ISL_12266053
114	Homo sapiens	2022-03-02	Laos	AY.85	EPI_ISL_12982431
114	Homo sapiens	2022-03-02	Laos	AY.85	EPI_ISL_12982427
114	Homo sapiens	2022-03-01	Laos	AY.85	EPI_ISL_12982423
115	Homo sapiens	2022-03-09	Laos	AY.85	EPI_ISL_12982426
114	Homo sapiens	2022-03-03	Laos	AY.85	EPI_ISL_12982428
114	Homo sapiens	2022-03-01	Laos	AY.85	EPI_ISL_12982432
114	Homo sapiens	2022-03-04	Laos	AY.85	EPI_ISL_12982430
115	Homo sapiens	2022-03-10	Laos	AY.85	EPI_ISL_12983519
115	Homo sapiens	2022-03-07	Laos	B.1.617.2	EPI_ISL_12983554
115	Homo sapiens	2022-03-10	Laos	AY.85	EPI_ISL_12983518
116	Homo sapiens	2022-03-15	Laos	AY.85	EPI_ISL_12983531
116	Homo sapiens	2022-03-16	Laos	BA.1.1	EPI_ISL_12983533
116	Homo sapiens	2022-03-14	Laos	AY.85	EPI_ISL_12983528
116	Homo sapiens	2022-03-17	Laos	AY.85	EPI_ISL_12983536
116	Homo sapiens	2022-03-17	Laos	AY.111	EPI_ISL_12983535
116	Homo sapiens	2022-03-17	Laos	AY.85	EPI_ISL_12983534
115	Homo sapiens	2022-03-10	Laos	AY.85	EPI_ISL_12983520
116	Homo sapiens	2022-03-16	Laos	AY.85	EPI_ISL_12987027
117	Homo sapiens	2022-03-21	Laos	BA.1.1	EPI_ISL_12987032
117	Homo sapiens	2022-03-22	Laos	AY.85	EPI_ISL_12987054
117	Homo sapiens	2022-03-23	Laos	AY.85	EPI_ISL_12987041
117	Homo sapiens	2022-03-23	Laos	AY.85	EPI_ISL_12987042
118	Homo sapiens	2022-03-28	Laos	AY.85	EPI_ISL_12987063
121	Homo sapiens	2022-04-24	Laos	BA.2	EPI_ISL_13092013
120	Homo sapiens	2022-04-17	Laos	BA.2.3	EPI_ISL_13091989
120	Homo sapiens	2022-04-16	Laos	BA.2.3.2	EPI_ISL_13091985
120	Homo sapiens	2022-04-11	Laos	BA.2	EPI_ISL_13092023
120	Homo sapiens	2022-04-11	Laos	BA.2	EPI_ISL_13092025
121	Homo sapiens	2022-04-23	Laos	BA.2	EPI_ISL_13092012
122	Homo sapiens	2022-04-25	Laos	BA.2	EPI_ISL_13092018
123	Homo sapiens	2022-05-07	Laos	BA.2	EPI_ISL_13094352
118	Homo sapiens	2022-04-01	Laos	BA.2	EPI_ISL_13094338
120	Homo sapiens	2022-04-16	Laos	BA.2.3.12	EPI_ISL_13094346
124	Homo sapiens	2022-05-09	Laos	BA.2.3.12	EPI_ISL_13094353
118	Homo sapiens	2022-03-28	Laos	BA.1.1	EPI_ISL_13094308
120	Homo sapiens	2022-04-11	Laos	BA.2.3.12	EPI_ISL_13094318
123	Homo sapiens	2022-05-02	Laos	BA.2.3.12	EPI_ISL_13094328
113	Homo sapiens	2022-02-25	Laos	AY.85	EPI_ISL_13351936
124	Homo sapiens	2022-05-11	Laos	BA.2.3.2	EPI_ISL_13351941
125	Homo sapiens	2022-05-20	Laos	BA.2.3.2	EPI_ISL_13351944
113	Homo sapiens	2022-02-24	Laos	AY.85	EPI_ISL_13351927
120	Homo sapiens	2022-04-13	Laos	BA.2.3.2	EPI_ISL_13747270
119	Homo sapiens	2022-04-10	Laos	BA.2.9.5	EPI_ISL_13747257
119	Homo sapiens	2022-04-10	Laos	BA.2.3.2	EPI_ISL_13747255
118	Homo sapiens	2022-03-29	Laos	BA.2.9.5	EPI_ISL_13747279
118	Homo sapiens	2022-03-29	Laos	BA.1.1	EPI_ISL_13747277
118	Homo sapiens	2022-03-29	Laos	BA.2.3.2	EPI_ISL_13747278
119	Homo sapiens	2022-04-10	Laos	BA.2	EPI_ISL_13747254
118	Homo sapiens	2022-03-29	Laos	BA.1.1	EPI_ISL_13747250
118	Homo sapiens	2022-03-29	Laos	BA.2.3.2	EPI_ISL_13747243
119	Homo sapiens	2022-04-10	Laos	BA.2	EPI_ISL_13747256
119	Homo sapiens	2022-04-10	Laos	BA.2	EPI_ISL_13747258
119	Homo sapiens	2022-04-10	Laos	BA.2	EPI_ISL_13747259
118	Homo sapiens	2022-03-29	Laos	BA.2.3.2	EPI_ISL_13747251
118	Homo sapiens	2022-03-29	Laos	BA.2	EPI_ISL_13747239
120	Homo sapiens	2022-04-14	Laos	BA.2.3.2	EPI_ISL_13747272
118	Homo sapiens	2022-03-29	Laos	BA.2.3.2	EPI_ISL_13747252
120	Homo sapiens	2022-04-13	Laos	BA.2	EPI_ISL_13747271
120	Homo sapiens	2022-04-14	Laos	BA.2.3.2	EPI_ISL_13747274
120	Homo sapiens	2022-04-14	Laos	BA.2.3.2	EPI_ISL_13747273
118	Homo sapiens	2022-03-29	Laos	BA.2	EPI_ISL_13747244
120	Homo sapiens	2022-04-13	Laos	BA.2	EPI_ISL_13747276
118	Homo sapiens	2022-03-29	Laos	BA.2.3.2	EPI_ISL_13747253
118	Homo sapiens	2022-03-29	Laos	BA.2	EPI_ISL_13747281
120	Homo sapiens	2022-04-14	Laos	BA.2	EPI_ISL_13747275
120	Homo sapiens	2022-04-13	Laos	BA.2	EPI_ISL_13747269
118	Homo sapiens	2022-03-29	Laos	BA.2.3.2	EPI_ISL_13747245
120	Homo sapiens	2022-04-12	Laos	BA.2.3.2	EPI_ISL_13747267
120	Homo sapiens	2022-04-12	Laos	BA.2.3	EPI_ISL_13747266
118	Homo sapiens	2022-03-29	Laos	BA.2.3	EPI_ISL_13747280
118	Homo sapiens	2022-03-29	Laos	BA.2.3.12	EPI_ISL_13747247
118	Homo sapiens	2022-03-29	Laos	BA.1.1	EPI_ISL_13747246
120	Homo sapiens	2022-04-12	Laos	BA.2	EPI_ISL_13747268
118	Homo sapiens	2022-03-29	Laos	BA.2	EPI_ISL_13747249
118	Homo sapiens	2022-03-29	Laos	BA.2.3.2	EPI_ISL_13747241
118	Homo sapiens	2022-03-29	Laos	BA.2.3	EPI_ISL_13747248
118	Homo sapiens	2022-03-29	Laos	BA.2	EPI_ISL_13747242
120	Homo sapiens	2022-04-12	Laos	BA.2.3.2	EPI_ISL_13747261
129	Homo sapiens	2022-06-15	Laos	BA.5.2	EPI_ISL_13747284
118	Homo sapiens	2022-03-29	Laos	BA.1.1	EPI_ISL_13747283
118	Homo sapiens	2022-03-29	Laos	BA.2.3	EPI_ISL_13747282
119	Homo sapiens	2022-04-10	Laos	BA.2.3	EPI_ISL_13747260
120	Homo sapiens	2022-04-12	Laos	BA.2.3.2	EPI_ISL_13747263
118	Homo sapiens	2022-03-29	Laos	BA.2.3.2	EPI_ISL_13747240
120	Homo sapiens	2022-04-12	Laos	BA.2	EPI_ISL_13747262
120	Homo sapiens	2022-04-12	Laos	BA.1.1	EPI_ISL_13747265
120	Homo sapiens	2022-04-12	Laos	BA.2.3.12	EPI_ISL_13747264
116	Homo sapiens	2022-03-19	Laos	BA.2.3.12	EPI_ISL_14099079
114	Homo sapiens	2022-03-03	Laos	AY.85	EPI_ISL_14099076
116	Homo sapiens	2022-03-20	Laos	BA.2	EPI_ISL_14099058
116	Homo sapiens	2022-03-19	Laos	BA.2.3.2	EPI_ISL_14099055
116	Homo sapiens	2022-03-18	Laos	BA.1.1	EPI_ISL_14099056
116	Homo sapiens	2022-03-18	Laos	BA.2	EPI_ISL_14099054
116	Homo sapiens	2022-03-20	Laos	BA.1.1	EPI_ISL_14099069
116	Homo sapiens	2022-03-20	Laos	BA.2	EPI_ISL_14099061
116	Homo sapiens	2022-03-18	Laos	BA.2	EPI_ISL_14099073
116	Homo sapiens	2022-03-19	Laos	BA.2	EPI_ISL_14099086
116	Homo sapiens	2022-03-18	Laos	BA.2	EPI_ISL_14099066
114	Homo sapiens	2022-03-02	Laos	AY.85	EPI_ISL_14099038
113	Homo sapiens	2022-02-25	Laos	BA.1.1	EPI_ISL_14099067
114	Homo sapiens	2022-03-03	Laos	BA.1.1	EPI_ISL_14099063
116	Homo sapiens	2022-03-20	Laos	BA.2.3.2	EPI_ISL_14099062
116	Homo sapiens	2022-03-18	Laos	BA.2.3	EPI_ISL_14099064
116	Homo sapiens	2022-03-20	Laos	BA.2.3.2	EPI_ISL_14099060
116	Homo sapiens	2022-03-18	Laos	BA.1.1	EPI_ISL_14099065
116	Homo sapiens	2022-03-19	Laos	BA.2.3.12	EPI_ISL_14099057
116	Homo sapiens	2022-03-20	Laos	BA.2	EPI_ISL_14099070
116	Homo sapiens	2022-03-18	Laos	BA.2	EPI_ISL_14099041
116	Homo sapiens	2022-03-19	Laos	BA.2.3.12	EPI_ISL_14099048
116	Homo sapiens	2022-03-18	Laos	BA.1.1	EPI_ISL_14099072
116	Homo sapiens	2022-03-19	Laos	BA.2.3.2	EPI_ISL_14099037
114	Homo sapiens	2022-03-01	Laos	BA.1.1	EPI_ISL_14099047
114	Homo sapiens	2022-03-01	Laos	BA.1.1	EPI_ISL_14099074
116	Homo sapiens	2022-03-20	Laos	BA.2	EPI_ISL_14099083
116	Homo sapiens	2022-03-18	Laos	BA.2	EPI_ISL_14099040
116	Homo sapiens	2022-03-18	Laos	BA.2	EPI_ISL_14099046
116	Homo sapiens	2022-03-20	Laos	BA.2	EPI_ISL_14099075
116	Homo sapiens	2022-03-18	Laos	BA.2	EPI_ISL_14099042
116	Homo sapiens	2022-03-18	Laos	BA.1.1	EPI_ISL_14099049
114	Homo sapiens	2022-03-03	Laos	BA.1.1	EPI_ISL_14099078
116	Homo sapiens	2022-03-20	Laos	BA.2	EPI_ISL_14099084
116	Homo sapiens	2022-03-20	Laos	BA.2	EPI_ISL_14099081
116	Homo sapiens	2022-03-20	Laos	BA.2.3.2	EPI_ISL_14099080
116	Homo sapiens	2022-03-18	Laos	BA.1.1	EPI_ISL_14099043
116	Homo sapiens	2022-03-18	Laos	BA.2	EPI_ISL_14099044
113	Homo sapiens	2022-02-26	Laos	AY.1	EPI_ISL_14099045
116	Homo sapiens	2022-03-18	Laos	BA.1.1	EPI_ISL_14099050
116	Homo sapiens	2022-03-18	Laos	BA.2	EPI_ISL_14099051
116	Homo sapiens	2022-03-18	Laos	BA.1.1	EPI_ISL_14099053
116	Homo sapiens	2022-03-19	Laos	BA.2.3.12	EPI_ISL_14099085
120	Homo sapiens	2022-04-16	Laos	BA.2.3.2	OP218601.1
121	Homo sapiens	2022-04-21	Laos	BA.2.3.12	OP218602.1
121	Homo sapiens	2022-04-22	Laos	BA.2	OP218603.1
121	Homo sapiens	2022-04-22	Laos	BA.2	OP218604.1
121	Homo sapiens	2022-04-22	Laos	BA.2	OP218605.1
123	Homo sapiens	2022-05-06	Laos	BA.2	OP218606.1
123	Homo sapiens	2022-05-06	Laos	BA.2.3	OP218607.1
126	Homo sapiens	2022-05-23	Laos	BA.2	OP218608.1
126	Homo sapiens	2022-05-23	Laos	BA.2.3.2	OP218609.1
130	Homo sapiens	2022-06-24	Laos	BA.5.2	OP218610.1
134	Homo sapiens	2022-07-21	Laos	BA.5.2	OP218612.1
135	Homo sapiens	2022-07-26	Laos	BA.5.2	OP218613.1
135	Homo sapiens	2022-07-27	Laos	BA.5.2	OP218614.1
135	Homo sapiens	2022-07-28	Laos	BA.5.2	OP218615.1
135	Homo sapiens	2022-07-28	Laos	BA.5.2	OP218616.1
135	Homo sapiens	2022-07-29	Laos	BA.2.38	OP218617.1
136	Homo sapiens	2022-08-02	Laos	BA.5.2	OP218618.1
136	Homo sapiens	2022-08-02	Laos	BA.5.2	OP218619.1
135	Homo sapiens	2022-07-27	Laos	BA.5.2	OP218620.1
136	Homo sapiens	2022-08-01	Laos	BA.5.2	OP218621.1
121	Homo sapiens	2022-04-22	Laos	BA.2.3	OP218623.1
122	Homo sapiens	2022-04-25	Laos	BA.2	OP218624.1
120	Homo sapiens	2022-04-11	Laos	BA.2	OP218625.1
118	Homo sapiens	2022-03-28	Laos	BA.2	OP218626.1
121	Homo sapiens	2022-04-21	Laos	BA.2.3.2	OP218627.1
121	Homo sapiens	2022-04-21	Laos	BA.2.3.12	OP218628.1
121	Homo sapiens	2022-04-21	Laos	BA.2.3.2	OP218629.1
123	Homo sapiens	2022-05-07	Laos	BA.2	OP218630.1
127	Homo sapiens	2022-05-30	Laos	BA.2.3.2	OP218631.1
137	Homo sapiens	2022-08-10	Laos	BA.5.2	OP474021.1
137	Homo sapiens	2022-08-10	Laos	BA.5.2	OP474022.1
137	Homo sapiens	2022-08-11	Laos	BA.4.1	OP474023.1
104	Homo sapiens	2021-12-24	Laos	AY.1	OP474024.1
105	Homo sapiens	2021-12-28	Laos	AY.85	OP474025.1
106	Homo sapiens	2022-01-04	Laos	AY.1	OP474026.1
109	Homo sapiens	2022-01-27	Laos	AY.85	OP474027.1
111	Homo sapiens	2022-02-07	Laos	AY.85	OP474028.1
111	Homo sapiens	2022-02-08	Laos	AY.85	OP474029.1
111	Homo sapiens	2022-02-08	Laos	AY.85	OP474030.1
102	Homo sapiens	2021-12-06	Laos	AY.85	OP474031.1
102	Homo sapiens	2021-12-07	Laos	AY.85	OP474032.1
102	Homo sapiens	2021-12-08	Laos	AY.85	OP474033.1
103	Homo sapiens	2021-12-16	Laos	AY.85	OP474034.1
137	Homo sapiens	2022-08-11	Laos	BA.5.2	OP474039.1
138	Homo sapiens	2022-08-15	Laos	BA.5.2	OP474040.1
137	Homo sapiens	2022-08-09	Laos	BA.5.2	OP474041.1
137	Homo sapiens	2022-08-11	Laos	BA.5.2	OP474042.1
138	Homo sapiens	2022-08-19	Laos	BA.5.2	OP474043.1
139	Homo sapiens	2022-08-22	Laos	BA.5.2	OP474044.1
108	Homo sapiens	2022-01-21	Laos	AY.85	EPI_ISL_15655969
100	Homo sapiens	2021-11-24	Laos	P.1	EPI_ISL_15656023
107	Homo sapiens	2022-01-10	Laos	AY.85	EPI_ISL_15656024
108	Homo sapiens	2022-01-21	Laos	AY.85	EPI_ISL_15655968
111	Homo sapiens	2022-02-08	Laos	AY.85	EPI_ISL_15655963
106	Homo sapiens	2022-01-06	Laos	AY.1	EPI_ISL_15656019
111	Homo sapiens	2022-02-09	Laos	AY.85	EPI_ISL_15655959
109	Homo sapiens	2022-01-28	Laos	AY.4	EPI_ISL_15656016
109	Homo sapiens	2022-01-26	Laos	B.1.617.2	EPI_ISL_15656017
111	Homo sapiens	2022-02-09	Laos	AY.85	EPI_ISL_15655957
104	Homo sapiens	2021-12-21	Laos	AY.85	EPI_ISL_15656021
103	Homo sapiens	2021-12-15	Laos	AY.1	EPI_ISL_15656022
111	Homo sapiens	2022-02-10	Laos	AY.85	EPI_ISL_15655956
111	Homo sapiens	2022-02-11	Laos	AY.1	EPI_ISL_15655954
111	Homo sapiens	2022-02-07	Laos	AY.1	EPI_ISL_15656009
102	Homo sapiens	2021-12-09	Laos	AY.85	EPI_ISL_15656007
111	Homo sapiens	2022-02-11	Laos	AY.85	EPI_ISL_15655952
111	Homo sapiens	2022-02-08	Laos	AY.85	EPI_ISL_15656008
111	Homo sapiens	2022-02-11	Laos	AY.85	EPI_ISL_15655953
103	Homo sapiens	2021-12-16	Laos	AY.85	EPI_ISL_15656005
110	Homo sapiens	2022-02-02	Laos	AY.85	EPI_ISL_15656012
103	Homo sapiens	2021-12-15	Laos	AY.85	EPI_ISL_15656006
111	Homo sapiens	2022-02-11	Laos	AY.85	EPI_ISL_15655951
110	Homo sapiens	2022-02-01	Laos	AY.1	EPI_ISL_15656014
111	Homo sapiens	2022-02-09	Laos	AY.85	EPI_ISL_15655960
110	Homo sapiens	2022-02-01	Laos	AY.1	EPI_ISL_15656013
111	Homo sapiens	2022-02-07	Laos	B.1.617.2	EPI_ISL_15656010
110	Homo sapiens	2022-02-02	Laos	AY.85	EPI_ISL_15656011
139	Homo sapiens	2022-08-23	Laos	BA.5.2	EPI_ISL_15655989
139	Homo sapiens	2022-08-25	Laos	BA.5.2	EPI_ISL_15655987
140	Homo sapiens	2022-08-29	Laos	BA.5.2	EPI_ISL_15655985
141	Homo sapiens	2022-09-08	Laos	BA.5.2.26	EPI_ISL_15655983
139	Homo sapiens	2022-08-23	Laos	BA.5.2	EPI_ISL_15655990
140	Homo sapiens	2022-09-01	Laos	BA.5.1	EPI_ISL_15655973
141	Homo sapiens	2022-09-06	Laos	BA.5.2	EPI_ISL_15655980
112	Homo sapiens	2022-02-15	Laos	AY.85	EPI_ISL_15655949
112	Homo sapiens	2022-02-16	Laos	AY.85	EPI_ISL_15655947
103	Homo sapiens	2021-12-16	Laos	AY.85	EPI_ISL_15656004
112	Homo sapiens	2022-02-16	Laos	AY.85	EPI_ISL_15655948
103	Homo sapiens	2021-12-17	Laos	AY.85	EPI_ISL_15656003
113	Homo sapiens	2022-02-23	Laos	AY.85	EPI_ISL_15655945
139	Homo sapiens	2022-08-25	Laos	BA.4.1	EPI_ISL_15656001
139	Homo sapiens	2022-08-25	Laos	BA.4.1	EPI_ISL_15655996
139	Homo sapiens	2022-08-22	Laos	BA.5.2.26	EPI_ISL_15655998
86	Homo sapiens	2021-08-19	Laos	AY.85	EPI_ISL_15973690
86	Homo sapiens	2021-08-19	Laos	AY.85	EPI_ISL_15973685
86	Homo sapiens	2021-08-19	Laos	AY.85	EPI_ISL_15973689
86	Homo sapiens	2021-08-19	Laos	AY.85	EPI_ISL_15973692
140	Homo sapiens	2022-09-01	Laos	BA.5.1	EPI_ISL_15973676
86	Homo sapiens	2021-08-19	Laos	AY.85	EPI_ISL_15973688
86	Homo sapiens	2021-08-19	Laos	AY.85	EPI_ISL_15973687
86	Homo sapiens	2021-08-19	Laos	AY.85	EPI_ISL_15973691
84	Homo sapiens	2021-08-06	Laos	AY.85	EPI_ISL_15973684
86	Homo sapiens	2021-08-19	Laos	AY.85	EPI_ISL_15973686
86	Homo sapiens	2021-08-19	Laos	AY.85	EPI_ISL_15973693
84	Homo sapiens	2021-08-06	Laos	AY.85	EPI_ISL_15973682
84	Homo sapiens	2021-08-06	Laos	AY.31	EPI_ISL_15973681
84	Homo sapiens	2021-08-06	Laos	AY.31	EPI_ISL_15973680
113	Homo sapiens	2022-02-23	Laos	AY.85	EPI_ISL_15973671
113	Homo sapiens	2022-02-23	Laos	AY.85	EPI_ISL_15973672
112	Homo sapiens	2022-02-15	Laos	AY.85	EPI_ISL_15973670
111	Homo sapiens	2022-02-08	Laos	AY.85	EPI_ISL_15973632
110	Homo sapiens	2022-02-03	Laos	AY.85	EPI_ISL_15973630
116	Homo sapiens	2022-03-15	Laos	BA.2.3.2	EPI_ISL_15973673
121	Homo sapiens	2022-04-22	Laos	BA.2	EPI_ISL_15973653
122	Homo sapiens	2022-04-25	Laos	BA.2	EPI_ISL_15973656
121	Homo sapiens	2022-04-24	Laos	BA.2.3.2	EPI_ISL_15973654
121	Homo sapiens	2022-04-22	Laos	BA.2.3.2	EPI_ISL_15973652
120	Homo sapiens	2022-04-16	Laos	BA.2.3.2	EPI_ISL_15973662
118	Homo sapiens	2022-04-03	Laos	BA.2	EPI_ISL_15973661
121	Homo sapiens	2022-04-22	Laos	BA.2.3.2	EPI_ISL_15973650
86	Homo sapiens	2021-08-19	Laos	AY.85	EPI_ISL_16000606
86	Homo sapiens	2021-08-19	Laos	AY.85	EPI_ISL_16000607
86	Homo sapiens	2021-08-19	Laos	AY.85	EPI_ISL_16000608
86	Homo sapiens	2021-08-19	Laos	AY.85	EPI_ISL_16000609
86	Homo sapiens	2021-08-19	Laos	AY.85	EPI_ISL_16003849
84	Homo sapiens	2021-08-06	Laos	B.1.617.2	EPI_ISL_16003848
143	Homo sapiens	2022-09-22	Laos	BA.4.1	EPI_ISL_16003867
84	Homo sapiens	2021-08-06	Laos	AY.30	EPI_ISL_16003839
84	Homo sapiens	2021-08-06	Laos	AY.31	EPI_ISL_16003838
142	Homo sapiens	2022-09-13	Laos	BA.5.2	EPI_ISL_16003837
84	Homo sapiens	2021-08-06	Laos	AY.30	EPI_ISL_16003847
84	Homo sapiens	2021-08-06	Laos	AY.85	EPI_ISL_16003844
84	Homo sapiens	2021-08-06	Laos	AY.31	EPI_ISL_16003841
84	Homo sapiens	2021-08-06	Laos	AY.30	EPI_ISL_16003846
84	Homo sapiens	2021-08-06	Laos	AY.30	EPI_ISL_16003845
84	Homo sapiens	2021-08-06	Laos	AY.85	EPI_ISL_16003843
84	Homo sapiens	2021-08-06	Laos	AY.30	EPI_ISL_16003842
84	Homo sapiens	2021-08-06	Laos	AY.30	EPI_ISL_16003840
112	Homo sapiens	2022-02-15	Laos	AY.1	EPI_ISL_16003856
86	Homo sapiens	2021-08-19	Laos	AY.85	EPI_ISL_16003855
86	Homo sapiens	2021-08-19	Laos	AY.85	EPI_ISL_16003854
86	Homo sapiens	2021-08-19	Laos	AY.85	EPI_ISL_16003853
86	Homo sapiens	2021-08-19	Laos	AY.85	EPI_ISL_16003852
143	Homo sapiens	2022-09-23	Laos	BA.5.2.1	EPI_ISL_16003868
86	Homo sapiens	2021-08-19	Laos	AY.85	EPI_ISL_16003851
86	Homo sapiens	2021-08-19	Laos	AY.85	EPI_ISL_16003850
143	Homo sapiens	2022-09-23	Laos	BA.5.2	EPI_ISL_16003869
143	Homo sapiens	2022-09-21	Laos	BA.5.2	EPI_ISL_16003866
143	Homo sapiens	2022-09-20	Laos	BA.5.2.1	EPI_ISL_16003865
143	Homo sapiens	2022-09-19	Laos	BA.5.2.26	EPI_ISL_16003861
144	Homo sapiens	2022-09-26	Laos	CN.1	EPI_ISL_16003871
143	Homo sapiens	2022-09-20	Laos	BA.4.1	EPI_ISL_16003863
143	Homo sapiens	2022-09-19	Laos	BA.5.2	EPI_ISL_16003862
146	Homo sapiens	2022-10-13	Laos	BA.5.2.26	EPI_ISL_16003878
146	Homo sapiens	2022-10-14	Laos	BA.5.2.1	EPI_ISL_16003877
145	Homo sapiens	2022-10-06	Laos	BA.5.2.24	EPI_ISL_16003876
144	Homo sapiens	2022-09-28	Laos	BA.5.2	EPI_ISL_16003875
144	Homo sapiens	2022-09-27	Laos	BA.5.2	EPI_ISL_16003873
144	Homo sapiens	2022-09-26	Laos	BA.5.2	EPI_ISL_16003872
144	Homo sapiens	2022-09-27	Laos	BA.5.2	EPI_ISL_16003874
86	Homo sapiens	2021-08-19	Laos	AY.85	EPI_ISL_16004401
86	Homo sapiens	2021-08-19	Laos	AY.85	EPI_ISL_16004403
86	Homo sapiens	2021-08-19	Laos	AY.85	EPI_ISL_16004421
86	Homo sapiens	2021-08-19	Laos	AY.85	EPI_ISL_16004413
86	Homo sapiens	2021-08-19	Laos	AY.85	EPI_ISL_16004423
86	Homo sapiens	2021-08-19	Laos	AY.85	EPI_ISL_16004384
86	Homo sapiens	2021-08-19	Laos	AY.85	EPI_ISL_16004400
86	Homo sapiens	2021-08-19	Laos	AY.85	EPI_ISL_16004405
86	Homo sapiens	2021-08-19	Laos	AY.85	EPI_ISL_16004381
86	Homo sapiens	2021-08-19	Laos	AY.85	EPI_ISL_16004382
86	Homo sapiens	2021-08-19	Laos	AY.85	EPI_ISL_16004386
147	Homo sapiens	2022-10-20	Laos	BA.5.2	EPI_ISL_16004380
86	Homo sapiens	2021-08-19	Laos	AY.85	EPI_ISL_16004420
86	Homo sapiens	2021-08-19	Laos	AY.85	EPI_ISL_16004422
86	Homo sapiens	2021-08-19	Laos	AY.85	EPI_ISL_16004383
86	Homo sapiens	2021-08-19	Laos	AY.85	EPI_ISL_16004385
146	Homo sapiens	2022-10-14	Laos	BA.5.2	EPI_ISL_16004378
147	Homo sapiens	2022-10-17	Laos	BA.5.2	EPI_ISL_16004379
86	Homo sapiens	2021-08-19	Laos	AY.85	EPI_ISL_16004390
86	Homo sapiens	2021-08-19	Laos	AY.85	EPI_ISL_16004395
86	Homo sapiens	2021-08-19	Laos	AY.85	EPI_ISL_16004391
86	Homo sapiens	2021-08-19	Laos	AY.85	EPI_ISL_16004396
86	Homo sapiens	2021-08-19	Laos	AY.85	EPI_ISL_16004392
86	Homo sapiens	2021-08-19	Laos	AY.85	EPI_ISL_16004393
86	Homo sapiens	2021-08-19	Laos	AY.85	EPI_ISL_16004394
86	Homo sapiens	2021-08-19	Laos	AY.85	EPI_ISL_16004387
86	Homo sapiens	2021-08-19	Laos	AY.85	EPI_ISL_16004397
86	Homo sapiens	2021-08-19	Laos	AY.85	EPI_ISL_16004388
86	Homo sapiens	2021-08-19	Laos	AY.85	EPI_ISL_16004389
86	Homo sapiens	2021-08-19	Laos	AY.85	EPI_ISL_16004398
86	Homo sapiens	2021-08-19	Laos	AY.85	EPI_ISL_16004404
86	Homo sapiens	2021-08-19	Laos	AY.85	EPI_ISL_16004399
86	Homo sapiens	2021-08-19	Laos	AY.85	EPI_ISL_16004411
86	Homo sapiens	2021-08-19	Laos	AY.85	EPI_ISL_16004402
86	Homo sapiens	2021-08-19	Laos	B.1.617.2	EPI_ISL_16004406
86	Homo sapiens	2021-08-19	Laos	AY.85	EPI_ISL_16004407
86	Homo sapiens	2021-08-19	Laos	AY.85	EPI_ISL_16004408
86	Homo sapiens	2021-08-19	Laos	AY.85	EPI_ISL_16004417
86	Homo sapiens	2021-08-19	Laos	AY.85	EPI_ISL_16004409
86	Homo sapiens	2021-08-19	Laos	AY.85	EPI_ISL_16004410
86	Homo sapiens	2021-08-19	Laos	AY.85	EPI_ISL_16004414
86	Homo sapiens	2021-08-19	Laos	AY.85	EPI_ISL_16004412
86	Homo sapiens	2021-08-19	Laos	AY.85	EPI_ISL_16004415
86	Homo sapiens	2021-08-19	Laos	AY.85	EPI_ISL_16004416
86	Homo sapiens	2021-08-19	Laos	AY.85	EPI_ISL_16004419
86	Homo sapiens	2021-08-19	Laos	AY.85	EPI_ISL_16007512
85	Homo sapiens	2021-08-11	Laos	AY.30	EPI_ISL_16007502
86	Homo sapiens	2021-08-19	Laos	AY.85	EPI_ISL_16007510
86	Homo sapiens	2021-08-19	Laos	AY.85	EPI_ISL_16007528
91	Homo sapiens	2021-09-21	Laos	AY.1	EPI_ISL_16007540
85	Homo sapiens	2021-08-11	Laos	AY.85	EPI_ISL_16007499
85	Homo sapiens	2021-08-11	Laos	AY.85	EPI_ISL_16007500
85	Homo sapiens	2021-08-11	Laos	AY.30	EPI_ISL_16007501
86	Homo sapiens	2021-08-19	Laos	AY.85	EPI_ISL_16007513
86	Homo sapiens	2021-08-16	Laos	AY.85	EPI_ISL_16007504
86	Homo sapiens	2021-08-16	Laos	AY.85	EPI_ISL_16007503
86	Homo sapiens	2021-08-16	Laos	AY.85	EPI_ISL_16007505
86	Homo sapiens	2021-08-16	Laos	AY.31	EPI_ISL_16007506
86	Homo sapiens	2021-08-16	Laos	AY.85	EPI_ISL_16007508
86	Homo sapiens	2021-08-19	Laos	AY.85	EPI_ISL_16007520
86	Homo sapiens	2021-08-16	Laos	AY.85	EPI_ISL_16007507
86	Homo sapiens	2021-08-19	Laos	AY.85	EPI_ISL_16007509
86	Homo sapiens	2021-08-19	Laos	AY.85	EPI_ISL_16007511
86	Homo sapiens	2021-08-19	Laos	AY.85	EPI_ISL_16007519
84	Homo sapiens	2021-08-07	Laos	AY.85	EPI_ISL_16007496
91	Homo sapiens	2021-09-21	Laos	AY.1	EPI_ISL_16007542
86	Homo sapiens	2021-08-19	Laos	AY.85	EPI_ISL_16007515
84	Homo sapiens	2021-08-04	Laos	AY.31	EPI_ISL_16007494
86	Homo sapiens	2021-08-19	Laos	AY.85	EPI_ISL_16007514
86	Homo sapiens	2021-08-19	Laos	AY.85	EPI_ISL_16007518
85	Homo sapiens	2021-08-11	Laos	AY.85	EPI_ISL_16007498
86	Homo sapiens	2021-08-19	Laos	AY.85	EPI_ISL_16007521
86	Homo sapiens	2021-08-19	Laos	AY.85	EPI_ISL_16007517
84	Homo sapiens	2021-08-04	Laos	AY.31	EPI_ISL_16007493
86	Homo sapiens	2021-08-19	Laos	AY.85	EPI_ISL_16007516
91	Homo sapiens	2021-09-21	Laos	AY.1	EPI_ISL_16007536
91	Homo sapiens	2021-09-21	Laos	AY.1	EPI_ISL_16007545
86	Homo sapiens	2021-08-19	Laos	AY.85	EPI_ISL_16007533
91	Homo sapiens	2021-09-21	Laos	AY.1	EPI_ISL_16007535
86	Homo sapiens	2021-08-19	Laos	AY.85	EPI_ISL_16007564
84	Homo sapiens	2021-08-07	Laos	AY.85	EPI_ISL_16007497
91	Homo sapiens	2021-09-21	Laos	AY.1	EPI_ISL_16007554
86	Homo sapiens	2021-08-19	Laos	AY.85	EPI_ISL_16007522
91	Homo sapiens	2021-09-21	Laos	AY.1	EPI_ISL_16007551
86	Homo sapiens	2021-08-19	Laos	AY.85	EPI_ISL_16007534
91	Homo sapiens	2021-09-21	Laos	AY.1	EPI_ISL_16007539
91	Homo sapiens	2021-09-21	Laos	AY.1	EPI_ISL_16007541
86	Homo sapiens	2021-08-19	Laos	AY.85	EPI_ISL_16007532
91	Homo sapiens	2021-09-21	Laos	AY.1	EPI_ISL_16007537
91	Homo sapiens	2021-09-21	Laos	AY.1	EPI_ISL_16007538
91	Homo sapiens	2021-09-21	Laos	AY.1	EPI_ISL_16007550
91	Homo sapiens	2021-09-21	Laos	AY.1	EPI_ISL_16007553
91	Homo sapiens	2021-09-21	Laos	AY.1	EPI_ISL_16007544
91	Homo sapiens	2021-09-21	Laos	AY.1	EPI_ISL_16007547
86	Homo sapiens	2021-08-19	Laos	AY.85	EPI_ISL_16007562
91	Homo sapiens	2021-09-21	Laos	AY.1	EPI_ISL_16007552
91	Homo sapiens	2021-09-21	Laos	AY.1	EPI_ISL_16007548
86	Homo sapiens	2021-08-19	Laos	AY.85	EPI_ISL_16007560
86	Homo sapiens	2021-08-19	Laos	AY.85	EPI_ISL_16007561
91	Homo sapiens	2021-09-21	Laos	AY.1	EPI_ISL_16007543
91	Homo sapiens	2021-09-21	Laos	AY.1	EPI_ISL_16007557
91	Homo sapiens	2021-09-21	Laos	AY.1	EPI_ISL_16007556
86	Homo sapiens	2021-08-19	Laos	AY.85	EPI_ISL_16007563
86	Homo sapiens	2021-08-19	Laos	AY.85	EPI_ISL_16007566
91	Homo sapiens	2021-09-21	Laos	AY.1	EPI_ISL_16007555
86	Homo sapiens	2021-08-19	Laos	AY.85	EPI_ISL_16007565
91	Homo sapiens	2021-09-21	Laos	AY.1	EPI_ISL_16007558
86	Homo sapiens	2021-08-19	Laos	AY.85	EPI_ISL_16007523
86	Homo sapiens	2021-08-19	Laos	AY.85	EPI_ISL_16007525
86	Homo sapiens	2021-08-19	Laos	AY.30	EPI_ISL_16007529
86	Homo sapiens	2021-08-19	Laos	AY.85	EPI_ISL_16007531
86	Homo sapiens	2021-08-19	Laos	AY.85	EPI_ISL_16007530
86	Homo sapiens	2021-08-19	Laos	AY.85	EPI_ISL_16007524
86	Homo sapiens	2021-08-19	Laos	AY.85	EPI_ISL_16007526
86	Homo sapiens	2021-08-19	Laos	AY.85	EPI_ISL_16007527
86	Homo sapiens	2021-08-16	Laos	AY.31	EPI_ISL_16017389
86	Homo sapiens	2021-08-16	Laos	AY.31	EPI_ISL_16017386
86	Homo sapiens	2021-08-19	Laos	AY.85	EPI_ISL_16017398
89	Homo sapiens	2021-09-06	Laos	AY.85	EPI_ISL_16017411
87	Homo sapiens	2021-08-29	Laos	AY.1	EPI_ISL_16017409
87	Homo sapiens	2021-08-29	Laos	AY.1	EPI_ISL_16017408
87	Homo sapiens	2021-08-29	Laos	AY.1	EPI_ISL_16017405
86	Homo sapiens	2021-08-19	Laos	AY.30	EPI_ISL_16017404
86	Homo sapiens	2021-08-19	Laos	AY.30	EPI_ISL_16017403
86	Homo sapiens	2021-08-19	Laos	AY.30	EPI_ISL_16017402
86	Homo sapiens	2021-08-19	Laos	AY.30	EPI_ISL_16017401
86	Homo sapiens	2021-08-19	Laos	AY.85	EPI_ISL_16017400
88	Homo sapiens	2021-09-01	Laos	AY.85	EPI_ISL_16017410
85	Homo sapiens	2021-08-12	Laos	AY.85	EPI_ISL_16017371
85	Homo sapiens	2021-08-12	Laos	AY.30	EPI_ISL_16017364
85	Homo sapiens	2021-08-12	Laos	AY.85	EPI_ISL_16017361
85	Homo sapiens	2021-08-12	Laos	AY.30	EPI_ISL_16017359
85	Homo sapiens	2021-08-12	Laos	AY.85	EPI_ISL_16017358
85	Homo sapiens	2021-08-12	Laos	AY.30	EPI_ISL_16017376
85	Homo sapiens	2021-08-12	Laos	AY.30	EPI_ISL_16017375
85	Homo sapiens	2021-08-12	Laos	AY.30	EPI_ISL_16017374
85	Homo sapiens	2021-08-12	Laos	AY.85	EPI_ISL_16017368
85	Homo sapiens	2021-08-12	Laos	AY.85	EPI_ISL_16017373
85	Homo sapiens	2021-08-12	Laos	AY.85	EPI_ISL_16017372
85	Homo sapiens	2021-08-12	Laos	AY.85	EPI_ISL_16017367
86	Homo sapiens	2021-08-16	Laos	AY.31	EPI_ISL_16017388
86	Homo sapiens	2021-08-16	Laos	AY.31	EPI_ISL_16017387
86	Homo sapiens	2021-08-16	Laos	AY.31	EPI_ISL_16017385
86	Homo sapiens	2021-08-16	Laos	AY.31	EPI_ISL_16017384
86	Homo sapiens	2021-08-16	Laos	AY.31	EPI_ISL_16017383
86	Homo sapiens	2021-08-16	Laos	AY.31	EPI_ISL_16017382
86	Homo sapiens	2021-08-16	Laos	AY.31	EPI_ISL_16017381
86	Homo sapiens	2021-08-16	Laos	AY.31	EPI_ISL_16017380
85	Homo sapiens	2021-08-12	Laos	AY.30	EPI_ISL_16017378
85	Homo sapiens	2021-08-12	Laos	AY.30	EPI_ISL_16017377
86	Homo sapiens	2021-08-19	Laos	AY.30	EPI_ISL_16017392
86	Homo sapiens	2021-08-19	Laos	AY.85	EPI_ISL_16017397
86	Homo sapiens	2021-08-19	Laos	B.1.617.2	EPI_ISL_16017395
86	Homo sapiens	2021-08-19	Laos	AY.30	EPI_ISL_16017396
86	Homo sapiens	2021-08-19	Laos	AY.30	EPI_ISL_16017394
86	Homo sapiens	2021-08-19	Laos	AY.85	EPI_ISL_16017393
86	Homo sapiens	2021-08-19	Laos	AY.85	EPI_ISL_16017391
86	Homo sapiens	2021-08-19	Laos	AY.85	EPI_ISL_16017399
151	Homo sapiens	2022-11-16	Laos	BN.1.2	EPI_ISL_16017427
85	Homo sapiens	2021-08-12	Laos	AY.30	OQ028634.1
150	Homo sapiens	2022-11-08	Laos	BQ.1.1	OQ028638.1
151	Homo sapiens	2022-11-14	Laos	BA.5.2	OQ028639.1
151	Homo sapiens	2022-11-17	Laos	BN.1.3	OQ028641.1
151	Homo sapiens	2022-11-17	Laos	BN.1.3	OQ028642.1
151	Homo sapiens	2022-11-18	Laos	BN.1.3	OQ028643.1
152	Homo sapiens	2022-11-25	Laos	CH.1.1	OQ028646.1
152	Homo sapiens	2022-11-23	Laos	BN.1.3	OQ028648.1
152	Homo sapiens	2022-11-21	Laos	BN.1.3	OQ028650.1
152	Homo sapiens	2022-11-21	Laos	BN.1.3	OQ028651.1
152	Homo sapiens	2022-11-23	Laos	BN.1.1	OQ028652.1
153	Homo sapiens	2022-12-03	Laos	BN.1.3	OQ028653.1
95	Homo sapiens	2021-10-18	Laos	AY.1	EPI_ISL_16641001
93	Homo sapiens	2021-10-08	Laos	AY.85	EPI_ISL_16640997
94	Homo sapiens	2021-10-14	Laos	AY.1	EPI_ISL_16640999
95	Homo sapiens	2021-10-18	Laos	AY.1	EPI_ISL_16641002
95	Homo sapiens	2021-10-18	Laos	AY.1	EPI_ISL_16641005
96	Homo sapiens	2021-10-27	Laos	AY.85	EPI_ISL_16641030
95	Homo sapiens	2021-10-22	Laos	AY.1	EPI_ISL_16641023
96	Homo sapiens	2021-10-27	Laos	AY.1	EPI_ISL_16641032
96	Homo sapiens	2021-10-27	Laos	AY.1	EPI_ISL_16641034
96	Homo sapiens	2021-10-27	Laos	AY.1	EPI_ISL_16641039
90	Homo sapiens	2021-09-15	Laos	AY.1	EPI_ISL_16640989
93	Homo sapiens	2021-10-08	Laos	AY.85	EPI_ISL_16640995
155	Homo sapiens	2022-12-12	Laos	BN.1.3	EPI_ISL_16641046
93	Homo sapiens	2021-10-08	Laos	AY.85	EPI_ISL_16640992
95	Homo sapiens	2021-10-19	Laos	AY.1	EPI_ISL_16641009
95	Homo sapiens	2021-10-21	Laos	AY.1	EPI_ISL_16641010
95	Homo sapiens	2021-10-21	Laos	AY.1	EPI_ISL_16641015
95	Homo sapiens	2021-10-22	Laos	AY.1	EPI_ISL_16641017
95	Homo sapiens	2021-10-21	Laos	AY.1	EPI_ISL_16641013
95	Homo sapiens	2021-10-22	Laos	AY.1	EPI_ISL_16641019
95	Homo sapiens	2021-10-22	Laos	AY.1	EPI_ISL_16641021
96	Homo sapiens	2021-10-27	Laos	AY.1	EPI_ISL_16641024
96	Homo sapiens	2021-10-27	Laos	AY.1	EPI_ISL_16641025
96	Homo sapiens	2021-10-27	Laos	AY.85	EPI_ISL_16641031
96	Homo sapiens	2021-10-27	Laos	AY.1	EPI_ISL_16641035
96	Homo sapiens	2021-10-27	Laos	AY.1	EPI_ISL_16641036
90	Homo sapiens	2021-09-15	Laos	AY.30	EPI_ISL_16640987
90	Homo sapiens	2021-09-15	Laos	AY.30	EPI_ISL_16640988
96	Homo sapiens	2021-10-27	Laos	AY.1	EPI_ISL_16641041
93	Homo sapiens	2021-10-08	Laos	AY.85	EPI_ISL_16640993
90	Homo sapiens	2021-09-15	Laos	AY.1	EPI_ISL_16640990
93	Homo sapiens	2021-10-08	Laos	AY.85	EPI_ISL_16640994
93	Homo sapiens	2021-10-08	Laos	AY.85	EPI_ISL_16640991
94	Homo sapiens	2021-10-14	Laos	AY.1	EPI_ISL_16640998
95	Homo sapiens	2021-10-18	Laos	AY.1	EPI_ISL_16641004
95	Homo sapiens	2021-10-19	Laos	AY.1	EPI_ISL_16641006
95	Homo sapiens	2021-10-19	Laos	AY.1	EPI_ISL_16641007
94	Homo sapiens	2021-10-14	Laos	AY.1	EPI_ISL_16641000
95	Homo sapiens	2021-10-18	Laos	AY.1	EPI_ISL_16641003
95	Homo sapiens	2021-10-19	Laos	AY.1	EPI_ISL_16641008
86	Homo sapiens	2021-08-19	Laos	AY.85	EPI_ISL_16700059
86	Homo sapiens	2021-08-19	Laos	AY.85	EPI_ISL_16700060
155	Homo sapiens	2022-12-12	Laos	BN.1.3	EPI_ISL_16700109
91	Homo sapiens	2021-09-24	Laos	AY.1	EPI_ISL_16700070
91	Homo sapiens	2021-09-24	Laos	AY.1	EPI_ISL_16700071
91	Homo sapiens	2021-09-24	Laos	AY.1	EPI_ISL_16700072
86	Homo sapiens	2021-08-19	Laos	AY.85	EPI_ISL_16700061
86	Homo sapiens	2021-08-19	Laos	AY.85	EPI_ISL_16700062
91	Homo sapiens	2021-09-24	Laos	AY.1	EPI_ISL_16700073
91	Homo sapiens	2021-09-24	Laos	AY.1	EPI_ISL_16700074
86	Homo sapiens	2021-08-19	Laos	AY.85	EPI_ISL_16700063
91	Homo sapiens	2021-09-24	Laos	AY.1	EPI_ISL_16700075
86	Homo sapiens	2021-08-19	Laos	AY.85	EPI_ISL_16700064
91	Homo sapiens	2021-09-24	Laos	AY.1	EPI_ISL_16700076
86	Homo sapiens	2021-08-19	Laos	AY.85	EPI_ISL_16700065
91	Homo sapiens	2021-09-24	Laos	AY.1	EPI_ISL_16700077
86	Homo sapiens	2021-08-19	Laos	AY.85	EPI_ISL_16700055
91	Homo sapiens	2021-09-21	Laos	AY.1	EPI_ISL_16700066
91	Homo sapiens	2021-09-21	Laos	AY.1	EPI_ISL_16700067
86	Homo sapiens	2021-08-19	Laos	AY.85	EPI_ISL_16700057
91	Homo sapiens	2021-09-24	Laos	AY.1	EPI_ISL_16700068
91	Homo sapiens	2021-09-24	Laos	AY.1	EPI_ISL_16700069
86	Homo sapiens	2021-08-19	Laos	AY.85	EPI_ISL_16700058
91	Homo sapiens	2021-09-24	Laos	AY.1	EPI_ISL_16700080
91	Homo sapiens	2021-09-24	Laos	AY.1	EPI_ISL_16700081
91	Homo sapiens	2021-09-24	Laos	AY.1	EPI_ISL_16700082
91	Homo sapiens	2021-09-24	Laos	AY.1	EPI_ISL_16700083
91	Homo sapiens	2021-09-24	Laos	AY.1	EPI_ISL_16700084
91	Homo sapiens	2021-09-24	Laos	AY.1	EPI_ISL_16700087
91	Homo sapiens	2021-09-24	Laos	AY.1	EPI_ISL_16700085
91	Homo sapiens	2021-09-24	Laos	AY.85	EPI_ISL_16700086
91	Homo sapiens	2021-09-24	Laos	AY.1	EPI_ISL_16700088
91	Homo sapiens	2021-09-24	Laos	AY.1	EPI_ISL_16700093
91	Homo sapiens	2021-09-24	Laos	AY.1	EPI_ISL_16700089
91	Homo sapiens	2021-09-24	Laos	AY.1	EPI_ISL_16700090
91	Homo sapiens	2021-09-24	Laos	AY.1	EPI_ISL_16700091
91	Homo sapiens	2021-09-24	Laos	AY.1	EPI_ISL_16700092
91	Homo sapiens	2021-09-24	Laos	AY.1	EPI_ISL_16700094
91	Homo sapiens	2021-09-24	Laos	AY.1	EPI_ISL_16700095
91	Homo sapiens	2021-09-24	Laos	AY.1	EPI_ISL_16700096
91	Homo sapiens	2021-09-24	Laos	AY.1	EPI_ISL_16700097
91	Homo sapiens	2021-09-24	Laos	AY.1	EPI_ISL_16700098
91	Homo sapiens	2021-09-24	Laos	AY.1	EPI_ISL_16700099
91	Homo sapiens	2021-09-24	Laos	AY.1	EPI_ISL_16700102
91	Homo sapiens	2021-09-24	Laos	AY.1	EPI_ISL_16700100
91	Homo sapiens	2021-09-24	Laos	AY.1	EPI_ISL_16700101
86	Homo sapiens	2021-08-19	Laos	AY.85	EPI_ISL_16700103
155	Homo sapiens	2022-12-16	Laos	BN.1.3	EPI_ISL_16700104
91	Homo sapiens	2021-09-24	Laos	AY.1	EPI_ISL_16700078
91	Homo sapiens	2021-09-24	Laos	AY.1	EPI_ISL_16700079
156	Homo sapiens	2022-12-22	Laos	BN.1.3	EPI_ISL_16700108
86	Homo sapiens	2021-08-19	Laos	AY.85	EPI_ISL_16700110
86	Homo sapiens	2021-08-19	Laos	AY.85	EPI_ISL_16700111
86	Homo sapiens	2021-08-19	Laos	AY.85	EPI_ISL_16700112
86	Homo sapiens	2021-08-19	Laos	AY.85	EPI_ISL_16700113
