12	Homo sapiens	2020-03-19	Lebanon	B.1	MT801000.1
12	Homo sapiens	2020-03-18	Lebanon	B.1.1	EPI_ISL_498552
12	Homo sapiens	2020-03-18	Lebanon	B.1.1	MT801001.1
71	Homo sapiens	2021-05-04	Lebanon	B.1.1.7	EPI_ISL_3344067
71	Homo sapiens	2021-05-04	Lebanon	B.1.1.7	EPI_ISL_3358488
71	Homo sapiens	2021-05-03	Lebanon	B.1.1.7	EPI_ISL_3344061
71	Homo sapiens	2021-05-03	Lebanon	B.1.1.7	EPI_ISL_3344060
71	Homo sapiens	2021-05-03	Lebanon	B.1.1.7	EPI_ISL_3344059
71	Homo sapiens	2021-05-03	Lebanon	B.1.1.7	EPI_ISL_3344062
70	Homo sapiens	2021-04-29	Lebanon	B.1.1.7	EPI_ISL_3344056
70	Homo sapiens	2021-04-29	Lebanon	B.1.1.7	EPI_ISL_3344057
70	Homo sapiens	2021-04-29	Lebanon	B.1.1.7	EPI_ISL_3344055
70	Homo sapiens	2021-04-28	Lebanon	B.1.1.7	EPI_ISL_3344048
70	Homo sapiens	2021-04-28	Lebanon	B.1.1.7	EPI_ISL_3344046
70	Homo sapiens	2021-04-28	Lebanon	B.1.1.7	EPI_ISL_3344049
70	Homo sapiens	2021-04-28	Lebanon	B.1.1.7	EPI_ISL_3344050
70	Homo sapiens	2021-04-28	Lebanon	B.1.1.7	EPI_ISL_3344044
70	Homo sapiens	2021-04-28	Lebanon	B.1.1.7	EPI_ISL_3344045
70	Homo sapiens	2021-04-27	Lebanon	B.1.1.7	EPI_ISL_3344031
70	Homo sapiens	2021-04-27	Lebanon	B.1.1.7	EPI_ISL_3344038
70	Homo sapiens	2021-04-27	Lebanon	B.1.1.7	EPI_ISL_3344036
70	Homo sapiens	2021-04-27	Lebanon	B.1.1.7	EPI_ISL_3344032
70	Homo sapiens	2021-04-27	Lebanon	B.1.1.7	EPI_ISL_3344039
70	Homo sapiens	2021-04-27	Lebanon	B.1.1.7	EPI_ISL_3344040
70	Homo sapiens	2021-04-27	Lebanon	B.1.1.7	EPI_ISL_3344033
70	Homo sapiens	2021-04-27	Lebanon	B.1.1.7	EPI_ISL_3344034
70	Homo sapiens	2021-04-27	Lebanon	B.1.1.7	EPI_ISL_3344041
70	Homo sapiens	2021-04-27	Lebanon	B.1.1.7	EPI_ISL_3344037
70	Homo sapiens	2021-04-27	Lebanon	B.1.1.7	EPI_ISL_3344042
70	Homo sapiens	2021-04-27	Lebanon	B.1.1.7	EPI_ISL_3358487
70	Homo sapiens	2021-04-26	Lebanon	B.1.1.7	EPI_ISL_3344027
70	Homo sapiens	2021-04-26	Lebanon	B.1.1.7	EPI_ISL_3344025
70	Homo sapiens	2021-04-26	Lebanon	B.1.1.7	EPI_ISL_3344023
70	Homo sapiens	2021-04-26	Lebanon	B.1.1.7	EPI_ISL_3344024
70	Homo sapiens	2021-04-26	Lebanon	B.1.1.7	EPI_ISL_3358482
69	Homo sapiens	2021-04-22	Lebanon	B.1.1.7	EPI_ISL_3344021
69	Homo sapiens	2021-04-22	Lebanon	B.1.1.7	EPI_ISL_3344019
69	Homo sapiens	2021-04-22	Lebanon	B.1.1.7	EPI_ISL_3344022
69	Homo sapiens	2021-04-22	Lebanon	B.1.1.7	EPI_ISL_3344020
69	Homo sapiens	2021-04-22	Lebanon	B.1.1.7	EPI_ISL_3344018
69	Homo sapiens	2021-04-21	Lebanon	B.1.1.7	EPI_ISL_3344009
69	Homo sapiens	2021-04-21	Lebanon	B.1.1.7	EPI_ISL_3344016
69	Homo sapiens	2021-04-21	Lebanon	B.1.1.7	EPI_ISL_3344007
69	Homo sapiens	2021-04-21	Lebanon	B.1.1.7	EPI_ISL_3344010
69	Homo sapiens	2021-04-21	Lebanon	B.1.1.7	EPI_ISL_3344008
69	Homo sapiens	2021-04-21	Lebanon	B.1.1.7	EPI_ISL_3344012
69	Homo sapiens	2021-04-21	Lebanon	B.1.1.7	EPI_ISL_3344011
69	Homo sapiens	2021-04-20	Lebanon	B.1.1.7	EPI_ISL_3343997
69	Homo sapiens	2021-04-20	Lebanon	B.1.1.7	EPI_ISL_3344001
69	Homo sapiens	2021-04-20	Lebanon	B.1.1.7	EPI_ISL_3343993
69	Homo sapiens	2021-04-20	Lebanon	B.1.1.7	EPI_ISL_3343996
69	Homo sapiens	2021-04-20	Lebanon	B.1.1.7	EPI_ISL_3344003
69	Homo sapiens	2021-04-20	Lebanon	B.1.1.7	EPI_ISL_3343994
69	Homo sapiens	2021-04-20	Lebanon	B.1.1.7	EPI_ISL_3343999
69	Homo sapiens	2021-04-20	Lebanon	B.1.1.7	EPI_ISL_3343995
69	Homo sapiens	2021-04-20	Lebanon	B.1.1.7	EPI_ISL_3344000
69	Homo sapiens	2021-04-20	Lebanon	B.1.1.7	EPI_ISL_3343998
69	Homo sapiens	2021-04-20	Lebanon	B.1.1.7	EPI_ISL_3344002
69	Homo sapiens	2021-04-19	Lebanon	B.1.1.7	EPI_ISL_3343990
69	Homo sapiens	2021-04-19	Lebanon	B.1.1.7	EPI_ISL_3343989
69	Homo sapiens	2021-04-19	Lebanon	B.1.1.7	EPI_ISL_3343991
69	Homo sapiens	2021-04-19	Lebanon	B.1.1.7	EPI_ISL_3343988
69	Homo sapiens	2021-04-19	Lebanon	B.1.1.7	EPI_ISL_3343987
68	Homo sapiens	2021-04-15	Lebanon	B.1.1.7	EPI_ISL_3343984
68	Homo sapiens	2021-04-15	Lebanon	B.1.1.7	EPI_ISL_3343981
68	Homo sapiens	2021-04-15	Lebanon	B.1.1.7	EPI_ISL_3343985
68	Homo sapiens	2021-04-15	Lebanon	B.1.1.7	EPI_ISL_3343980
68	Homo sapiens	2021-04-15	Lebanon	B.1.1.7	EPI_ISL_3343983
68	Homo sapiens	2021-04-15	Lebanon	B.1.1.7	EPI_ISL_3343982
68	Homo sapiens	2021-04-15	Lebanon	B.1.1.7	EPI_ISL_3343986
68	Homo sapiens	2021-04-14	Lebanon	B.1.1.7	EPI_ISL_3343975
68	Homo sapiens	2021-04-14	Lebanon	B.1.1.7	EPI_ISL_3343974
68	Homo sapiens	2021-04-14	Lebanon	B.1.1.7	EPI_ISL_3343977
68	Homo sapiens	2021-04-14	Lebanon	B.1.1.7	EPI_ISL_3343976
68	Homo sapiens	2021-04-14	Lebanon	B.1.1.7	EPI_ISL_3343978
68	Homo sapiens	2021-04-14	Lebanon	B.1.1.7	EPI_ISL_3358477
68	Homo sapiens	2021-04-13	Lebanon	B.1.1.7	EPI_ISL_3343968
68	Homo sapiens	2021-04-13	Lebanon	B.1.1.7	EPI_ISL_3343969
68	Homo sapiens	2021-04-13	Lebanon	B.1.1.7	EPI_ISL_3358476
68	Homo sapiens	2021-04-12	Lebanon	B.1.1.7	EPI_ISL_3343960
68	Homo sapiens	2021-04-12	Lebanon	B.1.1.7	EPI_ISL_3343956
68	Homo sapiens	2021-04-12	Lebanon	B.1.1.7	EPI_ISL_3343961
68	Homo sapiens	2021-04-12	Lebanon	B.1.1.7	EPI_ISL_3343958
68	Homo sapiens	2021-04-12	Lebanon	B.1.1.7	EPI_ISL_3343959
68	Homo sapiens	2021-04-12	Lebanon	B.1.1.7	EPI_ISL_3343965
68	Homo sapiens	2021-04-12	Lebanon	B.1.1.7	EPI_ISL_3343957
68	Homo sapiens	2021-04-12	Lebanon	B.1.1.7	EPI_ISL_3358478
67	Homo sapiens	2021-04-08	Lebanon	B.1.1.7	EPI_ISL_3343954
67	Homo sapiens	2021-04-08	Lebanon	B.1.1.7	EPI_ISL_3343953
67	Homo sapiens	2021-04-07	Lebanon	B.1.1.7	EPI_ISL_3343943
67	Homo sapiens	2021-04-07	Lebanon	B.1.1.7	EPI_ISL_3343942
67	Homo sapiens	2021-04-07	Lebanon	B.1.1.7	EPI_ISL_3343947
67	Homo sapiens	2021-04-07	Lebanon	B.1.1.7	EPI_ISL_3343935
67	Homo sapiens	2021-04-07	Lebanon	B.1.1.7	EPI_ISL_3343941
67	Homo sapiens	2021-04-07	Lebanon	B.1.1.7	EPI_ISL_3343948
67	Homo sapiens	2021-04-07	Lebanon	B.1.1.7	EPI_ISL_3343938
67	Homo sapiens	2021-04-07	Lebanon	B.1.1.7	EPI_ISL_3343940
67	Homo sapiens	2021-04-07	Lebanon	B.1.1.7	EPI_ISL_3343937
67	Homo sapiens	2021-04-07	Lebanon	B.1.1.7	EPI_ISL_3343939
67	Homo sapiens	2021-04-07	Lebanon	B.1.1.7	EPI_ISL_3343936
67	Homo sapiens	2021-04-06	Lebanon	B.1.1.7	EPI_ISL_3343932
67	Homo sapiens	2021-04-06	Lebanon	B.1.1.7	EPI_ISL_3343931
67	Homo sapiens	2021-04-06	Lebanon	B.1.1.7	EPI_ISL_3343934
67	Homo sapiens	2021-04-06	Lebanon	B.1.1.7	EPI_ISL_3343921
67	Homo sapiens	2021-04-06	Lebanon	B.1.1.7	EPI_ISL_3343923
67	Homo sapiens	2021-04-06	Lebanon	B.1.1.7	EPI_ISL_3343924
67	Homo sapiens	2021-04-06	Lebanon	B.1.1.7	EPI_ISL_3343925
67	Homo sapiens	2021-04-06	Lebanon	B.1.1.7	EPI_ISL_3343922
67	Homo sapiens	2021-04-06	Lebanon	B.1.1.7	EPI_ISL_3343928
67	Homo sapiens	2021-04-06	Lebanon	B.1.1.7	EPI_ISL_3343920
67	Homo sapiens	2021-04-06	Lebanon	B.1.1.7	EPI_ISL_3343919
67	Homo sapiens	2021-04-06	Lebanon	B.1.1.7	EPI_ISL_3358486
67	Homo sapiens	2021-04-06	Lebanon	B.1.1.7	EPI_ISL_3358485
67	Homo sapiens	2021-04-05	Lebanon	B.1.1.7	EPI_ISL_3343917
66	Homo sapiens	2021-04-01	Lebanon	B.1.1.7	EPI_ISL_3343907
66	Homo sapiens	2021-04-01	Lebanon	B.1.1.7	EPI_ISL_3343902
66	Homo sapiens	2021-04-01	Lebanon	B.1.1.7	EPI_ISL_3343906
66	Homo sapiens	2021-04-01	Lebanon	B.1.1.7	EPI_ISL_3343909
66	Homo sapiens	2021-04-01	Lebanon	B.1.1.7	EPI_ISL_3343903
66	Homo sapiens	2021-04-01	Lebanon	B.1.1.7	EPI_ISL_3343905
66	Homo sapiens	2021-04-01	Lebanon	B.1.1.7	EPI_ISL_3343912
66	Homo sapiens	2021-04-01	Lebanon	B.1.1.7	EPI_ISL_3343904
66	Homo sapiens	2021-04-01	Lebanon	B.1.1.7	EPI_ISL_3358475
66	Homo sapiens	2021-04-01	Lebanon	B.1.1.7	EPI_ISL_3358480
66	Homo sapiens	2021-03-31	Lebanon	B.1.1.7	EPI_ISL_3343895
66	Homo sapiens	2021-03-31	Lebanon	B.1.1.7	EPI_ISL_3343896
66	Homo sapiens	2021-03-31	Lebanon	B.1.1.7	EPI_ISL_3343894
66	Homo sapiens	2021-03-30	Lebanon	B.1.1.7	EPI_ISL_3343890
66	Homo sapiens	2021-03-30	Lebanon	B.1.1.7	EPI_ISL_3343879
66	Homo sapiens	2021-03-30	Lebanon	B.1.1.7	EPI_ISL_3343882
66	Homo sapiens	2021-03-30	Lebanon	B.1.1.7	EPI_ISL_3343878
66	Homo sapiens	2021-03-30	Lebanon	B.1.1.7	EPI_ISL_3343885
66	Homo sapiens	2021-03-30	Lebanon	B.1.1.7	EPI_ISL_3343881
66	Homo sapiens	2021-03-30	Lebanon	B.1.1.7	EPI_ISL_3343877
66	Homo sapiens	2021-03-30	Lebanon	B.1.1.7	EPI_ISL_3358483
66	Homo sapiens	2021-03-29	Lebanon	B.1.1.7	EPI_ISL_3343873
66	Homo sapiens	2021-03-29	Lebanon	B.1.1.7	EPI_ISL_3343870
66	Homo sapiens	2021-03-29	Lebanon	B.1.1.7	EPI_ISL_3343874
66	Homo sapiens	2021-03-29	Lebanon	B.1.1.7	EPI_ISL_3343869
66	Homo sapiens	2021-03-29	Lebanon	B.1.1.7	EPI_ISL_3358484
65	Homo sapiens	2021-03-25	Lebanon	B.1.1.7	EPI_ISL_3343854
65	Homo sapiens	2021-03-25	Lebanon	B.1.1.7	EPI_ISL_3343851
65	Homo sapiens	2021-03-25	Lebanon	B.1.1.7	EPI_ISL_3343843
65	Homo sapiens	2021-03-25	Lebanon	B.1.1.7	EPI_ISL_3343849
65	Homo sapiens	2021-03-25	Lebanon	B.1.1.7	EPI_ISL_3343853
65	Homo sapiens	2021-03-25	Lebanon	B.1.1.7	EPI_ISL_3343860
65	Homo sapiens	2021-03-25	Lebanon	B.1.1.7	EPI_ISL_3343844
65	Homo sapiens	2021-03-25	Lebanon	B.1.1.7	EPI_ISL_3343848
65	Homo sapiens	2021-03-25	Lebanon	B.1.1.7	EPI_ISL_3343846
65	Homo sapiens	2021-03-25	Lebanon	B.1.1.7	EPI_ISL_3343856
65	Homo sapiens	2021-03-24	Lebanon	B.1.1.7	EPI_ISL_3343839
65	Homo sapiens	2021-03-24	Lebanon	B.1.1.7	EPI_ISL_3343829
65	Homo sapiens	2021-03-24	Lebanon	B.1.1.7	EPI_ISL_3343825
65	Homo sapiens	2021-03-24	Lebanon	B.1.1.7	EPI_ISL_3343835
65	Homo sapiens	2021-03-24	Lebanon	B.1.1.7	EPI_ISL_3343832
65	Homo sapiens	2021-03-24	Lebanon	B.1.1.7	EPI_ISL_3343833
65	Homo sapiens	2021-03-24	Lebanon	B.1.1.7	EPI_ISL_3343831
65	Homo sapiens	2021-03-24	Lebanon	B.1.1.7	EPI_ISL_3343826
65	Homo sapiens	2021-03-24	Lebanon	B.1.1.7	EPI_ISL_3343827
65	Homo sapiens	2021-03-24	Lebanon	B.1.1.7	EPI_ISL_3343828
65	Homo sapiens	2021-03-23	Lebanon	B.1.1.7	EPI_ISL_3343815
65	Homo sapiens	2021-03-23	Lebanon	B.1.1.7	EPI_ISL_3343814
65	Homo sapiens	2021-03-23	Lebanon	B.1.1.7	EPI_ISL_3343818
65	Homo sapiens	2021-03-23	Lebanon	B.1.1.7	EPI_ISL_3343812
65	Homo sapiens	2021-03-22	Lebanon	B.1.1.7	EPI_ISL_3343811
65	Homo sapiens	2021-03-22	Lebanon	B.1.1.7	EPI_ISL_3343809
65	Homo sapiens	2021-03-22	Lebanon	B.1.1.7	EPI_ISL_3343807
65	Homo sapiens	2021-03-22	Lebanon	B.1.1.7	EPI_ISL_3343808
65	Homo sapiens	2021-03-22	Lebanon	B.1.1.7	EPI_ISL_3343810
64	Homo sapiens	2021-03-19	Lebanon	B.1.1.7	EPI_ISL_3343801
64	Homo sapiens	2021-03-19	Lebanon	B.1.1.7	EPI_ISL_3343798
64	Homo sapiens	2021-03-19	Lebanon	B.1.1.7	EPI_ISL_3343800
64	Homo sapiens	2021-03-19	Lebanon	B.1.1.7	EPI_ISL_3343799
64	Homo sapiens	2021-03-18	Lebanon	B.1.1.7	EPI_ISL_3343793
64	Homo sapiens	2021-03-18	Lebanon	B.1.1.7	EPI_ISL_3343791
64	Homo sapiens	2021-03-18	Lebanon	B.1.1.7	EPI_ISL_3343787
64	Homo sapiens	2021-03-18	Lebanon	B.1.1.7	EPI_ISL_3343790
64	Homo sapiens	2021-03-17	Lebanon	B.1.1.7	EPI_ISL_3343780
64	Homo sapiens	2021-03-17	Lebanon	B.1.1.7	EPI_ISL_3343781
64	Homo sapiens	2021-03-17	Lebanon	B.1.1.7	EPI_ISL_3343778
64	Homo sapiens	2021-03-17	Lebanon	B.1.1.7	EPI_ISL_3343776
64	Homo sapiens	2021-03-17	Lebanon	B.1.1.7	EPI_ISL_3343777
64	Homo sapiens	2021-03-16	Lebanon	B.1.1.7	EPI_ISL_3343763
64	Homo sapiens	2021-03-16	Lebanon	B.1.1.7	EPI_ISL_3343768
64	Homo sapiens	2021-03-16	Lebanon	B.1.1.7	EPI_ISL_3343759
64	Homo sapiens	2021-03-16	Lebanon	B.1.1.7	EPI_ISL_3343756
64	Homo sapiens	2021-03-16	Lebanon	B.1.1.7	EPI_ISL_3343757
64	Homo sapiens	2021-03-16	Lebanon	B.1.1.7	EPI_ISL_3343758
64	Homo sapiens	2021-03-16	Lebanon	B.1.1.7	EPI_ISL_3343767
64	Homo sapiens	2021-03-15	Lebanon	B.1.1.7	EPI_ISL_3343752
64	Homo sapiens	2021-03-15	Lebanon	B.1.1.7	EPI_ISL_3343755
64	Homo sapiens	2021-03-15	Lebanon	B.1.1.7	EPI_ISL_3343753
63	Homo sapiens	2021-03-12	Lebanon	B.1.1.7	EPI_ISL_3343749
63	Homo sapiens	2021-03-12	Lebanon	B.1.1.7	EPI_ISL_3343748
63	Homo sapiens	2021-03-12	Lebanon	B.1.1.7	EPI_ISL_3343747
63	Homo sapiens	2021-03-12	Lebanon	B.1.1.7	EPI_ISL_3343750
63	Homo sapiens	2021-03-11	Lebanon	B.1.1.7	EPI_ISL_3343723
63	Homo sapiens	2021-03-11	Lebanon	B.1.1.7	EPI_ISL_3343733
63	Homo sapiens	2021-03-11	Lebanon	B.1.1.7	EPI_ISL_3343738
63	Homo sapiens	2021-03-11	Lebanon	B.1.1.7	EPI_ISL_3343725
63	Homo sapiens	2021-03-11	Lebanon	B.1.1.7	EPI_ISL_3343735
63	Homo sapiens	2021-03-11	Lebanon	B.1.1.7	EPI_ISL_3343727
63	Homo sapiens	2021-03-11	Lebanon	B.1.1.7	EPI_ISL_3343734
63	Homo sapiens	2021-03-11	Lebanon	B.1.1.7	EPI_ISL_3343730
63	Homo sapiens	2021-03-11	Lebanon	B.1.1.7	EPI_ISL_3343737
63	Homo sapiens	2021-03-11	Lebanon	B.1.1.7	EPI_ISL_3343726
63	Homo sapiens	2021-03-11	Lebanon	B.1.1.7	EPI_ISL_3343728
63	Homo sapiens	2021-03-10	Lebanon	B.1.1.7	EPI_ISL_3343704
63	Homo sapiens	2021-03-10	Lebanon	B.1.1.7	EPI_ISL_3343705
63	Homo sapiens	2021-03-10	Lebanon	B.1.1.7	EPI_ISL_3343703
63	Homo sapiens	2021-03-10	Lebanon	B.1.1.7	EPI_ISL_3343702
63	Homo sapiens	2021-03-10	Lebanon	B.1.1.7	EPI_ISL_3343716
63	Homo sapiens	2021-03-10	Lebanon	B.1.1.7	EPI_ISL_3343708
63	Homo sapiens	2021-03-10	Lebanon	B.1.1.7	EPI_ISL_3343707
63	Homo sapiens	2021-03-10	Lebanon	B.1.1.7	EPI_ISL_3343714
63	Homo sapiens	2021-03-10	Lebanon	B.1.1.7	EPI_ISL_3343709
63	Homo sapiens	2021-03-10	Lebanon	B.1.1.7	EPI_ISL_3343711
63	Homo sapiens	2021-03-10	Lebanon	B.1.1.7	EPI_ISL_3343706
63	Homo sapiens	2021-03-09	Lebanon	B.1.1.7	EPI_ISL_3343685
63	Homo sapiens	2021-03-09	Lebanon	B.1.1.7	EPI_ISL_3343687
63	Homo sapiens	2021-03-09	Lebanon	B.1.1.7	EPI_ISL_3343695
63	Homo sapiens	2021-03-08	Lebanon	B.1.1.7	EPI_ISL_3343682
63	Homo sapiens	2021-03-08	Lebanon	B.1.1.7	EPI_ISL_3343681
63	Homo sapiens	2021-03-08	Lebanon	B.1.1.7	EPI_ISL_3343680
62	Homo sapiens	2021-03-04	Lebanon	B.1.1.7	EPI_ISL_3343665
62	Homo sapiens	2021-03-04	Lebanon	B.1.1.7	EPI_ISL_3343667
62	Homo sapiens	2021-03-04	Lebanon	B.1.1.7	EPI_ISL_3343664
62	Homo sapiens	2021-03-04	Lebanon	B.1.1.7	EPI_ISL_3343663
62	Homo sapiens	2021-03-04	Lebanon	B.1.1.7	EPI_ISL_3343661
62	Homo sapiens	2021-03-04	Lebanon	B.1.1.7	EPI_ISL_3343672
62	Homo sapiens	2021-03-04	Lebanon	B.1.1.7	EPI_ISL_3343662
62	Homo sapiens	2021-03-04	Lebanon	B.1.1.7	EPI_ISL_3343669
62	Homo sapiens	2021-03-04	Lebanon	B.1.1.7	EPI_ISL_3343671
62	Homo sapiens	2021-03-04	Lebanon	B.1.1.7	EPI_ISL_3343668
62	Homo sapiens	2021-03-04	Lebanon	B.1.1.7	EPI_ISL_3343666
62	Homo sapiens	2021-03-04	Lebanon	B.1.1.7	EPI_ISL_3343660
62	Homo sapiens	2021-03-04	Lebanon	B.1.1.7	EPI_ISL_3358479
62	Homo sapiens	2021-03-03	Lebanon	B.1.1.7	EPI_ISL_3343646
62	Homo sapiens	2021-03-03	Lebanon	B.1.1.7	EPI_ISL_3343647
62	Homo sapiens	2021-03-02	Lebanon	B.1.1.7	EPI_ISL_3343625
62	Homo sapiens	2021-03-02	Lebanon	B.1.1.7	EPI_ISL_3343623
62	Homo sapiens	2021-03-02	Lebanon	B.1.1.7	EPI_ISL_3343618
62	Homo sapiens	2021-03-02	Lebanon	B.1.1.7	EPI_ISL_3343620
62	Homo sapiens	2021-03-02	Lebanon	B.1.1.7	EPI_ISL_3343621
62	Homo sapiens	2021-03-02	Lebanon	B.1.1.7	EPI_ISL_3343622
62	Homo sapiens	2021-03-02	Lebanon	B.1.1.7	EPI_ISL_3343628
62	Homo sapiens	2021-03-02	Lebanon	B.1.1.7	EPI_ISL_3343619
62	Homo sapiens	2021-03-02	Lebanon	B.1.1.7	EPI_ISL_3343624
62	Homo sapiens	2021-03-01	Lebanon	B.1.1.7	EPI_ISL_3343607
62	Homo sapiens	2021-03-01	Lebanon	B.1.1.7	EPI_ISL_3343608
62	Homo sapiens	2021-03-01	Lebanon	B.1.1.7	EPI_ISL_3343605
62	Homo sapiens	2021-03-01	Lebanon	B.1.1.7	EPI_ISL_3343603
62	Homo sapiens	2021-03-01	Lebanon	B.1.1.7	EPI_ISL_3343606
62	Homo sapiens	2021-03-01	Lebanon	B.1.1.7	EPI_ISL_3343604
62	Homo sapiens	2021-03-01	Lebanon	B.1.1.7	EPI_ISL_3343609
62	Homo sapiens	2021-03-01	Lebanon	B.1.1.7	EPI_ISL_3343610
61	Homo sapiens	2021-02-25	Lebanon	B.1.1.7	EPI_ISL_3343589
61	Homo sapiens	2021-02-25	Lebanon	B.1.1.7	EPI_ISL_3343590
61	Homo sapiens	2021-02-25	Lebanon	B.1.1.7	EPI_ISL_3343592
61	Homo sapiens	2021-02-24	Lebanon	B.1.1.7	EPI_ISL_3343580
61	Homo sapiens	2021-02-24	Lebanon	B.1.1.7	EPI_ISL_3343572
61	Homo sapiens	2021-02-24	Lebanon	B.1.1.7	EPI_ISL_3343569
61	Homo sapiens	2021-02-24	Lebanon	B.1.1.7	EPI_ISL_3343574
61	Homo sapiens	2021-02-24	Lebanon	B.1.1.7	EPI_ISL_3343568
61	Homo sapiens	2021-02-24	Lebanon	B.1.1.7	EPI_ISL_3343570
61	Homo sapiens	2021-02-24	Lebanon	B.1.1.7	EPI_ISL_3343579
61	Homo sapiens	2021-02-24	Lebanon	B.1.1.7	EPI_ISL_3343584
61	Homo sapiens	2021-02-24	Lebanon	B.1.1.7	EPI_ISL_3343571
61	Homo sapiens	2021-02-24	Lebanon	B.1.1.7	EPI_ISL_3343573
61	Homo sapiens	2021-02-24	Lebanon	B.1.1.7	EPI_ISL_3343576
61	Homo sapiens	2021-02-24	Lebanon	B.1.1.7	EPI_ISL_3343567
61	Homo sapiens	2021-02-24	Lebanon	B.1.1.7	EPI_ISL_3343577
61	Homo sapiens	2021-02-24	Lebanon	B.1.1.7	EPI_ISL_3343575
61	Homo sapiens	2021-02-23	Lebanon	B.1.1.7	EPI_ISL_3343547
61	Homo sapiens	2021-02-23	Lebanon	B.1.1.7	EPI_ISL_3343536
61	Homo sapiens	2021-02-23	Lebanon	B.1.1.7	EPI_ISL_3343557
61	Homo sapiens	2021-02-23	Lebanon	B.1.1.7	EPI_ISL_3343537
61	Homo sapiens	2021-02-23	Lebanon	B.1.1.7	EPI_ISL_3343550
61	Homo sapiens	2021-02-23	Lebanon	B.1.1.7	EPI_ISL_3343553
61	Homo sapiens	2021-02-23	Lebanon	B.1.1.7	EPI_ISL_3343542
61	Homo sapiens	2021-02-23	Lebanon	B.1.1.7	EPI_ISL_3343545
61	Homo sapiens	2021-02-23	Lebanon	B.1.1.7	EPI_ISL_3343540
61	Homo sapiens	2021-02-23	Lebanon	B.1.1.7	EPI_ISL_3343539
61	Homo sapiens	2021-02-23	Lebanon	B.1.1.7	EPI_ISL_3343535
61	Homo sapiens	2021-02-23	Lebanon	B.1.1.7	EPI_ISL_3343538
61	Homo sapiens	2021-02-23	Lebanon	B.1.1.7	EPI_ISL_3343541
61	Homo sapiens	2021-02-23	Lebanon	B.1.1.7	EPI_ISL_3343556
61	Homo sapiens	2021-02-23	Lebanon	B.1.1.7	EPI_ISL_3343546
61	Homo sapiens	2021-02-23	Lebanon	B.1.1.7	EPI_ISL_3343543
61	Homo sapiens	2021-02-23	Lebanon	B.1.1.7	EPI_ISL_3343559
61	Homo sapiens	2021-02-23	Lebanon	B.1.1.7	EPI_ISL_3343554
61	Homo sapiens	2021-02-23	Lebanon	B.1.1.7	EPI_ISL_3343549
61	Homo sapiens	2021-02-23	Lebanon	B.1.1.7	EPI_ISL_3343551
61	Homo sapiens	2021-02-22	Lebanon	B.1.1.7	EPI_ISL_3343530
61	Homo sapiens	2021-02-22	Lebanon	B.1.1.7	EPI_ISL_3343532
61	Homo sapiens	2021-02-22	Lebanon	B.1.1.7	EPI_ISL_3343527
61	Homo sapiens	2021-02-22	Lebanon	B.1.1.7	EPI_ISL_3343526
61	Homo sapiens	2021-02-22	Lebanon	B.1.1.7	EPI_ISL_3343529
61	Homo sapiens	2021-02-22	Lebanon	B.1.1.7	EPI_ISL_3343528
60	Homo sapiens	2021-02-17	Lebanon	B.1.1.7	EPI_ISL_3343502
60	Homo sapiens	2021-02-17	Lebanon	B.1.1.7	EPI_ISL_3343501
60	Homo sapiens	2021-02-17	Lebanon	B.1.1.7	EPI_ISL_3343503
60	Homo sapiens	2021-02-17	Lebanon	B.1.1.7	EPI_ISL_3343504
60	Homo sapiens	2021-02-16	Lebanon	B.1.1.7	EPI_ISL_3343477
60	Homo sapiens	2021-02-16	Lebanon	B.1.1.7	EPI_ISL_3343473
60	Homo sapiens	2021-02-16	Lebanon	B.1.1.7	EPI_ISL_3343479
60	Homo sapiens	2021-02-16	Lebanon	B.1.1.7	EPI_ISL_3343476
59	Homo sapiens	2021-02-11	Lebanon	B.1.1.7	EPI_ISL_3343455
59	Homo sapiens	2021-02-10	Lebanon	B.1.1.7	EPI_ISL_3343430
59	Homo sapiens	2021-02-10	Lebanon	B.1.1.7	EPI_ISL_3343431
59	Homo sapiens	2021-02-10	Lebanon	B.1.1.7	EPI_ISL_3343427
59	Homo sapiens	2021-02-10	Lebanon	B.1.1.7	EPI_ISL_3343434
59	Homo sapiens	2021-02-10	Lebanon	B.1.1.7	EPI_ISL_3343432
59	Homo sapiens	2021-02-09	Lebanon	B.1.1.7	EPI_ISL_3343408
59	Homo sapiens	2021-02-09	Lebanon	B.1.438	EPI_ISL_3343412
59	Homo sapiens	2021-02-09	Lebanon	B.1.1.7	EPI_ISL_3343406
59	Homo sapiens	2021-02-09	Lebanon	B.1.1.7	EPI_ISL_3343410
59	Homo sapiens	2021-02-09	Lebanon	B.1.1.7	EPI_ISL_3343403
59	Homo sapiens	2021-02-09	Lebanon	B.1.1.7	EPI_ISL_3343405
59	Homo sapiens	2021-02-08	Lebanon	B.1.1.7	EPI_ISL_3343390
58	Homo sapiens	2021-02-01	Lebanon	B.1.1.7	EPI_ISL_3343379
58	Homo sapiens	2021-02-01	Lebanon	B.1.1.7	EPI_ISL_3343377
58	Homo sapiens	2021-02-01	Lebanon	B.1.1.7	EPI_ISL_3343378
58	Homo sapiens	2021-02-01	Lebanon	B.1.1.7	EPI_ISL_3343380
57	Homo sapiens	2021-01-28	Lebanon	B.1.1.7	EPI_ISL_3343372
57	Homo sapiens	2021-01-28	Lebanon	B.1.1.7	EPI_ISL_3343368
57	Homo sapiens	2021-01-28	Lebanon	B.1.1.7	EPI_ISL_3343371
57	Homo sapiens	2021-01-27	Lebanon	B.1.1.7	EPI_ISL_3343355
57	Homo sapiens	2021-01-26	Lebanon	B.1.398	EPI_ISL_3343334
57	Homo sapiens	2021-01-26	Lebanon	B.1.1.7	EPI_ISL_3343331
57	Homo sapiens	2021-01-26	Lebanon	B.1.1.7	EPI_ISL_3343335
57	Homo sapiens	2021-01-26	Lebanon	B.1.1.7	EPI_ISL_3343330
57	Homo sapiens	2021-01-26	Lebanon	B.1.1.7	EPI_ISL_3343337
57	Homo sapiens	2021-01-26	Lebanon	B.1.1.7	EPI_ISL_3343332
57	Homo sapiens	2021-01-25	Lebanon	B.1.1.7	EPI_ISL_3343326
56	Homo sapiens	2021-01-20	Lebanon	B.1.398	EPI_ISL_3343317
56	Homo sapiens	2021-01-20	Lebanon	B.1.1.7	EPI_ISL_3343314
56	Homo sapiens	2021-01-19	Lebanon	B.1.1	EPI_ISL_3343307
56	Homo sapiens	2021-01-19	Lebanon	B.1.1.7	EPI_ISL_3343306
55	Homo sapiens	2021-01-13	Lebanon	B.1.1.7	EPI_ISL_3343291
55	Homo sapiens	2021-01-13	Lebanon	B.1.398	EPI_ISL_3343294
55	Homo sapiens	2021-01-13	Lebanon	B.1.398	EPI_ISL_3343298
55	Homo sapiens	2021-01-12	Lebanon	L.3	EPI_ISL_3343267
55	Homo sapiens	2021-01-12	Lebanon	B.1	EPI_ISL_3343280
55	Homo sapiens	2021-01-12	Lebanon	B.1.36.1	EPI_ISL_3343268
55	Homo sapiens	2021-01-12	Lebanon	B.1.1	EPI_ISL_3343274
55	Homo sapiens	2021-01-12	Lebanon	B.1.1.7	EPI_ISL_3343272
55	Homo sapiens	2021-01-12	Lebanon	B.1.1.7	EPI_ISL_3343269
55	Homo sapiens	2021-01-12	Lebanon	B.1.1.7	EPI_ISL_3343273
55	Homo sapiens	2021-01-12	Lebanon	B.1.398	EPI_ISL_3343277
54	Homo sapiens	2021-01-07	Lebanon	B.1.177.53	EPI_ISL_3343264
54	Homo sapiens	2021-01-06	Lebanon	B.1.36.1	EPI_ISL_3343261
54	Homo sapiens	2021-01-06	Lebanon	B.1.1.7	EPI_ISL_3343260
54	Homo sapiens	2021-01-05	Lebanon	B.1.398	EPI_ISL_3343237
54	Homo sapiens	2021-01-05	Lebanon	B.1.1	EPI_ISL_3343238
54	Homo sapiens	2021-01-04	Lebanon	B.1.398	EPI_ISL_3343236
54	Homo sapiens	2021-01-04	Lebanon	B.1.398	EPI_ISL_3343235
53	Homo sapiens	2020-12-30	Lebanon	B.1.36	EPI_ISL_3343230
53	Homo sapiens	2020-12-30	Lebanon	B.1.1.7	EPI_ISL_3343233
53	Homo sapiens	2020-12-30	Lebanon	B.1.398	EPI_ISL_3343229
53	Homo sapiens	2020-12-29	Lebanon	B.1.398	EPI_ISL_3343226
53	Homo sapiens	2020-12-29	Lebanon	B.1.258	EPI_ISL_3343227
11	Homo sapiens	2020-03-15	Lebanon	B.1	EPI_ISL_450509
11	Homo sapiens	2020-03-13	Lebanon	B.1	EPI_ISL_450514
11	Homo sapiens	2020-03-11	Lebanon	B.4	EPI_ISL_450515
10	Homo sapiens	2020-03-04	Lebanon	B.1	EPI_ISL_450508
10	Homo sapiens	2020-03-04	Lebanon	B.1.1	EPI_ISL_450511
09	Homo sapiens	2020-02-27	Lebanon	B.4	EPI_ISL_450512
02	Homo sapiens	2020-01-10	Lebanon	B.1.398	EPI_ISL_8311741
54	Homo sapiens	2021-01-05	Lebanon	B.1.398	EPI_ISL_8311676
54	Homo sapiens	2021-01-05	Lebanon	B.1.398	EPI_ISL_8311674
54	Homo sapiens	2021-01-05	Lebanon	B.1.398	EPI_ISL_8311677
54	Homo sapiens	2021-01-05	Lebanon	B.1	EPI_ISL_8311681
36	Homo sapiens	2020-09-01	Lebanon	B.1.36.1	EPI_ISL_8311715
31	Homo sapiens	2020-08-01	Lebanon	B.1	EPI_ISL_8311717
50	Homo sapiens	2020-12-10	Lebanon	B.1.398	EPI_ISL_8311723
23	Homo sapiens	2020-06-01	Lebanon	B.1.398	EPI_ISL_8311743
36	Homo sapiens	2020-09-01	Lebanon	B.1.398	EPI_ISL_8311735
27	Homo sapiens	2020-07-01	Lebanon	B.1.398	EPI_ISL_8311742
36	Homo sapiens	2020-09-01	Lebanon	B.1.398	EPI_ISL_8311740
23	Homo sapiens	2020-06-01	Lebanon	B.1.398	EPI_ISL_8311744
23	Homo sapiens	2020-06-01	Lebanon	B.1.398	EPI_ISL_8311745
27	Homo sapiens	2020-07-01	Lebanon	B.1.398	EPI_ISL_8311750
23	Homo sapiens	2020-06-01	Lebanon	B.1.398	EPI_ISL_8311748
54	Homo sapiens	2021-01-05	Lebanon	B.1.398	EPI_ISL_8311760
54	Homo sapiens	2021-01-05	Lebanon	B.1.398	EPI_ISL_8311762
02	Homo sapiens	2020-01-10	Lebanon	B.1.398	EPI_ISL_8311758
54	Homo sapiens	2021-01-05	Lebanon	B.1	EPI_ISL_8311764
54	Homo sapiens	2021-01-05	Lebanon	B.1.398	EPI_ISL_8311761
50	Homo sapiens	2020-12-10	Lebanon	B.1.398	EPI_ISL_8311763
50	Homo sapiens	2020-12-10	Lebanon	B.1.398	EPI_ISL_8311765
02	Homo sapiens	2020-01-10	Lebanon	B.1.398	EPI_ISL_8311771
50	Homo sapiens	2020-12-10	Lebanon	B.1.398	EPI_ISL_8311768
31	Homo sapiens	2020-08-01	Lebanon	B.1.398	EPI_ISL_8311721
31	Homo sapiens	2020-08-01	Lebanon	B.1.398	EPI_ISL_8311720
23	Homo sapiens	2020-06-01	Lebanon	B.1.398	EPI_ISL_8311713
31	Homo sapiens	2020-08-01	Lebanon	B.1.398	EPI_ISL_8311718
36	Homo sapiens	2020-09-01	Lebanon	B.1.398	EPI_ISL_8311714
02	Homo sapiens	2020-01-10	Lebanon	B.1.398	EPI_ISL_8311730
18	Homo sapiens	2020-05-01	Lebanon	B.1	EPI_ISL_8311716
02	Homo sapiens	2020-01-10	Lebanon	B.1.36.1	EPI_ISL_8311731
23	Homo sapiens	2020-06-01	Lebanon	B.1.36	EPI_ISL_8311732
02	Homo sapiens	2020-01-10	Lebanon	B.1.398	EPI_ISL_8311733
02	Homo sapiens	2020-01-10	Lebanon	B.1.398	EPI_ISL_8311734
50	Homo sapiens	2020-12-10	Lebanon	B.1	EPI_ISL_8311724
36	Homo sapiens	2020-09-01	Lebanon	B.1.398	EPI_ISL_8311726
31	Homo sapiens	2020-08-01	Lebanon	B.1.398	EPI_ISL_8311727
31	Homo sapiens	2020-08-01	Lebanon	B.1.398	EPI_ISL_8311728
02	Homo sapiens	2020-01-10	Lebanon	B.1.398	EPI_ISL_8311729
50	Homo sapiens	2020-12-10	Lebanon	B.1.1.297	EPI_ISL_8311700
50	Homo sapiens	2020-12-10	Lebanon	B.1.398	EPI_ISL_8311701
02	Homo sapiens	2020-01-10	Lebanon	B.1	EPI_ISL_8311702
02	Homo sapiens	2020-01-10	Lebanon	B.1.398	EPI_ISL_8311706
02	Homo sapiens	2020-01-10	Lebanon	B.1.398	EPI_ISL_8311711
36	Homo sapiens	2020-09-01	Lebanon	B.1.398	EPI_ISL_8311712
02	Homo sapiens	2020-01-10	Lebanon	B.1.398	EPI_ISL_8311704
02	Homo sapiens	2020-01-10	Lebanon	B.1.398	EPI_ISL_8311703
02	Homo sapiens	2020-01-10	Lebanon	B.1.36.1	EPI_ISL_8311705
02	Homo sapiens	2020-01-10	Lebanon	B.1.398	EPI_ISL_8311708
54	Homo sapiens	2021-01-05	Lebanon	B.1.221.2	EPI_ISL_8311684
54	Homo sapiens	2021-01-05	Lebanon	B.1	EPI_ISL_8311680
54	Homo sapiens	2021-01-05	Lebanon	B.1.221.2	EPI_ISL_8311683
54	Homo sapiens	2021-01-05	Lebanon	B.1.36.1	EPI_ISL_8311682
30	Homo sapiens	2020-07-21	Lebanon	B.1.398	EPI_ISL_8311687
50	Homo sapiens	2020-12-10	Lebanon	B.1.398	EPI_ISL_8311688
50	Homo sapiens	2020-12-10	Lebanon	B.1.398	EPI_ISL_8311697
50	Homo sapiens	2020-12-10	Lebanon	B.1.398	EPI_ISL_8311689
50	Homo sapiens	2020-12-10	Lebanon	B.1.398	EPI_ISL_8311691
50	Homo sapiens	2020-12-10	Lebanon	B.1.1	EPI_ISL_8311692
50	Homo sapiens	2020-12-10	Lebanon	B.1.2	EPI_ISL_8311695
50	Homo sapiens	2020-12-10	Lebanon	B.1.1	EPI_ISL_8311693
50	Homo sapiens	2020-12-10	Lebanon	B.1.1	EPI_ISL_8311698
50	Homo sapiens	2020-12-10	Lebanon	B.1.438.1	EPI_ISL_8311694
50	Homo sapiens	2020-12-10	Lebanon	B.1.1	EPI_ISL_8311696
50	Homo sapiens	2020-12-10	Lebanon	B.1.398	EPI_ISL_8311699
50	Homo sapiens	2020-12-10	Lebanon	B.1.398	EPI_ISL_8311672
02	Homo sapiens	2020-01-10	Lebanon	B.1.398	EPI_ISL_8311767
36	Homo sapiens	2020-09-01	Lebanon	B.1.398	EPI_ISL_8311757
36	Homo sapiens	2020-09-01	Lebanon	B.1.398	EPI_ISL_8311770
54	Homo sapiens	2021-01-05	Lebanon	B.1.438	EPI_ISL_8311759
36	Homo sapiens	2020-09-01	Lebanon	B.1.398	EPI_ISL_8311739
27	Homo sapiens	2020-07-01	Lebanon	B.1.398	EPI_ISL_8311752
31	Homo sapiens	2020-08-01	Lebanon	B.1.398	EPI_ISL_8311769
36	Homo sapiens	2020-09-01	Lebanon	B.1.398	EPI_ISL_8311738
36	Homo sapiens	2020-09-01	Lebanon	B.1.398	EPI_ISL_8311736
27	Homo sapiens	2020-07-01	Lebanon	B.1.398	EPI_ISL_8311751
02	Homo sapiens	2020-01-10	Lebanon	B.1.398	EPI_ISL_8311755
27	Homo sapiens	2020-07-01	Lebanon	B.1.398	EPI_ISL_8311737
23	Homo sapiens	2020-06-01	Lebanon	B.1.398	EPI_ISL_8311747
31	Homo sapiens	2020-08-01	Lebanon	B.1.398	EPI_ISL_8311753
31	Homo sapiens	2020-08-01	Lebanon	B.1.398	EPI_ISL_8311754
23	Homo sapiens	2020-06-01	Lebanon	B.1.398	EPI_ISL_8311746
02	Homo sapiens	2020-01-10	Lebanon	B.1.398	EPI_ISL_8311756
27	Homo sapiens	2020-07-01	Lebanon	B.1.398	EPI_ISL_8311749
02	Homo sapiens	2020-01-10	Lebanon	B.1.36.1	EPI_ISL_8317204
02	Homo sapiens	2020-01-10	Lebanon	B.1.398	EPI_ISL_8317209
23	Homo sapiens	2020-06-01	Lebanon	B.1.398	EPI_ISL_8317203
54	Homo sapiens	2021-01-05	Lebanon	B.1.36	EPI_ISL_8317208
50	Homo sapiens	2020-12-10	Lebanon	B.1.1	EPI_ISL_8317206
18	Homo sapiens	2020-05-01	Lebanon	B.1	EPI_ISL_8317207
02	Homo sapiens	2020-01-10	Lebanon	B.1.398	EPI_ISL_8317210
106	Homo sapiens	2022-01-04	Lebanon	BA.1.1	EPI_ISL_10957347
106	Homo sapiens	2022-01-04	Lebanon	AY.4	EPI_ISL_10969500
106	Homo sapiens	2022-01-05	Lebanon	AY.34	EPI_ISL_10969498
106	Homo sapiens	2022-01-05	Lebanon	AY.122	EPI_ISL_10969499
106	Homo sapiens	2022-01-08	Lebanon	BA.1.15	EPI_ISL_10969495
106	Homo sapiens	2022-01-07	Lebanon	AY.39	EPI_ISL_10969494
106	Homo sapiens	2022-01-04	Lebanon	BA.2	EPI_ISL_10969497
106	Homo sapiens	2022-01-05	Lebanon	BA.1.17.2	EPI_ISL_10969490
106	Homo sapiens	2022-01-04	Lebanon	AY.127	EPI_ISL_10969484
106	Homo sapiens	2022-01-04	Lebanon	AY.33	EPI_ISL_10969488
107	Homo sapiens	2022-01-12	Lebanon	BA.1.1	EPI_ISL_10969487
106	Homo sapiens	2022-01-04	Lebanon	AY.33	EPI_ISL_10969489
106	Homo sapiens	2022-01-04	Lebanon	AY.86	EPI_ISL_10969483
107	Homo sapiens	2022-01-10	Lebanon	B.1.617.2	EPI_ISL_10969486
107	Homo sapiens	2022-01-11	Lebanon	AY.86	EPI_ISL_10969485
109	Homo sapiens	2022-01-26	Lebanon	AY.126	EPI_ISL_11209666
108	Homo sapiens	2022-01-19	Lebanon	AY.4	EPI_ISL_11209683
109	Homo sapiens	2022-01-25	Lebanon	BA.1.1	EPI_ISL_11209658
107	Homo sapiens	2022-01-14	Lebanon	BA.1.1	EPI_ISL_11209673
108	Homo sapiens	2022-01-17	Lebanon	BA.1.1	EPI_ISL_11209671
107	Homo sapiens	2022-01-16	Lebanon	AY.33	EPI_ISL_11209660
109	Homo sapiens	2022-01-25	Lebanon	BA.1.1	EPI_ISL_11209675
108	Homo sapiens	2022-01-18	Lebanon	BA.1.1	EPI_ISL_11209669
109	Homo sapiens	2022-01-25	Lebanon	BA.1.1	EPI_ISL_11209664
109	Homo sapiens	2022-01-25	Lebanon	BA.1	EPI_ISL_11209665
108	Homo sapiens	2022-01-18	Lebanon	BA.1.1	EPI_ISL_11209662
109	Homo sapiens	2022-01-25	Lebanon	BA.1.1.7	EPI_ISL_11209657
108	Homo sapiens	2022-01-18	Lebanon	AY.126	EPI_ISL_11209687
108	Homo sapiens	2022-01-18	Lebanon	B.1.617.2	EPI_ISL_11209688
108	Homo sapiens	2022-01-19	Lebanon	BA.1.1.1	EPI_ISL_11209682
109	Homo sapiens	2022-01-25	Lebanon	BA.2	EPI_ISL_11209692
13	Homo sapiens	2020-03-24	Lebanon	B.1	EPI_ISL_12470097
27	Homo sapiens	2020-07-03	Lebanon	B.1.1	EPI_ISL_12470119
12	Homo sapiens	2020-03-20	Lebanon	B.1	EPI_ISL_12470107
12	Homo sapiens	2020-03-21	Lebanon	B.1	EPI_ISL_12470106
27	Homo sapiens	2020-07-05	Lebanon	B.1.398	EPI_ISL_12470117
28	Homo sapiens	2020-07-07	Lebanon	B.1.398	EPI_ISL_12470116
11	Homo sapiens	2020-03-13	Lebanon	B.1	EPI_ISL_12470111
27	Homo sapiens	2020-07-01	Lebanon	B.1.1	EPI_ISL_12470120
28	Homo sapiens	2020-07-08	Lebanon	B.1	EPI_ISL_12470115
12	Homo sapiens	2020-03-21	Lebanon	B.1	EPI_ISL_12470104
12	Homo sapiens	2020-03-22	Lebanon	B.1	EPI_ISL_12470103
28	Homo sapiens	2020-07-11	Lebanon	B.1.398	EPI_ISL_12470114
26	Homo sapiens	2020-06-27	Lebanon	B.1.398	EPI_ISL_12470122
27	Homo sapiens	2020-06-30	Lebanon	B.1.398	EPI_ISL_12470121
13	Homo sapiens	2020-03-23	Lebanon	B.1.1	EPI_ISL_12470099
12	Homo sapiens	2020-03-19	Lebanon	B.1	EPI_ISL_12470108
27	Homo sapiens	2020-07-03	Lebanon	B.1.1	EPI_ISL_12470118
12	Homo sapiens	2020-03-21	Lebanon	B.1	EPI_ISL_12470105
12	Homo sapiens	2020-03-17	Lebanon	B.1	EPI_ISL_12470109
10	Homo sapiens	2020-03-07	Lebanon	B.1	EPI_ISL_12470110
12	Homo sapiens	2020-03-19	Lebanon	B.1.1	EPI_ISL_12470112
13	Homo sapiens	2020-03-23	Lebanon	B.1.1	EPI_ISL_12470100
10	Homo sapiens	2020-03-07	Lebanon	B.4	EPI_ISL_12470113
13	Homo sapiens	2020-03-23	Lebanon	B.1	EPI_ISL_12470098
12	Homo sapiens	2020-03-22	Lebanon	B.1	EPI_ISL_12470102
12	Homo sapiens	2020-03-22	Lebanon	B.1.1	EPI_ISL_12470101
15	Homo sapiens	2020-04-12	Lebanon	B.1.1	EPI_ISL_12470091
13	Homo sapiens	2020-03-24	Lebanon	B.1	EPI_ISL_12470096
14	Homo sapiens	2020-04-01	Lebanon	B.1.1	EPI_ISL_12470094
14	Homo sapiens	2020-04-01	Lebanon	B.1	EPI_ISL_12470093
28	Homo sapiens	2020-07-07	Lebanon	B.1.398	EPI_ISL_12470087
14	Homo sapiens	2020-04-03	Lebanon	B.1.1	EPI_ISL_12470092
29	Homo sapiens	2020-07-14	Lebanon	B.1.441	EPI_ISL_12470083
27	Homo sapiens	2020-07-05	Lebanon	B.1.398	EPI_ISL_12470088
29	Homo sapiens	2020-07-18	Lebanon	B.1.398	EPI_ISL_12470079
29	Homo sapiens	2020-07-17	Lebanon	B.1.398	EPI_ISL_12470080
29	Homo sapiens	2020-07-13	Lebanon	B.1.398	EPI_ISL_12470084
26	Homo sapiens	2020-06-22	Lebanon	B.1.398	EPI_ISL_12470090
26	Homo sapiens	2020-06-22	Lebanon	B.1.398	EPI_ISL_12470089
28	Homo sapiens	2020-07-07	Lebanon	B.1.398	EPI_ISL_12470086
28	Homo sapiens	2020-07-11	Lebanon	B.1	EPI_ISL_12470085
29	Homo sapiens	2020-07-14	Lebanon	B.1.398	EPI_ISL_12470082
60	Homo sapiens	2021-02-15	Lebanon	B.1.1.7	EPI_ISL_13526829
59	Homo sapiens	2021-02-12	Lebanon	B.1.1.7	EPI_ISL_13526830
49	Homo sapiens	2020-11-30	Lebanon	B.1.1	EPI_ISL_13526918
49	Homo sapiens	2020-12-01	Lebanon	B.1.1.297	EPI_ISL_13526913
48	Homo sapiens	2020-11-25	Lebanon	B.1.177.77	EPI_ISL_13526925
43	Homo sapiens	2020-10-20	Lebanon	B.1.398	EPI_ISL_13526955
55	Homo sapiens	2021-01-15	Lebanon	B.1.398	EPI_ISL_13526861
56	Homo sapiens	2021-01-18	Lebanon	B.1.160	EPI_ISL_13526859
35	Homo sapiens	2020-08-25	Lebanon	B.1.398	EPI_ISL_13526997
50	Homo sapiens	2020-12-08	Lebanon	B.1.398	EPI_ISL_13526905
55	Homo sapiens	2021-01-12	Lebanon	B.1.398	EPI_ISL_13526870
35	Homo sapiens	2020-08-25	Lebanon	B.1.398	EPI_ISL_13527000
33	Homo sapiens	2020-08-12	Lebanon	B.1.22	EPI_ISL_13527010
34	Homo sapiens	2020-08-19	Lebanon	B.1.398	EPI_ISL_13527002
34	Homo sapiens	2020-08-18	Lebanon	B.1.398	EPI_ISL_13527006
37	Homo sapiens	2020-09-09	Lebanon	B.1.398	EPI_ISL_13526985
35	Homo sapiens	2020-08-25	Lebanon	B.1.398	EPI_ISL_13526996
36	Homo sapiens	2020-09-02	Lebanon	B.1.398	EPI_ISL_13526991
35	Homo sapiens	2020-08-25	Lebanon	B.1.398	EPI_ISL_13526998
36	Homo sapiens	2020-09-03	Lebanon	B.1.398	EPI_ISL_13526990
43	Homo sapiens	2020-10-22	Lebanon	B.1.398	EPI_ISL_13526950
47	Homo sapiens	2020-11-16	Lebanon	B.1.258	EPI_ISL_13526936
47	Homo sapiens	2020-11-18	Lebanon	B.1.438	EPI_ISL_13526935
47	Homo sapiens	2020-11-20	Lebanon	B.1.177	EPI_ISL_13526934
43	Homo sapiens	2020-10-23	Lebanon	B.1.398	EPI_ISL_13526947
47	Homo sapiens	2020-11-20	Lebanon	B.1.398	EPI_ISL_13526933
46	Homo sapiens	2020-11-11	Lebanon	B.1	EPI_ISL_13526939
46	Homo sapiens	2020-11-11	Lebanon	B.1.398	EPI_ISL_13526938
46	Homo sapiens	2020-11-13	Lebanon	B.1	EPI_ISL_13526937
44	Homo sapiens	2020-10-27	Lebanon	B.1.398	EPI_ISL_13526942
60	Homo sapiens	2021-02-16	Lebanon	B.1.1.7	EPI_ISL_13526822
44	Homo sapiens	2020-10-26	Lebanon	B.1.398	EPI_ISL_13526943
60	Homo sapiens	2021-02-16	Lebanon	B.1.1.7	EPI_ISL_13526821
45	Homo sapiens	2020-11-04	Lebanon	B.1.398	EPI_ISL_13526941
45	Homo sapiens	2020-11-07	Lebanon	B.1.398	EPI_ISL_13526940
60	Homo sapiens	2021-02-15	Lebanon	B.1.1.7	EPI_ISL_13526826
43	Homo sapiens	2020-10-22	Lebanon	B.1.398	EPI_ISL_13526951
60	Homo sapiens	2021-02-15	Lebanon	B.1.1.7	EPI_ISL_13526825
43	Homo sapiens	2020-10-23	Lebanon	B.1.398	EPI_ISL_13526946
60	Homo sapiens	2021-02-16	Lebanon	B.1.1.7	EPI_ISL_13526824
44	Homo sapiens	2020-10-26	Lebanon	B.1.398	EPI_ISL_13526945
43	Homo sapiens	2020-10-23	Lebanon	B.1.398	EPI_ISL_13526948
60	Homo sapiens	2021-02-16	Lebanon	B.1.1.7	EPI_ISL_13526823
60	Homo sapiens	2021-02-15	Lebanon	B.1.1.7	EPI_ISL_13526828
44	Homo sapiens	2020-10-26	Lebanon	B.1.398	EPI_ISL_13526944
43	Homo sapiens	2020-10-22	Lebanon	B.1.398	EPI_ISL_13526949
60	Homo sapiens	2021-02-15	Lebanon	B.1.1.7	EPI_ISL_13526827
59	Homo sapiens	2021-02-10	Lebanon	B.1.1.7	EPI_ISL_13526836
59	Homo sapiens	2021-02-11	Lebanon	B.1.1.7	EPI_ISL_13526833
43	Homo sapiens	2020-10-20	Lebanon	B.1.398	EPI_ISL_13526954
43	Homo sapiens	2020-10-21	Lebanon	B.1.398	EPI_ISL_13526952
59	Homo sapiens	2021-02-11	Lebanon	B.1.1.7	EPI_ISL_13526832
59	Homo sapiens	2021-02-10	Lebanon	B.1	EPI_ISL_13526837
42	Homo sapiens	2020-10-15	Lebanon	B.1.398	EPI_ISL_13526958
43	Homo sapiens	2020-10-20	Lebanon	B.1.398	EPI_ISL_13526953
59	Homo sapiens	2021-02-12	Lebanon	B.1.1.7	EPI_ISL_13526831
43	Homo sapiens	2020-10-19	Lebanon	B.1.398	EPI_ISL_13526957
59	Homo sapiens	2021-02-11	Lebanon	B.1.1.7	EPI_ISL_13526835
43	Homo sapiens	2020-10-20	Lebanon	B.1.398	EPI_ISL_13526956
41	Homo sapiens	2020-10-09	Lebanon	B.1.398	EPI_ISL_13526961
59	Homo sapiens	2021-02-11	Lebanon	B.1.1.7	EPI_ISL_13526834
58	Homo sapiens	2021-02-05	Lebanon	B.1.1.7	EPI_ISL_13526839
59	Homo sapiens	2021-02-08	Lebanon	B.1.1.7	EPI_ISL_13526838
58	Homo sapiens	2021-02-05	Lebanon	B.1.1.7	EPI_ISL_13526840
42	Homo sapiens	2020-10-12	Lebanon	B.1.398	EPI_ISL_13526960
41	Homo sapiens	2020-10-08	Lebanon	B.1.398	EPI_ISL_13526963
57	Homo sapiens	2021-01-27	Lebanon	B.1.1.7	EPI_ISL_13526844
41	Homo sapiens	2020-10-06	Lebanon	B.1.398	EPI_ISL_13526965
56	Homo sapiens	2021-01-22	Lebanon	B.1.398	EPI_ISL_13526848
57	Homo sapiens	2021-01-27	Lebanon	B.1.1.7	EPI_ISL_13526843
41	Homo sapiens	2020-10-06	Lebanon	B.1.398	EPI_ISL_13526964
57	Homo sapiens	2021-01-29	Lebanon	B.1.1.7	EPI_ISL_13526842
58	Homo sapiens	2021-02-02	Lebanon	B.1.1.7	EPI_ISL_13526841
41	Homo sapiens	2020-10-09	Lebanon	B.1.398	EPI_ISL_13526962
40	Homo sapiens	2020-10-01	Lebanon	B.1.398	EPI_ISL_13526969
57	Homo sapiens	2021-01-25	Lebanon	B.1.1.7	EPI_ISL_13526847
56	Homo sapiens	2021-01-19	Lebanon	B.1	EPI_ISL_13526855
41	Homo sapiens	2020-10-05	Lebanon	B.1.398	EPI_ISL_13526968
57	Homo sapiens	2021-01-27	Lebanon	B.1	EPI_ISL_13526845
57	Homo sapiens	2021-01-26	Lebanon	B.1.1.7	EPI_ISL_13526846
41	Homo sapiens	2020-10-06	Lebanon	B.1.398	EPI_ISL_13526967
41	Homo sapiens	2020-10-06	Lebanon	B.1.398	EPI_ISL_13526966
56	Homo sapiens	2021-01-22	Lebanon	B.1.398	EPI_ISL_13526849
56	Homo sapiens	2021-01-21	Lebanon	B.1.1.7	EPI_ISL_13526851
40	Homo sapiens	2020-09-29	Lebanon	B.1.398	EPI_ISL_13526972
40	Homo sapiens	2020-09-28	Lebanon	B.1.398	EPI_ISL_13526974
56	Homo sapiens	2021-01-22	Lebanon	B.1.1.7	EPI_ISL_13526850
40	Homo sapiens	2020-10-01	Lebanon	B.1.398	EPI_ISL_13526971
38	Homo sapiens	2020-09-17	Lebanon	B.1.398	EPI_ISL_13526980
40	Homo sapiens	2020-10-01	Lebanon	B.1.398	EPI_ISL_13526970
39	Homo sapiens	2020-09-25	Lebanon	B.1.398	EPI_ISL_13526976
56	Homo sapiens	2021-01-19	Lebanon	B.1.1.7	EPI_ISL_13526854
40	Homo sapiens	2020-09-28	Lebanon	B.1.398	EPI_ISL_13526975
56	Homo sapiens	2021-01-20	Lebanon	B.1.398	EPI_ISL_13526853
56	Homo sapiens	2021-01-20	Lebanon	B.1.1.7	EPI_ISL_13526852
40	Homo sapiens	2020-09-29	Lebanon	B.1.398	EPI_ISL_13526973
56	Homo sapiens	2021-01-18	Lebanon	B.1.1.7	EPI_ISL_13526858
56	Homo sapiens	2021-01-18	Lebanon	B.1.1.7	EPI_ISL_13526857
55	Homo sapiens	2021-01-15	Lebanon	B.1.398	EPI_ISL_13526860
38	Homo sapiens	2020-09-18	Lebanon	B.1.398	EPI_ISL_13526978
56	Homo sapiens	2021-01-18	Lebanon	B.1.1.7	EPI_ISL_13526856
39	Homo sapiens	2020-09-24	Lebanon	B.1.398	EPI_ISL_13526977
55	Homo sapiens	2021-01-14	Lebanon	B.1.1.7	EPI_ISL_13526862
55	Homo sapiens	2021-01-14	Lebanon	B.1.1.7	EPI_ISL_13526866
55	Homo sapiens	2021-01-14	Lebanon	B.1.398	EPI_ISL_13526865
55	Homo sapiens	2021-01-14	Lebanon	B.1.1.7	EPI_ISL_13526864
55	Homo sapiens	2021-01-14	Lebanon	B.1.1.7	EPI_ISL_13526863
50	Homo sapiens	2020-12-09	Lebanon	B.1.398	EPI_ISL_13526903
49	Homo sapiens	2020-12-04	Lebanon	B.1.1	EPI_ISL_13526907
55	Homo sapiens	2021-01-13	Lebanon	B.1.36	EPI_ISL_13526869
50	Homo sapiens	2020-12-09	Lebanon	B.1.398	EPI_ISL_13526902
49	Homo sapiens	2020-12-02	Lebanon	B.1.160	EPI_ISL_13526910
54	Homo sapiens	2021-01-06	Lebanon	B.1.1.203	EPI_ISL_13526879
55	Homo sapiens	2021-01-13	Lebanon	B.1.36	EPI_ISL_13526868
51	Homo sapiens	2020-12-14	Lebanon	B.1.398	EPI_ISL_13526900
51	Homo sapiens	2020-12-14	Lebanon	B.1.1	EPI_ISL_13526901
55	Homo sapiens	2021-01-13	Lebanon	B.1.36	EPI_ISL_13526867
50	Homo sapiens	2020-12-07	Lebanon	B.1.1	EPI_ISL_13526906
50	Homo sapiens	2020-12-09	Lebanon	B.1	EPI_ISL_13526904
49	Homo sapiens	2020-12-03	Lebanon	B.1.398	EPI_ISL_13526909
49	Homo sapiens	2020-12-04	Lebanon	B.1	EPI_ISL_13526908
55	Homo sapiens	2021-01-11	Lebanon	B.1.1.1	EPI_ISL_13526873
55	Homo sapiens	2021-01-11	Lebanon	B.1.398	EPI_ISL_13526874
55	Homo sapiens	2021-01-11	Lebanon	B.1.428.3	EPI_ISL_13526872
55	Homo sapiens	2021-01-11	Lebanon	B.1.428.3	EPI_ISL_13526871
54	Homo sapiens	2021-01-06	Lebanon	B.1.438	EPI_ISL_13526877
54	Homo sapiens	2021-01-06	Lebanon	B.1.36	EPI_ISL_13526876
49	Homo sapiens	2020-11-30	Lebanon	B.1.160	EPI_ISL_13526914
54	Homo sapiens	2021-01-07	Lebanon	B.1.398	EPI_ISL_13526875
49	Homo sapiens	2020-12-02	Lebanon	B.1.398	EPI_ISL_13526912
54	Homo sapiens	2021-01-06	Lebanon	B.1.398	EPI_ISL_13526878
49	Homo sapiens	2020-12-02	Lebanon	B.1.36.35	EPI_ISL_13526911
49	Homo sapiens	2020-11-30	Lebanon	B.1.398	EPI_ISL_13526917
49	Homo sapiens	2020-11-30	Lebanon	B.1.398	EPI_ISL_13526916
49	Homo sapiens	2020-11-30	Lebanon	B.1.398	EPI_ISL_13526915
54	Homo sapiens	2021-01-04	Lebanon	B.1	EPI_ISL_13526882
54	Homo sapiens	2021-01-06	Lebanon	B.1.398	EPI_ISL_13526880
53	Homo sapiens	2020-12-30	Lebanon	B.1.160	EPI_ISL_13526884
53	Homo sapiens	2021-01-01	Lebanon	B.1.438	EPI_ISL_13526883
54	Homo sapiens	2021-01-05	Lebanon	B.1.1.7	EPI_ISL_13526881
53	Homo sapiens	2020-12-28	Lebanon	B.1.1	EPI_ISL_13526888
53	Homo sapiens	2020-12-28	Lebanon	B.1.1.274	EPI_ISL_13526889
48	Homo sapiens	2020-11-25	Lebanon	B.1.177.77	EPI_ISL_13526921
53	Homo sapiens	2020-12-28	Lebanon	B.1.36.1	EPI_ISL_13526887
51	Homo sapiens	2020-12-14	Lebanon	B.1.398	EPI_ISL_13526899
48	Homo sapiens	2020-11-27	Lebanon	B.1.398	EPI_ISL_13526920
53	Homo sapiens	2020-12-28	Lebanon	B.1.398	EPI_ISL_13526886
48	Homo sapiens	2020-11-25	Lebanon	B.1.398	EPI_ISL_13526928
53	Homo sapiens	2020-12-28	Lebanon	B.1.398	EPI_ISL_13526885
48	Homo sapiens	2020-11-25	Lebanon	B.1.398	EPI_ISL_13526926
51	Homo sapiens	2020-12-18	Lebanon	B.1.398	EPI_ISL_13526891
48	Homo sapiens	2020-11-25	Lebanon	B.1.398	EPI_ISL_13526924
48	Homo sapiens	2020-11-25	Lebanon	B.1.398	EPI_ISL_13526923
51	Homo sapiens	2020-12-15	Lebanon	B.1.398	EPI_ISL_13526896
48	Homo sapiens	2020-11-25	Lebanon	B.1.258	EPI_ISL_13526922
48	Homo sapiens	2020-11-25	Lebanon	B.1.398	EPI_ISL_13526929
48	Homo sapiens	2020-11-25	Lebanon	B.1.398	EPI_ISL_13526927
51	Homo sapiens	2020-12-19	Lebanon	B.1.1.1	EPI_ISL_13526890
51	Homo sapiens	2020-12-15	Lebanon	B.1.398	EPI_ISL_13526895
51	Homo sapiens	2020-12-16	Lebanon	B.1.1.315	EPI_ISL_13526894
51	Homo sapiens	2020-12-14	Lebanon	B.1.398	EPI_ISL_13526897
51	Homo sapiens	2020-12-17	Lebanon	B.1.1	EPI_ISL_13526893
51	Homo sapiens	2020-12-17	Lebanon	B.1.398	EPI_ISL_13526892
36	Homo sapiens	2020-09-03	Lebanon	B.1.398	EPI_ISL_13526987
48	Homo sapiens	2020-11-23	Lebanon	B.1.398	EPI_ISL_13526932
51	Homo sapiens	2020-12-14	Lebanon	B.1.36.1	EPI_ISL_13526898
48	Homo sapiens	2020-11-25	Lebanon	B.1.1	EPI_ISL_13526931
48	Homo sapiens	2020-11-25	Lebanon	B.1.398	EPI_ISL_13526930
35	Homo sapiens	2020-08-25	Lebanon	B.1.398	EPI_ISL_13526999
38	Homo sapiens	2020-09-16	Lebanon	B.1.398	EPI_ISL_13526981
37	Homo sapiens	2020-09-09	Lebanon	B.1.398	EPI_ISL_13526986
37	Homo sapiens	2020-09-10	Lebanon	B.1.398	EPI_ISL_13526984
36	Homo sapiens	2020-09-03	Lebanon	B.1.398	EPI_ISL_13526989
36	Homo sapiens	2020-09-03	Lebanon	B.1.398	EPI_ISL_13526988
35	Homo sapiens	2020-08-25	Lebanon	B.1.398	EPI_ISL_13527001
35	Homo sapiens	2020-08-29	Lebanon	B.1.398	EPI_ISL_13526994
34	Homo sapiens	2020-08-19	Lebanon	B.1.36.1	EPI_ISL_13527003
34	Homo sapiens	2020-08-19	Lebanon	B.1.398	EPI_ISL_13527004
36	Homo sapiens	2020-09-01	Lebanon	B.1.398	EPI_ISL_13526992
33	Homo sapiens	2020-08-14	Lebanon	B.1	EPI_ISL_13527009
34	Homo sapiens	2020-08-18	Lebanon	B.1.398	EPI_ISL_13527007
35	Homo sapiens	2020-08-29	Lebanon	B.1.398	EPI_ISL_13526995
74	Homo sapiens	2021-05-25	Lebanon	B.1.1.7	EPI_ISL_13832918
92	Homo sapiens	2021-09-30	Lebanon	AY.33	EPI_ISL_13832917
104	Homo sapiens	2021-12-22	Lebanon	AY.122	EPI_ISL_13832885
73	Homo sapiens	2021-05-17	Lebanon	B.1.1.7	EPI_ISL_13832881
74	Homo sapiens	2021-05-25	Lebanon	B.1.1.7	EPI_ISL_13832916
71	Homo sapiens	2021-05-06	Lebanon	B.1.1.7	EPI_ISL_13832877
71	Homo sapiens	2021-05-05	Lebanon	B.1.1.7	EPI_ISL_13832910
72	Homo sapiens	2021-05-11	Lebanon	B.1.1.7	EPI_ISL_13832919
87	Homo sapiens	2021-08-25	Lebanon	B.1.617.2	EPI_ISL_13832899
71	Homo sapiens	2021-05-06	Lebanon	B.1.1.7	EPI_ISL_13832879
75	Homo sapiens	2021-05-31	Lebanon	B.1.1.7	EPI_ISL_13832911
74	Homo sapiens	2021-05-25	Lebanon	B.1.1.7	EPI_ISL_13832914
99	Homo sapiens	2021-11-17	Lebanon	AY.86	EPI_ISL_13832876
73	Homo sapiens	2021-05-19	Lebanon	B.1.1.7	EPI_ISL_13832913
100	Homo sapiens	2021-11-23	Lebanon	AY.122	EPI_ISL_13832898
73	Homo sapiens	2021-05-19	Lebanon	B.1.1.7	EPI_ISL_13832900
71	Homo sapiens	2021-05-05	Lebanon	B.1.1.7	EPI_ISL_13832874
72	Homo sapiens	2021-05-11	Lebanon	B.1.1.7	EPI_ISL_13832886
72	Homo sapiens	2021-05-11	Lebanon	B.1.1.7	EPI_ISL_13832882
73	Homo sapiens	2021-05-19	Lebanon	B.1.1.7	EPI_ISL_13832873
71	Homo sapiens	2021-05-05	Lebanon	B.1.1.7	EPI_ISL_13832875
73	Homo sapiens	2021-05-20	Lebanon	B.1.1.7	EPI_ISL_13832869
91	Homo sapiens	2021-09-23	Lebanon	B.1.617.2	EPI_ISL_13832866
72	Homo sapiens	2021-05-11	Lebanon	B.1.1.7	EPI_ISL_13832889
102	Homo sapiens	2021-12-08	Lebanon	B.1.617.2	EPI_ISL_13832897
74	Homo sapiens	2021-05-26	Lebanon	B.1.1.7	EPI_ISL_13832902
87	Homo sapiens	2021-08-26	Lebanon	AY.33	EPI_ISL_13832905
90	Homo sapiens	2021-09-14	Lebanon	B.1.617.2	EPI_ISL_13832904
102	Homo sapiens	2021-12-08	Lebanon	AY.33	EPI_ISL_13832895
73	Homo sapiens	2021-05-19	Lebanon	B.1.1.7	EPI_ISL_13832921
89	Homo sapiens	2021-09-09	Lebanon	B.1.617.2	EPI_ISL_13832867
73	Homo sapiens	2021-05-19	Lebanon	B.1.1.7	EPI_ISL_13832872
88	Homo sapiens	2021-09-01	Lebanon	AY.33	EPI_ISL_13832887
85	Homo sapiens	2021-08-11	Lebanon	AY.33	EPI_ISL_13832920
77	Homo sapiens	2021-06-14	Lebanon	B.1.1.7	EPI_ISL_13832892
102	Homo sapiens	2021-12-08	Lebanon	B.1.617.2	EPI_ISL_13832894
82	Homo sapiens	2021-07-23	Lebanon	AY.122	EPI_ISL_13832891
88	Homo sapiens	2021-08-31	Lebanon	AY.33	EPI_ISL_13832890
87	Homo sapiens	2021-08-26	Lebanon	AY.33	EPI_ISL_13832893
105	Homo sapiens	2021-12-28	Lebanon	AY.126	EPI_ISL_13829481
92	Homo sapiens	2021-09-29	Lebanon	AY.116	EPI_ISL_13829483
85	Homo sapiens	2021-08-09	Lebanon	B.1.617.2	EPI_ISL_13829611
100	Homo sapiens	2021-11-23	Lebanon	B.1.617.2	EPI_ISL_13829536
103	Homo sapiens	2021-12-14	Lebanon	AY.106	EPI_ISL_13829497
93	Homo sapiens	2021-10-07	Lebanon	AY.122	EPI_ISL_13829491
105	Homo sapiens	2021-12-28	Lebanon	AY.126	EPI_ISL_13829489
87	Homo sapiens	2021-08-26	Lebanon	B.1.617.2	EPI_ISL_13829512
87	Homo sapiens	2021-08-26	Lebanon	B.1.617.2	EPI_ISL_13829508
89	Homo sapiens	2021-09-09	Lebanon	AY.126	EPI_ISL_13829506
97	Homo sapiens	2021-11-04	Lebanon	AY.33	EPI_ISL_13829495
99	Homo sapiens	2021-11-16	Lebanon	AY.121	EPI_ISL_13829502
98	Homo sapiens	2021-11-09	Lebanon	AY.122	EPI_ISL_13829507
94	Homo sapiens	2021-10-14	Lebanon	AY.126	EPI_ISL_13829493
82	Homo sapiens	2021-07-23	Lebanon	AY.106	EPI_ISL_13829490
92	Homo sapiens	2021-09-30	Lebanon	AY.122	EPI_ISL_13829478
105	Homo sapiens	2021-12-28	Lebanon	AY.122	EPI_ISL_13829494
92	Homo sapiens	2021-09-29	Lebanon	AY.116	EPI_ISL_13829479
103	Homo sapiens	2021-12-14	Lebanon	B.1.617.2	EPI_ISL_13829496
88	Homo sapiens	2021-09-02	Lebanon	AY.126	EPI_ISL_13829498
102	Homo sapiens	2021-12-07	Lebanon	B.1.617.2	EPI_ISL_13829486
92	Homo sapiens	2021-09-29	Lebanon	AY.116	EPI_ISL_13829477
92	Homo sapiens	2021-09-29	Lebanon	AY.116	EPI_ISL_13829480
89	Homo sapiens	2021-09-09	Lebanon	B.1.617.2	EPI_ISL_13829509
94	Homo sapiens	2021-10-14	Lebanon	AY.122	EPI_ISL_13829510
89	Homo sapiens	2021-09-09	Lebanon	AY.126	EPI_ISL_13829485
99	Homo sapiens	2021-11-16	Lebanon	AY.33	EPI_ISL_13829484
84	Homo sapiens	2021-08-05	Lebanon	B.1.617.2	EPI_ISL_13829505
98	Homo sapiens	2021-11-09	Lebanon	AY.122	EPI_ISL_13829482
103	Homo sapiens	2021-12-14	Lebanon	B.1.617.2	EPI_ISL_13829504
99	Homo sapiens	2021-11-16	Lebanon	B.1.617.2	EPI_ISL_13829501
83	Homo sapiens	2021-07-29	Lebanon	B.1.617.2	EPI_ISL_13829488
100	Homo sapiens	2021-11-23	Lebanon	B.1.617.2	EPI_ISL_13829503
84	Homo sapiens	2021-08-03	Lebanon	AY.4	EPI_ISL_13829705
85	Homo sapiens	2021-08-09	Lebanon	B.1.617.2	EPI_ISL_13829615
105	Homo sapiens	2021-12-29	Lebanon	BA.1.1	EPI_ISL_13829635
102	Homo sapiens	2021-12-07	Lebanon	AY.122	EPI_ISL_13829663
87	Homo sapiens	2021-08-26	Lebanon	AY.126	EPI_ISL_13829526
89	Homo sapiens	2021-09-09	Lebanon	AY.126	EPI_ISL_13829527
91	Homo sapiens	2021-09-22	Lebanon	AY.33	EPI_ISL_13829676
100	Homo sapiens	2021-11-24	Lebanon	B.1.617.2	EPI_ISL_13829627
99	Homo sapiens	2021-11-16	Lebanon	AY.122	EPI_ISL_13829649
85	Homo sapiens	2021-08-10	Lebanon	AY.122	EPI_ISL_13829609
104	Homo sapiens	2021-12-21	Lebanon	AY.43	EPI_ISL_13829614
93	Homo sapiens	2021-10-06	Lebanon	AY.126	EPI_ISL_13829617
90	Homo sapiens	2021-09-13	Lebanon	AY.126	EPI_ISL_13829612
99	Homo sapiens	2021-11-20	Lebanon	AY.33	EPI_ISL_13829616
88	Homo sapiens	2021-09-01	Lebanon	AY.122	EPI_ISL_13829631
92	Homo sapiens	2021-09-30	Lebanon	AY.126	EPI_ISL_13829513
103	Homo sapiens	2021-12-13	Lebanon	AY.33	EPI_ISL_13829613
98	Homo sapiens	2021-11-08	Lebanon	AY.120	EPI_ISL_13829610
85	Homo sapiens	2021-08-09	Lebanon	B.1.617.2	EPI_ISL_13829605
102	Homo sapiens	2021-12-07	Lebanon	AY.43	EPI_ISL_13829515
83	Homo sapiens	2021-07-28	Lebanon	AY.122	EPI_ISL_13829622
91	Homo sapiens	2021-09-22	Lebanon	AY.33	EPI_ISL_13829618
88	Homo sapiens	2021-09-01	Lebanon	AY.122	EPI_ISL_13829619
84	Homo sapiens	2021-08-02	Lebanon	B.1.617.2	EPI_ISL_13829600
99	Homo sapiens	2021-11-15	Lebanon	AY.33	EPI_ISL_13829603
88	Homo sapiens	2021-08-30	Lebanon	AY.33	EPI_ISL_13829607
102	Homo sapiens	2021-12-08	Lebanon	AY.33	EPI_ISL_13829632
87	Homo sapiens	2021-08-26	Lebanon	AY.70	EPI_ISL_13829637
104	Homo sapiens	2021-12-22	Lebanon	AY.33	EPI_ISL_13829639
98	Homo sapiens	2021-11-08	Lebanon	AY.33	EPI_ISL_13829608
98	Homo sapiens	2021-11-10	Lebanon	B.1.617.2	EPI_ISL_13829633
104	Homo sapiens	2021-12-21	Lebanon	AY.33	EPI_ISL_13829517
102	Homo sapiens	2021-12-07	Lebanon	B.1.617.2	EPI_ISL_13829621
90	Homo sapiens	2021-09-14	Lebanon	AY.106	EPI_ISL_13829628
103	Homo sapiens	2021-12-14	Lebanon	B.1.617.2	EPI_ISL_13829651
90	Homo sapiens	2021-09-15	Lebanon	AY.126	EPI_ISL_13829630
95	Homo sapiens	2021-10-21	Lebanon	AY.122	EPI_ISL_13829514
94	Homo sapiens	2021-10-14	Lebanon	AY.126	EPI_ISL_13829530
97	Homo sapiens	2021-11-03	Lebanon	AY.122	EPI_ISL_13829636
105	Homo sapiens	2021-12-28	Lebanon	AY.33	EPI_ISL_13829516
94	Homo sapiens	2021-10-13	Lebanon	AY.33	EPI_ISL_13829625
88	Homo sapiens	2021-09-01	Lebanon	AY.33	EPI_ISL_13829624
103	Homo sapiens	2021-12-14	Lebanon	B.1.617.2	EPI_ISL_13829654
105	Homo sapiens	2021-12-28	Lebanon	B.1.617.2	EPI_ISL_13829519
99	Homo sapiens	2021-11-16	Lebanon	AY.122	EPI_ISL_13829656
88	Homo sapiens	2021-09-01	Lebanon	AY.33	EPI_ISL_13829638
91	Homo sapiens	2021-09-21	Lebanon	AY.33	EPI_ISL_13829620
90	Homo sapiens	2021-09-15	Lebanon	AY.33	EPI_ISL_13829629
100	Homo sapiens	2021-11-23	Lebanon	AY.33	EPI_ISL_13829650
100	Homo sapiens	2021-11-23	Lebanon	B.1.617.2	EPI_ISL_13829652
87	Homo sapiens	2021-08-26	Lebanon	AY.122	EPI_ISL_13829626
89	Homo sapiens	2021-09-08	Lebanon	B.1.617.2	EPI_ISL_13829644
89	Homo sapiens	2021-09-09	Lebanon	B.1.617.2	EPI_ISL_13829520
82	Homo sapiens	2021-07-23	Lebanon	AY.46.4	EPI_ISL_13829646
98	Homo sapiens	2021-11-10	Lebanon	AY.33	EPI_ISL_13829673
98	Homo sapiens	2021-11-09	Lebanon	AY.98.1	EPI_ISL_13829653
87	Homo sapiens	2021-08-23	Lebanon	AY.98.1	EPI_ISL_13829658
94	Homo sapiens	2021-10-14	Lebanon	AY.122	EPI_ISL_13829535
102	Homo sapiens	2021-12-07	Lebanon	AY.33	EPI_ISL_13829533
94	Homo sapiens	2021-10-14	Lebanon	AY.122	EPI_ISL_13829534
102	Homo sapiens	2021-12-07	Lebanon	B.1.617.2	EPI_ISL_13829522
93	Homo sapiens	2021-10-06	Lebanon	AY.126	EPI_ISL_13829640
102	Homo sapiens	2021-12-08	Lebanon	AY.36.1	EPI_ISL_13829643
94	Homo sapiens	2021-10-11	Lebanon	AY.122	EPI_ISL_13829647
103	Homo sapiens	2021-12-14	Lebanon	B.1.617.2	EPI_ISL_13829531
92	Homo sapiens	2021-09-29	Lebanon	AY.116	EPI_ISL_13829528
102	Homo sapiens	2021-12-09	Lebanon	B.1.617.2	EPI_ISL_13829672
103	Homo sapiens	2021-12-14	Lebanon	AY.122	EPI_ISL_13829537
87	Homo sapiens	2021-08-26	Lebanon	AY.126	EPI_ISL_13829539
105	Homo sapiens	2021-12-28	Lebanon	B.1.617.2	EPI_ISL_13829657
99	Homo sapiens	2021-11-17	Lebanon	AY.33	EPI_ISL_13829641
91	Homo sapiens	2021-09-23	Lebanon	AY.122	EPI_ISL_13829525
93	Homo sapiens	2021-10-07	Lebanon	B.1.617.2	EPI_ISL_13829529
103	Homo sapiens	2021-12-14	Lebanon	B.1.617.2	EPI_ISL_13829660
99	Homo sapiens	2021-11-16	Lebanon	B.1.617.2	EPI_ISL_13829523
100	Homo sapiens	2021-11-23	Lebanon	AY.122	EPI_ISL_13829521
100	Homo sapiens	2021-11-23	Lebanon	AY.122	EPI_ISL_13829524
100	Homo sapiens	2021-11-23	Lebanon	B.1.617.2	EPI_ISL_13829553
97	Homo sapiens	2021-11-02	Lebanon	AY.98.1	EPI_ISL_13829648
104	Homo sapiens	2021-12-21	Lebanon	AY.122	EPI_ISL_13829645
100	Homo sapiens	2021-11-23	Lebanon	B.1.617.2	EPI_ISL_13829552
99	Homo sapiens	2021-11-16	Lebanon	B.1.617.2	EPI_ISL_13829559
94	Homo sapiens	2021-10-14	Lebanon	AY.86	EPI_ISL_13829551
84	Homo sapiens	2021-08-05	Lebanon	B.1.617.2	EPI_ISL_13829550
105	Homo sapiens	2021-12-28	Lebanon	AY.126	EPI_ISL_13829554
100	Homo sapiens	2021-11-23	Lebanon	AY.126	EPI_ISL_13829557
100	Homo sapiens	2021-11-23	Lebanon	AY.122	EPI_ISL_13829670
100	Homo sapiens	2021-11-23	Lebanon	AY.121	EPI_ISL_13829556
93	Homo sapiens	2021-10-05	Lebanon	AY.33	EPI_ISL_13829678
89	Homo sapiens	2021-09-09	Lebanon	AY.126	EPI_ISL_13829545
89	Homo sapiens	2021-09-09	Lebanon	B.1.617.2	EPI_ISL_13829542
103	Homo sapiens	2021-12-15	Lebanon	AY.126	EPI_ISL_13829677
80	Homo sapiens	2021-07-05	Lebanon	AY.33	EPI_ISL_13829674
100	Homo sapiens	2021-11-23	Lebanon	B.1.617.2	EPI_ISL_13829541
80	Homo sapiens	2021-07-09	Lebanon	AY.122	EPI_ISL_13829675
94	Homo sapiens	2021-10-11	Lebanon	AY.122	EPI_ISL_13829664
93	Homo sapiens	2021-10-07	Lebanon	B.1.617.2	EPI_ISL_13829574
84	Homo sapiens	2021-08-05	Lebanon	B.1.617.2	EPI_ISL_13829558
100	Homo sapiens	2021-11-23	Lebanon	B.1.617.2	EPI_ISL_13829540
94	Homo sapiens	2021-10-14	Lebanon	B.1.617.2	EPI_ISL_13829546
93	Homo sapiens	2021-10-06	Lebanon	AY.34.1	EPI_ISL_13829679
89	Homo sapiens	2021-09-09	Lebanon	AY.126	EPI_ISL_13829549
94	Homo sapiens	2021-10-14	Lebanon	AY.122	EPI_ISL_13829547
83	Homo sapiens	2021-07-26	Lebanon	AY.122	EPI_ISL_13829661
89	Homo sapiens	2021-09-09	Lebanon	AY.106	EPI_ISL_13829544
88	Homo sapiens	2021-09-02	Lebanon	B.1.617.2	EPI_ISL_13829568
99	Homo sapiens	2021-11-16	Lebanon	AY.33	EPI_ISL_13829666
105	Homo sapiens	2021-12-28	Lebanon	AY.122	EPI_ISL_13829669
100	Homo sapiens	2021-11-23	Lebanon	B.1.617.2	EPI_ISL_13829667
100	Homo sapiens	2021-11-23	Lebanon	AY.122	EPI_ISL_13829548
83	Homo sapiens	2021-07-29	Lebanon	AY.126	EPI_ISL_13829575
88	Homo sapiens	2021-09-02	Lebanon	B.1.617.2	EPI_ISL_13829576
100	Homo sapiens	2021-11-23	Lebanon	AY.33	EPI_ISL_13829668
82	Homo sapiens	2021-07-23	Lebanon	AY.106	EPI_ISL_13829577
98	Homo sapiens	2021-11-09	Lebanon	AY.126	EPI_ISL_13829570
89	Homo sapiens	2021-09-09	Lebanon	B.1.617.2	EPI_ISL_13829578
94	Homo sapiens	2021-10-14	Lebanon	B.1.617.2	EPI_ISL_13829563
100	Homo sapiens	2021-11-23	Lebanon	B.1.617.2	EPI_ISL_13829573
99	Homo sapiens	2021-11-16	Lebanon	B.1.617.2	EPI_ISL_13829592
103	Homo sapiens	2021-12-14	Lebanon	AY.106	EPI_ISL_13829584
104	Homo sapiens	2021-12-21	Lebanon	B.1.617.2	EPI_ISL_13829561
104	Homo sapiens	2021-12-21	Lebanon	AY.33	EPI_ISL_13829564
88	Homo sapiens	2021-09-02	Lebanon	AY.7.1	EPI_ISL_13829572
88	Homo sapiens	2021-09-02	Lebanon	B.1.617.2	EPI_ISL_13829562
88	Homo sapiens	2021-09-02	Lebanon	B.1.617.2	EPI_ISL_13829567
85	Homo sapiens	2021-08-10	Lebanon	AY.98.1	EPI_ISL_13829685
90	Homo sapiens	2021-09-14	Lebanon	AY.33	EPI_ISL_13829686
80	Homo sapiens	2021-07-09	Lebanon	AY.98.1	EPI_ISL_13829681
96	Homo sapiens	2021-10-27	Lebanon	AY.33	EPI_ISL_13829682
88	Homo sapiens	2021-09-02	Lebanon	AY.33	EPI_ISL_13829566
91	Homo sapiens	2021-09-23	Lebanon	AY.126	EPI_ISL_13829560
81	Homo sapiens	2021-07-13	Lebanon	AY.126	EPI_ISL_13829683
80	Homo sapiens	2021-07-09	Lebanon	AY.106	EPI_ISL_13829684
105	Homo sapiens	2021-12-28	Lebanon	AY.122	EPI_ISL_13829565
83	Homo sapiens	2021-07-29	Lebanon	B.1.617.2	EPI_ISL_13829582
88	Homo sapiens	2021-09-02	Lebanon	AY.126	EPI_ISL_13829569
92	Homo sapiens	2021-09-30	Lebanon	B.1.617.2	EPI_ISL_13829595
95	Homo sapiens	2021-10-21	Lebanon	B.1.617.2	EPI_ISL_13829596
85	Homo sapiens	2021-08-11	Lebanon	AY.106	EPI_ISL_13829590
95	Homo sapiens	2021-10-21	Lebanon	AY.126	EPI_ISL_13829594
84	Homo sapiens	2021-08-02	Lebanon	B.1.617.2	EPI_ISL_13829599
102	Homo sapiens	2021-12-07	Lebanon	AY.44	EPI_ISL_13829587
86	Homo sapiens	2021-08-17	Lebanon	AY.4	EPI_ISL_13829597
94	Homo sapiens	2021-10-14	Lebanon	AY.112	EPI_ISL_13829586
88	Homo sapiens	2021-09-02	Lebanon	AY.126	EPI_ISL_13829583
94	Homo sapiens	2021-10-14	Lebanon	B.1.617.2	EPI_ISL_13829588
80	Homo sapiens	2021-07-09	Lebanon	B.1.617.2	EPI_ISL_13829708
96	Homo sapiens	2021-10-26	Lebanon	B.1.617.2	EPI_ISL_13829837
102	Homo sapiens	2021-12-08	Lebanon	AY.122	EPI_ISL_13829941
103	Homo sapiens	2021-12-15	Lebanon	AY.34.1	EPI_ISL_13829706
80	Homo sapiens	2021-07-09	Lebanon	B.1.617.2	EPI_ISL_13829707
90	Homo sapiens	2021-09-14	Lebanon	AY.33	EPI_ISL_13829860
104	Homo sapiens	2021-12-22	Lebanon	AY.126	EPI_ISL_13829777
100	Homo sapiens	2021-11-23	Lebanon	B.1.617.2	EPI_ISL_13829784
83	Homo sapiens	2021-07-29	Lebanon	AY.122	EPI_ISL_13829780
103	Homo sapiens	2021-12-15	Lebanon	B.1.617.2	EPI_ISL_13829703
81	Homo sapiens	2021-07-13	Lebanon	AY.126	EPI_ISL_13829704
91	Homo sapiens	2021-09-22	Lebanon	AY.33	EPI_ISL_13829690
83	Homo sapiens	2021-07-27	Lebanon	AY.122	EPI_ISL_13829700
89	Homo sapiens	2021-09-08	Lebanon	AY.33	EPI_ISL_13829701
91	Homo sapiens	2021-09-21	Lebanon	AY.33	EPI_ISL_13829695
92	Homo sapiens	2021-09-29	Lebanon	AY.122	EPI_ISL_13829702
80	Homo sapiens	2021-07-09	Lebanon	AY.126	EPI_ISL_13829697
91	Homo sapiens	2021-09-22	Lebanon	AY.33	EPI_ISL_13829691
93	Homo sapiens	2021-10-05	Lebanon	AY.122	EPI_ISL_13829694
83	Homo sapiens	2021-07-27	Lebanon	B.1.617.2	EPI_ISL_13829699
93	Homo sapiens	2021-10-05	Lebanon	AY.122	EPI_ISL_13829696
85	Homo sapiens	2021-08-10	Lebanon	AY.23	EPI_ISL_13829692
92	Homo sapiens	2021-09-29	Lebanon	AY.33	EPI_ISL_13829687
98	Homo sapiens	2021-11-10	Lebanon	B.1.617.2	EPI_ISL_13829688
88	Homo sapiens	2021-08-31	Lebanon	AY.33	EPI_ISL_13829689
90	Homo sapiens	2021-09-14	Lebanon	AY.106	EPI_ISL_13829831
94	Homo sapiens	2021-10-12	Lebanon	AY.126	EPI_ISL_13829829
102	Homo sapiens	2021-12-07	Lebanon	B.1.617.2	EPI_ISL_13829830
103	Homo sapiens	2021-12-14	Lebanon	AY.122	EPI_ISL_13829834
100	Homo sapiens	2021-11-23	Lebanon	B.1.617.2	EPI_ISL_13829832
97	Homo sapiens	2021-11-03	Lebanon	AY.98.1	EPI_ISL_13829952
84	Homo sapiens	2021-08-03	Lebanon	B.1.617.2	EPI_ISL_13829955
97	Homo sapiens	2021-11-03	Lebanon	AY.122	EPI_ISL_13829956
85	Homo sapiens	2021-08-10	Lebanon	AY.126	EPI_ISL_13829717
59	Homo sapiens	2021-02-09	Lebanon	AY.44	EPI_ISL_13829951
102	Homo sapiens	2021-12-08	Lebanon	B.1.617.2	EPI_ISL_13829954
104	Homo sapiens	2021-12-22	Lebanon	AY.122	EPI_ISL_13829950
100	Homo sapiens	2021-11-23	Lebanon	AY.122	EPI_ISL_13829835
100	Homo sapiens	2021-11-23	Lebanon	B.1.617.2	EPI_ISL_13829833
87	Homo sapiens	2021-08-24	Lebanon	AY.122	EPI_ISL_13829710
91	Homo sapiens	2021-09-21	Lebanon	B.1.617.2	EPI_ISL_13829839
88	Homo sapiens	2021-08-31	Lebanon	B.1.617.2	EPI_ISL_13829716
90	Homo sapiens	2021-09-14	Lebanon	AY.126	EPI_ISL_13829713
87	Homo sapiens	2021-08-24	Lebanon	AY.5	EPI_ISL_13829711
101	Homo sapiens	2021-12-01	Lebanon	AY.33	EPI_ISL_13829957
102	Homo sapiens	2021-12-07	Lebanon	B.1.617.2	EPI_ISL_13829819
93	Homo sapiens	2021-10-05	Lebanon	AY.43	EPI_ISL_13829714
80	Homo sapiens	2021-07-09	Lebanon	AY.33	EPI_ISL_13829712
80	Homo sapiens	2021-07-09	Lebanon	AY.122	EPI_ISL_13829959
87	Homo sapiens	2021-08-25	Lebanon	AY.122	EPI_ISL_13829821
88	Homo sapiens	2021-08-31	Lebanon	AY.98.1	EPI_ISL_13829730
86	Homo sapiens	2021-08-17	Lebanon	AY.106	EPI_ISL_13829718
98	Homo sapiens	2021-11-09	Lebanon	B.1.617.2	EPI_ISL_13829818
94	Homo sapiens	2021-10-12	Lebanon	AY.126	EPI_ISL_13829820
98	Homo sapiens	2021-11-10	Lebanon	AY.33	EPI_ISL_13829715
104	Homo sapiens	2021-12-22	Lebanon	AY.33	EPI_ISL_13829939
91	Homo sapiens	2021-09-21	Lebanon	AY.122	EPI_ISL_13829824
103	Homo sapiens	2021-12-14	Lebanon	AY.122	EPI_ISL_13829836
87	Homo sapiens	2021-08-26	Lebanon	AY.122	EPI_ISL_13829958
90	Homo sapiens	2021-09-14	Lebanon	AY.103	EPI_ISL_13829940
97	Homo sapiens	2021-11-03	Lebanon	AY.98.1	EPI_ISL_13829942
104	Homo sapiens	2021-12-22	Lebanon	AY.33	EPI_ISL_13829947
98	Homo sapiens	2021-11-11	Lebanon	AY.122	EPI_ISL_13829945
83	Homo sapiens	2021-07-28	Lebanon	B.1.617.2	EPI_ISL_13829948
100	Homo sapiens	2021-11-23	Lebanon	AY.121	EPI_ISL_13829823
93	Homo sapiens	2021-10-05	Lebanon	AY.33	EPI_ISL_13829943
100	Homo sapiens	2021-11-23	Lebanon	AY.106	EPI_ISL_13829826
100	Homo sapiens	2021-11-23	Lebanon	B.1.617.2	EPI_ISL_13829827
90	Homo sapiens	2021-09-15	Lebanon	AY.122	EPI_ISL_13829949
87	Homo sapiens	2021-08-24	Lebanon	AY.122	EPI_ISL_13829731
99	Homo sapiens	2021-11-16	Lebanon	B.1.617.2	EPI_ISL_13829822
90	Homo sapiens	2021-09-14	Lebanon	AY.33	EPI_ISL_13829828
103	Homo sapiens	2021-12-15	Lebanon	AY.33	EPI_ISL_13829973
101	Homo sapiens	2021-12-01	Lebanon	AY.98.1	EPI_ISL_13829946
102	Homo sapiens	2021-12-08	Lebanon	AY.122	EPI_ISL_13829732
90	Homo sapiens	2021-09-14	Lebanon	AY.33	EPI_ISL_13829970
91	Homo sapiens	2021-09-21	Lebanon	AY.33	EPI_ISL_13829851
91	Homo sapiens	2021-09-21	Lebanon	AY.33	EPI_ISL_13829852
105	Homo sapiens	2021-12-28	Lebanon	AY.33	EPI_ISL_13829974
80	Homo sapiens	2021-07-09	Lebanon	AY.121	EPI_ISL_13829736
85	Homo sapiens	2021-08-10	Lebanon	AY.4	EPI_ISL_13829733
90	Homo sapiens	2021-09-14	Lebanon	AY.122	EPI_ISL_13829853
99	Homo sapiens	2021-11-17	Lebanon	AY.122	EPI_ISL_13829737
93	Homo sapiens	2021-10-05	Lebanon	AY.33	EPI_ISL_13829979
99	Homo sapiens	2021-11-16	Lebanon	B.1.617.2	EPI_ISL_13829850
102	Homo sapiens	2021-12-08	Lebanon	AY.98.1	EPI_ISL_13829735
88	Homo sapiens	2021-09-01	Lebanon	AY.122	EPI_ISL_13829859
101	Homo sapiens	2021-12-02	Lebanon	AY.33	EPI_ISL_13829971
101	Homo sapiens	2021-12-02	Lebanon	AY.33	EPI_ISL_13829972
102	Homo sapiens	2021-12-12	Lebanon	AY.116	EPI_ISL_13829977
91	Homo sapiens	2021-09-21	Lebanon	AY.122	EPI_ISL_13829855
84	Homo sapiens	2021-08-03	Lebanon	AY.106	EPI_ISL_13829721
96	Homo sapiens	2021-10-27	Lebanon	AY.33	EPI_ISL_13829725
91	Homo sapiens	2021-09-21	Lebanon	AY.33	EPI_ISL_13829857
95	Homo sapiens	2021-10-19	Lebanon	AY.86	EPI_ISL_13829978
91	Homo sapiens	2021-09-21	Lebanon	AY.103	EPI_ISL_13829975
91	Homo sapiens	2021-09-21	Lebanon	AY.126	EPI_ISL_13829720
98	Homo sapiens	2021-11-09	Lebanon	AY.122	EPI_ISL_13829854
86	Homo sapiens	2021-08-17	Lebanon	AY.126	EPI_ISL_13829734
99	Homo sapiens	2021-11-16	Lebanon	AY.126	EPI_ISL_13829846
83	Homo sapiens	2021-07-27	Lebanon	AY.106	EPI_ISL_13829739
88	Homo sapiens	2021-08-31	Lebanon	AY.34.1	EPI_ISL_13829719
93	Homo sapiens	2021-10-05	Lebanon	B.1.617.2	EPI_ISL_13829842
100	Homo sapiens	2021-11-24	Lebanon	AY.122	EPI_ISL_13829738
102	Homo sapiens	2021-12-07	Lebanon	B.1.617.2	EPI_ISL_13829840
85	Homo sapiens	2021-08-10	Lebanon	AY.103	EPI_ISL_13829961
88	Homo sapiens	2021-09-01	Lebanon	AY.122	EPI_ISL_13829962
98	Homo sapiens	2021-11-10	Lebanon	AY.122	EPI_ISL_13829960
77	Homo sapiens	2021-06-15	Lebanon	C.36.3	EPI_ISL_13829964
93	Homo sapiens	2021-10-05	Lebanon	AY.126	EPI_ISL_13829844
102	Homo sapiens	2021-12-08	Lebanon	AY.126	EPI_ISL_13829968
88	Homo sapiens	2021-08-31	Lebanon	AY.126	EPI_ISL_13829722
91	Homo sapiens	2021-09-21	Lebanon	AY.122	EPI_ISL_13829848
92	Homo sapiens	2021-09-28	Lebanon	AY.33	EPI_ISL_13829751
85	Homo sapiens	2021-08-10	Lebanon	AY.122	EPI_ISL_13829756
99	Homo sapiens	2021-11-17	Lebanon	AY.34.1	EPI_ISL_13829724
85	Homo sapiens	2021-08-11	Lebanon	AY.116	EPI_ISL_13829726
102	Homo sapiens	2021-12-08	Lebanon	AY.33	EPI_ISL_13829966
90	Homo sapiens	2021-09-15	Lebanon	AY.122	EPI_ISL_13829965
81	Homo sapiens	2021-07-13	Lebanon	AY.106	EPI_ISL_13829727
102	Homo sapiens	2021-12-07	Lebanon	AY.134	EPI_ISL_13829754
100	Homo sapiens	2021-11-25	Lebanon	B.1.617.2	EPI_ISL_13829879
100	Homo sapiens	2021-11-23	Lebanon	AY.121	EPI_ISL_13829843
91	Homo sapiens	2021-09-22	Lebanon	AY.122	EPI_ISL_13829723
97	Homo sapiens	2021-11-03	Lebanon	AY.122	EPI_ISL_13829969
83	Homo sapiens	2021-07-27	Lebanon	AY.122	EPI_ISL_13829728
86	Homo sapiens	2021-08-17	Lebanon	AY.4	EPI_ISL_13829729
102	Homo sapiens	2021-12-08	Lebanon	AY.116	EPI_ISL_13829873
103	Homo sapiens	2021-12-14	Lebanon	AY.122	EPI_ISL_13829755
96	Homo sapiens	2021-10-27	Lebanon	AY.33	EPI_ISL_13829753
101	Homo sapiens	2021-12-02	Lebanon	AY.122	EPI_ISL_13829981
97	Homo sapiens	2021-11-03	Lebanon	AY.33	EPI_ISL_13829984
84	Homo sapiens	2021-08-03	Lebanon	AY.122	EPI_ISL_13829741
88	Homo sapiens	2021-08-31	Lebanon	B.1.617.2	EPI_ISL_13829744
85	Homo sapiens	2021-08-10	Lebanon	B.1.617.2	EPI_ISL_13829874
102	Homo sapiens	2021-12-07	Lebanon	B.1.617.2	EPI_ISL_13829863
98	Homo sapiens	2021-11-09	Lebanon	AY.33	EPI_ISL_13829862
104	Homo sapiens	2021-12-22	Lebanon	B.1.617.2	EPI_ISL_13829875
96	Homo sapiens	2021-10-27	Lebanon	AY.126	EPI_ISL_13829757
87	Homo sapiens	2021-08-24	Lebanon	AY.126	EPI_ISL_13829742
88	Homo sapiens	2021-09-01	Lebanon	AY.122	EPI_ISL_13829867
92	Homo sapiens	2021-09-29	Lebanon	B.1.617.2	EPI_ISL_13829752
86	Homo sapiens	2021-08-17	Lebanon	AY.4	EPI_ISL_13829749
92	Homo sapiens	2021-09-29	Lebanon	AY.116	EPI_ISL_13829878
80	Homo sapiens	2021-07-09	Lebanon	AY.106	EPI_ISL_13829758
85	Homo sapiens	2021-08-12	Lebanon	AY.116	EPI_ISL_13829876
86	Homo sapiens	2021-08-17	Lebanon	B.1.617.2	EPI_ISL_13829877
99	Homo sapiens	2021-11-16	Lebanon	AY.33	EPI_ISL_13829759
97	Homo sapiens	2021-11-03	Lebanon	AY.122	EPI_ISL_13829740
85	Homo sapiens	2021-08-10	Lebanon	AY.33	EPI_ISL_13829743
75	Homo sapiens	2021-06-01	Lebanon	B.1.1.7	EPI_ISL_13829746
99	Homo sapiens	2021-11-16	Lebanon	AY.43	EPI_ISL_13829985
81	Homo sapiens	2021-07-14	Lebanon	B.1.617.2	EPI_ISL_13829868
86	Homo sapiens	2021-08-17	Lebanon	AY.33	EPI_ISL_13829771
87	Homo sapiens	2021-08-24	Lebanon	AY.33	EPI_ISL_13829747
85	Homo sapiens	2021-08-10	Lebanon	AY.126	EPI_ISL_13829748
85	Homo sapiens	2021-08-12	Lebanon	AY.116	EPI_ISL_13829869
85	Homo sapiens	2021-08-12	Lebanon	B.1.617.2	EPI_ISL_13829891
101	Homo sapiens	2021-12-02	Lebanon	AY.116	EPI_ISL_13829987
96	Homo sapiens	2021-10-27	Lebanon	AY.126	EPI_ISL_13829773
98	Homo sapiens	2021-11-10	Lebanon	AY.33	EPI_ISL_13829774
87	Homo sapiens	2021-08-25	Lebanon	AY.122	EPI_ISL_13829865
100	Homo sapiens	2021-11-23	Lebanon	B.1.617.2	EPI_ISL_13829866
83	Homo sapiens	2021-07-27	Lebanon	AY.34.1	EPI_ISL_13829764
85	Homo sapiens	2021-08-10	Lebanon	B.1.617.2	EPI_ISL_13829881
59	Homo sapiens	2021-02-09	Lebanon	AY.122	EPI_ISL_13829886
87	Homo sapiens	2021-08-25	Lebanon	AY.122	EPI_ISL_13829775
87	Homo sapiens	2021-08-26	Lebanon	AY.122	EPI_ISL_13829895
84	Homo sapiens	2021-08-03	Lebanon	AY.122	EPI_ISL_13829890
102	Homo sapiens	2021-12-08	Lebanon	B.1.617.2	EPI_ISL_13829778
81	Homo sapiens	2021-07-14	Lebanon	AY.122	EPI_ISL_13829760
59	Homo sapiens	2021-02-09	Lebanon	AY.116	EPI_ISL_13829883
92	Homo sapiens	2021-09-28	Lebanon	AY.122	EPI_ISL_13829770
59	Homo sapiens	2021-02-09	Lebanon	AY.122	EPI_ISL_13829897
84	Homo sapiens	2021-08-03	Lebanon	AY.122	EPI_ISL_13829765
104	Homo sapiens	2021-12-22	Lebanon	B.1.617.2	EPI_ISL_13829792
83	Homo sapiens	2021-07-28	Lebanon	AY.33	EPI_ISL_13829896
80	Homo sapiens	2021-07-09	Lebanon	AY.126	EPI_ISL_13829762
83	Homo sapiens	2021-07-29	Lebanon	AY.122	EPI_ISL_13829799
87	Homo sapiens	2021-08-26	Lebanon	AY.122	EPI_ISL_13829782
100	Homo sapiens	2021-11-23	Lebanon	AY.43	EPI_ISL_13829908
83	Homo sapiens	2021-07-29	Lebanon	AY.122	EPI_ISL_13829776
85	Homo sapiens	2021-08-10	Lebanon	AY.122	EPI_ISL_13829894
105	Homo sapiens	2021-12-29	Lebanon	AY.122	EPI_ISL_13829763
85	Homo sapiens	2021-08-10	Lebanon	AY.33	EPI_ISL_13829769
80	Homo sapiens	2021-07-09	Lebanon	AY.126	EPI_ISL_13829767
102	Homo sapiens	2021-12-10	Lebanon	AY.122	EPI_ISL_13829898
85	Homo sapiens	2021-08-12	Lebanon	AY.33	EPI_ISL_13829791
99	Homo sapiens	2021-11-17	Lebanon	B.1.617.2	EPI_ISL_13829783
85	Homo sapiens	2021-08-12	Lebanon	AY.116	EPI_ISL_13829885
93	Homo sapiens	2021-10-06	Lebanon	AY.126	EPI_ISL_13829884
93	Homo sapiens	2021-10-06	Lebanon	AY.122	EPI_ISL_13829790
83	Homo sapiens	2021-07-27	Lebanon	AY.126	EPI_ISL_13829768
97	Homo sapiens	2021-11-03	Lebanon	AY.122	EPI_ISL_13829888
82	Homo sapiens	2021-07-23	Lebanon	AY.33	EPI_ISL_13829794
97	Homo sapiens	2021-11-03	Lebanon	B.1.617.2	EPI_ISL_13829785
74	Homo sapiens	2021-05-26	Lebanon	B.1.1.7	EPI_ISL_13829889
83	Homo sapiens	2021-07-29	Lebanon	AY.122	EPI_ISL_13829798
83	Homo sapiens	2021-07-28	Lebanon	B.1.617.2	EPI_ISL_13829912
90	Homo sapiens	2021-09-15	Lebanon	B.1.617.2	EPI_ISL_13829913
104	Homo sapiens	2021-12-22	Lebanon	AY.126	EPI_ISL_13829793
105	Homo sapiens	2021-12-29	Lebanon	AY.33	EPI_ISL_13829787
93	Homo sapiens	2021-10-06	Lebanon	B.1.617.2	EPI_ISL_13829789
85	Homo sapiens	2021-08-10	Lebanon	B.1.617.2	EPI_ISL_13829910
90	Homo sapiens	2021-09-15	Lebanon	AY.33	EPI_ISL_13829797
90	Homo sapiens	2021-09-14	Lebanon	B.1.617.2	EPI_ISL_13829906
101	Homo sapiens	2021-12-01	Lebanon	AY.126	EPI_ISL_13829786
59	Homo sapiens	2021-02-09	Lebanon	AY.122	EPI_ISL_13829915
59	Homo sapiens	2021-02-09	Lebanon	B.1.617.2	EPI_ISL_13829904
59	Homo sapiens	2021-02-09	Lebanon	AY.44	EPI_ISL_13829905
75	Homo sapiens	2021-05-31	Lebanon	B.1.1.7	EPI_ISL_13829788
89	Homo sapiens	2021-09-08	Lebanon	AY.122	EPI_ISL_13829916
105	Homo sapiens	2021-12-29	Lebanon	BA.1.15	EPI_ISL_13829903
101	Homo sapiens	2021-12-01	Lebanon	B.1.617.2	EPI_ISL_13829808
102	Homo sapiens	2021-12-08	Lebanon	AY.122	EPI_ISL_13829909
85	Homo sapiens	2021-08-10	Lebanon	AY.103	EPI_ISL_13829902
91	Homo sapiens	2021-09-22	Lebanon	AY.116	EPI_ISL_13829907
80	Homo sapiens	2021-07-09	Lebanon	AY.122	EPI_ISL_13829900
80	Homo sapiens	2021-07-09	Lebanon	B.1.617.2	EPI_ISL_13829901
85	Homo sapiens	2021-08-12	Lebanon	AY.122	EPI_ISL_13829809
101	Homo sapiens	2021-12-01	Lebanon	AY.98.1	EPI_ISL_13829938
97	Homo sapiens	2021-11-03	Lebanon	AY.33	EPI_ISL_13829815
98	Homo sapiens	2021-11-10	Lebanon	B.1.617.2	EPI_ISL_13829929
100	Homo sapiens	2021-11-23	Lebanon	AY.116	EPI_ISL_13829800
90	Homo sapiens	2021-09-15	Lebanon	B.1.617.2	EPI_ISL_13829933
83	Homo sapiens	2021-07-28	Lebanon	AY.33	EPI_ISL_13829935
97	Homo sapiens	2021-11-03	Lebanon	B.1.617.2	EPI_ISL_13829811
97	Homo sapiens	2021-11-03	Lebanon	AY.33	EPI_ISL_13829816
87	Homo sapiens	2021-08-25	Lebanon	AY.122	EPI_ISL_13829930
83	Homo sapiens	2021-07-28	Lebanon	AY.122	EPI_ISL_13829931
99	Homo sapiens	2021-11-16	Lebanon	AY.39.1	EPI_ISL_13829817
101	Homo sapiens	2021-12-01	Lebanon	AY.33	EPI_ISL_13829814
89	Homo sapiens	2021-09-09	Lebanon	AY.34.1	EPI_ISL_13829917
83	Homo sapiens	2021-07-29	Lebanon	B.1.617.2	EPI_ISL_13829801
83	Homo sapiens	2021-07-29	Lebanon	AY.106	EPI_ISL_13829936
81	Homo sapiens	2021-07-14	Lebanon	AY.122	EPI_ISL_13829919
90	Homo sapiens	2021-09-15	Lebanon	AY.122	EPI_ISL_13829918
105	Homo sapiens	2021-12-29	Lebanon	AY.98.1	EPI_ISL_13829926
89	Homo sapiens	2021-09-08	Lebanon	AY.122	EPI_ISL_13829922
97	Homo sapiens	2021-11-03	Lebanon	B.1.617.2	EPI_ISL_13829805
87	Homo sapiens	2021-08-26	Lebanon	AY.122	EPI_ISL_13829803
105	Homo sapiens	2021-12-29	Lebanon	AY.33	EPI_ISL_13829804
101	Homo sapiens	2021-12-01	Lebanon	AY.33	EPI_ISL_13829802
77	Homo sapiens	2021-06-14	Lebanon	B.1.1.318	EPI_ISL_13829806
89	Homo sapiens	2021-09-09	Lebanon	AY.122	EPI_ISL_13829927
83	Homo sapiens	2021-07-27	Lebanon	B.1.617.2	EPI_ISL_13829923
90	Homo sapiens	2021-09-15	Lebanon	B.1.617.2	EPI_ISL_13829921
59	Homo sapiens	2021-02-09	Lebanon	AY.116	EPI_ISL_13829925
100	Homo sapiens	2021-11-23	Lebanon	AY.43	EPI_ISL_13829920
87	Homo sapiens	2021-08-26	Lebanon	AY.122	EPI_ISL_13829924
108	Homo sapiens	2022-01-21	Lebanon	BA.1.1	EPI_ISL_14605750
108	Homo sapiens	2022-01-22	Lebanon	BA.1.1	EPI_ISL_14605751
109	Homo sapiens	2022-01-24	Lebanon	BA.1.1	EPI_ISL_14605753
109	Homo sapiens	2022-01-24	Lebanon	BA.1.1	EPI_ISL_14605755
109	Homo sapiens	2022-01-24	Lebanon	BA.1	EPI_ISL_14605757
107	Homo sapiens	2022-01-12	Lebanon	BA.2	EPI_ISL_14605851
109	Homo sapiens	2022-01-24	Lebanon	BA.2	EPI_ISL_14605756
109	Homo sapiens	2022-01-26	Lebanon	BA.1	EPI_ISL_14605764
109	Homo sapiens	2022-01-26	Lebanon	BA.2	EPI_ISL_14605777
109	Homo sapiens	2022-01-26	Lebanon	BA.1.1	EPI_ISL_14605768
109	Homo sapiens	2022-01-26	Lebanon	BA.1.1	EPI_ISL_14605770
105	Homo sapiens	2021-12-31	Lebanon	BA.1.1	EPI_ISL_14605798
108	Homo sapiens	2022-01-17	Lebanon	BA.1	EPI_ISL_14605890
108	Homo sapiens	2022-01-19	Lebanon	BA.1.1	EPI_ISL_14605741
103	Homo sapiens	2021-12-16	Lebanon	BA.1.1	EPI_ISL_14605734
108	Homo sapiens	2022-01-18	Lebanon	BA.1.1	EPI_ISL_14605736
108	Homo sapiens	2022-01-17	Lebanon	BA.1.1	EPI_ISL_14605728
108	Homo sapiens	2022-01-21	Lebanon	BA.1.1	EPI_ISL_14605749
109	Homo sapiens	2022-01-27	Lebanon	BA.1.1	EPI_ISL_14605703
107	Homo sapiens	2022-01-13	Lebanon	BA.1.1	EPI_ISL_14605711
109	Homo sapiens	2022-01-25	Lebanon	BA.1.1	EPI_ISL_14605704
108	Homo sapiens	2022-01-21	Lebanon	BA.1.1	EPI_ISL_14605706
107	Homo sapiens	2022-01-14	Lebanon	BA.1.1	EPI_ISL_14605713
107	Homo sapiens	2022-01-13	Lebanon	BA.1.1	EPI_ISL_14605710
108	Homo sapiens	2022-01-17	Lebanon	AY.126	EPI_ISL_14605722
107	Homo sapiens	2022-01-14	Lebanon	BA.1.1	EPI_ISL_14605714
107	Homo sapiens	2022-01-15	Lebanon	BA.1.15	EPI_ISL_14605716
108	Homo sapiens	2022-01-17	Lebanon	BA.1.1	EPI_ISL_14605719
108	Homo sapiens	2022-01-17	Lebanon	BA.1.18	EPI_ISL_14605718
108	Homo sapiens	2022-01-17	Lebanon	BA.1.1	EPI_ISL_14605720
108	Homo sapiens	2022-01-17	Lebanon	AY.33	EPI_ISL_14605723
108	Homo sapiens	2022-01-17	Lebanon	BA.1.1	EPI_ISL_14605725
105	Homo sapiens	2022-01-01	Lebanon	BA.1.1	EPI_ISL_14605830
106	Homo sapiens	2022-01-04	Lebanon	AY.33	EPI_ISL_14605800
108	Homo sapiens	2022-01-21	Lebanon	BA.1.1	EPI_ISL_14605869
109	Homo sapiens	2022-01-25	Lebanon	BA.1.1	EPI_ISL_14605874
106	Homo sapiens	2022-01-05	Lebanon	BA.1.1	EPI_ISL_14605815
109	Homo sapiens	2022-01-25	Lebanon	BA.1.1	EPI_ISL_14605876
106	Homo sapiens	2022-01-07	Lebanon	BA.1	EPI_ISL_14605818
106	Homo sapiens	2022-01-05	Lebanon	BA.1.1	EPI_ISL_14605814
106	Homo sapiens	2022-01-07	Lebanon	BA.1.1	EPI_ISL_14605823
106	Homo sapiens	2022-01-07	Lebanon	BA.1.1	EPI_ISL_14605819
102	Homo sapiens	2021-12-12	Lebanon	AY.122	EPI_ISL_14605821
106	Homo sapiens	2022-01-07	Lebanon	BA.1.1	EPI_ISL_14605822
106	Homo sapiens	2022-01-07	Lebanon	BA.1.17.2	EPI_ISL_14605827
106	Homo sapiens	2022-01-07	Lebanon	BA.1.1	EPI_ISL_14605825
106	Homo sapiens	2022-01-07	Lebanon	BA.1.1	EPI_ISL_14605826
106	Homo sapiens	2022-01-07	Lebanon	BA.1.1	EPI_ISL_14605829
106	Homo sapiens	2022-01-07	Lebanon	BA.1.18	EPI_ISL_14605828
106	Homo sapiens	2022-01-09	Lebanon	BA.1.1	EPI_ISL_14605835
107	Homo sapiens	2022-01-10	Lebanon	BA.1.1	EPI_ISL_14605837
105	Homo sapiens	2022-01-01	Lebanon	BA.1.1	EPI_ISL_14605839
107	Homo sapiens	2022-01-10	Lebanon	BA.2	EPI_ISL_14605841
107	Homo sapiens	2022-01-10	Lebanon	BA.2	EPI_ISL_14605840
107	Homo sapiens	2022-01-10	Lebanon	BA.1.1	EPI_ISL_14605843
107	Homo sapiens	2022-01-11	Lebanon	BA.1.1.14	EPI_ISL_14605846
107	Homo sapiens	2022-01-10	Lebanon	BA.1.1	EPI_ISL_14605842
107	Homo sapiens	2022-01-11	Lebanon	BA.1.1	EPI_ISL_14605845
105	Homo sapiens	2022-01-02	Lebanon	BA.1.1	EPI_ISL_14605847
107	Homo sapiens	2022-01-12	Lebanon	BA.1.1	EPI_ISL_14605850
107	Homo sapiens	2022-01-13	Lebanon	BA.1.1	EPI_ISL_14605854
107	Homo sapiens	2022-01-12	Lebanon	BA.1.18	EPI_ISL_14605852
106	Homo sapiens	2022-01-05	Lebanon	BA.1.1	EPI_ISL_14605809
109	Homo sapiens	2022-01-27	Lebanon	BA.1.1	EPI_ISL_14605782
105	Homo sapiens	2021-12-30	Lebanon	BA.1	EPI_ISL_14605790
106	Homo sapiens	2022-01-04	Lebanon	BA.1.1	EPI_ISL_14605802
109	Homo sapiens	2022-01-27	Lebanon	BA.2	EPI_ISL_14605781
106	Homo sapiens	2022-01-04	Lebanon	BA.2	EPI_ISL_14605804
106	Homo sapiens	2022-01-04	Lebanon	BA.1.1	EPI_ISL_14605806
106	Homo sapiens	2022-01-05	Lebanon	BA.1.1.14	EPI_ISL_14605810
102	Homo sapiens	2021-12-11	Lebanon	BA.1.1	EPI_ISL_14605812
105	Homo sapiens	2021-12-30	Lebanon	BA.1.15	EPI_ISL_14605791
109	Homo sapiens	2022-01-27	Lebanon	BA.1.1	EPI_ISL_14605780
109	Homo sapiens	2022-01-27	Lebanon	B.1.617.2	EPI_ISL_14605783
105	Homo sapiens	2021-12-30	Lebanon	BA.1.18	EPI_ISL_14605788
106	Homo sapiens	2022-01-04	Lebanon	BA.1	EPI_ISL_14605799
107	Homo sapiens	2022-01-15	Lebanon	BA.1.1	EPI_ISL_14605861
102	Homo sapiens	2021-12-10	Lebanon	B.1.617.2	EPI_ISL_14605795
107	Homo sapiens	2022-01-13	Lebanon	BA.1.1	EPI_ISL_14605857
107	Homo sapiens	2022-01-14	Lebanon	BA.1.1.10	EPI_ISL_14605859
107	Homo sapiens	2022-01-14	Lebanon	BA.1.17.2	EPI_ISL_14605858
108	Homo sapiens	2022-01-21	Lebanon	BA.1.1.15	EPI_ISL_14605866
108	Homo sapiens	2022-01-21	Lebanon	BA.1.1	EPI_ISL_14605868
109	Homo sapiens	2022-01-24	Lebanon	BA.2	EPI_ISL_14605872
109	Homo sapiens	2022-01-25	Lebanon	BA.1.1	EPI_ISL_14605877
109	Homo sapiens	2022-01-27	Lebanon	BA.1.1	EPI_ISL_14605879
109	Homo sapiens	2022-01-25	Lebanon	BA.2	EPI_ISL_14605875
109	Homo sapiens	2022-01-26	Lebanon	BA.1.1	EPI_ISL_14605878
109	Homo sapiens	2022-01-27	Lebanon	BA.1.1	EPI_ISL_14605881
108	Homo sapiens	2022-01-19	Lebanon	BA.1.15.1	EPI_ISL_14605895
109	Homo sapiens	2022-01-26	Lebanon	BA.2	EPI_ISL_14605776
108	Homo sapiens	2022-01-17	Lebanon	BA.1.1	EPI_ISL_14605897
108	Homo sapiens	2022-01-19	Lebanon	BA.1.1	EPI_ISL_14605899
108	Homo sapiens	2022-01-19	Lebanon	BA.1.1	EPI_ISL_14605739
108	Homo sapiens	2022-01-18	Lebanon	BA.1.1	EPI_ISL_14605731
108	Homo sapiens	2022-01-19	Lebanon	BA.1.1	EPI_ISL_14605744
108	Homo sapiens	2022-01-19	Lebanon	BA.1.1	EPI_ISL_14605743
103	Homo sapiens	2021-12-18	Lebanon	B.1.617.2	EPI_ISL_14605746
109	Homo sapiens	2022-01-26	Lebanon	BA.1.1	EPI_ISL_14605769
108	Homo sapiens	2022-01-21	Lebanon	BA.1	EPI_ISL_14605748
105	Homo sapiens	2021-12-29	Lebanon	BA.1.1	EPI_ISL_14605754
109	Homo sapiens	2022-01-26	Lebanon	BA.1.1	EPI_ISL_14605761
109	Homo sapiens	2022-01-26	Lebanon	BA.1.17.2	EPI_ISL_14605765
103	Homo sapiens	2021-12-15	Lebanon	AY.33	EPI_ISL_14846154
133	Homo sapiens	2022-07-12	Lebanon	BA.5.2	EPI_ISL_16583675
131	Homo sapiens	2022-06-30	Lebanon	BA.5.2	EPI_ISL_16583668
132	Homo sapiens	2022-07-05	Lebanon	BA.5.2	EPI_ISL_16583669
133	Homo sapiens	2022-07-12	Lebanon	BA.5.1	EPI_ISL_16583676
132	Homo sapiens	2022-07-05	Lebanon	BA.5.2	EPI_ISL_16583670
132	Homo sapiens	2022-07-04	Lebanon	BA.5.2	EPI_ISL_16583671
112	Homo sapiens	2022-02-14	Lebanon	BA.2	EPI_ISL_16583644
111	Homo sapiens	2022-02-10	Lebanon	BA.2	EPI_ISL_16583641
137	Homo sapiens	2022-08-10	Lebanon	BA.5.2	EPI_ISL_16583829
140	Homo sapiens	2022-08-30	Lebanon	BA.5.2	EPI_ISL_16583838
137	Homo sapiens	2022-08-12	Lebanon	BA.5.2.20	EPI_ISL_16583767
136	Homo sapiens	2022-08-04	Lebanon	BE.1	EPI_ISL_16583764
140	Homo sapiens	2022-08-29	Lebanon	BA.5.2	EPI_ISL_16583768
140	Homo sapiens	2022-09-01	Lebanon	BF.10	EPI_ISL_16583769
130	Homo sapiens	2022-06-23	Lebanon	BA.5.1	EPI_ISL_16583761
150	Homo sapiens	2022-11-08	Lebanon	BA.5.2	EPI_ISL_16583776
140	Homo sapiens	2022-08-30	Lebanon	BA.5.2	EPI_ISL_16583780
136	Homo sapiens	2022-08-04	Lebanon	BA.5.2	EPI_ISL_17023937
133	Homo sapiens	2022-07-16	Lebanon	BA.4.1	EPI_ISL_17022872
134	Homo sapiens	2022-07-24	Lebanon	BA.5.2	EPI_ISL_17023929
134	Homo sapiens	2022-07-21	Lebanon	BA.5.2	EPI_ISL_17023926
135	Homo sapiens	2022-07-25	Lebanon	BA.5.2.2	EPI_ISL_17023930
135	Homo sapiens	2022-07-26	Lebanon	BA.5.2	EPI_ISL_17023931
136	Homo sapiens	2022-08-01	Lebanon	BA.5.1	EPI_ISL_17023935
130	Homo sapiens	2022-06-20	Lebanon	BA.2	EPI_ISL_17022871
134	Homo sapiens	2022-07-22	Lebanon	BA.5.2	EPI_ISL_17023940
133	Homo sapiens	2022-07-16	Lebanon	BA.5.2	EPI_ISL_17023924
132	Homo sapiens	2022-07-07	Lebanon	BF.5	EPI_ISL_17023944
130	Homo sapiens	2022-06-26	Lebanon	BE.1.1	EPI_ISL_17023938
