75	Homo sapiens	2021-06-05	Liberia 	AY.37	EPI_ISL_3547663
75	Homo sapiens	2021-06-05	Liberia 	AY.37	EPI_ISL_3547664
77	Homo sapiens	2021-06-16	Liberia 	AY.37	EPI_ISL_3547665
76	Homo sapiens	2021-06-12	Liberia 	AY.37	EPI_ISL_3547666
75	Homo sapiens	2021-06-06	Liberia 	AY.37	EPI_ISL_3547667
75	Homo sapiens	2021-06-06	Liberia 	AY.37	EPI_ISL_3547668
75	Homo sapiens	2021-06-06	Liberia 	AY.37	EPI_ISL_3547669
75	Homo sapiens	2021-06-06	Liberia 	AY.37	EPI_ISL_3547670
75	Homo sapiens	2021-06-06	Liberia 	AY.37	EPI_ISL_3547671
75	Homo sapiens	2021-06-06	Liberia 	AY.37	EPI_ISL_3547672
75	Homo sapiens	2021-06-06	Liberia 	AY.37	EPI_ISL_3547673
76	Homo sapiens	2021-06-12	Liberia 	AY.37	EPI_ISL_3547674
76	Homo sapiens	2021-06-12	Liberia 	AY.37	EPI_ISL_3547675
75	Homo sapiens	2021-06-06	Liberia 	AY.37	EPI_ISL_3547676
76	Homo sapiens	2021-06-12	Liberia 	AY.37	EPI_ISL_3547677
76	Homo sapiens	2021-06-12	Liberia 	AY.37	EPI_ISL_3547678
76	Homo sapiens	2021-06-12	Liberia 	AY.37	EPI_ISL_3547679
76	Homo sapiens	2021-06-12	Liberia 	AY.37	EPI_ISL_3547680
76	Homo sapiens	2021-06-12	Liberia 	AY.37	EPI_ISL_3547681
76	Homo sapiens	2021-06-08	Liberia 	AY.37	EPI_ISL_3547682
78	Homo sapiens	2021-06-27	Liberia 	AY.37	EPI_ISL_3547683
75	Homo sapiens	2021-06-05	Liberia 	AY.37	EPI_ISL_3547684
80	Homo sapiens	2021-07-08	Liberia 	AY.37	EPI_ISL_3547685
80	Homo sapiens	2021-07-08	Liberia 	AY.37	EPI_ISL_3547686
80	Homo sapiens	2021-07-08	Liberia 	AY.37	EPI_ISL_3547687
80	Homo sapiens	2021-07-08	Liberia 	AY.37	EPI_ISL_3547688
80	Homo sapiens	2021-07-09	Liberia 	AY.37	EPI_ISL_3547689
80	Homo sapiens	2021-07-09	Liberia 	AY.37	EPI_ISL_3547690
80	Homo sapiens	2021-07-08	Liberia 	AY.26	EPI_ISL_3560291
80	Homo sapiens	2021-07-10	Liberia 	AY.37	EPI_ISL_3547691
77	Homo sapiens	2021-06-18	Liberia 	AY.37	EPI_ISL_3547692
77	Homo sapiens	2021-06-19	Liberia 	AY.37	EPI_ISL_3547693
77	Homo sapiens	2021-06-17	Liberia 	AY.37	EPI_ISL_3547694
77	Homo sapiens	2021-06-17	Liberia 	AY.37	EPI_ISL_3547695
77	Homo sapiens	2021-06-17	Liberia 	AY.37	EPI_ISL_3547696
77	Homo sapiens	2021-06-18	Liberia 	AY.37	EPI_ISL_3547697
77	Homo sapiens	2021-06-18	Liberia 	AY.37	EPI_ISL_3547698
77	Homo sapiens	2021-06-15	Liberia 	AY.37	EPI_ISL_3547699
77	Homo sapiens	2021-06-16	Liberia 	AY.37	EPI_ISL_3547700
77	Homo sapiens	2021-06-16	Liberia 	AY.37	EPI_ISL_3547701
77	Homo sapiens	2021-06-17	Liberia 	AY.37	EPI_ISL_3547702
77	Homo sapiens	2021-06-16	Liberia 	AY.37	EPI_ISL_3547703
77	Homo sapiens	2021-06-16	Liberia 	AY.37	EPI_ISL_3547704
78	Homo sapiens	2021-06-26	Liberia 	AY.37	EPI_ISL_3547705
74	Homo sapiens	2021-05-29	Liberia 	AY.37	EPI_ISL_4232133
74	Homo sapiens	2021-05-29	Liberia 	B.1.525	EPI_ISL_4232130
74	Homo sapiens	2021-05-29	Liberia 	AY.37	EPI_ISL_4232141
74	Homo sapiens	2021-05-27	Liberia 	B.1.525	EPI_ISL_4232129
73	Homo sapiens	2021-05-20	Liberia 	B.1.617.2	EPI_ISL_4232138
73	Homo sapiens	2021-05-20	Liberia 	B.1.1.7	EPI_ISL_4232154
73	Homo sapiens	2021-05-20	Liberia 	B.1.1.318	EPI_ISL_4232148
73	Homo sapiens	2021-05-20	Liberia 	B.1.617.2	EPI_ISL_4232140
73	Homo sapiens	2021-05-20	Liberia 	AY.37	EPI_ISL_4232139
73	Homo sapiens	2021-05-20	Liberia 	B.1.351.5	EPI_ISL_4232145
73	Homo sapiens	2021-05-20	Liberia 	B.1.617.2	EPI_ISL_4232127
73	Homo sapiens	2021-05-20	Liberia 	B.1.351.5	EPI_ISL_4232128
73	Homo sapiens	2021-05-20	Liberia 	B.1.1.7	EPI_ISL_4232153
73	Homo sapiens	2021-05-20	Liberia 	B.1.1.318	EPI_ISL_4232150
73	Homo sapiens	2021-05-17	Liberia 	B.1.525	EPI_ISL_4232142
73	Homo sapiens	2021-05-17	Liberia 	B.1.1.318	EPI_ISL_4232149
71	Homo sapiens	2021-05-04	Liberia 	AY.37	EPI_ISL_4232137
71	Homo sapiens	2021-05-03	Liberia 	B.1.1.7	EPI_ISL_4232152
68	Homo sapiens	2021-04-17	Liberia 	AY.37	EPI_ISL_4232136
68	Homo sapiens	2021-04-13	Liberia 	B.1.525	EPI_ISL_4232147
67	Homo sapiens	2021-04-10	Liberia 	B.1.617.2	EPI_ISL_4232135
67	Homo sapiens	2021-04-10	Liberia 	AY.37	EPI_ISL_4232126
67	Homo sapiens	2021-04-08	Liberia 	B.1.351.5	EPI_ISL_4232122
67	Homo sapiens	2021-04-08	Liberia 	R.1	EPI_ISL_4232125
67	Homo sapiens	2021-04-06	Liberia 	B.1.617.2	EPI_ISL_4232134
66	Homo sapiens	2021-04-04	Liberia 	B.1.525	EPI_ISL_4232131
66	Homo sapiens	2021-04-04	Liberia 	B.1.351.5	EPI_ISL_4232144
66	Homo sapiens	2021-04-04	Liberia 	B.1.1.7	EPI_ISL_4232151
66	Homo sapiens	2021-04-02	Liberia 	B.1.351.5	EPI_ISL_4232143
66	Homo sapiens	2021-03-31	Liberia 	B.1.351.5	EPI_ISL_4232123
66	Homo sapiens	2021-03-31	Liberia 	B.1.526	EPI_ISL_4232124
63	Homo sapiens	2021-03-10	Liberia 	B.1.525	EPI_ISL_4232146
63	Homo sapiens	2021-03-09	Liberia 	AY.37	EPI_ISL_4232132
