68	Homo sapiens	2021-04-12	Liechtenstein	B.1.214.2	EPI_ISL_3030090
67	Homo sapiens	2021-04-08	Liechtenstein	B.1.621	OU574397.1
71	Homo sapiens	2021-05-06	Liechtenstein	AZ.2.1	OU578695.1
68	Homo sapiens	2021-04-12	Liechtenstein	B.1	OU578728.1
67	Homo sapiens	2021-04-11	Liechtenstein	B.1	OU578729.1
69	Homo sapiens	2021-04-25	Liechtenstein	AZ.2.1	OU578739.1
68	Homo sapiens	2021-04-18	Liechtenstein	B.1.1.7	OU578755.1
68	Homo sapiens	2021-04-18	Liechtenstein	B.1.1.7	OU578776.1
70	Homo sapiens	2021-04-26	Liechtenstein	AZ.2.1	OU578780.1
69	Homo sapiens	2021-04-20	Liechtenstein	B.1.1.7	OU578788.1
71	Homo sapiens	2021-05-05	Liechtenstein	AZ.2.1	OU579038.1
71	Homo sapiens	2021-05-03	Liechtenstein	AZ.2.1	OU579074.1
67	Homo sapiens	2021-04-10	Liechtenstein	B.1	OU579092.1
68	Homo sapiens	2021-04-12	Liechtenstein	B.1	OU579143.1
66	Homo sapiens	2021-04-03	Liechtenstein	B.1	OU579166.1
70	Homo sapiens	2021-04-30	Liechtenstein	AZ.2.1	OU579262.1
67	Homo sapiens	2021-04-07	Liechtenstein	B.1	OU579270.1
73	Homo sapiens	2021-05-18	Liechtenstein	AZ.2	OU579282.1
91	Homo sapiens	2021-09-21	Liechtenstein	AY.43	EPI_ISL_5079479
89	Homo sapiens	2021-09-08	Liechtenstein	AY.98.1	EPI_ISL_5069987
89	Homo sapiens	2021-09-07	Liechtenstein	AY.122	EPI_ISL_5069928
88	Homo sapiens	2021-09-01	Liechtenstein	AY.41	EPI_ISL_5069919
70	Homo sapiens	2021-04-26	Liechtenstein	AZ.2.1	EPI_ISL_5865427
98	Homo sapiens	2021-11-09	Liechtenstein	AY.42	EPI_ISL_6329358
98	Homo sapiens	2021-11-09	Liechtenstein	AY.98.1	EPI_ISL_6329359
98	Homo sapiens	2021-11-08	Liechtenstein	AY.126	EPI_ISL_6329349
98	Homo sapiens	2021-11-08	Liechtenstein	AY.43	EPI_ISL_6329318
98	Homo sapiens	2021-11-08	Liechtenstein	AY.120	EPI_ISL_6329319
98	Homo sapiens	2021-11-08	Liechtenstein	AY.120	EPI_ISL_6329365
98	Homo sapiens	2021-11-08	Liechtenstein	AY.125	EPI_ISL_6329361
98	Homo sapiens	2021-11-08	Liechtenstein	AY.4	EPI_ISL_6329360
98	Homo sapiens	2021-11-08	Liechtenstein	AY.43.4	EPI_ISL_6329291
97	Homo sapiens	2021-11-06	Liechtenstein	AY.4	EPI_ISL_6372355
97	Homo sapiens	2021-11-05	Liechtenstein	AY.120	EPI_ISL_6372285
97	Homo sapiens	2021-11-05	Liechtenstein	AY.129	EPI_ISL_6372286
97	Homo sapiens	2021-11-05	Liechtenstein	AY.42	EPI_ISL_6372289
97	Homo sapiens	2021-11-04	Liechtenstein	AY.42	EPI_ISL_6372350
97	Homo sapiens	2021-11-04	Liechtenstein	AY.42	EPI_ISL_6372287
97	Homo sapiens	2021-11-03	Liechtenstein	AY.43.4	EPI_ISL_6308752
97	Homo sapiens	2021-11-03	Liechtenstein	AY.43	EPI_ISL_6329282
97	Homo sapiens	2021-11-03	Liechtenstein	AY.98.1	EPI_ISL_6372330
97	Homo sapiens	2021-11-03	Liechtenstein	AY.4.9	EPI_ISL_6372290
97	Homo sapiens	2021-11-03	Liechtenstein	AY.4	EPI_ISL_6372279
97	Homo sapiens	2021-11-03	Liechtenstein	AY.4.9	EPI_ISL_6372288
97	Homo sapiens	2021-11-03	Liechtenstein	AY.43.4	EPI_ISL_6372283
97	Homo sapiens	2021-11-02	Liechtenstein	AY.4	EPI_ISL_6372284
95	Homo sapiens	2021-10-24	Liechtenstein	AY.4	EPI_ISL_6329268
97	Homo sapiens	2021-11-07	Liechtenstein	AY.98.1	EPI_ISL_6475321
98	Homo sapiens	2021-11-14	Liechtenstein	AY.98.1	EPI_ISL_6589620
98	Homo sapiens	2021-11-14	Liechtenstein	AY.129	EPI_ISL_6589629
98	Homo sapiens	2021-11-14	Liechtenstein	AY.42	EPI_ISL_6589619
98	Homo sapiens	2021-11-14	Liechtenstein	AY.4	EPI_ISL_6589636
98	Homo sapiens	2021-11-14	Liechtenstein	AY.43.4	EPI_ISL_6589570
98	Homo sapiens	2021-11-13	Liechtenstein	AY.120	EPI_ISL_6589595
98	Homo sapiens	2021-11-13	Liechtenstein	AY.4	EPI_ISL_6589605
98	Homo sapiens	2021-11-13	Liechtenstein	AY.129	EPI_ISL_6589655
98	Homo sapiens	2021-11-12	Liechtenstein	AY.43.8	EPI_ISL_6589584
98	Homo sapiens	2021-11-12	Liechtenstein	AY.120	EPI_ISL_6589580
98	Homo sapiens	2021-11-12	Liechtenstein	AY.121	EPI_ISL_6589649
98	Homo sapiens	2021-11-12	Liechtenstein	AY.122	EPI_ISL_6589654
98	Homo sapiens	2021-11-12	Liechtenstein	AY.43	EPI_ISL_6589579
99	Homo sapiens	2021-11-15	Liechtenstein	AY.129	EPI_ISL_6717826
99	Homo sapiens	2021-11-15	Liechtenstein	AY.46.6	EPI_ISL_6717791
99	Homo sapiens	2021-11-15	Liechtenstein	AY.4	EPI_ISL_6717817
98	Homo sapiens	2021-11-14	Liechtenstein	AY.129	EPI_ISL_6717836
98	Homo sapiens	2021-11-14	Liechtenstein	AY.42	EPI_ISL_6717848
97	Homo sapiens	2021-11-06	Liechtenstein	AY.34	EPI_ISL_6329305
98	Homo sapiens	2021-11-11	Liechtenstein	AY.126	EPI_ISL_6937165
98	Homo sapiens	2021-11-11	Liechtenstein	AY.4	EPI_ISL_6937172
98	Homo sapiens	2021-11-10	Liechtenstein	AY.4	EPI_ISL_6937179
98	Homo sapiens	2021-11-10	Liechtenstein	AY.4	EPI_ISL_6937190
98	Homo sapiens	2021-11-10	Liechtenstein	AY.4	EPI_ISL_6937220
98	Homo sapiens	2021-11-10	Liechtenstein	AY.43.4	EPI_ISL_6937227
98	Homo sapiens	2021-11-10	Liechtenstein	AY.43.4	EPI_ISL_6937235
98	Homo sapiens	2021-11-09	Liechtenstein	AY.121	EPI_ISL_6937248
98	Homo sapiens	2021-11-10	Liechtenstein	AY.4	EPI_ISL_6937253
98	Homo sapiens	2021-11-09	Liechtenstein	AY.121	EPI_ISL_6937258
98	Homo sapiens	2021-11-11	Liechtenstein	AY.43	EPI_ISL_6937350
99	Homo sapiens	2021-11-15	Liechtenstein	AY.4	EPI_ISL_7506571
99	Homo sapiens	2021-11-16	Liechtenstein	AY.43	EPI_ISL_7506531
99	Homo sapiens	2021-11-17	Liechtenstein	AY.129	EPI_ISL_7506630
99	Homo sapiens	2021-11-18	Liechtenstein	AY.129	EPI_ISL_7506679
99	Homo sapiens	2021-11-18	Liechtenstein	AY.43	EPI_ISL_7506542
99	Homo sapiens	2021-11-18	Liechtenstein	AY.129	EPI_ISL_7506624
99	Homo sapiens	2021-11-18	Liechtenstein	AY.43	EPI_ISL_7506562
99	Homo sapiens	2021-11-18	Liechtenstein	AY.43.4	EPI_ISL_7506579
99	Homo sapiens	2021-11-18	Liechtenstein	AY.4	EPI_ISL_7506596
99	Homo sapiens	2021-11-18	Liechtenstein	AY.129	EPI_ISL_7506572
99	Homo sapiens	2021-11-19	Liechtenstein	AY.43.4	EPI_ISL_7506585
99	Homo sapiens	2021-11-19	Liechtenstein	AY.42	EPI_ISL_7506576
99	Homo sapiens	2021-11-19	Liechtenstein	AY.43.8	EPI_ISL_7506677
99	Homo sapiens	2021-11-19	Liechtenstein	AY.4	EPI_ISL_7506554
99	Homo sapiens	2021-11-19	Liechtenstein	AY.43	EPI_ISL_7506669
99	Homo sapiens	2021-11-19	Liechtenstein	AY.43	EPI_ISL_7506625
99	Homo sapiens	2021-11-19	Liechtenstein	AY.4	EPI_ISL_7506639
99	Homo sapiens	2021-11-20	Liechtenstein	AY.43	EPI_ISL_7506661
99	Homo sapiens	2021-11-20	Liechtenstein	AY.43	EPI_ISL_7506574
99	Homo sapiens	2021-11-20	Liechtenstein	AY.46.6	EPI_ISL_7506577
99	Homo sapiens	2021-11-20	Liechtenstein	AY.129	EPI_ISL_7506610
99	Homo sapiens	2021-11-20	Liechtenstein	AY.43	EPI_ISL_7506603
99	Homo sapiens	2021-11-20	Liechtenstein	AY.43	EPI_ISL_7506541
99	Homo sapiens	2021-11-20	Liechtenstein	AY.43.8	EPI_ISL_7506615
99	Homo sapiens	2021-11-21	Liechtenstein	AY.42	EPI_ISL_7506560
99	Homo sapiens	2021-11-21	Liechtenstein	AY.46.6	EPI_ISL_7506573
99	Homo sapiens	2021-11-21	Liechtenstein	AY.43	EPI_ISL_7506543
99	Homo sapiens	2021-11-21	Liechtenstein	AY.43	EPI_ISL_7506551
99	Homo sapiens	2021-11-20	Liechtenstein	AY.126	OV215695.1
102	Homo sapiens	2021-12-06	Liechtenstein	AY.42	EPI_ISL_7710527
102	Homo sapiens	2021-12-06	Liechtenstein	AY.43.8	EPI_ISL_7710451
102	Homo sapiens	2021-12-06	Liechtenstein	AY.43.8	EPI_ISL_7710473
102	Homo sapiens	2021-12-06	Liechtenstein	AY.43.8	EPI_ISL_7710474
102	Homo sapiens	2021-12-06	Liechtenstein	AY.46.6	EPI_ISL_7710475
102	Homo sapiens	2021-12-06	Liechtenstein	AY.42	EPI_ISL_7710479
101	Homo sapiens	2021-12-03	Liechtenstein	AY.43.8	EPI_ISL_7710411
101	Homo sapiens	2021-12-02	Liechtenstein	AY.43.8	EPI_ISL_7710445
101	Homo sapiens	2021-12-02	Liechtenstein	AY.43	EPI_ISL_7710450
101	Homo sapiens	2021-12-02	Liechtenstein	AY.43.8	EPI_ISL_7710385
101	Homo sapiens	2021-12-02	Liechtenstein	AY.43	EPI_ISL_7710386
101	Homo sapiens	2021-12-02	Liechtenstein	AY.43.8	EPI_ISL_7710387
101	Homo sapiens	2021-12-02	Liechtenstein	AY.43	EPI_ISL_7710388
101	Homo sapiens	2021-12-02	Liechtenstein	AY.43	EPI_ISL_7710410
101	Homo sapiens	2021-12-01	Liechtenstein	AY.42	EPI_ISL_7710394
101	Homo sapiens	2021-12-01	Liechtenstein	B.1.617.2	EPI_ISL_7710441
101	Homo sapiens	2021-12-01	Liechtenstein	B.1.617.2	EPI_ISL_7710398
101	Homo sapiens	2021-12-01	Liechtenstein	AY.5	EPI_ISL_7710495
101	Homo sapiens	2021-12-01	Liechtenstein	AY.42	EPI_ISL_7710499
101	Homo sapiens	2021-11-30	Liechtenstein	AY.43.8	EPI_ISL_7710390
101	Homo sapiens	2021-11-30	Liechtenstein	AY.43	EPI_ISL_7710459
101	Homo sapiens	2021-11-30	Liechtenstein	AY.126	EPI_ISL_7710480
101	Homo sapiens	2021-11-30	Liechtenstein	AY.43.4	EPI_ISL_7710500
101	Homo sapiens	2021-11-30	Liechtenstein	AY.43	EPI_ISL_7710503
101	Homo sapiens	2021-11-30	Liechtenstein	AY.129	EPI_ISL_7710486
101	Homo sapiens	2021-11-30	Liechtenstein	AY.43.8	EPI_ISL_7710485
101	Homo sapiens	2021-11-30	Liechtenstein	AY.4	EPI_ISL_7710512
101	Homo sapiens	2021-11-30	Liechtenstein	AY.43	EPI_ISL_7710515
101	Homo sapiens	2021-11-29	Liechtenstein	AY.43.8	EPI_ISL_7710389
101	Homo sapiens	2021-11-29	Liechtenstein	AY.3	EPI_ISL_7710412
101	Homo sapiens	2021-11-29	Liechtenstein	AY.4	EPI_ISL_7710416
101	Homo sapiens	2021-11-29	Liechtenstein	AY.43.4	EPI_ISL_7710520
101	Homo sapiens	2021-11-29	Liechtenstein	AY.126	EPI_ISL_7710524
101	Homo sapiens	2021-11-29	Liechtenstein	AY.43	EPI_ISL_7710529
101	Homo sapiens	2021-11-29	Liechtenstein	AY.129	EPI_ISL_7710476
101	Homo sapiens	2021-11-29	Liechtenstein	AY.43	EPI_ISL_7710490
100	Homo sapiens	2021-11-28	Liechtenstein	AY.4	EPI_ISL_7710242
100	Homo sapiens	2021-11-28	Liechtenstein	AY.43.8	EPI_ISL_7710247
100	Homo sapiens	2021-11-27	Liechtenstein	AY.43.8	EPI_ISL_7710245
100	Homo sapiens	2021-11-27	Liechtenstein	AY.43.8	EPI_ISL_7710253
100	Homo sapiens	2021-11-25	Liechtenstein	AY.43.8	EPI_ISL_7710257
100	Homo sapiens	2021-11-25	Liechtenstein	AY.43.8	EPI_ISL_7710258
100	Homo sapiens	2021-11-25	Liechtenstein	AY.43.8	EPI_ISL_7710255
100	Homo sapiens	2021-11-25	Liechtenstein	AY.43	EPI_ISL_7710256
100	Homo sapiens	2021-11-25	Liechtenstein	AY.43	EPI_ISL_7710514
100	Homo sapiens	2021-11-24	Liechtenstein	AY.33	EPI_ISL_7710241
99	Homo sapiens	2021-11-21	Liechtenstein	AY.43.8	EPI_ISL_7710261
99	Homo sapiens	2021-11-20	Liechtenstein	AY.43.4	EPI_ISL_7710260
99	Homo sapiens	2021-11-20	Liechtenstein	AY.43.8	EPI_ISL_7710252
99	Homo sapiens	2021-11-18	Liechtenstein	AY.43	EPI_ISL_7710259
98	Homo sapiens	2021-11-09	Liechtenstein	AY.98.1	OV059485.1
98	Homo sapiens	2021-11-08	Liechtenstein	AY.122	OV059449.1
58	Homo sapiens	2021-02-03	Liechtenstein	B.1.1.7	OU268972.1
57	Homo sapiens	2021-01-27	Liechtenstein	B.1.1.7	OU269347.1
56	Homo sapiens	2021-01-21	Liechtenstein	B.1.1.7	OU269342.1
102	Homo sapiens	2021-12-12	Liechtenstein	AY.43.8	EPI_ISL_8061542
102	Homo sapiens	2021-12-12	Liechtenstein	AY.4	EPI_ISL_8061530
102	Homo sapiens	2021-12-12	Liechtenstein	AY.42	EPI_ISL_8061591
102	Homo sapiens	2021-12-11	Liechtenstein	AY.43	EPI_ISL_8061551
102	Homo sapiens	2021-12-11	Liechtenstein	AY.43.4	EPI_ISL_8061270
102	Homo sapiens	2021-12-11	Liechtenstein	AY.43	EPI_ISL_8061400
102	Homo sapiens	2021-12-11	Liechtenstein	AY.127	EPI_ISL_8061592
102	Homo sapiens	2021-12-11	Liechtenstein	AY.120	EPI_ISL_8061339
102	Homo sapiens	2021-12-11	Liechtenstein	AY.43	EPI_ISL_8061555
102	Homo sapiens	2021-12-11	Liechtenstein	AY.43	EPI_ISL_8061567
102	Homo sapiens	2021-12-11	Liechtenstein	AY.43.4	EPI_ISL_8061396
102	Homo sapiens	2021-12-11	Liechtenstein	AY.42	EPI_ISL_8061391
102	Homo sapiens	2021-12-10	Liechtenstein	AY.129	EPI_ISL_8061566
102	Homo sapiens	2021-12-10	Liechtenstein	AY.43	EPI_ISL_8061408
102	Homo sapiens	2021-12-10	Liechtenstein	AY.43.4	EPI_ISL_8061404
102	Homo sapiens	2021-12-10	Liechtenstein	AY.129	EPI_ISL_8061362
102	Homo sapiens	2021-12-10	Liechtenstein	AY.46.6	EPI_ISL_8061342
102	Homo sapiens	2021-12-10	Liechtenstein	AY.43.4	EPI_ISL_8061336
102	Homo sapiens	2021-12-10	Liechtenstein	AY.43.4	EPI_ISL_8061387
102	Homo sapiens	2021-12-10	Liechtenstein	AY.43.4	EPI_ISL_8061379
102	Homo sapiens	2021-12-09	Liechtenstein	AY.129	EPI_ISL_8061282
102	Homo sapiens	2021-12-09	Liechtenstein	AY.46.6	EPI_ISL_8061412
102	Homo sapiens	2021-12-09	Liechtenstein	AY.46.6	EPI_ISL_8061446
102	Homo sapiens	2021-12-09	Liechtenstein	AY.43	EPI_ISL_8061219
102	Homo sapiens	2021-12-09	Liechtenstein	AY.122	EPI_ISL_8061370
102	Homo sapiens	2021-12-09	Liechtenstein	AY.122	EPI_ISL_8061262
102	Homo sapiens	2021-12-09	Liechtenstein	AY.43.8	EPI_ISL_8061253
102	Homo sapiens	2021-12-08	Liechtenstein	AY.43	EPI_ISL_8061652
102	Homo sapiens	2021-12-08	Liechtenstein	AY.127	EPI_ISL_8061303
102	Homo sapiens	2021-12-08	Liechtenstein	AY.127	EPI_ISL_8061206
102	Homo sapiens	2021-12-08	Liechtenstein	AY.43.8	EPI_ISL_8061223
102	Homo sapiens	2021-12-08	Liechtenstein	AY.127	EPI_ISL_8061337
102	Homo sapiens	2021-12-08	Liechtenstein	AY.46.6	EPI_ISL_8061366
102	Homo sapiens	2021-12-07	Liechtenstein	AY.120	EPI_ISL_8061227
102	Homo sapiens	2021-12-07	Liechtenstein	AY.43.8	EPI_ISL_8061669
102	Homo sapiens	2021-12-07	Liechtenstein	AY.43.8	EPI_ISL_8061644
102	Homo sapiens	2021-12-07	Liechtenstein	AY.120	EPI_ISL_8061640
102	Homo sapiens	2021-12-07	Liechtenstein	AY.129	EPI_ISL_8061635
102	Homo sapiens	2021-12-07	Liechtenstein	AY.129	EPI_ISL_8061358
102	Homo sapiens	2021-12-07	Liechtenstein	AY.121	EPI_ISL_8061344
102	Homo sapiens	2021-12-07	Liechtenstein	AY.4	EPI_ISL_8061215
102	Homo sapiens	2021-12-07	Liechtenstein	AY.129	EPI_ISL_8061681
102	Homo sapiens	2021-12-06	Liechtenstein	AY.43	EPI_ISL_8061673
101	Homo sapiens	2021-12-04	Liechtenstein	AY.4	EPI_ISL_8061648
101	Homo sapiens	2021-11-30	Liechtenstein	AY.46.6	EPI_ISL_8061421
100	Homo sapiens	2021-11-28	Liechtenstein	AY.46.6	EPI_ISL_8015093
100	Homo sapiens	2021-11-28	Liechtenstein	AY.120	EPI_ISL_8015046
100	Homo sapiens	2021-11-27	Liechtenstein	AY.43.8	EPI_ISL_8015106
100	Homo sapiens	2021-11-26	Liechtenstein	AY.129	EPI_ISL_8015200
100	Homo sapiens	2021-11-26	Liechtenstein	AY.43.8	EPI_ISL_8015065
100	Homo sapiens	2021-11-23	Liechtenstein	AY.126	EPI_ISL_8016959
102	Homo sapiens	2021-12-10	Liechtenstein	AY.43	EPI_ISL_8100362
103	Homo sapiens	2021-12-19	Liechtenstein	AY.43	EPI_ISL_8164939
103	Homo sapiens	2021-12-19	Liechtenstein	AY.129	EPI_ISL_8164962
103	Homo sapiens	2021-12-18	Liechtenstein	AY.129	EPI_ISL_8164936
103	Homo sapiens	2021-12-18	Liechtenstein	AY.46.6	EPI_ISL_8164945
103	Homo sapiens	2021-12-17	Liechtenstein	AY.122	EPI_ISL_8164952
102	Homo sapiens	2021-12-12	Liechtenstein	AY.4	EPI_ISL_8164947
102	Homo sapiens	2021-12-11	Liechtenstein	AY.43	EPI_ISL_8164954
102	Homo sapiens	2021-12-11	Liechtenstein	AY.127	EPI_ISL_8164967
102	Homo sapiens	2021-12-10	Liechtenstein	AY.42	EPI_ISL_8164966
102	Homo sapiens	2021-12-10	Liechtenstein	AY.43.4	EPI_ISL_8164963
102	Homo sapiens	2021-12-07	Liechtenstein	AY.42	EPI_ISL_8164951
102	Homo sapiens	2021-12-07	Liechtenstein	AY.46.6	EPI_ISL_8164965
101	Homo sapiens	2021-12-05	Liechtenstein	AY.129	EPI_ISL_8164957
101	Homo sapiens	2021-12-05	Liechtenstein	AY.43.8	EPI_ISL_8164946
101	Homo sapiens	2021-12-05	Liechtenstein	AY.7.1	EPI_ISL_8164950
101	Homo sapiens	2021-12-03	Liechtenstein	AY.46.6	EPI_ISL_8164961
101	Homo sapiens	2021-12-03	Liechtenstein	AY.129	EPI_ISL_8164970
100	Homo sapiens	2021-11-25	Liechtenstein	AY.43	EPI_ISL_8164958
104	Homo sapiens	2021-12-26	Liechtenstein	AY.7.2	EPI_ISL_8426829
104	Homo sapiens	2021-12-26	Liechtenstein	AY.46.6	EPI_ISL_8426793
104	Homo sapiens	2021-12-26	Liechtenstein	AY.127	EPI_ISL_8426921
104	Homo sapiens	2021-12-25	Liechtenstein	AY.43.8	EPI_ISL_8427047
104	Homo sapiens	2021-12-24	Liechtenstein	AY.43.8	EPI_ISL_8427023
104	Homo sapiens	2021-12-24	Liechtenstein	AY.46.6	EPI_ISL_8427093
104	Homo sapiens	2021-12-24	Liechtenstein	AY.127	EPI_ISL_8427087
104	Homo sapiens	2021-12-24	Liechtenstein	AY.4	EPI_ISL_8427096
104	Homo sapiens	2021-12-23	Liechtenstein	AY.7.1	EPI_ISL_8427134
104	Homo sapiens	2021-12-23	Liechtenstein	AY.43	EPI_ISL_8427103
104	Homo sapiens	2021-12-23	Liechtenstein	AY.46.6	EPI_ISL_8427107
104	Homo sapiens	2021-12-23	Liechtenstein	AY.43	EPI_ISL_8427098
104	Homo sapiens	2021-12-23	Liechtenstein	AY.42	EPI_ISL_8427039
104	Homo sapiens	2021-12-23	Liechtenstein	AY.4	EPI_ISL_8427068
104	Homo sapiens	2021-12-23	Liechtenstein	AY.43.4	EPI_ISL_8427059
104	Homo sapiens	2021-12-22	Liechtenstein	AY.43	EPI_ISL_8427439
104	Homo sapiens	2021-12-22	Liechtenstein	AY.122	EPI_ISL_8426890
104	Homo sapiens	2021-12-22	Liechtenstein	AY.43.8	EPI_ISL_8427031
104	Homo sapiens	2021-12-21	Liechtenstein	AY.4	EPI_ISL_8426872
104	Homo sapiens	2021-12-20	Liechtenstein	AY.129	EPI_ISL_8426814
103	Homo sapiens	2021-12-15	Liechtenstein	AY.42	EPI_ISL_8426874
104	Homo sapiens	2021-12-24	Liechtenstein	AY.126	OV373171.1
104	Homo sapiens	2021-12-22	Liechtenstein	AY.127	OV372877.1
104	Homo sapiens	2021-12-20	Liechtenstein	AY.43.4	EPI_ISL_8593524
103	Homo sapiens	2021-12-19	Liechtenstein	AY.7.1	EPI_ISL_8593546
103	Homo sapiens	2021-12-17	Liechtenstein	AY.46.6	EPI_ISL_8593571
103	Homo sapiens	2021-12-16	Liechtenstein	AY.43	EPI_ISL_8593568
103	Homo sapiens	2021-12-16	Liechtenstein	AY.43	EPI_ISL_8593559
103	Homo sapiens	2021-12-16	Liechtenstein	AY.46.6	EPI_ISL_8593565
103	Homo sapiens	2021-12-16	Liechtenstein	AY.43.4	EPI_ISL_8593527
103	Homo sapiens	2021-12-16	Liechtenstein	AY.7.1	EPI_ISL_8593528
103	Homo sapiens	2021-12-15	Liechtenstein	AY.127	EPI_ISL_8593538
103	Homo sapiens	2021-12-15	Liechtenstein	AY.43	EPI_ISL_8593577
103	Homo sapiens	2021-12-15	Liechtenstein	AY.43.8	EPI_ISL_8593573
103	Homo sapiens	2021-12-15	Liechtenstein	AY.4	EPI_ISL_8593574
103	Homo sapiens	2021-12-15	Liechtenstein	AY.121	EPI_ISL_8593556
103	Homo sapiens	2021-12-13	Liechtenstein	AY.127	EPI_ISL_8593555
103	Homo sapiens	2021-12-13	Liechtenstein	AY.43.4	EPI_ISL_8593540
102	Homo sapiens	2021-12-09	Liechtenstein	AY.3	EPI_ISL_8593576
102	Homo sapiens	2021-12-09	Liechtenstein	AY.120	EPI_ISL_8593563
102	Homo sapiens	2021-12-06	Liechtenstein	AY.46.6	EPI_ISL_8593575
102	Homo sapiens	2021-12-06	Liechtenstein	AY.43.8	EPI_ISL_8593572
102	Homo sapiens	2021-12-06	Liechtenstein	AY.43.8	EPI_ISL_8593564
101	Homo sapiens	2021-12-05	Liechtenstein	AY.43.4	EPI_ISL_8593547
101	Homo sapiens	2021-12-04	Liechtenstein	AY.46.6	EPI_ISL_8593552
101	Homo sapiens	2021-12-04	Liechtenstein	AY.129	EPI_ISL_8593569
101	Homo sapiens	2021-12-03	Liechtenstein	AY.4	EPI_ISL_8593541
101	Homo sapiens	2021-12-03	Liechtenstein	AY.42	EPI_ISL_8593522
101	Homo sapiens	2021-12-03	Liechtenstein	AY.43	EPI_ISL_8593521
103	Homo sapiens	2021-12-18	Liechtenstein	AY.43.4	EPI_ISL_8594390
103	Homo sapiens	2021-12-18	Liechtenstein	AY.43	EPI_ISL_8594395
103	Homo sapiens	2021-12-16	Liechtenstein	AY.43.8	EPI_ISL_8594386
103	Homo sapiens	2021-12-15	Liechtenstein	AY.43.8	EPI_ISL_8594388
103	Homo sapiens	2021-12-15	Liechtenstein	AY.43	EPI_ISL_8594362
103	Homo sapiens	2021-12-15	Liechtenstein	AY.127	EPI_ISL_8594364
103	Homo sapiens	2021-12-14	Liechtenstein	AY.43.4	EPI_ISL_8594360
103	Homo sapiens	2021-12-13	Liechtenstein	AY.43.4	EPI_ISL_8594368
103	Homo sapiens	2021-12-13	Liechtenstein	AY.43.8	EPI_ISL_8594391
102	Homo sapiens	2021-12-12	Liechtenstein	AY.129	EPI_ISL_8594363
102	Homo sapiens	2021-12-10	Liechtenstein	AY.4	EPI_ISL_8594371
102	Homo sapiens	2021-12-10	Liechtenstein	AY.43	EPI_ISL_8594361
101	Homo sapiens	2021-12-03	Liechtenstein	AY.129	EPI_ISL_8594389
103	Homo sapiens	2021-12-13	Liechtenstein	AY.4	OV464294.1
102	Homo sapiens	2021-12-09	Liechtenstein	AY.4	OV452120.1
102	Homo sapiens	2021-12-07	Liechtenstein	AY.126	OV453110.1
100	Homo sapiens	2021-11-28	Liechtenstein	AY.43	OV428649.1
103	Homo sapiens	2021-12-15	Liechtenstein	AY.126	OV485188.1
105	Homo sapiens	2021-12-31	Liechtenstein	AY.43.4	EPI_ISL_8793967
105	Homo sapiens	2021-12-28	Liechtenstein	AY.4	EPI_ISL_8793993
105	Homo sapiens	2021-12-27	Liechtenstein	AY.4	EPI_ISL_8793999
105	Homo sapiens	2021-12-27	Liechtenstein	AY.4.9	EPI_ISL_8793962
105	Homo sapiens	2021-12-27	Liechtenstein	AY.7.1	EPI_ISL_8793973
104	Homo sapiens	2021-12-26	Liechtenstein	AY.43	EPI_ISL_8794003
104	Homo sapiens	2021-12-26	Liechtenstein	AY.43	EPI_ISL_8794002
103	Homo sapiens	2021-12-19	Liechtenstein	AY.129	OV788646.1
110	Homo sapiens	2022-02-02	Liechtenstein	AY.43	EPI_ISL_11002226
110	Homo sapiens	2022-02-06	Liechtenstein	AY.43	EPI_ISL_11002243
110	Homo sapiens	2022-02-01	Liechtenstein	AY.43	EPI_ISL_11002143
110	Homo sapiens	2022-02-05	Liechtenstein	AY.126	OW151903.1
69	Homo sapiens	2021-04-21	Liechtenstein	B.1.1.7	EPI_ISL_1973556
51	Homo sapiens	2020-12-15	Liechtenstein	B.1.258	OU281801.1
51	Homo sapiens	2020-12-15	Liechtenstein	B.1.258	OU281806.1
53	Homo sapiens	2020-12-30	Liechtenstein	B.1.258	OU282182.1
53	Homo sapiens	2020-12-30	Liechtenstein	B.1.258	OU282190.1
53	Homo sapiens	2020-12-31	Liechtenstein	B.1.258	OU282209.1
53	Homo sapiens	2020-12-31	Liechtenstein	B.1.258	OU282480.1
53	Homo sapiens	2020-12-29	Liechtenstein	B.1.258	OU282499.1
53	Homo sapiens	2020-12-29	Liechtenstein	B.1.258	OU282500.1
53	Homo sapiens	2020-12-30	Liechtenstein	B.1.258	OU282503.1
52	Homo sapiens	2020-12-26	Liechtenstein	B.1.258	OU282768.1
115	Homo sapiens	2022-03-07	Liechtenstein	BA.2	EPI_ISL_12193639
131	Homo sapiens	2022-06-30	Liechtenstein	BA.5.3.1	EPI_ISL_14524516
135	Homo sapiens	2022-07-29	Liechtenstein	BA.5.2	EPI_ISL_14532142
136	Homo sapiens	2022-08-01	Liechtenstein	BA.5.8	EPI_ISL_14532145
135	Homo sapiens	2022-07-26	Liechtenstein	BE.1.1	EPI_ISL_14532179
136	Homo sapiens	2022-08-01	Liechtenstein	BA.5.1	EPI_ISL_14532132
135	Homo sapiens	2022-07-26	Liechtenstein	BA.5.2.1	EPI_ISL_14532175
135	Homo sapiens	2022-07-26	Liechtenstein	BA.5.2.1	EPI_ISL_14532164
135	Homo sapiens	2022-07-29	Liechtenstein	BA.5.3.4	EPI_ISL_14532165
136	Homo sapiens	2022-08-02	Liechtenstein	BA.5.2	EPI_ISL_14532159
135	Homo sapiens	2022-07-26	Liechtenstein	BA.5.2	EPI_ISL_14532116
136	Homo sapiens	2022-08-02	Liechtenstein	BA.5.2.1	EPI_ISL_14532115
145	Homo sapiens	2022-10-06	Liechtenstein	BL.1	OX347321.1
145	Homo sapiens	2022-10-08	Liechtenstein	CH.1.1	OX347334.1
144	Homo sapiens	2022-10-01	Liechtenstein	BF.7.24	OX347358.1
145	Homo sapiens	2022-10-06	Liechtenstein	CH.1.1	OX347359.1
146	Homo sapiens	2022-10-12	Liechtenstein	CH.1.1.4	EPI_ISL_15434822
144	Homo sapiens	2022-09-27	Liechtenstein	BQ.1.1.1	EPI_ISL_15434789
146	Homo sapiens	2022-10-10	Liechtenstein	BL.1	EPI_ISL_15434749
146	Homo sapiens	2022-10-10	Liechtenstein	BA.2.12.1	EPI_ISL_15434792
146	Homo sapiens	2022-10-10	Liechtenstein	BE.1.1.1	OX365807.1
147	Homo sapiens	2022-10-20	Liechtenstein	BN.1	OX366406.1
146	Homo sapiens	2022-10-14	Liechtenstein	BA.5.2.1	OX366407.1
145	Homo sapiens	2022-10-07	Liechtenstein	BT.2	OX366408.1
146	Homo sapiens	2022-10-13	Liechtenstein	BF.7	OX366423.1
146	Homo sapiens	2022-10-15	Liechtenstein	BF.7.10	OX366433.1
147	Homo sapiens	2022-10-21	Liechtenstein	BA.5.2.20	OX366438.1
147	Homo sapiens	2022-10-18	Liechtenstein	BQ.1.1	OX366442.1
147	Homo sapiens	2022-10-17	Liechtenstein	BF.7.24	OX366451.1
145	Homo sapiens	2022-10-03	Liechtenstein	BF.5	OX366461.1
146	Homo sapiens	2022-10-15	Liechtenstein	BE.1	OX366466.1
147	Homo sapiens	2022-10-20	Liechtenstein	BF.7	OX366469.1
146	Homo sapiens	2022-10-11	Liechtenstein	BA.5.2.26	OX366471.1
147	Homo sapiens	2022-10-17	Liechtenstein	BA.4.6	OX366477.1
146	Homo sapiens	2022-10-13	Liechtenstein	BA.5.2	OX366478.1
146	Homo sapiens	2022-10-13	Liechtenstein	CY.1	OX366481.1
145	Homo sapiens	2022-10-03	Liechtenstein	BA.5.2	OX366483.1
145	Homo sapiens	2022-10-06	Liechtenstein	BA.5.2.1	OX366489.1
145	Homo sapiens	2022-10-08	Liechtenstein	BF.7	OX366499.1
146	Homo sapiens	2022-10-10	Liechtenstein	BA.5.2.1	OX366502.1
148	Homo sapiens	2022-10-24	Liechtenstein	BF.14	EPI_ISL_15675848
148	Homo sapiens	2022-10-24	Liechtenstein	BF.7.5	EPI_ISL_15675840
148	Homo sapiens	2022-10-28	Liechtenstein	BA.5.1.22	EPI_ISL_15675773
148	Homo sapiens	2022-10-24	Liechtenstein	BF.14	EPI_ISL_15675954
148	Homo sapiens	2022-10-26	Liechtenstein	BA.5.2.26	EPI_ISL_15675761
148	Homo sapiens	2022-10-27	Liechtenstein	BA.5.2.1	EPI_ISL_15675745
148	Homo sapiens	2022-10-24	Liechtenstein	BA.5.1	EPI_ISL_15675947
148	Homo sapiens	2022-10-27	Liechtenstein	BF.14	EPI_ISL_15675922
149	Homo sapiens	2022-11-04	Liechtenstein	BN.1	EPI_ISL_15724906
149	Homo sapiens	2022-10-31	Liechtenstein	BQ.1.10.1	EPI_ISL_15724938
149	Homo sapiens	2022-11-03	Liechtenstein	BQ.1.11	EPI_ISL_15724952
149	Homo sapiens	2022-11-03	Liechtenstein	BF.7.4	EPI_ISL_15724895
149	Homo sapiens	2022-10-31	Liechtenstein	BA.5.1.10	EPI_ISL_15724904
149	Homo sapiens	2022-11-04	Liechtenstein	BQ.1.11	EPI_ISL_15724914
149	Homo sapiens	2022-11-03	Liechtenstein	CH.1.1.4	EPI_ISL_15724945
148	Homo sapiens	2022-10-29	Liechtenstein	CV.1	EPI_ISL_15724919
149	Homo sapiens	2022-11-03	Liechtenstein	CH.1.1.4	EPI_ISL_15724956
149	Homo sapiens	2022-10-31	Liechtenstein	CH.1.1.4	EPI_ISL_15724913
149	Homo sapiens	2022-11-04	Liechtenstein	BN.1	EPI_ISL_15724891
149	Homo sapiens	2022-11-03	Liechtenstein	CH.1.1.4	EPI_ISL_15785869
150	Homo sapiens	2022-11-07	Liechtenstein	CH.1.1.4	EPI_ISL_15785883
148	Homo sapiens	2022-10-25	Liechtenstein	BN.1	EPI_ISL_15785874
150	Homo sapiens	2022-11-07	Liechtenstein	BA.5.2	EPI_ISL_15802405
151	Homo sapiens	2022-11-14	Liechtenstein	BQ.1.3	EPI_ISL_15802414
150	Homo sapiens	2022-11-07	Liechtenstein	BQ.1.1	EPI_ISL_15802372
150	Homo sapiens	2022-11-11	Liechtenstein	BQ.1.12	EPI_ISL_15802417
150	Homo sapiens	2022-11-10	Liechtenstein	BA.5.2	EPI_ISL_15802403
150	Homo sapiens	2022-11-08	Liechtenstein	BA.5.2.30	EPI_ISL_15802365
150	Homo sapiens	2022-11-08	Liechtenstein	BQ.1.1.7	EPI_ISL_15802394
150	Homo sapiens	2022-11-08	Liechtenstein	BA.5.2	EPI_ISL_15802399
151	Homo sapiens	2022-11-17	Liechtenstein	BF.19	EPI_ISL_15897979
151	Homo sapiens	2022-11-19	Liechtenstein	BQ.1.1.32	EPI_ISL_15897977
151	Homo sapiens	2022-11-19	Liechtenstein	BF.7.5	EPI_ISL_15898009
151	Homo sapiens	2022-11-17	Liechtenstein	BQ.1.1	EPI_ISL_15898017
151	Homo sapiens	2022-11-14	Liechtenstein	BQ.1.11	EPI_ISL_15897963
151	Homo sapiens	2022-11-15	Liechtenstein	CH.1.1.4	EPI_ISL_15897955
151	Homo sapiens	2022-11-15	Liechtenstein	BN.1.3	EPI_ISL_15898004
151	Homo sapiens	2022-11-15	Liechtenstein	CH.1.1.3	EPI_ISL_15898026
151	Homo sapiens	2022-11-16	Liechtenstein	CH.1.1.4	EPI_ISL_15897992
152	Homo sapiens	2022-11-24	Liechtenstein	BQ.1.1	EPI_ISL_15966327
152	Homo sapiens	2022-11-26	Liechtenstein	BE.1.2	EPI_ISL_15966315
152	Homo sapiens	2022-11-25	Liechtenstein	BE.1.2	EPI_ISL_15966202
152	Homo sapiens	2022-11-26	Liechtenstein	BA.5.9	EPI_ISL_15966286
152	Homo sapiens	2022-11-21	Liechtenstein	CM.2	EPI_ISL_15966284
152	Homo sapiens	2022-11-24	Liechtenstein	BE.1.2	EPI_ISL_15966281
152	Homo sapiens	2022-11-24	Liechtenstein	XBB.1	EPI_ISL_15966295
152	Homo sapiens	2022-11-24	Liechtenstein	BA.5.9	EPI_ISL_15966304
152	Homo sapiens	2022-11-22	Liechtenstein	BQ.1.1.18	EPI_ISL_15966279
152	Homo sapiens	2022-11-21	Liechtenstein	BN.3.1	EPI_ISL_15966206
151	Homo sapiens	2022-11-17	Liechtenstein	CH.1.1	OX384554.1
152	Homo sapiens	2022-11-24	Liechtenstein	BA.2.3.20	OX384600.1
153	Homo sapiens	2022-11-28	Liechtenstein	BA.2.3.20	OX384632.1
152	Homo sapiens	2022-11-22	Liechtenstein	BN.1.3	OX384634.1
151	Homo sapiens	2022-11-17	Liechtenstein	BN.1.3	OX384635.1
153	Homo sapiens	2022-12-01	Liechtenstein	BA.5.3	EPI_ISL_16044689
153	Homo sapiens	2022-11-30	Liechtenstein	BQ.1.26.1	EPI_ISL_16044681
153	Homo sapiens	2022-12-01	Liechtenstein	BQ.1.1.32	EPI_ISL_16044660
153	Homo sapiens	2022-11-28	Liechtenstein	BQ.1.1.32	EPI_ISL_16044669
153	Homo sapiens	2022-12-01	Liechtenstein	CM.2	EPI_ISL_16044674
153	Homo sapiens	2022-12-01	Liechtenstein	BQ.1.26.1	EPI_ISL_16044643
153	Homo sapiens	2022-11-30	Liechtenstein	BQ.1.26.1	EPI_ISL_16044641
153	Homo sapiens	2022-11-29	Liechtenstein	BQ.1	EPI_ISL_16044652
153	Homo sapiens	2022-12-02	Liechtenstein	BQ.1.1.18	EPI_ISL_16044623
154	Homo sapiens	2022-12-05	Liechtenstein	BQ.1.1.10	OX388608.1
154	Homo sapiens	2022-12-05	Liechtenstein	XBB.1	OX388634.1
154	Homo sapiens	2022-12-06	Liechtenstein	BN.3.1	OX388735.1
153	Homo sapiens	2022-12-01	Liechtenstein	BN.1.3.1	OX388891.1
154	Homo sapiens	2022-12-05	Liechtenstein	XBB.1	OX388897.1
155	Homo sapiens	2022-12-12	Liechtenstein	BQ.1.26	OX394191.1
155	Homo sapiens	2022-12-17	Liechtenstein	BF.14	OX394209.1
155	Homo sapiens	2022-12-12	Liechtenstein	BA.5.2	OX394217.1
155	Homo sapiens	2022-12-15	Liechtenstein	BQ.1.1.7	OX394219.1
155	Homo sapiens	2022-12-12	Liechtenstein	BQ.1.1	OX394229.1
155	Homo sapiens	2022-12-15	Liechtenstein	BQ.1.1.13	OX394232.1
155	Homo sapiens	2022-12-12	Liechtenstein	BQ.1.1	OX394236.1
155	Homo sapiens	2022-12-16	Liechtenstein	BQ.1.1	OX394249.1
155	Homo sapiens	2022-12-15	Liechtenstein	BQ.1.1.17	OX394299.1
155	Homo sapiens	2022-12-12	Liechtenstein	BA.5.2.6	OX394300.1
155	Homo sapiens	2022-12-13	Liechtenstein	BQ.1.1	OX394332.1
155	Homo sapiens	2022-12-15	Liechtenstein	BA.5.2	OX394340.1
155	Homo sapiens	2022-12-12	Liechtenstein	BA.5.2.6	OX394344.1
155	Homo sapiens	2022-12-17	Liechtenstein	BF.7	OX394353.1
155	Homo sapiens	2022-12-14	Liechtenstein	BQ.1.1.13	OX394356.1
155	Homo sapiens	2022-12-16	Liechtenstein	BF.14	OX394377.1
155	Homo sapiens	2022-12-13	Liechtenstein	CL.1	OX394381.1
155	Homo sapiens	2022-12-13	Liechtenstein	BQ.1.26	OX394390.1
155	Homo sapiens	2022-12-12	Liechtenstein	BQ.1.1.17	OX394411.1
155	Homo sapiens	2022-12-12	Liechtenstein	CL.1	OX394472.1
156	Homo sapiens	2022-12-20	Liechtenstein	BF.14	OX400857.1
157	Homo sapiens	2022-12-28	Liechtenstein	BF.14	OX400901.1
156	Homo sapiens	2022-12-19	Liechtenstein	BA.5.2.6	OX400907.1
156	Homo sapiens	2022-12-22	Liechtenstein	BQ.1.1.7	OX400923.1
156	Homo sapiens	2022-12-22	Liechtenstein	BQ.1.1	OX400924.1
156	Homo sapiens	2022-12-20	Liechtenstein	CH.1.1	OX400930.1
156	Homo sapiens	2022-12-20	Liechtenstein	BQ.1.1.7	OX400953.1
156	Homo sapiens	2022-12-23	Liechtenstein	BQ.1.15	OX400997.1
156	Homo sapiens	2022-12-23	Liechtenstein	BN.1.5	OX401006.1
155	Homo sapiens	2022-12-16	Liechtenstein	BQ.1.1	OX401009.1
156	Homo sapiens	2022-12-23	Liechtenstein	BF.5	OX401069.1
157	Homo sapiens	2022-12-27	Liechtenstein	BQ.1.1	OX401087.1
156	Homo sapiens	2022-12-25	Liechtenstein	BF.14	OX401089.1
156	Homo sapiens	2022-12-20	Liechtenstein	BQ.1.5	OX401090.1
156	Homo sapiens	2022-12-19	Liechtenstein	BQ.1.1	OX401091.1
156	Homo sapiens	2022-12-20	Liechtenstein	BF.14	OX401096.1
157	Homo sapiens	2022-12-27	Liechtenstein	BN.3.1	OX401136.1
157	Homo sapiens	2022-12-27	Liechtenstein	BQ.1.1	OX401143.1
157	Homo sapiens	2022-12-27	Liechtenstein	BQ.1.1	OX401156.1
157	Homo sapiens	2022-12-27	Liechtenstein	BF.5	OX401186.1
157	Homo sapiens	2022-12-27	Liechtenstein	BF.14	OX401194.1
157	Homo sapiens	2022-12-27	Liechtenstein	BN.3.1	OX401206.1
156	Homo sapiens	2022-12-19	Liechtenstein	BQ.1.1	OX401235.1
157	Homo sapiens	2022-12-29	Liechtenstein	BQ.1.1	OX402618.1
157	Homo sapiens	2022-12-30	Liechtenstein	BQ.1.5	OX402624.1
