38	Homo sapiens	2020-09-16	Maldives	B.1	EPI_ISL_3275392
32	Homo sapiens	2020-08-06	Maldives	B.1	EPI_ISL_3275391
32	Homo sapiens	2020-08-06	Maldives	B.1	EPI_ISL_3275388
32	Homo sapiens	2020-08-03	Maldives	B.1	EPI_ISL_3275389
31	Homo sapiens	2020-07-27	Maldives	B.1	EPI_ISL_3275390
29	Homo sapiens	2020-07-19	Maldives	B.1	EPI_ISL_3275387
29	Homo sapiens	2020-07-16	Maldives	B.1	EPI_ISL_3275386
24	Homo sapiens	2020-06-11	Maldives	B.1	EPI_ISL_3275385
22	Homo sapiens	2020-05-26	Maldives	B.1	EPI_ISL_3275384
21	Homo sapiens	2020-05-19	Maldives	B.1	EPI_ISL_3275381
19	Homo sapiens	2020-05-09	Maldives	B.1	EPI_ISL_3275383
16	Homo sapiens	2020-04-19	Maldives	B.1	EPI_ISL_3275382
15	Homo sapiens	2020-04-11	Maldives	B.1	EPI_ISL_3275380
58	Homo sapiens	2021-02-07	Maldives	B.1	EPI_ISL_3452725
57	Homo sapiens	2021-01-31	Maldives	B.1.1.306	EPI_ISL_3452724
54	Homo sapiens	2021-01-07	Maldives	B.1.1.317	EPI_ISL_3452719
45	Homo sapiens	2020-11-06	Maldives	B.1	EPI_ISL_3452727
74	Homo sapiens	2021-05-28	Maldives	B.1.617.2	EPI_ISL_3540061
81	Homo sapiens	2021-07-17	Maldives	AY.95	EPI_ISL_3540073
81	Homo sapiens	2021-07-17	Maldives	AY.95	EPI_ISL_3540074
82	Homo sapiens	2021-07-25	Maldives	AY.95	EPI_ISL_3540044
