34	Homo sapiens	2020-08-19	Malta	B.1	MW079418.1
34	Homo sapiens	2020-08-19	Malta	B.1	EPI_ISL_576117
36	Homo sapiens	2020-09-04	Malta	B.1.389	EPI_ISL_576118
37	Homo sapiens	2020-09-07	Malta	B.1.389	EPI_ISL_576120
34	Homo sapiens	2020-08-20	Malta	B.1.389	EPI_ISL_576121
71	Homo sapiens	2021-05-09	Malta	P.1.17	EPI_ISL_2107888
71	Homo sapiens	2021-05-09	Malta	B.1.1.7	EPI_ISL_2107983
71	Homo sapiens	2021-05-09	Malta	P.1.16	EPI_ISL_2107982
71	Homo sapiens	2021-05-09	Malta	P.1.1	EPI_ISL_2107890
71	Homo sapiens	2021-05-09	Malta	B.1.1.7	EPI_ISL_2115909
71	Homo sapiens	2021-05-09	Malta	B.1.1.7	EPI_ISL_2113151
71	Homo sapiens	2021-05-09	Malta	B.1.1.7	EPI_ISL_2114267
71	Homo sapiens	2021-05-09	Malta	B.1.1.7	EPI_ISL_2114672
71	Homo sapiens	2021-05-09	Malta	B.1.1.7	EPI_ISL_2116339
71	Homo sapiens	2021-05-09	Malta	B.1.1.7	EPI_ISL_2115734
71	Homo sapiens	2021-05-09	Malta	B.1.1.7	EPI_ISL_2114423
71	Homo sapiens	2021-05-09	Malta	B.1.1.7	EPI_ISL_2113866
71	Homo sapiens	2021-05-09	Malta	B.1.1.7	EPI_ISL_2114905
71	Homo sapiens	2021-05-03	Malta	B.1.1.7	EPI_ISL_2107811
71	Homo sapiens	2021-05-03	Malta	B.1.1	EPI_ISL_2107809
71	Homo sapiens	2021-05-03	Malta	B.1.1.7	EPI_ISL_2107822
71	Homo sapiens	2021-05-03	Malta	B.1.1.7	EPI_ISL_2107816
71	Homo sapiens	2021-05-03	Malta	B.1.1.7	EPI_ISL_2107824
71	Homo sapiens	2021-05-03	Malta	B.1.1.7	EPI_ISL_2107823
71	Homo sapiens	2021-05-03	Malta	P.1.17	EPI_ISL_2107827
70	Homo sapiens	2021-04-27	Malta	B.1.1.7	EPI_ISL_2105932
70	Homo sapiens	2021-04-27	Malta	B.1.1.7	EPI_ISL_2105934
70	Homo sapiens	2021-04-27	Malta	B.1.1.7	EPI_ISL_2105937
70	Homo sapiens	2021-04-27	Malta	B.1.1.7	EPI_ISL_2105936
70	Homo sapiens	2021-04-27	Malta	B.1.1.7	EPI_ISL_2105883
69	Homo sapiens	2021-04-24	Malta	B.1.1.7	EPI_ISL_2105879
69	Homo sapiens	2021-04-24	Malta	B.1.1.7	EPI_ISL_2102125
69	Homo sapiens	2021-04-24	Malta	B.1.525	EPI_ISL_2102123
69	Homo sapiens	2021-04-21	Malta	B.1.1.7	EPI_ISL_2102069
69	Homo sapiens	2021-04-21	Malta	B.1.1.7	EPI_ISL_2102066
69	Homo sapiens	2021-04-21	Malta	B.1.1.7	EPI_ISL_2102067
69	Homo sapiens	2021-04-21	Malta	B.1.1.7	EPI_ISL_2102068
69	Homo sapiens	2021-04-21	Malta	B.1.351	EPI_ISL_2102070
68	Homo sapiens	2021-04-18	Malta	P.1.16	EPI_ISL_2101384
68	Homo sapiens	2021-04-18	Malta	B.1.1.7	EPI_ISL_2102065
68	Homo sapiens	2021-04-18	Malta	P.1	EPI_ISL_2101992
68	Homo sapiens	2021-04-18	Malta	B.1.1.7	EPI_ISL_2101614
68	Homo sapiens	2021-04-18	Malta	B.1.1.7	EPI_ISL_2102064
67	Homo sapiens	2021-04-09	Malta	B.1.1.7	EPI_ISL_2101352
67	Homo sapiens	2021-04-09	Malta	B.1.1.7	EPI_ISL_2101350
67	Homo sapiens	2021-04-09	Malta	B.1.1.7	EPI_ISL_2101346
67	Homo sapiens	2021-04-09	Malta	B.1.1.7	EPI_ISL_2101344
67	Homo sapiens	2021-04-09	Malta	B.1.1.7	EPI_ISL_2101289
67	Homo sapiens	2021-04-09	Malta	B.1.1.7	EPI_ISL_2101201
67	Homo sapiens	2021-04-09	Malta	B.1.1.7	EPI_ISL_2101343
67	Homo sapiens	2021-04-09	Malta	B.1.1.7	EPI_ISL_2101112
67	Homo sapiens	2021-04-09	Malta	B.1.1.7	EPI_ISL_2101349
67	Homo sapiens	2021-04-09	Malta	B.1.1.7	EPI_ISL_2101348
67	Homo sapiens	2021-04-09	Malta	B.1.1.7	EPI_ISL_2101347
75	Homo sapiens	2021-06-01	Malta	B.1.351	EPI_ISL_2716425
103	Homo sapiens	2021-12-16	Malta	AY.122	EPI_ISL_8377541
106	Homo sapiens	2022-01-08	Malta	AY.4	EPI_ISL_9776835
