132	Homo sapiens	2022-07-06	Marshal Islands	BA.5.1	EPI_ISL_14153380
132	Homo sapiens	2022-07-06	Marshal Islands	BA.5.1	EPI_ISL_14153381
132	Homo sapiens	2022-07-06	Marshal Islands	BA.5.1	EPI_ISL_14153379
132	Homo sapiens	2022-07-04	Marshal Islands	BA.5.1	EPI_ISL_14153382
135	Homo sapiens	2022-07-28	Marshal Islands	BF.8	EPI_ISL_14386526
146	Homo sapiens	2022-10-16	Marshal Islands	XBB.1	EPI_ISL_15592250
147	Homo sapiens	2022-10-17	Marshal Islands	BA.2.3.20	EPI_ISL_15593726
140	Homo sapiens	2022-09-03	Marshal Islands	BE.1	EPI_ISL_15793044
148	Homo sapiens	2022-10-27	Marshal Islands	BA.2.3.20	EPI_ISL_15793064
139	Homo sapiens	2022-08-25	Marshal Islands	BE.1	EPI_ISL_15793047
140	Homo sapiens	2022-08-29	Marshal Islands	BE.1	EPI_ISL_15793046
141	Homo sapiens	2022-09-05	Marshal Islands	BE.1	EPI_ISL_15793049
141	Homo sapiens	2022-09-05	Marshal Islands	BE.1	EPI_ISL_15793052
135	Homo sapiens	2022-07-29	Marshal Islands	BA.5.5	EPI_ISL_15793045
142	Homo sapiens	2022-09-12	Marshal Islands	BE.1	EPI_ISL_15793060
135	Homo sapiens	2022-07-29	Marshal Islands	BA.5.5	EPI_ISL_15793051
140	Homo sapiens	2022-09-03	Marshal Islands	BE.1	EPI_ISL_15793058
140	Homo sapiens	2022-08-29	Marshal Islands	BE.1	EPI_ISL_15793048
141	Homo sapiens	2022-09-06	Marshal Islands	BE.1	EPI_ISL_15793062
135	Homo sapiens	2022-07-30	Marshal Islands	BA.5.5	EPI_ISL_15793063
140	Homo sapiens	2022-09-03	Marshal Islands	BE.1	EPI_ISL_15793061
138	Homo sapiens	2022-08-16	Marshal Islands	BE.1	EPI_ISL_15793057
140	Homo sapiens	2022-08-29	Marshal Islands	BE.1	EPI_ISL_15793059
168	Homo sapiens	2023-03-15	Marshal Islands	BN.1.3	EPI_ISL_17289365
