132	Homo sapiens	2022-07-06	Micronesia 	BA.5.5	EPI_ISL_14061266
134	Homo sapiens	2022-07-19	Micronesia 	BA.5.5	EPI_ISL_14318060
134	Homo sapiens	2022-07-19	Micronesia 	BA.5.5	EPI_ISL_14318061
134	Homo sapiens	2022-07-19	Micronesia 	BA.5.5	EPI_ISL_14318063
134	Homo sapiens	2022-07-19	Micronesia 	BA.5.5	EPI_ISL_14318057
134	Homo sapiens	2022-07-18	Micronesia 	BA.5.5	EPI_ISL_14318054
135	Homo sapiens	2022-07-29	Micronesia 	BA.5.5	EPI_ISL_14767325
134	Homo sapiens	2022-07-19	Micronesia 	BA.5.5	EPI_ISL_14767323
144	Homo sapiens	2022-10-02	Micronesia 	BA.5	EPI_ISL_15436624
144	Homo sapiens	2022-10-02	Micronesia 	BA.5	EPI_ISL_15436623
144	Homo sapiens	2022-10-02	Micronesia 	BA.5	EPI_ISL_15436625
144	Homo sapiens	2022-10-02	Micronesia 	BA.5	EPI_ISL_15436620
144	Homo sapiens	2022-10-02	Micronesia 	BA.5	EPI_ISL_15436619
153	Homo sapiens	2022-12-04	Micronesia 	BF.7	EPI_ISL_16371739
153	Homo sapiens	2022-12-04	Micronesia 	BF.7	EPI_ISL_16371737
153	Homo sapiens	2022-12-04	Micronesia 	BF.7	EPI_ISL_16371738
153	Homo sapiens	2022-12-04	Micronesia 	BF.7	EPI_ISL_16371735
157	Homo sapiens	2022-12-28	Micronesia 	BQ.1.12	EPI_ISL_16935529
157	Homo sapiens	2022-12-28	Micronesia 	BQ.1.12	EPI_ISL_16935528
160	Homo sapiens	2023-01-17	Micronesia 	BQ.1.12	EPI_ISL_17074978
165	Homo sapiens	2023-02-24	Micronesia 	BQ.1.12	EPI_ISL_17182139
165	Homo sapiens	2023-02-26	Micronesia 	BQ.1.12	EPI_ISL_17182141
166	Homo sapiens	2023-02-27	Micronesia 	XBB.1.5	EPI_ISL_17160722
165	Homo sapiens	2023-02-22	Micronesia 	BQ.1.12	EPI_ISL_17160720
166	Homo sapiens	2023-02-27	Micronesia 	XBB.1.5	EPI_ISL_17160721
166	Homo sapiens	2023-02-28	Micronesia 	XBB.1.9.1	EPI_ISL_17289380
166	Homo sapiens	2023-02-28	Micronesia 	XBB.1.5	EPI_ISL_17289376
166	Homo sapiens	2023-02-28	Micronesia 	XBB.1.9.1	EPI_ISL_17289377
