11	Homo sapiens	2020-03-13	Moldova	B.1	EPI_ISL_523960
11	Homo sapiens	2020-03-14	Moldova	B.31	EPI_ISL_523962
11	Homo sapiens	2020-03-14	Moldova	B.1	EPI_ISL_523964
11	Homo sapiens	2020-03-12	Moldova	B.1	EPI_ISL_523966
11	Homo sapiens	2020-03-11	Moldova	B.1	EPI_ISL_523968
25	Homo sapiens	2020-06-17	Moldova	B.1.1	EPI_ISL_516938
62	Homo sapiens	2021-03-03	Moldova	B.1.1.7	EPI_ISL_1385804
62	Homo sapiens	2021-03-03	Moldova	B.1.1.7	EPI_ISL_1385807
62	Homo sapiens	2021-03-03	Moldova	B.1.1.7	EPI_ISL_1385811
73	Homo sapiens	2021-05-17	Moldova	B.1.1.7	EPI_ISL_2894996
72	Homo sapiens	2021-05-10	Moldova	B.1.1.7	EPI_ISL_2894995
67	Homo sapiens	2021-04-08	Moldova	B.1.1.7	EPI_ISL_2894994
67	Homo sapiens	2021-04-05	Moldova	B.1.1.7	EPI_ISL_2894992
66	Homo sapiens	2021-04-03	Moldova	B.1.1.7	EPI_ISL_2894993
66	Homo sapiens	2021-04-01	Moldova	B.1.1.7	EPI_ISL_2894988
66	Homo sapiens	2021-04-01	Moldova	B.1.1.7	EPI_ISL_2894989
66	Homo sapiens	2021-04-01	Moldova	B.1.1.7	EPI_ISL_2894990
64	Homo sapiens	2021-03-18	Moldova	B.1.1.7	EPI_ISL_2894986
64	Homo sapiens	2021-03-18	Moldova	B.1.1.7	EPI_ISL_2894987
66	Homo sapiens	2021-04-01	Moldova	B.1.1.7	EPI_ISL_2894991
80	Homo sapiens	2021-07-06	Moldova	AY.122	EPI_ISL_3064708
79	Homo sapiens	2021-06-29	Moldova	AY.122	EPI_ISL_3064707
79	Homo sapiens	2021-06-28	Moldova	AY.122	EPI_ISL_3064705
79	Homo sapiens	2021-06-28	Moldova	AY.122	EPI_ISL_3064712
79	Homo sapiens	2021-06-28	Moldova	AY.122	EPI_ISL_3064713
78	Homo sapiens	2021-06-26	Moldova	AY.122	EPI_ISL_3064706
78	Homo sapiens	2021-06-24	Moldova	B.1.1.7	EPI_ISL_3064704
77	Homo sapiens	2021-06-18	Moldova	AY.122	EPI_ISL_3064702
77	Homo sapiens	2021-06-17	Moldova	AY.122	EPI_ISL_3064701
79	Homo sapiens	2021-06-28	Moldova	AY.122	EPI_ISL_3064710
79	Homo sapiens	2021-06-28	Moldova	AY.122	EPI_ISL_3064711
61	Homo sapiens	2021-02-27	Moldova	B.1.1.7	EPI_ISL_3446539
61	Homo sapiens	2021-02-25	Moldova	B.1.1.7	EPI_ISL_3446544
61	Homo sapiens	2021-02-24	Moldova	B.1.1.7	EPI_ISL_3446543
61	Homo sapiens	2021-02-24	Moldova	B.1.1.7	EPI_ISL_3446542
59	Homo sapiens	2021-02-12	Moldova	B.1.1.7	EPI_ISL_3446545
58	Homo sapiens	2021-02-03	Moldova	B.1.1.7	EPI_ISL_3446540
57	Homo sapiens	2021-01-27	Moldova	B.1.1.7	EPI_ISL_3446541
37	Homo sapiens	2020-09-11	Moldova	B.1.1.355	EPI_ISL_3446537
37	Homo sapiens	2020-09-10	Moldova	B.1.1.355	EPI_ISL_3446532
37	Homo sapiens	2020-09-09	Moldova	B.1.1.204	EPI_ISL_3446536
37	Homo sapiens	2020-09-09	Moldova	B.1.1	EPI_ISL_3446531
37	Homo sapiens	2020-09-09	Moldova	B.1.1	EPI_ISL_3446530
37	Homo sapiens	2020-09-09	Moldova	B.1.1.204	EPI_ISL_3446535
37	Homo sapiens	2020-09-08	Moldova	B.1.1.294	EPI_ISL_3446533
36	Homo sapiens	2020-09-04	Moldova	B.1.1.294	EPI_ISL_3446534
102	Homo sapiens	2021-12-09	Moldova	AY.4.2.3	EPI_ISL_7570461
102	Homo sapiens	2021-12-10	Moldova	AY.122	EPI_ISL_7570563
100	Homo sapiens	2021-11-25	Moldova	AY.122	EPI_ISL_7675936
100	Homo sapiens	2021-11-23	Moldova	AY.4.2.3	EPI_ISL_7675937
100	Homo sapiens	2021-11-23	Moldova	AY.4.2.3	EPI_ISL_7677562
95	Homo sapiens	2021-10-22	Moldova	AY.122	EPI_ISL_7677990
89	Homo sapiens	2021-09-10	Moldova	AY.4	EPI_ISL_7679868
89	Homo sapiens	2021-09-10	Moldova	AY.98.1	EPI_ISL_7678599
89	Homo sapiens	2021-09-09	Moldova	AY.43	EPI_ISL_7679316
89	Homo sapiens	2021-09-09	Moldova	AY.4	EPI_ISL_7680899
89	Homo sapiens	2021-09-09	Moldova	AY.4	EPI_ISL_7681596
89	Homo sapiens	2021-09-09	Moldova	AY.4.2.3	EPI_ISL_7690587
89	Homo sapiens	2021-09-08	Moldova	AY.4.2.3	EPI_ISL_7690740
89	Homo sapiens	2021-09-08	Moldova	AY.98.1	EPI_ISL_7691511
89	Homo sapiens	2021-09-08	Moldova	AY.122	EPI_ISL_7691740
89	Homo sapiens	2021-09-08	Moldova	AY.33	EPI_ISL_7692175
89	Homo sapiens	2021-09-08	Moldova	AY.122	EPI_ISL_7728423
89	Homo sapiens	2021-09-08	Moldova	AY.122	EPI_ISL_7728595
89	Homo sapiens	2021-09-08	Moldova	B.1.617.2	EPI_ISL_7728805
89	Homo sapiens	2021-09-08	Moldova	AY.122	EPI_ISL_7728841
89	Homo sapiens	2021-09-06	Moldova	AY.122	EPI_ISL_7752466
89	Homo sapiens	2021-09-06	Moldova	AY.122	EPI_ISL_7753574
89	Homo sapiens	2021-09-06	Moldova	AY.122	EPI_ISL_7775323
89	Homo sapiens	2021-09-06	Moldova	AY.122	EPI_ISL_7775439
88	Homo sapiens	2021-09-02	Moldova	AY.122	EPI_ISL_7777599
88	Homo sapiens	2021-09-02	Moldova	AY.122	EPI_ISL_7777066
88	Homo sapiens	2021-09-02	Moldova	AY.43	EPI_ISL_7777511
88	Homo sapiens	2021-09-01	Moldova	AY.43	EPI_ISL_7777676
88	Homo sapiens	2021-09-01	Moldova	AY.122	EPI_ISL_7778132
88	Homo sapiens	2021-09-01	Moldova	AY.122	EPI_ISL_7778361
86	Homo sapiens	2021-08-21	Moldova	AY.54	EPI_ISL_7778879
85	Homo sapiens	2021-08-09	Moldova	AY.122	EPI_ISL_7779344
103	Homo sapiens	2021-12-17	Moldova	AY.122	EPI_ISL_8179686
100	Homo sapiens	2021-11-25	Moldova	AY.122	EPI_ISL_8173327
100	Homo sapiens	2021-11-25	Moldova	AY.122	EPI_ISL_8173328
100	Homo sapiens	2021-11-23	Moldova	AY.122	EPI_ISL_8173326
99	Homo sapiens	2021-11-17	Moldova	AY.4	EPI_ISL_8173179
99	Homo sapiens	2021-11-16	Moldova	AY.122	EPI_ISL_8173122
99	Homo sapiens	2021-11-15	Moldova	AY.122	EPI_ISL_8173325
98	Homo sapiens	2021-11-14	Moldova	AY.122	EPI_ISL_8173085
98	Homo sapiens	2021-11-13	Moldova	AY.4.2.3	EPI_ISL_8172989
98	Homo sapiens	2021-11-12	Moldova	AY.122	EPI_ISL_8172941
98	Homo sapiens	2021-11-12	Moldova	AY.122	EPI_ISL_8173119
98	Homo sapiens	2021-11-12	Moldova	AY.122	EPI_ISL_8172942
98	Homo sapiens	2021-11-11	Moldova	AY.122	EPI_ISL_8172925
98	Homo sapiens	2021-11-08	Moldova	AY.122	EPI_ISL_8173121
97	Homo sapiens	2021-11-07	Moldova	AY.122	EPI_ISL_8172813
97	Homo sapiens	2021-11-05	Moldova	AY.122	EPI_ISL_8172439
97	Homo sapiens	2021-11-04	Moldova	AY.122	EPI_ISL_8172662
100	Homo sapiens	2021-11-25	Moldova	AY.122	EPI_ISL_7675888
85	Homo sapiens	2021-08-09	Moldova	AY.122	EPI_ISL_7779198
106	Homo sapiens	2022-01-05	Moldova	AY.122	EPI_ISL_10512039
99	Homo sapiens	2021-11-15	Moldova	AY.36	EPI_ISL_10512067
102	Homo sapiens	2021-12-06	Moldova	AY.122	EPI_ISL_10512058
107	Homo sapiens	2022-01-13	Moldova	AY.122	EPI_ISL_10512086
107	Homo sapiens	2022-01-14	Moldova	AY.126	EPI_ISL_10512099
97	Homo sapiens	2021-11-05	Moldova	AY.122	EPI_ISL_10637840
101	Homo sapiens	2021-11-29	Moldova	AY.122	EPI_ISL_10637846
107	Homo sapiens	2022-01-11	Moldova	AY.4	EPI_ISL_10637857
105	Homo sapiens	2021-12-27	Moldova	AY.122	EPI_ISL_10637860
98	Homo sapiens	2021-11-12	Moldova	AY.121	EPI_ISL_10637862
104	Homo sapiens	2021-12-21	Moldova	BA.1.15	EPI_ISL_10637864
102	Homo sapiens	2021-12-08	Moldova	AY.4.2.3	EPI_ISL_10637866
106	Homo sapiens	2022-01-08	Moldova	AY.127	EPI_ISL_10637874
99	Homo sapiens	2021-11-18	Moldova	AY.4.2.3	EPI_ISL_10637876
97	Homo sapiens	2021-11-05	Moldova	AY.125	EPI_ISL_10637880
104	Homo sapiens	2021-12-22	Moldova	AY.122	EPI_ISL_10637883
97	Homo sapiens	2021-11-04	Moldova	AY.43	EPI_ISL_10637888
97	Homo sapiens	2021-11-03	Moldova	AY.122	EPI_ISL_10637894
104	Homo sapiens	2021-12-22	Moldova	AY.44	EPI_ISL_10637899
102	Homo sapiens	2021-12-08	Moldova	AY.122	EPI_ISL_10637908
105	Homo sapiens	2021-12-29	Moldova	AY.46.6	EPI_ISL_10637911
102	Homo sapiens	2021-12-08	Moldova	AY.43	EPI_ISL_7570223
111	Homo sapiens	2022-02-11	Moldova	BA.1	EPI_ISL_11675206
109	Homo sapiens	2022-01-28	Moldova	BA.1.18	EPI_ISL_11675232
108	Homo sapiens	2022-01-18	Moldova	BA.1.1	EPI_ISL_11675251
110	Homo sapiens	2022-02-04	Moldova	BA.1	EPI_ISL_11675213
111	Homo sapiens	2022-02-10	Moldova	BA.1.17	EPI_ISL_11675209
109	Homo sapiens	2022-01-25	Moldova	BA.1.1.13	EPI_ISL_11675201
110	Homo sapiens	2022-01-31	Moldova	BA.1	EPI_ISL_11675219
108	Homo sapiens	2022-01-19	Moldova	BA.1.18	EPI_ISL_11675255
108	Homo sapiens	2022-01-21	Moldova	BA.1.1.11	EPI_ISL_11675245
109	Homo sapiens	2022-01-26	Moldova	BA.1	EPI_ISL_11675246
132	Homo sapiens	2022-07-09	Moldova	BA.1.17.2	EPI_ISL_14295893
140	Homo sapiens	2022-08-30	Moldova	BA.4.6.4	EPI_ISL_14991940
141	Homo sapiens	2022-09-08	Moldova	BA.5.2.1	EPI_ISL_14992039
140	Homo sapiens	2022-08-30	Moldova	BA.5.1.10	EPI_ISL_16004427
139	Homo sapiens	2022-08-24	Moldova	BA.4.6.4	EPI_ISL_16004424
138	Homo sapiens	2022-08-19	Moldova	BA.5.2.1	EPI_ISL_16003899
140	Homo sapiens	2022-09-01	Moldova	BA.5.5	EPI_ISL_16004428
140	Homo sapiens	2022-09-01	Moldova	BF.7	EPI_ISL_16004429
139	Homo sapiens	2022-08-22	Moldova	BA.5.1.22	EPI_ISL_16004075
138	Homo sapiens	2022-08-19	Moldova	BA.5.1	EPI_ISL_16003892
139	Homo sapiens	2022-08-23	Moldova	BF.5	EPI_ISL_16004377
138	Homo sapiens	2022-08-20	Moldova	BA.5.1.6	EPI_ISL_16016707
139	Homo sapiens	2022-08-22	Moldova	BA.2.75.2	EPI_ISL_16016907
140	Homo sapiens	2022-08-30	Moldova	BA.5.1.5	EPI_ISL_16017098
139	Homo sapiens	2022-08-24	Moldova	BA.1.1.1	EPI_ISL_16017096
140	Homo sapiens	2022-09-02	Moldova	BF.28	EPI_ISL_16017160
140	Homo sapiens	2022-09-02	Moldova	BA.5.1.10	EPI_ISL_16017161
138	Homo sapiens	2022-08-15	Moldova	BA.5.1	EPI_ISL_16027676
137	Homo sapiens	2022-08-13	Moldova	BA.5.2.1	EPI_ISL_16027590
138	Homo sapiens	2022-08-16	Moldova	BA.5.2	EPI_ISL_16027909
138	Homo sapiens	2022-08-16	Moldova	BA.5.2	EPI_ISL_16027911
138	Homo sapiens	2022-08-17	Moldova	BA.5.1.1	EPI_ISL_16028004
138	Homo sapiens	2022-08-17	Moldova	BA.5.2.1	EPI_ISL_16028059
137	Homo sapiens	2022-08-12	Moldova	BA.5.2	EPI_ISL_16027570
119	Homo sapiens	2022-04-06	Moldova	BA.1.1	EPI_ISL_16177089
119	Homo sapiens	2022-04-06	Moldova	BA.1.15	EPI_ISL_16177541
119	Homo sapiens	2022-04-07	Moldova	BA.2.9	EPI_ISL_16178265
118	Homo sapiens	2022-03-31	Moldova	BA.2.9	EPI_ISL_16178268
119	Homo sapiens	2022-04-06	Moldova	BA.2.9	EPI_ISL_16177262
118	Homo sapiens	2022-03-30	Moldova	BA.2.9	EPI_ISL_16178267
119	Homo sapiens	2022-04-06	Moldova	BA.2	EPI_ISL_16178277
118	Homo sapiens	2022-04-01	Moldova	BA.2.9	EPI_ISL_16178271
118	Homo sapiens	2022-03-29	Moldova	BA.1.17	EPI_ISL_16176816
118	Homo sapiens	2022-03-28	Moldova	BA.2.9	EPI_ISL_16176176
118	Homo sapiens	2022-03-28	Moldova	BA.2.9	EPI_ISL_16176177
118	Homo sapiens	2022-03-28	Moldova	BA.2	EPI_ISL_16176258
118	Homo sapiens	2022-03-29	Moldova	BA.2.9	EPI_ISL_16176517
118	Homo sapiens	2022-03-30	Moldova	BA.2.3	EPI_ISL_16177076
119	Homo sapiens	2022-04-05	Moldova	BA.2.9	EPI_ISL_16177085
119	Homo sapiens	2022-04-07	Moldova	BA.1.17	EPI_ISL_16178264
118	Homo sapiens	2022-03-30	Moldova	BA.1.1.1	EPI_ISL_16178266
119	Homo sapiens	2022-04-04	Moldova	BA.1.1	EPI_ISL_16178274
120	Homo sapiens	2022-04-13	Moldova	BA.2	EPI_ISL_16178325
120	Homo sapiens	2022-04-13	Moldova	BA.2	EPI_ISL_16178324
120	Homo sapiens	2022-04-15	Moldova	BA.2	EPI_ISL_16178329
120	Homo sapiens	2022-04-13	Moldova	BA.2	EPI_ISL_16178328
120	Homo sapiens	2022-04-11	Moldova	BA.2	EPI_ISL_16178319
153	Homo sapiens	2022-11-29	Moldova	BA.1.1.15	EPI_ISL_16253441
122	Homo sapiens	2022-04-27	Moldova	BA.2	EPI_ISL_16503855
148	Homo sapiens	2022-10-25	Moldova	BQ.1.1.23	EPI_ISL_16503868
149	Homo sapiens	2022-11-05	Moldova	BA.5.2.20	EPI_ISL_16503901
148	Homo sapiens	2022-10-25	Moldova	BA.5.9	EPI_ISL_16503866
149	Homo sapiens	2022-10-31	Moldova	BF.2	EPI_ISL_16503900
158	Homo sapiens	2023-01-05	Moldova	BQ.1.1.32	EPI_ISL_16523645
159	Homo sapiens	2023-01-10	Moldova	BQ.1.1.32	EPI_ISL_16523950
158	Homo sapiens	2023-01-03	Moldova	BQ.1.10	EPI_ISL_16523498
158	Homo sapiens	2023-01-06	Moldova	BQ.1.1.18	EPI_ISL_16523646
123	Homo sapiens	2022-05-07	Moldova	BA.2	EPI_ISL_16560276
122	Homo sapiens	2022-04-29	Moldova	BA.2.9	EPI_ISL_16560270
124	Homo sapiens	2022-05-11	Moldova	BA.2.9	EPI_ISL_16560280
124	Homo sapiens	2022-05-10	Moldova	BA.2.65	EPI_ISL_16560277
126	Homo sapiens	2022-05-25	Moldova	BA.2	EPI_ISL_16561201
125	Homo sapiens	2022-05-19	Moldova	BA.2.65	EPI_ISL_16561158
127	Homo sapiens	2022-05-30	Moldova	BA.1.1	EPI_ISL_16828791
127	Homo sapiens	2022-06-02	Moldova	BA.2.14	EPI_ISL_16828796
129	Homo sapiens	2022-06-14	Moldova	BA.5.2.1	EPI_ISL_16828961
129	Homo sapiens	2022-06-14	Moldova	BA.5.2.1	EPI_ISL_16828979
128	Homo sapiens	2022-06-10	Moldova	BA.2	EPI_ISL_16828959
127	Homo sapiens	2022-06-01	Moldova	BA.2.3	EPI_ISL_16828795
129	Homo sapiens	2022-06-13	Moldova	BA.2.12.1	EPI_ISL_16828960
127	Homo sapiens	2022-06-03	Moldova	BA.2	EPI_ISL_16828797
128	Homo sapiens	2022-06-09	Moldova	BA.2.9	EPI_ISL_16828827
129	Homo sapiens	2022-06-16	Moldova	BA.5.2.1	EPI_ISL_16829071
129	Homo sapiens	2022-06-14	Moldova	BA.2.9	EPI_ISL_16829068
160	Homo sapiens	2023-01-18	Moldova	BQ.1.1.23	EPI_ISL_16845906
160	Homo sapiens	2023-01-19	Moldova	BQ.1.10	EPI_ISL_16844027
