58	Homo sapiens	2021-02-04	Monaco	B.1.1.7	EPI_ISL_1135056
61	Homo sapiens	2021-02-22	Monaco	B.1.1.176	EPI_ISL_1201507
61	Homo sapiens	2021-02-22	Monaco	B.1.351.2	EPI_ISL_1219949
61	Homo sapiens	2021-02-22	Monaco	B.1.160	EPI_ISL_1219962
61	Homo sapiens	2021-02-22	Monaco	B.1.160	EPI_ISL_1219963
56	Homo sapiens	2021-01-21	Monaco	B.1.177.51	EPI_ISL_1336649
68	Homo sapiens	2021-04-17	Monaco	B.1.1.7	EPI_ISL_2562031
68	Homo sapiens	2021-04-17	Monaco	B.1.1.7	EPI_ISL_2562045
77	Homo sapiens	2021-06-15	Monaco	AY.122	EPI_ISL_2757675
77	Homo sapiens	2021-06-14	Monaco	AY.122	EPI_ISL_2757667
77	Homo sapiens	2021-06-14	Monaco	AY.122	EPI_ISL_2757669
77	Homo sapiens	2021-06-14	Monaco	AY.122	EPI_ISL_2757670
76	Homo sapiens	2021-06-12	Monaco	AY.122	EPI_ISL_2757668
76	Homo sapiens	2021-06-11	Monaco	AY.122	EPI_ISL_2757672
76	Homo sapiens	2021-06-11	Monaco	AY.122	EPI_ISL_2757673
76	Homo sapiens	2021-06-11	Monaco	AY.122	EPI_ISL_2757676
76	Homo sapiens	2021-06-10	Monaco	AY.122	EPI_ISL_2757678
76	Homo sapiens	2021-06-09	Monaco	AY.122	EPI_ISL_2757665
76	Homo sapiens	2021-06-09	Monaco	AY.122	EPI_ISL_2757674
76	Homo sapiens	2021-06-08	Monaco	AY.122	EPI_ISL_2757663
76	Homo sapiens	2021-06-08	Monaco	AY.122	EPI_ISL_2757664
76	Homo sapiens	2021-06-08	Monaco	AY.122	EPI_ISL_2757666
77	Homo sapiens	2021-06-17	Monaco	AY.122	EPI_ISL_2790981
77	Homo sapiens	2021-06-17	Monaco	AY.122	EPI_ISL_2790982
77	Homo sapiens	2021-06-17	Monaco	AY.122	EPI_ISL_2790984
77	Homo sapiens	2021-06-16	Monaco	AY.42	EPI_ISL_2790983
79	Homo sapiens	2021-06-28	Monaco	AY.122	EPI_ISL_2923155
78	Homo sapiens	2021-06-24	Monaco	AY.122	EPI_ISL_2923148
78	Homo sapiens	2021-06-24	Monaco	AY.122	EPI_ISL_2923149
78	Homo sapiens	2021-06-24	Monaco	AY.122	EPI_ISL_2923150
78	Homo sapiens	2021-06-24	Monaco	AY.4	EPI_ISL_2923151
78	Homo sapiens	2021-06-24	Monaco	AY.122	EPI_ISL_2923152
78	Homo sapiens	2021-06-24	Monaco	AY.122	EPI_ISL_2923156
78	Homo sapiens	2021-06-24	Monaco	AY.122	EPI_ISL_2923157
78	Homo sapiens	2021-06-24	Monaco	AY.122	EPI_ISL_2923158
78	Homo sapiens	2021-06-24	Monaco	AY.122	EPI_ISL_2923159
78	Homo sapiens	2021-06-24	Monaco	AY.122	EPI_ISL_2923160
78	Homo sapiens	2021-06-24	Monaco	AY.122	EPI_ISL_2923161
73	Homo sapiens	2021-05-21	Monaco	AY.122	EPI_ISL_2923153
61	Homo sapiens	2021-02-22	Monaco	AY.122	EPI_ISL_2923154
82	Homo sapiens	2021-07-19	Monaco	AY.6	EPI_ISL_3542952
82	Homo sapiens	2021-07-19	Monaco	AY.43	EPI_ISL_3542953
82	Homo sapiens	2021-07-19	Monaco	AY.122	EPI_ISL_3542954
82	Homo sapiens	2021-07-19	Monaco	AY.43	EPI_ISL_3542955
82	Homo sapiens	2021-07-19	Monaco	AY.43	EPI_ISL_3542956
82	Homo sapiens	2021-07-19	Monaco	AY.98.1	EPI_ISL_3542957
82	Homo sapiens	2021-07-19	Monaco	AY.43	EPI_ISL_3542958
81	Homo sapiens	2021-07-17	Monaco	AY.6	EPI_ISL_3542959
82	Homo sapiens	2021-07-19	Monaco	AY.5.4	EPI_ISL_3542960
82	Homo sapiens	2021-07-19	Monaco	AY.43	EPI_ISL_3542961
82	Homo sapiens	2021-07-23	Monaco	AY.37	EPI_ISL_3542963
82	Homo sapiens	2021-07-23	Monaco	AY.3	EPI_ISL_3542964
82	Homo sapiens	2021-07-23	Monaco	AY.5	EPI_ISL_3542965
84	Homo sapiens	2021-08-02	Monaco	AY.43	EPI_ISL_4171690
84	Homo sapiens	2021-08-02	Monaco	AY.122	EPI_ISL_4171691
84	Homo sapiens	2021-08-02	Monaco	AY.122	EPI_ISL_4171692
84	Homo sapiens	2021-08-02	Monaco	AY.43	EPI_ISL_4193971
84	Homo sapiens	2021-08-02	Monaco	AY.98.1	EPI_ISL_4171693
83	Homo sapiens	2021-07-30	Monaco	AY.122	EPI_ISL_4171699
83	Homo sapiens	2021-07-29	Monaco	AY.4	EPI_ISL_4171698
83	Homo sapiens	2021-07-29	Monaco	AY.98.1	EPI_ISL_4171702
83	Homo sapiens	2021-07-28	Monaco	AY.98.1	EPI_ISL_4171696
83	Homo sapiens	2021-07-28	Monaco	AY.9.2	EPI_ISL_4171700
83	Homo sapiens	2021-07-28	Monaco	AY.6	EPI_ISL_4171701
83	Homo sapiens	2021-07-27	Monaco	AY.4	EPI_ISL_4171694
83	Homo sapiens	2021-07-26	Monaco	AY.43	EPI_ISL_4171695
83	Homo sapiens	2021-07-26	Monaco	AY.122	EPI_ISL_4171697
87	Homo sapiens	2021-08-25	Monaco	AY.43	EPI_ISL_4412117
87	Homo sapiens	2021-08-24	Monaco	AY.43	EPI_ISL_4412119
87	Homo sapiens	2021-08-23	Monaco	AY.43	EPI_ISL_4412131
87	Homo sapiens	2021-08-23	Monaco	AY.43	EPI_ISL_4503653
87	Homo sapiens	2021-08-23	Monaco	AY.9.2	EPI_ISL_4503654
90	Homo sapiens	2021-09-14	Monaco	AY.5	EPI_ISL_4740992
90	Homo sapiens	2021-09-13	Monaco	AY.43	EPI_ISL_4740991
111	Homo sapiens	2022-02-07	Monaco	BA.2	EPI_ISL_10816832
112	Homo sapiens	2022-02-16	Monaco	BA.1.1	EPI_ISL_10816833
111	Homo sapiens	2022-02-07	Monaco	BA.2	EPI_ISL_10816834
111	Homo sapiens	2022-02-09	Monaco	BA.2	EPI_ISL_10816835
111	Homo sapiens	2022-02-10	Monaco	BA.2	EPI_ISL_10816836
111	Homo sapiens	2022-02-10	Monaco	BA.2	EPI_ISL_10816837
111	Homo sapiens	2022-02-07	Monaco	BA.2	EPI_ISL_10816838
112	Homo sapiens	2022-02-16	Monaco	BA.2.3.15	EPI_ISL_10816839
111	Homo sapiens	2022-02-09	Monaco	BA.2	EPI_ISL_10816840
112	Homo sapiens	2022-02-18	Monaco	BA.2	EPI_ISL_10816841
112	Homo sapiens	2022-02-14	Monaco	BA.2	EPI_ISL_10816842
111	Homo sapiens	2022-02-09	Monaco	BA.2	EPI_ISL_10816843
125	Homo sapiens	2022-05-21	Monaco	BA.4.2	EPI_ISL_13136973
125	Homo sapiens	2022-05-22	Monaco	BA.4.2	EPI_ISL_13137015
