12	Homo sapiens	2020-03-18	Mongolia	B.1	EPI_ISL_626566
12	Homo sapiens	2020-03-21	Mongolia	B.1	EPI_ISL_626567
12	Homo sapiens	2020-03-21	Mongolia	B.1	EPI_ISL_626568
33	Homo sapiens	2020-08-12	Mongolia	B.1	EPI_ISL_626569
12	Homo sapiens	2020-03-21	Mongolia	B.1	EPI_ISL_626626
16	Homo sapiens	2020-04-15	Mongolia	B.1	EPI_ISL_626627
13	Homo sapiens	2020-03-25	Mongolia	B.1	EPI_ISL_467666
12	Homo sapiens	2020-03-18	Mongolia	B.40	EPI_ISL_1805651
41	Homo sapiens	2020-10-09	Mongolia	B.1.1	EPI_ISL_1805697
45	Homo sapiens	2020-11-02	Mongolia	B.1.1.372	EPI_ISL_1805716
45	Homo sapiens	2020-11-04	Mongolia	B.1.1.397	EPI_ISL_1805717
47	Homo sapiens	2020-11-17	Mongolia	B.1.1	EPI_ISL_1805718
48	Homo sapiens	2020-11-24	Mongolia	B.1.1	EPI_ISL_1805740
50	Homo sapiens	2020-12-09	Mongolia	B.1.1.46	EPI_ISL_1805741
52	Homo sapiens	2020-12-26	Mongolia	B.1.1	EPI_ISL_1805744
52	Homo sapiens	2020-12-26	Mongolia	B.1.1	EPI_ISL_1805745
54	Homo sapiens	2021-01-04	Mongolia	B.1.1	EPI_ISL_1805787
54	Homo sapiens	2021-01-07	Mongolia	B.1.1	EPI_ISL_1805789
55	Homo sapiens	2021-01-11	Mongolia	B.1.1	EPI_ISL_1805790
56	Homo sapiens	2021-01-22	Mongolia	B.1.1	EPI_ISL_1805932
57	Homo sapiens	2021-01-31	Mongolia	B.1.1	EPI_ISL_1805933
60	Homo sapiens	2021-02-16	Mongolia	B.1.1	EPI_ISL_1805957
60	Homo sapiens	2021-02-16	Mongolia	B.1.1	EPI_ISL_1805958
60	Homo sapiens	2021-02-20	Mongolia	B.1.1	EPI_ISL_1805959
61	Homo sapiens	2021-02-22	Mongolia	B.1.1	EPI_ISL_1805960
61	Homo sapiens	2021-02-26	Mongolia	B.1.1	EPI_ISL_1805961
63	Homo sapiens	2021-03-09	Mongolia	B.1.1	EPI_ISL_1805962
91	Homo sapiens	2021-09-23	Mongolia	B.1.617.2	EPI_ISL_4884663
84	Homo sapiens	2021-08-06	Mongolia	B.1.617.2	EPI_ISL_7017639
84	Homo sapiens	2021-08-04	Mongolia	B.1.617.2	EPI_ISL_7017640
82	Homo sapiens	2021-07-24	Mongolia	B.1.1.7	EPI_ISL_7017641
84	Homo sapiens	2021-08-04	Mongolia	B.1.1.7	EPI_ISL_7017642
63	Homo sapiens	2021-03-08	Mongolia	B.1.617.2	EPI_ISL_7017644
82	Homo sapiens	2021-07-24	Mongolia	B.1.617.2	EPI_ISL_7017645
84	Homo sapiens	2021-08-04	Mongolia	B.1.617.2	EPI_ISL_7017646
82	Homo sapiens	2021-07-21	Mongolia	B.1.1.7	EPI_ISL_7017647
84	Homo sapiens	2021-08-04	Mongolia	B.1.1.7	EPI_ISL_7017648
83	Homo sapiens	2021-07-30	Mongolia	B.1.1.7	EPI_ISL_7017649
83	Homo sapiens	2021-07-26	Mongolia	B.1.1.7	EPI_ISL_7017650
83	Homo sapiens	2021-07-29	Mongolia	B.1.1.7	EPI_ISL_7017651
63	Homo sapiens	2021-03-08	Mongolia	B.1.1.7	EPI_ISL_7017652
82	Homo sapiens	2021-07-21	Mongolia	B.1.1.7	EPI_ISL_7017653
82	Homo sapiens	2021-07-25	Mongolia	B.1.1.7	EPI_ISL_7017654
71	Homo sapiens	2021-05-08	Mongolia	B.1.1.7	EPI_ISL_7017655
82	Homo sapiens	2021-07-21	Mongolia	B.1.1.7	EPI_ISL_7017656
71	Homo sapiens	2021-05-08	Mongolia	B.1.1.7	EPI_ISL_7017657
84	Homo sapiens	2021-08-04	Mongolia	B.1.1.7	EPI_ISL_7017658
82	Homo sapiens	2021-07-21	Mongolia	B.1.1.7	EPI_ISL_7017662
67	Homo sapiens	2021-04-08	Mongolia	B.1.1.7	EPI_ISL_7017663
67	Homo sapiens	2021-04-08	Mongolia	B.1.1.7	EPI_ISL_7017664
82	Homo sapiens	2021-07-21	Mongolia	B.1.1.7	EPI_ISL_7017665
83	Homo sapiens	2021-07-26	Mongolia	B.1.1.7	EPI_ISL_7017666
82	Homo sapiens	2021-07-21	Mongolia	B.1.1.7	EPI_ISL_7017667
83	Homo sapiens	2021-07-29	Mongolia	B.1.617.2	EPI_ISL_7017668
84	Homo sapiens	2021-08-04	Mongolia	B.1.1.7	EPI_ISL_7017669
83	Homo sapiens	2021-08-01	Mongolia	B.1.617.2	EPI_ISL_7017670
63	Homo sapiens	2021-03-08	Mongolia	B.1.1.7	EPI_ISL_7017671
82	Homo sapiens	2021-07-21	Mongolia	B.1.1.7	EPI_ISL_7017672
84	Homo sapiens	2021-08-03	Mongolia	B.1.617.2	EPI_ISL_7017673
83	Homo sapiens	2021-07-30	Mongolia	B.1.1.7	EPI_ISL_7017674
83	Homo sapiens	2021-07-27	Mongolia	B.1.617.2	EPI_ISL_7017675
63	Homo sapiens	2021-03-08	Mongolia	B.1.1.7	EPI_ISL_7017676
84	Homo sapiens	2021-08-03	Mongolia	B.1.1.7	EPI_ISL_7017677
82	Homo sapiens	2021-07-21	Mongolia	B.1.1.7	EPI_ISL_7017678
84	Homo sapiens	2021-08-02	Mongolia	B.1.1.7	EPI_ISL_7017679
83	Homo sapiens	2021-07-26	Mongolia	B.1.1.7	EPI_ISL_7017680
84	Homo sapiens	2021-08-05	Mongolia	B.1.1.7	EPI_ISL_7017681
82	Homo sapiens	2021-07-21	Mongolia	B.1.1.7	EPI_ISL_7017682
83	Homo sapiens	2021-07-27	Mongolia	B.1.1.7	EPI_ISL_7017683
84	Homo sapiens	2021-08-02	Mongolia	B.1.617.2	EPI_ISL_7017684
83	Homo sapiens	2021-08-01	Mongolia	B.1.617.2	EPI_ISL_7017685
83	Homo sapiens	2021-07-31	Mongolia	B.1.1.7	EPI_ISL_7017686
84	Homo sapiens	2021-08-04	Mongolia	B.1.617.2	EPI_ISL_7017688
84	Homo sapiens	2021-08-02	Mongolia	B.1.617.2	EPI_ISL_7017689
84	Homo sapiens	2021-08-02	Mongolia	B.1.1.7	EPI_ISL_7017690
83	Homo sapiens	2021-08-01	Mongolia	B.1.1.7	EPI_ISL_7017692
84	Homo sapiens	2021-08-02	Mongolia	B.1.1.7	EPI_ISL_7017693
84	Homo sapiens	2021-08-02	Mongolia	B.1.617.2	EPI_ISL_7017695
71	Homo sapiens	2021-05-08	Mongolia	B.1.617.2	EPI_ISL_7017697
84	Homo sapiens	2021-08-02	Mongolia	B.1.617.2	EPI_ISL_7017698
83	Homo sapiens	2021-07-29	Mongolia	B.1.1.7	EPI_ISL_7017699
84	Homo sapiens	2021-08-02	Mongolia	B.1.1.7	EPI_ISL_7017700
82	Homo sapiens	2021-07-21	Mongolia	B.1.1.7	EPI_ISL_7017701
83	Homo sapiens	2021-07-28	Mongolia	B.1.1.7	EPI_ISL_7017702
84	Homo sapiens	2021-08-02	Mongolia	B.1.1.7	EPI_ISL_7017703
83	Homo sapiens	2021-07-31	Mongolia	B.1.617.2	EPI_ISL_7017704
82	Homo sapiens	2021-07-21	Mongolia	B.1.1.7	EPI_ISL_7017705
83	Homo sapiens	2021-07-26	Mongolia	B.1.617.2	EPI_ISL_7017706
84	Homo sapiens	2021-08-06	Mongolia	B.1.1.7	EPI_ISL_7017707
84	Homo sapiens	2021-08-06	Mongolia	B.1.1.7	EPI_ISL_7017708
82	Homo sapiens	2021-07-21	Mongolia	B.1.1.7	EPI_ISL_7017709
84	Homo sapiens	2021-08-02	Mongolia	B.1.617.2	EPI_ISL_7017710
84	Homo sapiens	2021-08-02	Mongolia	B.1.617.2	EPI_ISL_7017711
82	Homo sapiens	2021-07-24	Mongolia	B.1.1.7	EPI_ISL_7017712
84	Homo sapiens	2021-08-06	Mongolia	B.1.1.7	EPI_ISL_7017713
82	Homo sapiens	2021-07-21	Mongolia	B.1.1.7	EPI_ISL_7017714
84	Homo sapiens	2021-08-02	Mongolia	B.1.617.2	EPI_ISL_7017715
83	Homo sapiens	2021-07-30	Mongolia	B.1.1.7	EPI_ISL_7017716
83	Homo sapiens	2021-07-30	Mongolia	B.1.1.7	EPI_ISL_7017717
83	Homo sapiens	2021-07-26	Mongolia	B.1.1.7	EPI_ISL_7017718
84	Homo sapiens	2021-08-02	Mongolia	B.1.1.7	EPI_ISL_7017719
84	Homo sapiens	2021-08-04	Mongolia	B.1.617.2	EPI_ISL_7017720
63	Homo sapiens	2021-03-08	Mongolia	B.1.1.7	EPI_ISL_7017721
80	Homo sapiens	2021-07-05	Mongolia	B.1.1.7	EPI_ISL_7849650
80	Homo sapiens	2021-07-05	Mongolia	B.1.1.7	EPI_ISL_7849652
80	Homo sapiens	2021-07-05	Mongolia	B.1.1.7	EPI_ISL_7849654
80	Homo sapiens	2021-07-05	Mongolia	B.1.1.7	EPI_ISL_7849663
80	Homo sapiens	2021-07-05	Mongolia	B.1.1.7	EPI_ISL_7849668
80	Homo sapiens	2021-07-05	Mongolia	B.1.1.7	EPI_ISL_7849671
79	Homo sapiens	2021-07-04	Mongolia	B.1.617.2	EPI_ISL_7849623
79	Homo sapiens	2021-07-04	Mongolia	B.1.1.7	EPI_ISL_7849657
79	Homo sapiens	2021-07-04	Mongolia	B.1.1.7	EPI_ISL_7849672
79	Homo sapiens	2021-07-03	Mongolia	B.1.1.7	EPI_ISL_7849624
79	Homo sapiens	2021-07-03	Mongolia	B.1.1.7	EPI_ISL_7849627
79	Homo sapiens	2021-07-03	Mongolia	B.1.1.7	EPI_ISL_7849649
79	Homo sapiens	2021-07-03	Mongolia	B.1.1.7	EPI_ISL_7849660
79	Homo sapiens	2021-07-03	Mongolia	B.1.1.7	EPI_ISL_7849666
79	Homo sapiens	2021-07-03	Mongolia	B.1.1.7	EPI_ISL_7849669
79	Homo sapiens	2021-07-02	Mongolia	B.1.1.7	EPI_ISL_7849622
79	Homo sapiens	2021-07-02	Mongolia	B.1.1.7	EPI_ISL_7849626
79	Homo sapiens	2021-07-02	Mongolia	B.1.1.7	EPI_ISL_7849639
79	Homo sapiens	2021-07-02	Mongolia	B.1.1.7	EPI_ISL_7849651
79	Homo sapiens	2021-07-02	Mongolia	B.1.1.7	EPI_ISL_7849653
79	Homo sapiens	2021-07-02	Mongolia	B.1.1.7	EPI_ISL_7849658
79	Homo sapiens	2021-07-02	Mongolia	B.1.1.7	EPI_ISL_7849659
79	Homo sapiens	2021-07-02	Mongolia	B.1.1.7	EPI_ISL_7849662
79	Homo sapiens	2021-07-02	Mongolia	B.1.1.7	EPI_ISL_7849664
79	Homo sapiens	2021-07-02	Mongolia	B.1.1.7	EPI_ISL_7849665
79	Homo sapiens	2021-07-02	Mongolia	B.1.1.7	EPI_ISL_7849670
79	Homo sapiens	2021-07-02	Mongolia	B.1.1.7	EPI_ISL_7849673
79	Homo sapiens	2021-06-28	Mongolia	B.1.1.7	EPI_ISL_7849645
78	Homo sapiens	2021-06-27	Mongolia	B.1.1.7	EPI_ISL_7849634
78	Homo sapiens	2021-06-24	Mongolia	B.1.617.2	EPI_ISL_7849633
78	Homo sapiens	2021-06-24	Mongolia	B.1.1.7	EPI_ISL_7849655
78	Homo sapiens	2021-06-24	Mongolia	B.1.1.7	EPI_ISL_7849661
78	Homo sapiens	2021-06-24	Mongolia	B.1.1.7	EPI_ISL_7849667
78	Homo sapiens	2021-06-24	Mongolia	B.1.1.7	EPI_ISL_7849674
78	Homo sapiens	2021-06-21	Mongolia	B.1.1.7	EPI_ISL_7849632
78	Homo sapiens	2021-06-21	Mongolia	B.1.1.7	EPI_ISL_7849641
77	Homo sapiens	2021-06-20	Mongolia	B.1.1	EPI_ISL_7849647
77	Homo sapiens	2021-06-18	Mongolia	B.1.1.7	EPI_ISL_7849631
87	Homo sapiens	2021-08-29	Mongolia	AY.122	OM182185.1
87	Homo sapiens	2021-08-29	Mongolia	AY.25	OM182186.1
87	Homo sapiens	2021-08-29	Mongolia	AY.25.1	OM182184.1
87	Homo sapiens	2021-08-28	Mongolia	B.1.621.1	OM182182.1
87	Homo sapiens	2021-08-27	Mongolia	AY.107	OM182181.1
87	Homo sapiens	2021-08-26	Mongolia	AY.107	OM182180.1
87	Homo sapiens	2021-08-25	Mongolia	AY.44	OM182178.1
87	Homo sapiens	2021-08-25	Mongolia	AY.107	OM182177.1
87	Homo sapiens	2021-08-25	Mongolia	AY.107	OM182179.1
87	Homo sapiens	2021-08-24	Mongolia	AY.107	OM182175.1
87	Homo sapiens	2021-08-24	Mongolia	AY.107	OM182172.1
87	Homo sapiens	2021-08-24	Mongolia	AY.103	OM182174.1
87	Homo sapiens	2021-08-24	Mongolia	AY.107	OM182173.1
87	Homo sapiens	2021-08-24	Mongolia	AY.9.2	OM182176.1
87	Homo sapiens	2021-08-23	Mongolia	AY.107	OM182170.1
87	Homo sapiens	2021-08-23	Mongolia	AY.25.1	OM182171.1
87	Homo sapiens	2021-08-23	Mongolia	AY.107	OM182169.1
86	Homo sapiens	2021-08-20	Mongolia	AY.107	OM182168.1
86	Homo sapiens	2021-08-20	Mongolia	AY.100	OM182167.1
86	Homo sapiens	2021-08-19	Mongolia	AY.107	OM182166.1
86	Homo sapiens	2021-08-18	Mongolia	AY.107	OM182165.1
86	Homo sapiens	2021-08-18	Mongolia	B.1.621.1	OM182164.1
86	Homo sapiens	2021-08-16	Mongolia	AY.107	OM182163.1
85	Homo sapiens	2021-08-15	Mongolia	B.1.621.1	OM182162.1
85	Homo sapiens	2021-08-15	Mongolia	AY.107	OM182161.1
85	Homo sapiens	2021-08-13	Mongolia	B.1.621.1	OM182159.1
85	Homo sapiens	2021-08-13	Mongolia	AY.107	OM182160.1
85	Homo sapiens	2021-08-12	Mongolia	AY.107	OM182157.1
85	Homo sapiens	2021-08-12	Mongolia	AY.44	OM182158.1
85	Homo sapiens	2021-08-12	Mongolia	AY.9	OM182156.1
85	Homo sapiens	2021-08-11	Mongolia	AY.25.1	OM182155.1
85	Homo sapiens	2021-08-10	Mongolia	B.1.617.2	OM182211.1
85	Homo sapiens	2021-08-10	Mongolia	B.1.1.7	OM182210.1
85	Homo sapiens	2021-08-10	Mongolia	AY.107	OM182154.1
85	Homo sapiens	2021-08-09	Mongolia	B.1.1.7	OM182202.1
85	Homo sapiens	2021-08-09	Mongolia	B.1.1.7	OM182195.1
85	Homo sapiens	2021-08-09	Mongolia	B.1.1.7	OM182197.1
85	Homo sapiens	2021-08-09	Mongolia	B.1.617.2	OM182206.1
85	Homo sapiens	2021-08-09	Mongolia	B.1.617.2	OM182208.1
85	Homo sapiens	2021-08-09	Mongolia	B.1.617.2	OM182198.1
85	Homo sapiens	2021-08-09	Mongolia	B.1.617.2	OM182207.1
85	Homo sapiens	2021-08-09	Mongolia	B.1.617.2	OM182209.1
85	Homo sapiens	2021-08-09	Mongolia	B.1.1.7	OM182203.1
85	Homo sapiens	2021-08-09	Mongolia	B.1.1.7	OM182204.1
85	Homo sapiens	2021-08-09	Mongolia	B.1.617.2	OM182205.1
85	Homo sapiens	2021-08-09	Mongolia	B.1.617.2	OM182199.1
85	Homo sapiens	2021-08-09	Mongolia	B.1.617.2	OM182201.1
85	Homo sapiens	2021-08-09	Mongolia	B.1.617.2	OM182196.1
85	Homo sapiens	2021-08-09	Mongolia	B.1.1.7	OM182200.1
84	Homo sapiens	2021-08-08	Mongolia	B.1.1.7	OM182191.1
84	Homo sapiens	2021-08-08	Mongolia	B.1.1.7	OM182189.1
84	Homo sapiens	2021-08-08	Mongolia	B.1.617.2	OM182193.1
84	Homo sapiens	2021-08-08	Mongolia	B.1.617.2	OM182188.1
84	Homo sapiens	2021-08-08	Mongolia	B.1.1.7	OM182192.1
84	Homo sapiens	2021-08-08	Mongolia	B.1.1.7	OM182190.1
84	Homo sapiens	2021-08-08	Mongolia	B.1.1.7	OM182194.1
84	Homo sapiens	2021-08-08	Mongolia	AY.119	OM182153.1
84	Homo sapiens	2021-08-08	Mongolia	AY.107	OM182152.1
84	Homo sapiens	2021-08-08	Mongolia	B.1.621.1	OM182151.1
84	Homo sapiens	2021-08-05	Mongolia	B.1.621.1	OM182150.1
83	Homo sapiens	2021-07-27	Mongolia	B.1.1.7	OM182187.1
83	Homo sapiens	2021-07-27	Mongolia	AY.25.1	OM182149.1
83	Homo sapiens	2021-07-26	Mongolia	AY.107	OM182147.1
83	Homo sapiens	2021-07-26	Mongolia	AY.107	OM182145.1
83	Homo sapiens	2021-07-26	Mongolia	AY.107	OM182144.1
83	Homo sapiens	2021-07-26	Mongolia	AY.107	OM182148.1
83	Homo sapiens	2021-07-26	Mongolia	AY.107	OM182146.1
83	Homo sapiens	2021-07-26	Mongolia	B.1.621.1	OM182143.1
82	Homo sapiens	2021-07-25	Mongolia	B.1.621.1	OM182140.1
82	Homo sapiens	2021-07-25	Mongolia	B.1.621.1	OM182142.1
82	Homo sapiens	2021-07-25	Mongolia	AY.107	OM182141.1
82	Homo sapiens	2021-07-24	Mongolia	B.1.1.7	OM182138.1
82	Homo sapiens	2021-07-24	Mongolia	AY.107	OM182139.1
82	Homo sapiens	2021-07-23	Mongolia	AY.25.1	OM182134.1
82	Homo sapiens	2021-07-23	Mongolia	B.1.621.1	OM182137.1
82	Homo sapiens	2021-07-23	Mongolia	AY.107	OM182136.1
82	Homo sapiens	2021-07-23	Mongolia	AY.107	OM182135.1
82	Homo sapiens	2021-07-22	Mongolia	B.1.621.1	OM182129.1
82	Homo sapiens	2021-07-22	Mongolia	AY.107	OM182130.1
82	Homo sapiens	2021-07-22	Mongolia	AY.107	OM182132.1
82	Homo sapiens	2021-07-22	Mongolia	AY.107	OM182133.1
82	Homo sapiens	2021-07-22	Mongolia	B.1.1.7	OM182131.1
82	Homo sapiens	2021-07-19	Mongolia	AY.107	OM182128.1
81	Homo sapiens	2021-07-18	Mongolia	AY.107	OM182127.1
81	Homo sapiens	2021-07-18	Mongolia	B.1.621.1	OM182126.1
81	Homo sapiens	2021-07-17	Mongolia	B.1.1.7	OM182122.1
81	Homo sapiens	2021-07-17	Mongolia	B.1.1.7	OM182123.1
81	Homo sapiens	2021-07-17	Mongolia	B.1.617.2	OM182125.1
81	Homo sapiens	2021-07-17	Mongolia	B.1.621.1	OM182124.1
81	Homo sapiens	2021-07-15	Mongolia	AY.47	OM182121.1
81	Homo sapiens	2021-07-12	Mongolia	B.1.1.7	OM182120.1
80	Homo sapiens	2021-07-11	Mongolia	B.1.1.7	OM182119.1
80	Homo sapiens	2021-07-11	Mongolia	B.1.621.1	OM182118.1
80	Homo sapiens	2021-07-10	Mongolia	B.1.621.1	OM182116.1
80	Homo sapiens	2021-07-10	Mongolia	B.1.1.7	OM182117.1
80	Homo sapiens	2021-07-09	Mongolia	B.1.621.1	OM182115.1
80	Homo sapiens	2021-07-09	Mongolia	B.1.621.1	OM182113.1
80	Homo sapiens	2021-07-09	Mongolia	B.1.621.1	OM182114.1
80	Homo sapiens	2021-07-05	Mongolia	B.1.1.7	OM182112.1
80	Homo sapiens	2021-07-05	Mongolia	B.1.621.1	OM182111.1
79	Homo sapiens	2021-07-02	Mongolia	B.1.621.1	OM182107.1
79	Homo sapiens	2021-07-02	Mongolia	B.1.1.7	OM182108.1
79	Homo sapiens	2021-07-02	Mongolia	B.1.1.7	OM182109.1
79	Homo sapiens	2021-07-02	Mongolia	B.1.1.7	OM182110.1
85	Homo sapiens	2021-08-10	Mongolia	B.1.1.7	OM190775.1
85	Homo sapiens	2021-08-10	Mongolia	B.1.1.7	OM190774.1
85	Homo sapiens	2021-08-10	Mongolia	AY.122	OM190776.1
85	Homo sapiens	2021-08-09	Mongolia	B.1.1.7	OM190772.1
85	Homo sapiens	2021-08-09	Mongolia	B.1.617.2	OM190770.1
85	Homo sapiens	2021-08-09	Mongolia	B.1.1.7	OM190771.1
85	Homo sapiens	2021-08-09	Mongolia	B.1.1.7	OM190773.1
84	Homo sapiens	2021-08-08	Mongolia	B.1.1.7	OM190764.1
84	Homo sapiens	2021-08-08	Mongolia	B.1.617.2	OM190769.1
84	Homo sapiens	2021-08-08	Mongolia	B.1.1.7	OM190768.1
84	Homo sapiens	2021-08-08	Mongolia	B.1.1.7	OM190765.1
84	Homo sapiens	2021-08-08	Mongolia	B.1.1.7	OM190767.1
84	Homo sapiens	2021-08-08	Mongolia	B.1.1.7	OM190766.1
84	Homo sapiens	2021-08-07	Mongolia	B.1.617.2	OM190762.1
84	Homo sapiens	2021-08-07	Mongolia	B.1.1.7	OM190758.1
84	Homo sapiens	2021-08-07	Mongolia	B.1.617.2	OM190757.1
84	Homo sapiens	2021-08-07	Mongolia	B.1.1.7	OM190759.1
84	Homo sapiens	2021-08-07	Mongolia	B.1.1.7	OM190760.1
84	Homo sapiens	2021-08-07	Mongolia	B.1.617.2	OM190761.1
84	Homo sapiens	2021-08-06	Mongolia	B.1.1.7	OM190754.1
84	Homo sapiens	2021-08-06	Mongolia	B.1.1.7	OM190755.1
84	Homo sapiens	2021-08-06	Mongolia	B.1.1.7	OM190756.1
84	Homo sapiens	2021-08-05	Mongolia	B.1.1.7	OM190752.1
84	Homo sapiens	2021-08-05	Mongolia	AY.122	OM190751.1
84	Homo sapiens	2021-08-05	Mongolia	B.1.1.7	OM190747.1
84	Homo sapiens	2021-08-05	Mongolia	B.1.617.2	OM190748.1
84	Homo sapiens	2021-08-05	Mongolia	B.1.1.7	OM190750.1
84	Homo sapiens	2021-08-05	Mongolia	B.1.1.7	OM190753.1
84	Homo sapiens	2021-08-04	Mongolia	B.1.1.7	OM190744.1
84	Homo sapiens	2021-08-04	Mongolia	B.1.1.7	OM190743.1
84	Homo sapiens	2021-08-04	Mongolia	B.1.1.7	OM190742.1
84	Homo sapiens	2021-08-04	Mongolia	B.1.1.7	OM190741.1
84	Homo sapiens	2021-08-03	Mongolia	B.1.1.7	OM190733.1
84	Homo sapiens	2021-08-03	Mongolia	B.1.1.7	OM190734.1
84	Homo sapiens	2021-08-03	Mongolia	B.1.617.2	OM190736.1
84	Homo sapiens	2021-08-03	Mongolia	B.1.1.7	OM190737.1
84	Homo sapiens	2021-08-03	Mongolia	B.1.1.7	OM190735.1
84	Homo sapiens	2021-08-03	Mongolia	B.1.1.7	OM190739.1
84	Homo sapiens	2021-08-03	Mongolia	B.1.1.7	OM190738.1
84	Homo sapiens	2021-08-02	Mongolia	B.1.617.2	OM190732.1
84	Homo sapiens	2021-08-02	Mongolia	B.1.1.7	OM190729.1
84	Homo sapiens	2021-08-02	Mongolia	B.1.1.7	OM190730.1
83	Homo sapiens	2021-08-01	Mongolia	B.1.1.7	OM190727.1
83	Homo sapiens	2021-07-31	Mongolia	B.1.1.7	OM190721.1
83	Homo sapiens	2021-07-31	Mongolia	B.1.1.7	OM190724.1
83	Homo sapiens	2021-07-31	Mongolia	B.1.1.7	OM190723.1
83	Homo sapiens	2021-07-31	Mongolia	B.1.617.2	OM190722.1
83	Homo sapiens	2021-07-31	Mongolia	B.1.617.2	OM190725.1
83	Homo sapiens	2021-07-28	Mongolia	B.1.1.7	OM190719.1
83	Homo sapiens	2021-07-28	Mongolia	B.1.1.7	OM190716.1
83	Homo sapiens	2021-07-28	Mongolia	B.1.617.2	OM190718.1
83	Homo sapiens	2021-07-28	Mongolia	B.1.1.7	OM190717.1
83	Homo sapiens	2021-07-27	Mongolia	B.1.1.7	OM190712.1
83	Homo sapiens	2021-07-27	Mongolia	B.1.1.7	OM190713.1
83	Homo sapiens	2021-07-27	Mongolia	B.1.1.7	OM190715.1
82	Homo sapiens	2021-07-24	Mongolia	B.1.1.7	OM190711.1
82	Homo sapiens	2021-07-24	Mongolia	B.1.617.2	OM190710.1
69	Homo sapiens	2021-04-24	Mongolia	B.1.1.7	OM190695.1
69	Homo sapiens	2021-04-24	Mongolia	B.1.617.2	OM190644.1
69	Homo sapiens	2021-04-24	Mongolia	B.1.617.2	OM190637.1
69	Homo sapiens	2021-04-24	Mongolia	B.1.1.7	OM190635.1
69	Homo sapiens	2021-04-24	Mongolia	B.1.617.2	OM190660.1
69	Homo sapiens	2021-04-24	Mongolia	B.1.1.7	OM190625.1
69	Homo sapiens	2021-04-24	Mongolia	B.1.1.7	OM190706.1
69	Homo sapiens	2021-04-24	Mongolia	B.1.1.7	OM190697.1
69	Homo sapiens	2021-04-24	Mongolia	B.1.617.2	OM190640.1
69	Homo sapiens	2021-04-24	Mongolia	B.1.617.2	OM190677.1
69	Homo sapiens	2021-04-24	Mongolia	B.1.1.7	OM190647.1
69	Homo sapiens	2021-04-24	Mongolia	B.1.617.2	OM190666.1
69	Homo sapiens	2021-04-24	Mongolia	B.1.1.7	OM190648.1
69	Homo sapiens	2021-04-24	Mongolia	B.1.1.7	OM190708.1
69	Homo sapiens	2021-04-24	Mongolia	B.1.1.7	OM190655.1
69	Homo sapiens	2021-04-24	Mongolia	B.1.1.7	OM190702.1
69	Homo sapiens	2021-04-24	Mongolia	B.1.1.7	OM190669.1
69	Homo sapiens	2021-04-24	Mongolia	B.1.617.2	OM190658.1
69	Homo sapiens	2021-04-24	Mongolia	B.1.1.7	OM190665.1
69	Homo sapiens	2021-04-24	Mongolia	B.1.1.7	OM190687.1
69	Homo sapiens	2021-04-24	Mongolia	B.1.617.2	OM190699.1
69	Homo sapiens	2021-04-24	Mongolia	B.1.617.2	OM190638.1
69	Homo sapiens	2021-04-24	Mongolia	B.1.1.7	OM190659.1
69	Homo sapiens	2021-04-24	Mongolia	B.1.1.7	OM190682.1
69	Homo sapiens	2021-04-24	Mongolia	B.1.617.2	OM190676.1
69	Homo sapiens	2021-04-24	Mongolia	B.1.617.2	OM190651.1
69	Homo sapiens	2021-04-24	Mongolia	B.1.617.2	OM190664.1
69	Homo sapiens	2021-04-24	Mongolia	B.1.1.7	OM190668.1
69	Homo sapiens	2021-04-24	Mongolia	B.1.617.2	OM190667.1
69	Homo sapiens	2021-04-24	Mongolia	B.1.617.2	OM190630.1
69	Homo sapiens	2021-04-24	Mongolia	B.1.617.2	OM190649.1
69	Homo sapiens	2021-04-24	Mongolia	B.1.1.7	OM190675.1
69	Homo sapiens	2021-04-24	Mongolia	B.1.617.2	OM190639.1
69	Homo sapiens	2021-04-24	Mongolia	B.1.617.2	OM190657.1
69	Homo sapiens	2021-04-24	Mongolia	B.1.1.7	OM190642.1
69	Homo sapiens	2021-04-24	Mongolia	B.1.1.7	OM190652.1
69	Homo sapiens	2021-04-24	Mongolia	B.1.1.7	OM190701.1
69	Homo sapiens	2021-04-24	Mongolia	B.1.1.7	OM190674.1
69	Homo sapiens	2021-04-24	Mongolia	B.1.617.2	OM190622.1
69	Homo sapiens	2021-04-24	Mongolia	B.1.1.7	OM190623.1
69	Homo sapiens	2021-04-24	Mongolia	B.1.1.7	OM190636.1
69	Homo sapiens	2021-04-24	Mongolia	B.1.617.2	OM190643.1
69	Homo sapiens	2021-04-24	Mongolia	B.1.1.7	OM190631.1
69	Homo sapiens	2021-04-24	Mongolia	B.1.1.7	OM190646.1
69	Homo sapiens	2021-04-24	Mongolia	B.1.1.7	OM190653.1
69	Homo sapiens	2021-04-24	Mongolia	AY.122	OM190700.1
69	Homo sapiens	2021-04-24	Mongolia	B.1.1.7	OM190663.1
69	Homo sapiens	2021-04-24	Mongolia	B.1.1.7	OM190670.1
69	Homo sapiens	2021-04-24	Mongolia	B.1.1.7	OM190690.1
69	Homo sapiens	2021-04-24	Mongolia	B.1.617.2	OM190679.1
69	Homo sapiens	2021-04-24	Mongolia	B.1.1.7	OM190709.1
69	Homo sapiens	2021-04-24	Mongolia	B.1.1.7	OM190654.1
69	Homo sapiens	2021-04-24	Mongolia	B.1.617.2	OM190692.1
69	Homo sapiens	2021-04-24	Mongolia	B.1.1.7	OM190650.1
69	Homo sapiens	2021-04-24	Mongolia	B.1.617.2	OM190685.1
69	Homo sapiens	2021-04-24	Mongolia	B.1.1.7	OM190707.1
69	Homo sapiens	2021-04-24	Mongolia	B.1.1.7	OM190705.1
69	Homo sapiens	2021-04-24	Mongolia	B.1.617.2	OM190678.1
69	Homo sapiens	2021-04-24	Mongolia	B.1.617.2	OM190624.1
69	Homo sapiens	2021-04-24	Mongolia	B.1.1.7	OM190684.1
69	Homo sapiens	2021-04-24	Mongolia	B.1.1.7	OM190633.1
69	Homo sapiens	2021-04-24	Mongolia	B.1.617.2	OM190704.1
69	Homo sapiens	2021-04-24	Mongolia	B.1.1.7	OM190645.1
69	Homo sapiens	2021-04-24	Mongolia	B.1.1.7	OM190681.1
69	Homo sapiens	2021-04-24	Mongolia	B.1.1.7	OM190641.1
69	Homo sapiens	2021-04-24	Mongolia	B.1.1.7	OM190689.1
69	Homo sapiens	2021-04-24	Mongolia	B.1.1.7	OM190662.1
69	Homo sapiens	2021-04-24	Mongolia	B.1.1.7	OM190696.1
69	Homo sapiens	2021-04-24	Mongolia	B.1.1.7	OM190628.1
69	Homo sapiens	2021-04-24	Mongolia	B.1.1.7	OM190672.1
69	Homo sapiens	2021-04-24	Mongolia	B.1.1.7	OM190686.1
69	Homo sapiens	2021-04-24	Mongolia	B.1.617.2	OM190671.1
69	Homo sapiens	2021-04-24	Mongolia	B.1.1.7	OM190683.1
69	Homo sapiens	2021-04-24	Mongolia	B.1.617.2	OM190688.1
69	Homo sapiens	2021-04-24	Mongolia	B.1.617.2	OM190627.1
69	Homo sapiens	2021-04-24	Mongolia	B.1.617.2	OM190626.1
69	Homo sapiens	2021-04-24	Mongolia	B.1.617.2	OM190698.1
69	Homo sapiens	2021-04-24	Mongolia	B.1.1.7	OM190673.1
69	Homo sapiens	2021-04-24	Mongolia	B.1.1.7	OM190661.1
69	Homo sapiens	2021-04-24	Mongolia	B.1.1.7	OM190693.1
69	Homo sapiens	2021-04-24	Mongolia	B.1.617.2	OM190703.1
69	Homo sapiens	2021-04-24	Mongolia	B.1.1.7	OM190632.1
69	Homo sapiens	2021-04-24	Mongolia	B.1.1.7	OM190694.1
69	Homo sapiens	2021-04-21	Mongolia	B.1.617.2	OM190618.1
69	Homo sapiens	2021-04-21	Mongolia	B.1.617.2	OM190620.1
69	Homo sapiens	2021-04-21	Mongolia	B.1.617.2	OM190617.1
69	Homo sapiens	2021-04-21	Mongolia	AY.122	OM190619.1
69	Homo sapiens	2021-04-21	Mongolia	B.1.1.7	OM190616.1
69	Homo sapiens	2021-04-21	Mongolia	B.1.1.7	OM190621.1
84	Homo sapiens	2021-08-08	Mongolia	B.1.1.7	EPI_ISL_8547420
84	Homo sapiens	2021-08-05	Mongolia	B.1.1.7	EPI_ISL_8547406
69	Homo sapiens	2021-04-24	Mongolia	B.1.1.7	EPI_ISL_8547285
69	Homo sapiens	2021-04-24	Mongolia	B.1.1.7	EPI_ISL_8547312
69	Homo sapiens	2021-04-24	Mongolia	B.1.1.7	EPI_ISL_8547347
101	Homo sapiens	2021-12-01	Mongolia	AY.127	EPI_ISL_9876156
101	Homo sapiens	2021-12-01	Mongolia	AY.126	EPI_ISL_9876157
101	Homo sapiens	2021-12-02	Mongolia	AY.122	EPI_ISL_9876151
95	Homo sapiens	2021-10-22	Mongolia	AY.112	EPI_ISL_9876149
101	Homo sapiens	2021-12-02	Mongolia	AY.112	EPI_ISL_9876155
101	Homo sapiens	2021-12-01	Mongolia	AY.112	EPI_ISL_9876158
101	Homo sapiens	2021-12-02	Mongolia	BA.1.1	EPI_ISL_9876154
101	Homo sapiens	2021-12-01	Mongolia	AY.112	EPI_ISL_9876159
101	Homo sapiens	2021-12-05	Mongolia	B.1.617.2	EPI_ISL_9876160
95	Homo sapiens	2021-10-23	Mongolia	AY.126	EPI_ISL_9876147
95	Homo sapiens	2021-10-24	Mongolia	B.1.617.2	EPI_ISL_9876148
101	Homo sapiens	2021-12-02	Mongolia	AY.126	EPI_ISL_9876153
50	Homo sapiens	2020-12-08	Mongolia	B.1.1.46	EPI_ISL_9879588
21	Homo sapiens	2020-05-20	Mongolia	B.1.1.294	EPI_ISL_9879581
62	Homo sapiens	2021-03-03	Mongolia	B.1.1	EPI_ISL_9879590
45	Homo sapiens	2020-11-06	Mongolia	B.1.1.46	EPI_ISL_9879609
28	Homo sapiens	2020-07-11	Mongolia	B.1.1	EPI_ISL_9879592
14	Homo sapiens	2020-04-02	Mongolia	B.1	EPI_ISL_9879600
43	Homo sapiens	2020-10-23	Mongolia	B.1.1	EPI_ISL_9879603
46	Homo sapiens	2020-11-10	Mongolia	B.1.1.46	EPI_ISL_9879610
41	Homo sapiens	2020-10-11	Mongolia	B.1.1.214	EPI_ISL_9879602
20	Homo sapiens	2020-05-11	Mongolia	B.1.1.400	EPI_ISL_9879617
46	Homo sapiens	2020-11-14	Mongolia	B.1.1.46	EPI_ISL_9879611
48	Homo sapiens	2020-11-25	Mongolia	B.1.1	EPI_ISL_9879612
17	Homo sapiens	2020-04-20	Mongolia	B.1.1	EPI_ISL_9879614
73	Homo sapiens	2021-05-22	Mongolia	B.1.1.7	EPI_ISL_9879593
40	Homo sapiens	2020-10-04	Mongolia	B.1.1.294	EPI_ISL_9879599
13	Homo sapiens	2020-03-27	Mongolia	B.1	EPI_ISL_9879598
37	Homo sapiens	2020-09-13	Mongolia	B.1.1.207	EPI_ISL_9879597
19	Homo sapiens	2020-05-09	Mongolia	B.1.1	EPI_ISL_9879594
27	Homo sapiens	2020-06-30	Mongolia	B.1.1	EPI_ISL_9879591
24	Homo sapiens	2020-06-12	Mongolia	B.1.1	EPI_ISL_9879587
22	Homo sapiens	2020-05-25	Mongolia	B.1.1	EPI_ISL_9879583
26	Homo sapiens	2020-06-26	Mongolia	B.1.1	EPI_ISL_9879589
49	Homo sapiens	2020-12-03	Mongolia	B.1.1.46	EPI_ISL_9879584
28	Homo sapiens	2020-07-06	Mongolia	B.1.1	EPI_ISL_9879585
44	Homo sapiens	2020-10-30	Mongolia	B.1.1.141	EPI_ISL_9879604
45	Homo sapiens	2020-11-05	Mongolia	B.1.1	EPI_ISL_9879608
45	Homo sapiens	2020-11-04	Mongolia	B.1.1.372	EPI_ISL_9879607
45	Homo sapiens	2020-11-02	Mongolia	B.1.1.46	EPI_ISL_9879606
44	Homo sapiens	2020-11-01	Mongolia	B.1.1	EPI_ISL_9879605
41	Homo sapiens	2020-10-09	Mongolia	B.1.1.294	EPI_ISL_9879601
19	Homo sapiens	2020-05-05	Mongolia	B.1.1	EPI_ISL_9879616
18	Homo sapiens	2020-04-27	Mongolia	B.1.1	EPI_ISL_9879615
16	Homo sapiens	2020-04-15	Mongolia	B.1.1	EPI_ISL_9879613
73	Homo sapiens	2021-05-17	Mongolia	B.1.1	EPI_ISL_9898108
53	Homo sapiens	2021-01-01	Mongolia	B.1.1	EPI_ISL_9898103
53	Homo sapiens	2021-01-01	Mongolia	B.1.1	EPI_ISL_9898106
53	Homo sapiens	2021-01-01	Mongolia	B.1.1	EPI_ISL_9898107
55	Homo sapiens	2021-01-17	Mongolia	B.1.1	EPI_ISL_9898110
58	Homo sapiens	2021-02-07	Mongolia	B.1.1	EPI_ISL_9898111
74	Homo sapiens	2021-05-24	Mongolia	B.1.1.7	EPI_ISL_9898112
59	Homo sapiens	2021-02-14	Mongolia	B.1.1	EPI_ISL_9898113
59	Homo sapiens	2021-02-14	Mongolia	B.1.1	EPI_ISL_9898114
59	Homo sapiens	2021-02-14	Mongolia	B.1.1	EPI_ISL_9898115
60	Homo sapiens	2021-02-15	Mongolia	B.1.1	EPI_ISL_9898116
60	Homo sapiens	2021-02-19	Mongolia	B.1.1	EPI_ISL_9898118
60	Homo sapiens	2021-02-21	Mongolia	B.1.1	EPI_ISL_9898119
66	Homo sapiens	2021-03-30	Mongolia	B.1.1	EPI_ISL_9898130
61	Homo sapiens	2021-02-22	Mongolia	B.1.1	EPI_ISL_9898121
64	Homo sapiens	2021-03-15	Mongolia	B.1.1	EPI_ISL_9898125
64	Homo sapiens	2021-03-15	Mongolia	B.1.1	EPI_ISL_9898126
65	Homo sapiens	2021-03-24	Mongolia	B.1.1	EPI_ISL_9898127
66	Homo sapiens	2021-03-30	Mongolia	B.1.1	EPI_ISL_9898128
66	Homo sapiens	2021-03-30	Mongolia	B.1.1	EPI_ISL_9898131
66	Homo sapiens	2021-04-01	Mongolia	B.1.1	EPI_ISL_9898133
66	Homo sapiens	2021-04-01	Mongolia	B.1.1	EPI_ISL_9898134
66	Homo sapiens	2021-04-01	Mongolia	B.1.1	EPI_ISL_9898135
66	Homo sapiens	2021-04-01	Mongolia	B.1.1	EPI_ISL_9898136
66	Homo sapiens	2021-04-03	Mongolia	B.1.1	EPI_ISL_9898137
66	Homo sapiens	2021-04-04	Mongolia	B.1.1	EPI_ISL_9898138
67	Homo sapiens	2021-04-05	Mongolia	B.1.1	EPI_ISL_9898139
67	Homo sapiens	2021-04-05	Mongolia	B.1.1	EPI_ISL_9898140
67	Homo sapiens	2021-04-05	Mongolia	B.1.1	EPI_ISL_9898141
71	Homo sapiens	2021-05-03	Mongolia	B.1.1.7	EPI_ISL_9898142
71	Homo sapiens	2021-05-04	Mongolia	B.1.1	EPI_ISL_9898143
71	Homo sapiens	2021-05-04	Mongolia	B.1.1	EPI_ISL_9898144
73	Homo sapiens	2021-05-17	Mongolia	B.1.1	EPI_ISL_9898152
71	Homo sapiens	2021-05-04	Mongolia	B.1.1	EPI_ISL_9898145
71	Homo sapiens	2021-05-07	Mongolia	B.1.1	EPI_ISL_9898146
72	Homo sapiens	2021-05-16	Mongolia	B.1.1	EPI_ISL_9898147
72	Homo sapiens	2021-05-16	Mongolia	B.1.1	EPI_ISL_9898148
73	Homo sapiens	2021-05-17	Mongolia	B.1.1	EPI_ISL_9898149
53	Homo sapiens	2021-01-01	Mongolia	B.1.1	EPI_ISL_9898104
73	Homo sapiens	2021-05-17	Mongolia	B.1.1	EPI_ISL_9898151
74	Homo sapiens	2021-05-24	Mongolia	B.1.1.7	EPI_ISL_9898150
74	Homo sapiens	2021-05-24	Mongolia	B.1.1.7	EPI_ISL_9898153
45	Homo sapiens	2020-11-03	Mongolia	B.1.1.372	EPI_ISL_9903362
89	Homo sapiens	2021-09-07	Mongolia	B.1.1.7	EPI_ISL_9910924
82	Homo sapiens	2021-07-22	Mongolia	B.1.1.7	EPI_ISL_9910933
81	Homo sapiens	2021-07-15	Mongolia	B.1.1.7	EPI_ISL_9910935
83	Homo sapiens	2021-08-01	Mongolia	B.1.1.7	EPI_ISL_9910932
87	Homo sapiens	2021-08-28	Mongolia	B.1.1.7	EPI_ISL_9910928
82	Homo sapiens	2021-07-22	Mongolia	B.1.1.7	EPI_ISL_9910934
70	Homo sapiens	2021-04-27	Mongolia	B.1.1	EPI_ISL_9910938
66	Homo sapiens	2021-04-03	Mongolia	B.1.1	EPI_ISL_9910943
68	Homo sapiens	2021-04-12	Mongolia	B.1.1	EPI_ISL_9910940
66	Homo sapiens	2021-04-03	Mongolia	B.1.1	EPI_ISL_9910942
87	Homo sapiens	2021-08-28	Mongolia	B.1.1.7	EPI_ISL_9910927
70	Homo sapiens	2021-04-29	Mongolia	B.1.1	EPI_ISL_9910937
86	Homo sapiens	2021-08-22	Mongolia	B.1.1.7	EPI_ISL_9910929
85	Homo sapiens	2021-08-12	Mongolia	B.1.1.7	EPI_ISL_9910931
87	Homo sapiens	2021-08-29	Mongolia	B.1.1.7	EPI_ISL_9910926
90	Homo sapiens	2021-09-13	Mongolia	B.1.1.7	EPI_ISL_9910922
45	Homo sapiens	2020-11-04	Mongolia	B.1.1.294	EPI_ISL_9903363
101	Homo sapiens	2021-12-04	Mongolia	AY.112	EPI_ISL_9902607
53	Homo sapiens	2021-01-01	Mongolia	B.1.1	EPI_ISL_9898105
60	Homo sapiens	2021-02-15	Mongolia	B.1.1	EPI_ISL_9898117
55	Homo sapiens	2021-01-17	Mongolia	B.1.1	EPI_ISL_9898109
61	Homo sapiens	2021-02-26	Mongolia	B.1.1	EPI_ISL_9898122
61	Homo sapiens	2021-02-22	Mongolia	B.1.1	EPI_ISL_9898120
63	Homo sapiens	2021-03-14	Mongolia	B.1.1	EPI_ISL_9898124
63	Homo sapiens	2021-03-14	Mongolia	B.1.1	EPI_ISL_9898123
82	Homo sapiens	2021-07-22	Mongolia	B.1.1.7	EPI_ISL_9940490
90	Homo sapiens	2021-09-13	Mongolia	B.1.617.2	EPI_ISL_9940492
86	Homo sapiens	2021-08-22	Mongolia	B.1.1.7	EPI_ISL_9940491
81	Homo sapiens	2021-07-15	Mongolia	B.1.1.7	EPI_ISL_9940489
80	Homo sapiens	2021-07-05	Mongolia	B.1.1.7	EPI_ISL_9982591
79	Homo sapiens	2021-07-01	Mongolia	AY.122	EPI_ISL_9982599
79	Homo sapiens	2021-07-04	Mongolia	B.1.1.7	EPI_ISL_9982595
79	Homo sapiens	2021-06-28	Mongolia	B.1.1.7	EPI_ISL_9982612
79	Homo sapiens	2021-06-30	Mongolia	B.1.617.2	EPI_ISL_9982610
75	Homo sapiens	2021-06-04	Mongolia	B.1.1.7	EPI_ISL_9982700
73	Homo sapiens	2021-05-18	Mongolia	B.1.1.7	EPI_ISL_9982723
74	Homo sapiens	2021-05-24	Mongolia	B.1.1	EPI_ISL_9982711
75	Homo sapiens	2021-06-01	Mongolia	B.1.1	EPI_ISL_9982706
74	Homo sapiens	2021-05-24	Mongolia	B.1.1	EPI_ISL_9982710
75	Homo sapiens	2021-06-01	Mongolia	B.1.1.7	EPI_ISL_9982708
79	Homo sapiens	2021-07-04	Mongolia	B.1.1.7	EPI_ISL_9982598
75	Homo sapiens	2021-06-01	Mongolia	B.1.1.7	EPI_ISL_9982707
75	Homo sapiens	2021-06-01	Mongolia	B.1.1	EPI_ISL_9982705
75	Homo sapiens	2021-06-02	Mongolia	B.1.1.7	EPI_ISL_9982704
75	Homo sapiens	2021-06-02	Mongolia	B.1.1.7	EPI_ISL_9982703
75	Homo sapiens	2021-06-04	Mongolia	B.1.1.7	EPI_ISL_9982702
75	Homo sapiens	2021-06-04	Mongolia	B.1.1.7	EPI_ISL_9982701
72	Homo sapiens	2021-05-16	Mongolia	B.1.1	EPI_ISL_9982715
74	Homo sapiens	2021-05-27	Mongolia	B.1.1	EPI_ISL_9982709
73	Homo sapiens	2021-05-18	Mongolia	B.1.1.7	EPI_ISL_9982722
72	Homo sapiens	2021-05-16	Mongolia	B.1.1.7	EPI_ISL_9982716
71	Homo sapiens	2021-05-05	Mongolia	B.1.1	EPI_ISL_9982721
71	Homo sapiens	2021-05-07	Mongolia	B.1.1	EPI_ISL_9982720
71	Homo sapiens	2021-05-07	Mongolia	B.1.1	EPI_ISL_9982719
71	Homo sapiens	2021-05-07	Mongolia	B.1.1	EPI_ISL_9982718
72	Homo sapiens	2021-05-16	Mongolia	B.1.1	EPI_ISL_9982717
73	Homo sapiens	2021-05-18	Mongolia	B.1.1.7	EPI_ISL_9982713
73	Homo sapiens	2021-05-18	Mongolia	B.1.1.7	EPI_ISL_9982714
73	Homo sapiens	2021-05-21	Mongolia	B.1.1.7	EPI_ISL_9982712
75	Homo sapiens	2021-06-04	Mongolia	B.1.1.7	EPI_ISL_9982697
76	Homo sapiens	2021-06-11	Mongolia	B.1.1.7	EPI_ISL_9982678
71	Homo sapiens	2021-05-05	Mongolia	B.1.1.46	EPI_ISL_9982677
76	Homo sapiens	2021-06-07	Mongolia	B.1.1.7	EPI_ISL_9982692
76	Homo sapiens	2021-06-13	Mongolia	B.1.1.7	EPI_ISL_9982654
76	Homo sapiens	2021-06-07	Mongolia	B.1.1.7	EPI_ISL_9982691
76	Homo sapiens	2021-06-07	Mongolia	B.1.1.7	EPI_ISL_9982690
75	Homo sapiens	2021-06-04	Mongolia	B.1.1.7	EPI_ISL_9982699
75	Homo sapiens	2021-06-04	Mongolia	B.1.1.7	EPI_ISL_9982698
75	Homo sapiens	2021-06-05	Mongolia	B.1.1.7	EPI_ISL_9982696
75	Homo sapiens	2021-06-05	Mongolia	B.1.1	EPI_ISL_9982695
75	Homo sapiens	2021-06-05	Mongolia	B.1.1.7	EPI_ISL_9982694
76	Homo sapiens	2021-06-07	Mongolia	B.1.1.7	EPI_ISL_9982693
76	Homo sapiens	2021-06-11	Mongolia	B.1.1.7	EPI_ISL_9982670
76	Homo sapiens	2021-06-09	Mongolia	B.1.1.7	EPI_ISL_9982681
71	Homo sapiens	2021-05-05	Mongolia	B.1.1	EPI_ISL_9982674
71	Homo sapiens	2021-05-05	Mongolia	B.1.1	EPI_ISL_9982676
71	Homo sapiens	2021-05-05	Mongolia	B.1.1	EPI_ISL_9982675
71	Homo sapiens	2021-05-05	Mongolia	B.1.1	EPI_ISL_9982673
75	Homo sapiens	2021-06-02	Mongolia	B.1.1.7	EPI_ISL_9982672
75	Homo sapiens	2021-06-02	Mongolia	B.1.1.7	EPI_ISL_9982671
76	Homo sapiens	2021-06-09	Mongolia	B.1.1.7	EPI_ISL_9982680
76	Homo sapiens	2021-06-08	Mongolia	B.1.1.7	EPI_ISL_9982689
76	Homo sapiens	2021-06-08	Mongolia	B.1.1.7	EPI_ISL_9982688
76	Homo sapiens	2021-06-08	Mongolia	B.1.1.7	EPI_ISL_9982687
76	Homo sapiens	2021-06-08	Mongolia	B.1.1.7	EPI_ISL_9982686
76	Homo sapiens	2021-06-08	Mongolia	B.1.1.7	EPI_ISL_9982685
76	Homo sapiens	2021-06-08	Mongolia	B.1.1.7	EPI_ISL_9982684
76	Homo sapiens	2021-06-09	Mongolia	B.1.1.7	EPI_ISL_9982683
76	Homo sapiens	2021-06-09	Mongolia	B.1.1.7	EPI_ISL_9982682
76	Homo sapiens	2021-06-09	Mongolia	B.1.1.7	EPI_ISL_9982679
79	Homo sapiens	2021-07-04	Mongolia	B.1.1.7	EPI_ISL_9982597
79	Homo sapiens	2021-07-04	Mongolia	B.1.1.7	EPI_ISL_9982596
79	Homo sapiens	2021-07-04	Mongolia	B.1.1.7	EPI_ISL_9982593
79	Homo sapiens	2021-07-04	Mongolia	B.1.1.7	EPI_ISL_9982592
80	Homo sapiens	2021-07-05	Mongolia	B.1.1.7	EPI_ISL_9982590
79	Homo sapiens	2021-07-04	Mongolia	B.1.1.7	EPI_ISL_9982594
79	Homo sapiens	2021-06-30	Mongolia	B.1.1.7	EPI_ISL_9982611
79	Homo sapiens	2021-06-30	Mongolia	B.1.1.7	EPI_ISL_9982609
79	Homo sapiens	2021-06-30	Mongolia	B.1.1.7	EPI_ISL_9982606
79	Homo sapiens	2021-06-30	Mongolia	B.1.1.7	EPI_ISL_9982608
79	Homo sapiens	2021-06-30	Mongolia	B.1.1.7	EPI_ISL_9982607
79	Homo sapiens	2021-06-30	Mongolia	B.1.1.7	EPI_ISL_9982605
79	Homo sapiens	2021-06-30	Mongolia	B.1.1.7	EPI_ISL_9982604
79	Homo sapiens	2021-06-30	Mongolia	B.1.1.7	EPI_ISL_9982603
79	Homo sapiens	2021-07-01	Mongolia	B.1.1.7	EPI_ISL_9982602
78	Homo sapiens	2021-06-26	Mongolia	B.1.1.7	EPI_ISL_9982623
78	Homo sapiens	2021-06-26	Mongolia	B.1.1.7	EPI_ISL_9982622
78	Homo sapiens	2021-06-26	Mongolia	B.1.1.7	EPI_ISL_9982621
79	Homo sapiens	2021-06-28	Mongolia	B.1.1.7	EPI_ISL_9982620
79	Homo sapiens	2021-06-28	Mongolia	B.1.1.7	EPI_ISL_9982619
79	Homo sapiens	2021-06-28	Mongolia	B.1.1.7	EPI_ISL_9982618
79	Homo sapiens	2021-06-28	Mongolia	B.1.1.7	EPI_ISL_9982617
79	Homo sapiens	2021-06-28	Mongolia	B.1.1.7	EPI_ISL_9982616
79	Homo sapiens	2021-06-28	Mongolia	B.1.1.7	EPI_ISL_9982615
79	Homo sapiens	2021-06-28	Mongolia	B.1.1.7	EPI_ISL_9982614
79	Homo sapiens	2021-06-28	Mongolia	B.1.1.7	EPI_ISL_9982613
79	Homo sapiens	2021-07-01	Mongolia	B.1.1.7	EPI_ISL_9982601
79	Homo sapiens	2021-07-01	Mongolia	B.1.1.7	EPI_ISL_9982600
76	Homo sapiens	2021-06-13	Mongolia	B.1.1.7	EPI_ISL_9982656
76	Homo sapiens	2021-06-13	Mongolia	B.1.1.7	EPI_ISL_9982652
76	Homo sapiens	2021-06-13	Mongolia	B.1.1.7	EPI_ISL_9982655
76	Homo sapiens	2021-06-13	Mongolia	B.1.1.7	EPI_ISL_9982653
76	Homo sapiens	2021-06-13	Mongolia	B.1.1.7	EPI_ISL_9982651
77	Homo sapiens	2021-06-14	Mongolia	B.1.1.7	EPI_ISL_9982650
77	Homo sapiens	2021-06-14	Mongolia	B.1.1.7	EPI_ISL_9982649
77	Homo sapiens	2021-06-14	Mongolia	B.1.1.7	EPI_ISL_9982648
77	Homo sapiens	2021-06-15	Mongolia	B.1.1.7	EPI_ISL_9982647
77	Homo sapiens	2021-06-15	Mongolia	B.1.1.7	EPI_ISL_9982646
76	Homo sapiens	2021-06-11	Mongolia	B.1.1.7	EPI_ISL_9982667
76	Homo sapiens	2021-06-11	Mongolia	B.1.1.7	EPI_ISL_9982666
76	Homo sapiens	2021-06-11	Mongolia	B.1.1.7	EPI_ISL_9982665
76	Homo sapiens	2021-06-11	Mongolia	B.1.1.7	EPI_ISL_9982664
76	Homo sapiens	2021-06-12	Mongolia	B.1.1	EPI_ISL_9982663
76	Homo sapiens	2021-06-12	Mongolia	B.1.617.2	EPI_ISL_9982662
78	Homo sapiens	2021-06-23	Mongolia	B.1.1.7	EPI_ISL_9982630
76	Homo sapiens	2021-06-13	Mongolia	B.1.1.7	EPI_ISL_9982661
76	Homo sapiens	2021-06-13	Mongolia	B.1.1.7	EPI_ISL_9982660
76	Homo sapiens	2021-06-13	Mongolia	B.1.1.7	EPI_ISL_9982659
76	Homo sapiens	2021-06-13	Mongolia	B.1.1.7	EPI_ISL_9982658
76	Homo sapiens	2021-06-13	Mongolia	B.1.1.7	EPI_ISL_9982657
78	Homo sapiens	2021-06-21	Mongolia	B.1.1.7	EPI_ISL_9982634
78	Homo sapiens	2021-06-21	Mongolia	B.1.1.7	EPI_ISL_9982633
78	Homo sapiens	2021-06-23	Mongolia	B.1.1.7	EPI_ISL_9982631
78	Homo sapiens	2021-06-23	Mongolia	B.1.1.7	EPI_ISL_9982632
78	Homo sapiens	2021-06-23	Mongolia	B.1.1.7	EPI_ISL_9982629
78	Homo sapiens	2021-06-23	Mongolia	B.1.1.7	EPI_ISL_9982628
78	Homo sapiens	2021-06-23	Mongolia	B.1.1.7	EPI_ISL_9982627
78	Homo sapiens	2021-06-26	Mongolia	B.1.1.7	EPI_ISL_9982626
78	Homo sapiens	2021-06-26	Mongolia	B.1.1.7	EPI_ISL_9982625
78	Homo sapiens	2021-06-26	Mongolia	B.1.1.7	EPI_ISL_9982624
77	Homo sapiens	2021-06-15	Mongolia	B.1.1.7	EPI_ISL_9982645
77	Homo sapiens	2021-06-15	Mongolia	B.1.1.7	EPI_ISL_9982644
77	Homo sapiens	2021-06-15	Mongolia	B.1.1.7	EPI_ISL_9982643
77	Homo sapiens	2021-06-18	Mongolia	B.1.1.7	EPI_ISL_9982642
77	Homo sapiens	2021-06-18	Mongolia	B.1.1.7	EPI_ISL_9982641
78	Homo sapiens	2021-06-21	Mongolia	B.1.1.7	EPI_ISL_9982639
77	Homo sapiens	2021-06-18	Mongolia	B.1.1.7	EPI_ISL_9982640
78	Homo sapiens	2021-06-21	Mongolia	B.1.1	EPI_ISL_9982638
78	Homo sapiens	2021-06-21	Mongolia	B.1.1.7	EPI_ISL_9982637
78	Homo sapiens	2021-06-21	Mongolia	B.1.1.7	EPI_ISL_9982636
78	Homo sapiens	2021-06-21	Mongolia	B.1.1.7	EPI_ISL_9982635
80	Homo sapiens	2021-07-05	Mongolia	B.1.1.7	EPI_ISL_9982588
80	Homo sapiens	2021-07-07	Mongolia	B.1.1.7	EPI_ISL_9982579
80	Homo sapiens	2021-07-07	Mongolia	B.1.1.7	EPI_ISL_9982575
80	Homo sapiens	2021-07-07	Mongolia	B.1.1.7	EPI_ISL_9982578
80	Homo sapiens	2021-07-07	Mongolia	B.1.1.7	EPI_ISL_9982577
80	Homo sapiens	2021-07-07	Mongolia	B.1.1.7	EPI_ISL_9982576
80	Homo sapiens	2021-07-07	Mongolia	B.1.1.7	EPI_ISL_9982574
80	Homo sapiens	2021-07-07	Mongolia	B.1.617.2	EPI_ISL_9982573
80	Homo sapiens	2021-07-09	Mongolia	B.1.1.7	EPI_ISL_9982572
80	Homo sapiens	2021-07-06	Mongolia	B.1.1.7	EPI_ISL_9982581
80	Homo sapiens	2021-07-05	Mongolia	B.1.1.7	EPI_ISL_9982585
80	Homo sapiens	2021-07-06	Mongolia	B.1.1.7	EPI_ISL_9982582
80	Homo sapiens	2021-07-06	Mongolia	B.1.1.7	EPI_ISL_9982580
80	Homo sapiens	2021-07-05	Mongolia	B.1.1.7	EPI_ISL_9982589
80	Homo sapiens	2021-07-05	Mongolia	B.1.1.7	EPI_ISL_9982587
80	Homo sapiens	2021-07-05	Mongolia	B.1.1.7	EPI_ISL_9982586
80	Homo sapiens	2021-07-06	Mongolia	B.1.1.7	EPI_ISL_9982584
80	Homo sapiens	2021-07-06	Mongolia	B.1.1.7	EPI_ISL_9982583
76	Homo sapiens	2021-06-11	Mongolia	B.1.1.7	EPI_ISL_9982669
76	Homo sapiens	2021-06-11	Mongolia	B.1.1.7	EPI_ISL_9982668
77	Homo sapiens	2021-06-18	Mongolia	B.1.1.7	EPI_ISL_9988859
78	Homo sapiens	2021-06-21	Mongolia	B.1.1.7	EPI_ISL_9988858
79	Homo sapiens	2021-06-28	Mongolia	B.1.1.7	EPI_ISL_9988857
75	Homo sapiens	2021-06-01	Mongolia	B.1.1	EPI_ISL_9988860
82	Homo sapiens	2021-07-20	Mongolia	B.1.1.7	OM961180.1
82	Homo sapiens	2021-07-20	Mongolia	B.1.1.7	OM961181.1
82	Homo sapiens	2021-07-20	Mongolia	B.1.1.7	OM961182.1
82	Homo sapiens	2021-07-20	Mongolia	B.1.1.7	OM961183.1
82	Homo sapiens	2021-07-20	Mongolia	B.1.1.7	OM961184.1
82	Homo sapiens	2021-07-20	Mongolia	B.1.1.7	OM961185.1
82	Homo sapiens	2021-07-20	Mongolia	B.1.617.2	OM961186.1
82	Homo sapiens	2021-07-20	Mongolia	B.1.1.7	OM961187.1
82	Homo sapiens	2021-07-20	Mongolia	B.1.1.7	OM961188.1
82	Homo sapiens	2021-07-20	Mongolia	B.1.1.7	OM961189.1
82	Homo sapiens	2021-07-20	Mongolia	B.1.1.7	OM961190.1
82	Homo sapiens	2021-07-20	Mongolia	B.1.1.7	OM961191.1
82	Homo sapiens	2021-07-20	Mongolia	B.1.1.7	OM961192.1
82	Homo sapiens	2021-07-20	Mongolia	B.1.1.7	OM961193.1
82	Homo sapiens	2021-07-20	Mongolia	B.1.1.7	OM961194.1
82	Homo sapiens	2021-07-20	Mongolia	B.1.1.7	OM961195.1
82	Homo sapiens	2021-07-20	Mongolia	B.1.1.7	OM961196.1
82	Homo sapiens	2021-07-21	Mongolia	B.1.1.7	OM961197.1
82	Homo sapiens	2021-07-21	Mongolia	B.1.1.7	OM961198.1
82	Homo sapiens	2021-07-21	Mongolia	B.1.1.7	OM961199.1
82	Homo sapiens	2021-07-21	Mongolia	B.1.1.7	OM961200.1
82	Homo sapiens	2021-07-22	Mongolia	B.1.1.7	OM961201.1
82	Homo sapiens	2021-07-23	Mongolia	B.1.1.7	OM961202.1
82	Homo sapiens	2021-07-23	Mongolia	B.1.1.7	OM961203.1
82	Homo sapiens	2021-07-24	Mongolia	B.1.1.7	OM961204.1
82	Homo sapiens	2021-07-24	Mongolia	B.1.617.2	OM961205.1
82	Homo sapiens	2021-07-24	Mongolia	B.1.1.7	OM961206.1
82	Homo sapiens	2021-07-24	Mongolia	B.1.1.7	OM961207.1
82	Homo sapiens	2021-07-24	Mongolia	B.1.1.7	OM961208.1
82	Homo sapiens	2021-07-24	Mongolia	B.1.1.7	OM961209.1
82	Homo sapiens	2021-07-24	Mongolia	B.1.1.7	OM961210.1
82	Homo sapiens	2021-07-24	Mongolia	B.1.1.7	OM961211.1
82	Homo sapiens	2021-07-24	Mongolia	B.1.1.7	OM961212.1
82	Homo sapiens	2021-07-25	Mongolia	B.1.1.7	OM961213.1
82	Homo sapiens	2021-07-25	Mongolia	B.1.1.7	OM961214.1
82	Homo sapiens	2021-07-25	Mongolia	B.1.1.7	OM961215.1
82	Homo sapiens	2021-07-25	Mongolia	B.1.1.7	OM961216.1
82	Homo sapiens	2021-07-25	Mongolia	B.1.1.7	OM961217.1
82	Homo sapiens	2021-07-25	Mongolia	B.1.1.7	OM961218.1
82	Homo sapiens	2021-07-25	Mongolia	B.1.617.2	OM961219.1
83	Homo sapiens	2021-07-26	Mongolia	B.1.1.7	OM961220.1
83	Homo sapiens	2021-07-26	Mongolia	B.1.1.7	OM961221.1
83	Homo sapiens	2021-07-26	Mongolia	B.1.1.7	OM961222.1
83	Homo sapiens	2021-07-28	Mongolia	B.1.1.7	OM961223.1
83	Homo sapiens	2021-07-28	Mongolia	B.1.1.7	OM961225.1
83	Homo sapiens	2021-07-28	Mongolia	B.1.1.7	OM961226.1
83	Homo sapiens	2021-07-28	Mongolia	B.1.617.2	OM961227.1
83	Homo sapiens	2021-07-28	Mongolia	B.1.1.7	OM961228.1
83	Homo sapiens	2021-07-29	Mongolia	B.1.1.7	OM961229.1
83	Homo sapiens	2021-07-29	Mongolia	B.1.1.7	OM961230.1
83	Homo sapiens	2021-07-29	Mongolia	B.1.1.7	OM961231.1
83	Homo sapiens	2021-07-29	Mongolia	B.1.1.7	OM961232.1
89	Homo sapiens	2021-09-07	Mongolia	B.1.617.2	OM961234.1
89	Homo sapiens	2021-09-07	Mongolia	B.1.1.7	OM961235.1
89	Homo sapiens	2021-09-07	Mongolia	B.1.1.7	OM961236.1
89	Homo sapiens	2021-09-07	Mongolia	AY.122	OM961237.1
89	Homo sapiens	2021-09-07	Mongolia	B.1.617.2	OM961238.1
89	Homo sapiens	2021-09-07	Mongolia	B.1.617.2	OM961239.1
89	Homo sapiens	2021-09-07	Mongolia	B.1.617.2	OM961240.1
89	Homo sapiens	2021-09-08	Mongolia	B.1.617.2	OM961241.1
89	Homo sapiens	2021-09-08	Mongolia	B.1.617.2	OM961242.1
89	Homo sapiens	2021-09-08	Mongolia	B.1.617.2	OM961243.1
89	Homo sapiens	2021-09-08	Mongolia	B.1.617.2	OM961244.1
89	Homo sapiens	2021-09-08	Mongolia	AY.126	OM961245.1
89	Homo sapiens	2021-09-08	Mongolia	AY.122	OM961246.1
89	Homo sapiens	2021-09-08	Mongolia	B.1.617.2	OM961247.1
89	Homo sapiens	2021-09-08	Mongolia	B.1.617.2	OM961248.1
89	Homo sapiens	2021-09-08	Mongolia	B.1.617.2	OM961249.1
89	Homo sapiens	2021-09-08	Mongolia	B.1.1.7	OM961251.1
89	Homo sapiens	2021-09-08	Mongolia	B.1.617.2	OM961252.1
89	Homo sapiens	2021-09-08	Mongolia	B.1.617.2	OM961254.1
89	Homo sapiens	2021-09-08	Mongolia	B.1.617.2	OM961255.1
89	Homo sapiens	2021-09-08	Mongolia	B.1.1.7	OM961256.1
89	Homo sapiens	2021-09-08	Mongolia	B.1.1.7	OM961257.1
89	Homo sapiens	2021-09-08	Mongolia	AY.126	OM961258.1
89	Homo sapiens	2021-09-08	Mongolia	AY.126	OM961259.1
89	Homo sapiens	2021-09-08	Mongolia	B.1.617.2	OM961260.1
89	Homo sapiens	2021-09-10	Mongolia	B.1.617.2	OM961261.1
89	Homo sapiens	2021-09-10	Mongolia	B.1.617.2	OM961262.1
89	Homo sapiens	2021-09-10	Mongolia	B.1.617.2	OM961263.1
89	Homo sapiens	2021-09-10	Mongolia	B.1.1.7	OM961264.1
89	Homo sapiens	2021-09-10	Mongolia	B.1.617.2	OM961265.1
89	Homo sapiens	2021-09-10	Mongolia	B.1.1.7	OM961266.1
89	Homo sapiens	2021-09-10	Mongolia	B.1.1.7	OM961267.1
89	Homo sapiens	2021-09-10	Mongolia	B.1.1.7	OM961268.1
89	Homo sapiens	2021-09-10	Mongolia	B.1.617.2	OM961269.1
89	Homo sapiens	2021-09-10	Mongolia	AY.126	OM961270.1
89	Homo sapiens	2021-09-10	Mongolia	B.1.617.2	OM961271.1
89	Homo sapiens	2021-09-10	Mongolia	B.1.1.7	OM961272.1
89	Homo sapiens	2021-09-10	Mongolia	B.1.617.2	OM961273.1
89	Homo sapiens	2021-09-10	Mongolia	B.1.617.2	OM961274.1
89	Homo sapiens	2021-09-10	Mongolia	B.1.617.2	OM961275.1
89	Homo sapiens	2021-09-12	Mongolia	B.1.617.2	OM961276.1
89	Homo sapiens	2021-09-12	Mongolia	B.1.617.2	OM961277.1
89	Homo sapiens	2021-09-12	Mongolia	B.1.617.2	OM961278.1
89	Homo sapiens	2021-09-12	Mongolia	B.1.617.2	OM961279.1
89	Homo sapiens	2021-09-12	Mongolia	B.1.617.2	OM961280.1
89	Homo sapiens	2021-09-12	Mongolia	B.1.617.2	OM961282.1
101	Homo sapiens	2021-12-02	Mongolia	AY.126	OM961283.1
101	Homo sapiens	2021-12-02	Mongolia	AY.126	OM961284.1
101	Homo sapiens	2021-12-04	Mongolia	AY.126	OM961285.1
101	Homo sapiens	2021-12-04	Mongolia	AY.122	OM961286.1
102	Homo sapiens	2021-12-07	Mongolia	AY.126	OM961288.1
102	Homo sapiens	2021-12-07	Mongolia	B.1.617.2	OM961289.1
102	Homo sapiens	2021-12-11	Mongolia	B.1.617.2	OM961290.1
102	Homo sapiens	2021-12-11	Mongolia	AY.126	OM961291.1
102	Homo sapiens	2021-12-11	Mongolia	AY.126	OM961292.1
103	Homo sapiens	2021-12-15	Mongolia	B.1.617.2	OM961293.1
103	Homo sapiens	2021-12-16	Mongolia	AY.122	OM961294.1
103	Homo sapiens	2021-12-17	Mongolia	B.1.617.2	OM961296.1
103	Homo sapiens	2021-12-18	Mongolia	AY.126	OM961297.1
104	Homo sapiens	2021-12-24	Mongolia	B.1.617.2	OM961298.1
105	Homo sapiens	2021-12-27	Mongolia	BA.1.1	OM961300.1
105	Homo sapiens	2021-12-28	Mongolia	BA.1.1	OM961301.1
106	Homo sapiens	2022-01-03	Mongolia	BA.1.1	OM961302.1
106	Homo sapiens	2022-01-04	Mongolia	BA.1.1	OM961303.1
106	Homo sapiens	2022-01-04	Mongolia	BA.1.1	OM961304.1
106	Homo sapiens	2022-01-04	Mongolia	BA.1.1	OM961305.1
106	Homo sapiens	2022-01-04	Mongolia	BA.1.1	OM961306.1
106	Homo sapiens	2022-01-04	Mongolia	BA.1.1	OM961307.1
106	Homo sapiens	2022-01-04	Mongolia	BA.1.1	OM961308.1
106	Homo sapiens	2022-01-04	Mongolia	BA.1.1	OM961309.1
106	Homo sapiens	2022-01-05	Mongolia	BA.1.1	OM961310.1
106	Homo sapiens	2022-01-05	Mongolia	BA.1.1	OM961311.1
106	Homo sapiens	2022-01-05	Mongolia	BA.1.1	OM961312.1
106	Homo sapiens	2022-01-06	Mongolia	BA.1.1	OM961313.1
106	Homo sapiens	2022-01-06	Mongolia	BA.1.1	OM961314.1
106	Homo sapiens	2022-01-06	Mongolia	BA.1.1	OM961315.1
106	Homo sapiens	2022-01-06	Mongolia	BA.1.1	OM961316.1
106	Homo sapiens	2022-01-06	Mongolia	BA.1.1	OM961317.1
106	Homo sapiens	2022-01-06	Mongolia	BA.1.1	OM961318.1
106	Homo sapiens	2022-01-07	Mongolia	BA.1.1	OM961319.1
106	Homo sapiens	2022-01-07	Mongolia	BA.1.1	OM961320.1
106	Homo sapiens	2022-01-07	Mongolia	BA.1.1	OM961321.1
106	Homo sapiens	2022-01-08	Mongolia	BA.1.1	OM961322.1
106	Homo sapiens	2022-01-08	Mongolia	BA.1.1	OM961323.1
106	Homo sapiens	2022-01-08	Mongolia	BA.1.1	OM961324.1
106	Homo sapiens	2022-01-08	Mongolia	BA.1.1	OM961325.1
106	Homo sapiens	2022-01-08	Mongolia	BA.1.1	OM961326.1
106	Homo sapiens	2022-01-09	Mongolia	BA.1.1	OM961327.1
107	Homo sapiens	2022-01-10	Mongolia	BA.1.1	OM961328.1
107	Homo sapiens	2022-01-10	Mongolia	BA.1.1	OM961329.1
107	Homo sapiens	2022-01-10	Mongolia	BA.1.1	OM961330.1
107	Homo sapiens	2022-01-10	Mongolia	B.1.1.7	OM961331.1
107	Homo sapiens	2022-01-10	Mongolia	BA.1.1	OM961332.1
107	Homo sapiens	2022-01-10	Mongolia	BA.1.1	OM961333.1
107	Homo sapiens	2022-01-11	Mongolia	BA.1.1	OM961334.1
107	Homo sapiens	2022-01-11	Mongolia	BA.1.1	OM961335.1
107	Homo sapiens	2022-01-11	Mongolia	BA.1.1	OM961336.1
107	Homo sapiens	2022-01-11	Mongolia	BA.1.1	OM961338.1
107	Homo sapiens	2022-01-11	Mongolia	BA.1.1	OM961340.1
107	Homo sapiens	2022-01-11	Mongolia	BA.1.1	OM961341.1
107	Homo sapiens	2022-01-11	Mongolia	BA.1.1	OM961342.1
107	Homo sapiens	2022-01-11	Mongolia	BA.1.1	OM961343.1
107	Homo sapiens	2022-01-11	Mongolia	BA.1.1	OM961344.1
107	Homo sapiens	2022-01-11	Mongolia	BA.1.1	OM961345.1
107	Homo sapiens	2022-01-11	Mongolia	BA.1.1	OM961346.1
107	Homo sapiens	2022-01-12	Mongolia	BA.1.1	OM961347.1
107	Homo sapiens	2022-01-12	Mongolia	BA.1.1	OM961348.1
107	Homo sapiens	2022-01-12	Mongolia	BA.1.1	OM961349.1
107	Homo sapiens	2022-01-12	Mongolia	BA.1.1	OM961350.1
107	Homo sapiens	2022-01-12	Mongolia	BA.1.1	OM961351.1
107	Homo sapiens	2022-01-12	Mongolia	BA.1.1	OM961352.1
107	Homo sapiens	2022-01-12	Mongolia	BA.1.1	OM961353.1
107	Homo sapiens	2022-01-12	Mongolia	BA.1.1	OM961354.1
107	Homo sapiens	2022-01-12	Mongolia	BA.1.1	OM961355.1
107	Homo sapiens	2022-01-12	Mongolia	BA.1.1	OM961356.1
107	Homo sapiens	2022-01-13	Mongolia	BA.1.1	OM961357.1
107	Homo sapiens	2022-01-13	Mongolia	BA.1.1	OM961358.1
107	Homo sapiens	2022-01-13	Mongolia	BA.1.1	OM961359.1
107	Homo sapiens	2022-01-13	Mongolia	BA.1.1	OM961361.1
107	Homo sapiens	2022-01-13	Mongolia	BA.1.1	OM961362.1
107	Homo sapiens	2022-01-13	Mongolia	BA.1.1	OM961363.1
107	Homo sapiens	2022-01-13	Mongolia	BA.1.1	OM961364.1
107	Homo sapiens	2022-01-13	Mongolia	AY.126	OM961365.1
107	Homo sapiens	2022-01-13	Mongolia	BA.1.1	OM961366.1
107	Homo sapiens	2022-01-13	Mongolia	BA.1.1	OM961367.1
107	Homo sapiens	2022-01-13	Mongolia	BA.1.1	OM961368.1
107	Homo sapiens	2022-01-13	Mongolia	BA.1	OM961369.1
107	Homo sapiens	2022-01-14	Mongolia	BA.1	OM961370.1
107	Homo sapiens	2022-01-14	Mongolia	BA.1	OM961371.1
107	Homo sapiens	2022-01-14	Mongolia	BA.1.1	OM961372.1
107	Homo sapiens	2022-01-14	Mongolia	BA.1.1	OM961373.1
107	Homo sapiens	2022-01-14	Mongolia	BA.1.1	OM961374.1
107	Homo sapiens	2022-01-14	Mongolia	BA.1.1	OM961375.1
107	Homo sapiens	2022-01-14	Mongolia	BA.1.1	OM961376.1
107	Homo sapiens	2022-01-14	Mongolia	BA.1.1	OM961377.1
107	Homo sapiens	2022-01-14	Mongolia	BA.1.1	OM961378.1
107	Homo sapiens	2022-01-14	Mongolia	BA.1.1	OM961379.1
107	Homo sapiens	2022-01-14	Mongolia	BA.1.1	OM961380.1
107	Homo sapiens	2022-01-14	Mongolia	BA.1.1	OM961381.1
107	Homo sapiens	2022-01-14	Mongolia	BA.1.1	OM961382.1
107	Homo sapiens	2022-01-15	Mongolia	BA.1.1	OM961383.1
107	Homo sapiens	2022-01-15	Mongolia	BA.1.1	OM961384.1
107	Homo sapiens	2022-01-15	Mongolia	BA.1.1	OM961385.1
107	Homo sapiens	2022-01-15	Mongolia	BA.1.1	OM961386.1
107	Homo sapiens	2022-01-15	Mongolia	BA.1.1	OM961387.1
107	Homo sapiens	2022-01-15	Mongolia	BA.1.1	OM961388.1
107	Homo sapiens	2022-01-15	Mongolia	BA.1.1	OM961389.1
107	Homo sapiens	2022-01-15	Mongolia	BA.1.1	OM961390.1
107	Homo sapiens	2022-01-15	Mongolia	BA.1.1	OM961391.1
107	Homo sapiens	2022-01-15	Mongolia	BA.1.1	OM961392.1
107	Homo sapiens	2022-01-15	Mongolia	BA.1.1	OM961393.1
82	Homo sapiens	2021-07-25	Mongolia	B.1.1.7	ON008239.1
67	Homo sapiens	2021-04-08	Mongolia	B.1.1.7	ON008245.1
67	Homo sapiens	2021-04-08	Mongolia	B.1.1.7	ON008246.1
84	Homo sapiens	2021-08-04	Mongolia	B.1.617.2	ON008270.1
84	Homo sapiens	2021-08-02	Mongolia	B.1.617.2	ON008271.1
83	Homo sapiens	2021-07-30	Mongolia	B.1.1.7	ON008298.1
83	Homo sapiens	2021-07-30	Mongolia	B.1.1.7	ON008299.1
83	Homo sapiens	2021-07-26	Mongolia	B.1.1.7	ON008300.1
99	Homo sapiens	2021-11-16	Mongolia	AY.126	EPI_ISL_11891889
99	Homo sapiens	2021-11-16	Mongolia	B.1.617.2	EPI_ISL_11891899
99	Homo sapiens	2021-11-16	Mongolia	AY.122	EPI_ISL_11891897
99	Homo sapiens	2021-11-16	Mongolia	AY.122	EPI_ISL_11891901
98	Homo sapiens	2021-11-13	Mongolia	AY.122	EPI_ISL_11891908
95	Homo sapiens	2021-10-20	Mongolia	B.1.617.2	EPI_ISL_11891920
91	Homo sapiens	2021-09-26	Mongolia	AY.126	EPI_ISL_11891942
91	Homo sapiens	2021-09-25	Mongolia	B.1.617.2	EPI_ISL_11891944
93	Homo sapiens	2021-10-04	Mongolia	AY.122	EPI_ISL_11891933
91	Homo sapiens	2021-09-25	Mongolia	B.1.617.2	EPI_ISL_11891943
98	Homo sapiens	2021-11-12	Mongolia	B.1.617.2	EPI_ISL_11891909
99	Homo sapiens	2021-11-16	Mongolia	B.1.617.2	EPI_ISL_11891902
99	Homo sapiens	2021-11-16	Mongolia	AY.126	EPI_ISL_11891900
99	Homo sapiens	2021-11-16	Mongolia	AY.122	EPI_ISL_11891906
99	Homo sapiens	2021-11-16	Mongolia	AY.126	EPI_ISL_11891907
99	Homo sapiens	2021-11-16	Mongolia	B.1.617.2	EPI_ISL_11891903
93	Homo sapiens	2021-10-08	Mongolia	B.1.617.2	EPI_ISL_11891928
99	Homo sapiens	2021-11-16	Mongolia	AY.122	EPI_ISL_11891905
94	Homo sapiens	2021-10-11	Mongolia	B.1.617.2	EPI_ISL_11891924
98	Homo sapiens	2021-11-12	Mongolia	AY.122	EPI_ISL_11891910
99	Homo sapiens	2021-11-16	Mongolia	AY.122	EPI_ISL_11891904
93	Homo sapiens	2021-10-07	Mongolia	AY.122	EPI_ISL_11891929
95	Homo sapiens	2021-10-20	Mongolia	AY.122	EPI_ISL_11891921
93	Homo sapiens	2021-10-08	Mongolia	B.1.617.2	EPI_ISL_11891927
94	Homo sapiens	2021-10-16	Mongolia	B.1.617.2	EPI_ISL_11891923
97	Homo sapiens	2021-11-01	Mongolia	B.1.617.2	EPI_ISL_11891916
95	Homo sapiens	2021-10-19	Mongolia	B.1.617.2	EPI_ISL_11891922
97	Homo sapiens	2021-11-02	Mongolia	B.1.617.2	EPI_ISL_11891914
93	Homo sapiens	2021-10-09	Mongolia	B.1.617.2	EPI_ISL_11891926
93	Homo sapiens	2021-10-10	Mongolia	AY.122	EPI_ISL_11891925
98	Homo sapiens	2021-11-10	Mongolia	AY.122	EPI_ISL_11891911
96	Homo sapiens	2021-10-26	Mongolia	AY.122	EPI_ISL_11891918
96	Homo sapiens	2021-10-27	Mongolia	AY.122	EPI_ISL_11891917
97	Homo sapiens	2021-11-04	Mongolia	AY.122	EPI_ISL_11891913
98	Homo sapiens	2021-11-09	Mongolia	AY.122	EPI_ISL_11891912
96	Homo sapiens	2021-10-25	Mongolia	AY.122	EPI_ISL_11891919
97	Homo sapiens	2021-11-02	Mongolia	AY.126	EPI_ISL_11891915
99	Homo sapiens	2021-11-16	Mongolia	B.1.617.2	EPI_ISL_11891894
99	Homo sapiens	2021-11-16	Mongolia	AY.122	EPI_ISL_11891895
99	Homo sapiens	2021-11-16	Mongolia	AY.126	EPI_ISL_11891893
99	Homo sapiens	2021-11-16	Mongolia	B.1.617.2	EPI_ISL_11891896
99	Homo sapiens	2021-11-16	Mongolia	AY.126	EPI_ISL_11891892
91	Homo sapiens	2021-09-26	Mongolia	B.1.1.7	EPI_ISL_11891941
92	Homo sapiens	2021-09-27	Mongolia	AY.126	EPI_ISL_11891940
99	Homo sapiens	2021-11-16	Mongolia	AY.122	EPI_ISL_11891891
91	Homo sapiens	2021-09-25	Mongolia	B.1.617.2	EPI_ISL_11891946
93	Homo sapiens	2021-10-05	Mongolia	B.1.617.2	EPI_ISL_11891932
85	Homo sapiens	2021-08-11	Mongolia	B.1.1.7	EPI_ISL_11891949
91	Homo sapiens	2021-09-25	Mongolia	B.1.617.2	EPI_ISL_11891945
85	Homo sapiens	2021-08-11	Mongolia	B.1.1.7	EPI_ISL_11891947
84	Homo sapiens	2021-08-06	Mongolia	B.1.617.2	EPI_ISL_11891954
85	Homo sapiens	2021-08-11	Mongolia	B.1.617.2	EPI_ISL_11891948
92	Homo sapiens	2021-09-27	Mongolia	B.1.617.2	EPI_ISL_11891939
93	Homo sapiens	2021-10-06	Mongolia	AY.122	EPI_ISL_11891930
92	Homo sapiens	2021-09-28	Mongolia	B.1.617.2	EPI_ISL_11891938
92	Homo sapiens	2021-10-03	Mongolia	B.1.617.2	EPI_ISL_11891935
93	Homo sapiens	2021-10-05	Mongolia	B.1.617.2	EPI_ISL_11891931
92	Homo sapiens	2021-09-29	Mongolia	B.1.617.2	EPI_ISL_11891937
93	Homo sapiens	2021-10-04	Mongolia	B.1.617.2	EPI_ISL_11891934
92	Homo sapiens	2021-09-29	Mongolia	B.1.1.7	EPI_ISL_11891936
84	Homo sapiens	2021-08-07	Mongolia	B.1.1.7	EPI_ISL_11891953
84	Homo sapiens	2021-08-06	Mongolia	B.1.1.7	EPI_ISL_11891957
84	Homo sapiens	2021-08-07	Mongolia	B.1.1.7	EPI_ISL_11891952
84	Homo sapiens	2021-08-06	Mongolia	B.1.617.2	EPI_ISL_11891955
83	Homo sapiens	2021-08-01	Mongolia	B.1.1.7	EPI_ISL_11891959
85	Homo sapiens	2021-08-09	Mongolia	B.1.1.7	EPI_ISL_11891951
85	Homo sapiens	2021-08-09	Mongolia	B.1.617.2	EPI_ISL_11891950
84	Homo sapiens	2021-08-06	Mongolia	B.1.1.7	EPI_ISL_11891956
84	Homo sapiens	2021-08-03	Mongolia	B.1.1.7	EPI_ISL_11891958
96	Homo sapiens	2021-10-25	Mongolia	AY.126	EPI_ISL_12118436
99	Homo sapiens	2021-11-16	Mongolia	B.1.617.2	EPI_ISL_12118426
97	Homo sapiens	2021-11-05	Mongolia	AY.126	EPI_ISL_12118432
93	Homo sapiens	2021-10-05	Mongolia	AY.126	EPI_ISL_12118439
96	Homo sapiens	2021-10-27	Mongolia	AY.126	EPI_ISL_12118434
95	Homo sapiens	2021-10-22	Mongolia	AY.126	EPI_ISL_12118437
96	Homo sapiens	2021-10-26	Mongolia	AY.126	EPI_ISL_12118435
93	Homo sapiens	2021-10-07	Mongolia	AY.126	EPI_ISL_12118438
98	Homo sapiens	2021-11-13	Mongolia	B.1.617.2	EPI_ISL_12118430
98	Homo sapiens	2021-11-10	Mongolia	AY.126	EPI_ISL_12118431
96	Homo sapiens	2021-10-28	Mongolia	AY.126	EPI_ISL_12118433
99	Homo sapiens	2021-11-16	Mongolia	AY.126	EPI_ISL_12118427
99	Homo sapiens	2021-11-16	Mongolia	AY.126	EPI_ISL_12118428
99	Homo sapiens	2021-11-16	Mongolia	AY.126	EPI_ISL_12118429
112	Homo sapiens	2022-02-18	Mongolia	BA.1.1	EPI_ISL_12136604
111	Homo sapiens	2022-02-08	Mongolia	BA.1.1	EPI_ISL_12136600
111	Homo sapiens	2022-02-10	Mongolia	BA.1.1	EPI_ISL_12136603
111	Homo sapiens	2022-02-10	Mongolia	BA.1.1	EPI_ISL_12136602
111	Homo sapiens	2022-02-09	Mongolia	BA.1.1	EPI_ISL_12136601
110	Homo sapiens	2022-02-04	Mongolia	BA.1.1	EPI_ISL_12136620
111	Homo sapiens	2022-02-07	Mongolia	BA.1.1	EPI_ISL_12136617
110	Homo sapiens	2022-02-05	Mongolia	BA.1.1	EPI_ISL_12136616
110	Homo sapiens	2022-02-04	Mongolia	BA.1.1	EPI_ISL_12136615
110	Homo sapiens	2022-02-01	Mongolia	BA.1.1	EPI_ISL_12136614
112	Homo sapiens	2022-02-16	Mongolia	BA.1.1	EPI_ISL_12136610
113	Homo sapiens	2022-02-23	Mongolia	BA.1.1	EPI_ISL_12136613
113	Homo sapiens	2022-02-21	Mongolia	BA.1.1	EPI_ISL_12136612
112	Homo sapiens	2022-02-16	Mongolia	BA.1.1	EPI_ISL_12136611
110	Homo sapiens	2022-02-04	Mongolia	BA.1.1	EPI_ISL_12136619
111	Homo sapiens	2022-02-09	Mongolia	BA.1.1	EPI_ISL_12136618
110	Homo sapiens	2022-02-06	Mongolia	BA.2.3	EPI_ISL_12136631
110	Homo sapiens	2022-02-06	Mongolia	BA.1.1	EPI_ISL_12136630
114	Homo sapiens	2022-02-28	Mongolia	BA.2	EPI_ISL_12136628
114	Homo sapiens	2022-02-28	Mongolia	BA.2.10	EPI_ISL_12136627
114	Homo sapiens	2022-02-28	Mongolia	BA.1.1	EPI_ISL_12136626
114	Homo sapiens	2022-02-28	Mongolia	BA.1.1	EPI_ISL_12136625
111	Homo sapiens	2022-02-12	Mongolia	BA.1.1	EPI_ISL_12136624
111	Homo sapiens	2022-02-12	Mongolia	BA.1.1	EPI_ISL_12136623
111	Homo sapiens	2022-02-08	Mongolia	BA.1.1	EPI_ISL_12136622
110	Homo sapiens	2022-02-04	Mongolia	BA.1.1	EPI_ISL_12136621
110	Homo sapiens	2022-02-06	Mongolia	BA.1.1	EPI_ISL_12136629
111	Homo sapiens	2022-02-07	Mongolia	BA.1.1	EPI_ISL_12136606
110	Homo sapiens	2022-02-04	Mongolia	BA.1.1	EPI_ISL_12136605
111	Homo sapiens	2022-02-12	Mongolia	BA.1.1	EPI_ISL_12136609
111	Homo sapiens	2022-02-10	Mongolia	BA.1.1	EPI_ISL_12136608
111	Homo sapiens	2022-02-09	Mongolia	BA.1.1	EPI_ISL_12136607
110	Homo sapiens	2022-02-06	Mongolia	BA.1.1	EPI_ISL_12136598
110	Homo sapiens	2022-02-05	Mongolia	BA.1.1	EPI_ISL_12136597
110	Homo sapiens	2022-02-03	Mongolia	BA.1.1	EPI_ISL_12136596
111	Homo sapiens	2022-02-12	Mongolia	BA.1.1	EPI_ISL_12136595
111	Homo sapiens	2022-02-12	Mongolia	BA.1.1	EPI_ISL_12136594
111	Homo sapiens	2022-02-08	Mongolia	BA.1.1	EPI_ISL_12136593
110	Homo sapiens	2022-02-04	Mongolia	BA.1.1	EPI_ISL_12136592
110	Homo sapiens	2022-02-06	Mongolia	BA.1.1	EPI_ISL_12136599
92	Homo sapiens	2021-10-02	Mongolia	B.1.1.7	EPI_ISL_9876150
114	Homo sapiens	2022-03-03	Mongolia	BA.1.1	EPI_ISL_14713866
115	Homo sapiens	2022-03-08	Mongolia	BA.1.1	EPI_ISL_14713858
115	Homo sapiens	2022-03-08	Mongolia	BA.1.1	EPI_ISL_14713857
115	Homo sapiens	2022-03-10	Mongolia	BA.1.1	EPI_ISL_14713879
114	Homo sapiens	2022-03-04	Mongolia	BA.1.1	EPI_ISL_14713881
115	Homo sapiens	2022-03-10	Mongolia	BA.1.1	EPI_ISL_14713887
114	Homo sapiens	2022-03-02	Mongolia	BA.1.1	EPI_ISL_14713868
114	Homo sapiens	2022-03-03	Mongolia	BA.1.1	EPI_ISL_14713867
114	Homo sapiens	2022-03-01	Mongolia	BA.1.1	EPI_ISL_14713878
114	Homo sapiens	2022-03-01	Mongolia	BA.1.1	EPI_ISL_14713877
114	Homo sapiens	2022-03-06	Mongolia	BA.1.1	EPI_ISL_14713861
115	Homo sapiens	2022-03-08	Mongolia	BA.1.1	EPI_ISL_14713859
114	Homo sapiens	2022-03-06	Mongolia	BA.1.1	EPI_ISL_14713860
114	Homo sapiens	2022-03-03	Mongolia	BA.1.1	EPI_ISL_14713865
114	Homo sapiens	2022-03-04	Mongolia	BA.1.1	EPI_ISL_14713864
114	Homo sapiens	2022-03-04	Mongolia	BA.2.10	EPI_ISL_14713863
114	Homo sapiens	2022-03-06	Mongolia	BA.2	EPI_ISL_14713862
115	Homo sapiens	2022-03-11	Mongolia	BA.1.1	EPI_ISL_14713899
114	Homo sapiens	2022-03-02	Mongolia	BA.1.1	EPI_ISL_14713902
114	Homo sapiens	2022-03-03	Mongolia	BA.1.1	EPI_ISL_14713901
114	Homo sapiens	2022-03-03	Mongolia	BA.1.1	EPI_ISL_14713890
115	Homo sapiens	2022-03-07	Mongolia	BA.1.1	EPI_ISL_14713889
114	Homo sapiens	2022-03-04	Mongolia	BA.1.1	EPI_ISL_14713900
114	Homo sapiens	2022-03-02	Mongolia	BA.1.1	EPI_ISL_14713894
114	Homo sapiens	2022-03-02	Mongolia	BA.1.1	EPI_ISL_14713892
116	Homo sapiens	2022-03-14	Mongolia	BA.1.1	EPI_ISL_14713897
120	Homo sapiens	2022-04-12	Mongolia	BA.1.1	EPI_ISL_14713895
116	Homo sapiens	2022-03-14	Mongolia	BA.1.1	EPI_ISL_14713896
114	Homo sapiens	2022-03-01	Mongolia	BA.1.1	EPI_ISL_14713883
114	Homo sapiens	2022-03-02	Mongolia	BA.1.1	EPI_ISL_14713882
115	Homo sapiens	2022-03-07	Mongolia	BA.1.1	EPI_ISL_14713880
115	Homo sapiens	2022-03-11	Mongolia	BA.1.1	EPI_ISL_14713886
114	Homo sapiens	2022-03-04	Mongolia	BA.1.1	EPI_ISL_14713885
114	Homo sapiens	2022-03-01	Mongolia	BA.1.1	EPI_ISL_14713884
123	Homo sapiens	2022-05-03	Mongolia	BA.2	EPI_ISL_14713966
122	Homo sapiens	2022-04-27	Mongolia	BA.2	EPI_ISL_14713969
120	Homo sapiens	2022-04-12	Mongolia	BA.1.1	EPI_ISL_14713981
122	Homo sapiens	2022-04-25	Mongolia	BA.2.3	EPI_ISL_14713971
123	Homo sapiens	2022-05-02	Mongolia	BA.2.3	EPI_ISL_14713967
123	Homo sapiens	2022-05-03	Mongolia	BA.2.10	EPI_ISL_14713965
121	Homo sapiens	2022-04-24	Mongolia	BA.2.10	EPI_ISL_14713972
120	Homo sapiens	2022-04-14	Mongolia	BA.2.3.14	EPI_ISL_14713979
121	Homo sapiens	2022-04-22	Mongolia	BA.2.65	EPI_ISL_14713975
121	Homo sapiens	2022-04-20	Mongolia	BA.2	EPI_ISL_14713977
121	Homo sapiens	2022-04-22	Mongolia	BA.2	EPI_ISL_14713974
121	Homo sapiens	2022-04-22	Mongolia	BA.2	EPI_ISL_14713976
121	Homo sapiens	2022-04-24	Mongolia	BA.2	EPI_ISL_14713973
120	Homo sapiens	2022-04-17	Mongolia	BA.2	EPI_ISL_14713978
120	Homo sapiens	2022-04-12	Mongolia	BA.2.65	EPI_ISL_14713982
120	Homo sapiens	2022-04-14	Mongolia	BA.2.3.14	EPI_ISL_14713980
119	Homo sapiens	2022-04-09	Mongolia	BA.2	EPI_ISL_14713983
123	Homo sapiens	2022-05-03	Mongolia	BA.2.3	EPI_ISL_14713964
123	Homo sapiens	2022-05-03	Mongolia	BA.2	EPI_ISL_14713963
123	Homo sapiens	2022-05-03	Mongolia	BA.2	EPI_ISL_14713962
125	Homo sapiens	2022-05-18	Mongolia	BA.2	EPI_ISL_14724023
123	Homo sapiens	2022-05-06	Mongolia	BA.2	EPI_ISL_14724063
123	Homo sapiens	2022-05-06	Mongolia	BA.2	EPI_ISL_14724064
123	Homo sapiens	2022-05-06	Mongolia	BA.2	EPI_ISL_14724062
125	Homo sapiens	2022-05-16	Mongolia	BA.2	EPI_ISL_14724020
124	Homo sapiens	2022-05-14	Mongolia	BA.2.3	EPI_ISL_14724040
123	Homo sapiens	2022-05-07	Mongolia	BA.2.65	EPI_ISL_14724060
123	Homo sapiens	2022-05-07	Mongolia	BA.2	EPI_ISL_14724061
125	Homo sapiens	2022-05-16	Mongolia	BA.2	EPI_ISL_14724019
125	Homo sapiens	2022-05-18	Mongolia	BA.2	EPI_ISL_14724022
124	Homo sapiens	2022-05-12	Mongolia	BA.2	EPI_ISL_14724050
124	Homo sapiens	2022-05-11	Mongolia	BA.2.10	EPI_ISL_14724052
124	Homo sapiens	2022-05-13	Mongolia	BA.2	EPI_ISL_14724046
124	Homo sapiens	2022-05-13	Mongolia	BA.2	EPI_ISL_14724049
124	Homo sapiens	2022-05-10	Mongolia	BA.2.65	EPI_ISL_14724054
124	Homo sapiens	2022-05-09	Mongolia	BA.2.3	EPI_ISL_14724055
123	Homo sapiens	2022-05-08	Mongolia	BA.2	EPI_ISL_14724058
124	Homo sapiens	2022-05-15	Mongolia	BA.2	EPI_ISL_14724036
124	Homo sapiens	2022-05-13	Mongolia	BA.2.3	EPI_ISL_14724045
125	Homo sapiens	2022-05-18	Mongolia	BA.2	EPI_ISL_14724027
125	Homo sapiens	2022-05-16	Mongolia	BA.2	EPI_ISL_14724021
125	Homo sapiens	2022-05-18	Mongolia	BA.2	EPI_ISL_14724025
125	Homo sapiens	2022-05-18	Mongolia	BA.2	EPI_ISL_14724024
125	Homo sapiens	2022-05-17	Mongolia	BA.1.1	EPI_ISL_14724029
125	Homo sapiens	2022-05-17	Mongolia	BA.2.10	EPI_ISL_14724031
125	Homo sapiens	2022-05-18	Mongolia	BA.2	EPI_ISL_14724028
124	Homo sapiens	2022-05-09	Mongolia	BA.2	EPI_ISL_14724056
125	Homo sapiens	2022-05-18	Mongolia	BA.2	EPI_ISL_14724026
124	Homo sapiens	2022-05-15	Mongolia	BA.2	EPI_ISL_14724035
125	Homo sapiens	2022-05-17	Mongolia	BA.2.10	EPI_ISL_14724030
125	Homo sapiens	2022-05-17	Mongolia	BA.2.3	EPI_ISL_14724032
124	Homo sapiens	2022-05-15	Mongolia	BA.2	EPI_ISL_14724038
124	Homo sapiens	2022-05-13	Mongolia	BA.2	EPI_ISL_14724041
125	Homo sapiens	2022-05-17	Mongolia	BA.2.65	EPI_ISL_14724034
124	Homo sapiens	2022-05-14	Mongolia	BA.2.10	EPI_ISL_14724039
124	Homo sapiens	2022-05-13	Mongolia	BA.2	EPI_ISL_14724042
124	Homo sapiens	2022-05-13	Mongolia	BA.2	EPI_ISL_14724044
125	Homo sapiens	2022-05-17	Mongolia	BA.2.65	EPI_ISL_14724033
124	Homo sapiens	2022-05-10	Mongolia	BA.2.65	EPI_ISL_14724053
123	Homo sapiens	2022-05-08	Mongolia	BA.1.1	EPI_ISL_14724059
124	Homo sapiens	2022-05-15	Mongolia	BA.2	EPI_ISL_14724037
123	Homo sapiens	2022-05-08	Mongolia	BA.2	EPI_ISL_14724057
124	Homo sapiens	2022-05-13	Mongolia	BA.2.10	EPI_ISL_14724043
124	Homo sapiens	2022-05-13	Mongolia	BA.2.65	EPI_ISL_14724047
124	Homo sapiens	2022-05-13	Mongolia	BA.2	EPI_ISL_14724048
124	Homo sapiens	2022-05-11	Mongolia	BA.2	EPI_ISL_14724051
124	Homo sapiens	2022-05-11	Mongolia	BA.2.10	EPI_ISL_14724018
74	Homo sapiens	2021-05-25	Mongolia	B.1.1.7	EPI_ISL_14774640
81	Homo sapiens	2021-07-12	Mongolia	B.1.1.7	EPI_ISL_14774638
72	Homo sapiens	2021-05-16	Mongolia	B.1.1.7	EPI_ISL_14774642
102	Homo sapiens	2021-12-12	Mongolia	BA.1.1	EPI_ISL_14774653
103	Homo sapiens	2021-12-19	Mongolia	BA.1	EPI_ISL_14774649
69	Homo sapiens	2021-04-19	Mongolia	B.1.1.7	EPI_ISL_14774644
80	Homo sapiens	2021-07-06	Mongolia	B.1.1.7	EPI_ISL_14774639
104	Homo sapiens	2021-12-25	Mongolia	BA.1.1	EPI_ISL_14774645
73	Homo sapiens	2021-05-22	Mongolia	B.1.1.7	EPI_ISL_14774641
102	Homo sapiens	2021-12-12	Mongolia	BA.1.15	EPI_ISL_14774650
72	Homo sapiens	2021-05-14	Mongolia	B.1.1.7	EPI_ISL_14774643
109	Homo sapiens	2022-01-24	Mongolia	BA.1.1	EPI_ISL_14774657
104	Homo sapiens	2021-12-25	Mongolia	BA.1.1	EPI_ISL_14774655
104	Homo sapiens	2021-12-24	Mongolia	BA.1.1	EPI_ISL_14774656
109	Homo sapiens	2022-01-24	Mongolia	BA.1.1	EPI_ISL_14774658
109	Homo sapiens	2022-01-24	Mongolia	BA.1.1	EPI_ISL_14774652
104	Homo sapiens	2021-12-23	Mongolia	BA.1.1.14	EPI_ISL_14774646
84	Homo sapiens	2021-08-06	Mongolia	B.1.1.7	EPI_ISL_14774636
83	Homo sapiens	2021-07-31	Mongolia	B.1.1.7	EPI_ISL_14774637
109	Homo sapiens	2022-01-24	Mongolia	BA.1.1	EPI_ISL_14774651
104	Homo sapiens	2021-12-21	Mongolia	BA.1.1	EPI_ISL_14774647
103	Homo sapiens	2021-12-19	Mongolia	BA.1.1.14	EPI_ISL_14774648
105	Homo sapiens	2021-12-28	Mongolia	BA.1.1	EPI_ISL_14774654
124	Homo sapiens	2022-05-12	Mongolia	BA.2.3	EPI_ISL_14745796
134	Homo sapiens	2022-07-19	Mongolia	BA.5.2	EPI_ISL_14746478
132	Homo sapiens	2022-07-08	Mongolia	BA.2.65	EPI_ISL_14746498
134	Homo sapiens	2022-07-19	Mongolia	BA.5.2	EPI_ISL_14746476
134	Homo sapiens	2022-07-19	Mongolia	BA.5.2	EPI_ISL_14746474
132	Homo sapiens	2022-07-05	Mongolia	BE.1	EPI_ISL_14746499
134	Homo sapiens	2022-07-18	Mongolia	BA.5.2	EPI_ISL_14746506
134	Homo sapiens	2022-07-19	Mongolia	BF.5	EPI_ISL_14746503
132	Homo sapiens	2022-07-07	Mongolia	BA.2	EPI_ISL_14746501
133	Homo sapiens	2022-07-12	Mongolia	BA.5.2	EPI_ISL_14746495
134	Homo sapiens	2022-07-18	Mongolia	BA.5.2	EPI_ISL_14746462
132	Homo sapiens	2022-07-09	Mongolia	BA.2	EPI_ISL_14746497
132	Homo sapiens	2022-07-08	Mongolia	BA.5.1	EPI_ISL_14746500
133	Homo sapiens	2022-07-14	Mongolia	BA.5.2	EPI_ISL_14746493
132	Homo sapiens	2022-07-06	Mongolia	BA.2	EPI_ISL_14746502
134	Homo sapiens	2022-07-19	Mongolia	BA.5.2	EPI_ISL_14746477
134	Homo sapiens	2022-07-19	Mongolia	BA.5.1	EPI_ISL_14746504
133	Homo sapiens	2022-07-13	Mongolia	BA.5.2	EPI_ISL_14746482
132	Homo sapiens	2022-07-07	Mongolia	BA.2.65	EPI_ISL_14746479
132	Homo sapiens	2022-07-08	Mongolia	BA.5	EPI_ISL_14746466
132	Homo sapiens	2022-07-08	Mongolia	BA.2.65	EPI_ISL_14746465
132	Homo sapiens	2022-07-09	Mongolia	BA.5.2	EPI_ISL_14746468
133	Homo sapiens	2022-07-16	Mongolia	BA.5.3	EPI_ISL_14746467
132	Homo sapiens	2022-07-09	Mongolia	BA.5.2	EPI_ISL_14746485
134	Homo sapiens	2022-07-19	Mongolia	BA.5.2	EPI_ISL_14746473
134	Homo sapiens	2022-07-18	Mongolia	BA.5.2	EPI_ISL_14746461
134	Homo sapiens	2022-07-18	Mongolia	BA.5.2	EPI_ISL_14746489
133	Homo sapiens	2022-07-15	Mongolia	BA.5.2	EPI_ISL_14746463
134	Homo sapiens	2022-07-18	Mongolia	BA.5	EPI_ISL_14746460
133	Homo sapiens	2022-07-12	Mongolia	BA.5.2	EPI_ISL_14746471
133	Homo sapiens	2022-07-15	Mongolia	BA.5.2	EPI_ISL_14746492
133	Homo sapiens	2022-07-16	Mongolia	BA.5.2	EPI_ISL_14746469
133	Homo sapiens	2022-07-13	Mongolia	BA.5.2	EPI_ISL_14746464
133	Homo sapiens	2022-07-13	Mongolia	BA.5.2	EPI_ISL_14746481
134	Homo sapiens	2022-07-19	Mongolia	BA.5.2	EPI_ISL_14746475
131	Homo sapiens	2022-07-03	Mongolia	BA.2.65	EPI_ISL_14746472
134	Homo sapiens	2022-07-20	Mongolia	BA.5.1	EPI_ISL_14746486
133	Homo sapiens	2022-07-14	Mongolia	BA.5.2	EPI_ISL_14746470
133	Homo sapiens	2022-07-16	Mongolia	BA.5.2	EPI_ISL_14746491
132	Homo sapiens	2022-07-10	Mongolia	BA.5.2	EPI_ISL_14746496
132	Homo sapiens	2022-07-09	Mongolia	BA.2	EPI_ISL_14746483
134	Homo sapiens	2022-07-18	Mongolia	BA.2	EPI_ISL_14746505
133	Homo sapiens	2022-07-13	Mongolia	BA.5.2	EPI_ISL_14746494
134	Homo sapiens	2022-07-19	Mongolia	BA.5.2	EPI_ISL_14746488
133	Homo sapiens	2022-07-17	Mongolia	BA.5.2	EPI_ISL_14746490
134	Homo sapiens	2022-07-20	Mongolia	BA.5.2	EPI_ISL_14746487
133	Homo sapiens	2022-07-14	Mongolia	BA.5.2	EPI_ISL_14746484
104	Homo sapiens	2021-12-26	Mongolia	AY.122	EPI_ISL_14766758
104	Homo sapiens	2021-12-21	Mongolia	AY.78	EPI_ISL_14766765
103	Homo sapiens	2021-12-13	Mongolia	AY.126	EPI_ISL_14766764
103	Homo sapiens	2021-12-18	Mongolia	AY.43	EPI_ISL_14766761
104	Homo sapiens	2021-12-21	Mongolia	AY.78	EPI_ISL_14766767
101	Homo sapiens	2021-12-01	Mongolia	AY.122	EPI_ISL_14766766
128	Homo sapiens	2022-06-06	Mongolia	BA.2	EPI_ISL_14795087
128	Homo sapiens	2022-06-08	Mongolia	BA.2.3	EPI_ISL_14795117
128	Homo sapiens	2022-06-10	Mongolia	BA.2	EPI_ISL_14795121
130	Homo sapiens	2022-06-21	Mongolia	BA.2.10	EPI_ISL_14795100
128	Homo sapiens	2022-06-08	Mongolia	BA.2	EPI_ISL_14795118
128	Homo sapiens	2022-06-08	Mongolia	BA.2	EPI_ISL_14795119
128	Homo sapiens	2022-06-08	Mongolia	BA.2	EPI_ISL_14795113
131	Homo sapiens	2022-06-29	Mongolia	BA.5.2	EPI_ISL_14795106
127	Homo sapiens	2022-06-03	Mongolia	BA.2.3	EPI_ISL_14795129
130	Homo sapiens	2022-06-20	Mongolia	BA.2.3	EPI_ISL_14795098
128	Homo sapiens	2022-06-06	Mongolia	BA.2.65	EPI_ISL_14795130
127	Homo sapiens	2022-06-05	Mongolia	BA.2	EPI_ISL_14795127
128	Homo sapiens	2022-06-07	Mongolia	BA.2	EPI_ISL_14795088
128	Homo sapiens	2022-06-08	Mongolia	BA.2.68	EPI_ISL_14795115
128	Homo sapiens	2022-06-08	Mongolia	BA.2.65	EPI_ISL_14795116
129	Homo sapiens	2022-06-13	Mongolia	BA.2.56	EPI_ISL_14795092
129	Homo sapiens	2022-06-17	Mongolia	BA.2.3	EPI_ISL_14795096
128	Homo sapiens	2022-06-09	Mongolia	BA.2.65	EPI_ISL_14795120
127	Homo sapiens	2022-06-05	Mongolia	BA.2.10	EPI_ISL_14795086
127	Homo sapiens	2022-06-03	Mongolia	BA.2.3	EPI_ISL_14795122
129	Homo sapiens	2022-06-13	Mongolia	BA.2	EPI_ISL_14795112
128	Homo sapiens	2022-06-08	Mongolia	BA.2.3	EPI_ISL_14795114
128	Homo sapiens	2022-06-08	Mongolia	BA.2.65	EPI_ISL_14795089
128	Homo sapiens	2022-06-12	Mongolia	BA.2.65	EPI_ISL_14795090
129	Homo sapiens	2022-06-18	Mongolia	BA.2.3	EPI_ISL_14795097
129	Homo sapiens	2022-06-17	Mongolia	BA.2.65	EPI_ISL_14795094
129	Homo sapiens	2022-06-13	Mongolia	BA.2.10	EPI_ISL_14795091
128	Homo sapiens	2022-06-09	Mongolia	BA.2	EPI_ISL_14795110
131	Homo sapiens	2022-06-29	Mongolia	BA.2.3	EPI_ISL_14795105
131	Homo sapiens	2022-06-29	Mongolia	BA.1.1	EPI_ISL_14795104
128	Homo sapiens	2022-06-10	Mongolia	BA.2	EPI_ISL_14795111
129	Homo sapiens	2022-06-14	Mongolia	BA.2	EPI_ISL_14795093
128	Homo sapiens	2022-06-08	Mongolia	BA.2.3	EPI_ISL_14795123
130	Homo sapiens	2022-06-20	Mongolia	BA.2	EPI_ISL_14795099
127	Homo sapiens	2022-06-05	Mongolia	BA.2	EPI_ISL_14795128
130	Homo sapiens	2022-06-22	Mongolia	BA.2.3	EPI_ISL_14795102
130	Homo sapiens	2022-06-21	Mongolia	BA.2	EPI_ISL_14795132
131	Homo sapiens	2022-07-01	Mongolia	BA.2	EPI_ISL_14795107
131	Homo sapiens	2022-06-27	Mongolia	BA.5.2	EPI_ISL_14795103
129	Homo sapiens	2022-06-17	Mongolia	BA.2.65	EPI_ISL_14795095
131	Homo sapiens	2022-07-01	Mongolia	BA.5.2	EPI_ISL_14795108
128	Homo sapiens	2022-06-08	Mongolia	BA.2	EPI_ISL_14795126
128	Homo sapiens	2022-06-08	Mongolia	BA.2.65	EPI_ISL_14795124
130	Homo sapiens	2022-06-21	Mongolia	BA.4.1	EPI_ISL_14795101
128	Homo sapiens	2022-06-06	Mongolia	BA.2	EPI_ISL_14795109
137	Homo sapiens	2022-08-10	Mongolia	BA.5.2	EPI_ISL_14806999
137	Homo sapiens	2022-08-08	Mongolia	BA.5.1	EPI_ISL_14807018
137	Homo sapiens	2022-08-11	Mongolia	BA.5.2	EPI_ISL_14807019
134	Homo sapiens	2022-07-22	Mongolia	BA.5.2	EPI_ISL_14807009
136	Homo sapiens	2022-08-03	Mongolia	BA.5.1	EPI_ISL_14806987
134	Homo sapiens	2022-07-21	Mongolia	BA.5.1	EPI_ISL_14807006
136	Homo sapiens	2022-08-04	Mongolia	BA.5.2	EPI_ISL_14807015
136	Homo sapiens	2022-08-04	Mongolia	BA.5.2	EPI_ISL_14806997
137	Homo sapiens	2022-08-08	Mongolia	BA.5.2	EPI_ISL_14807022
135	Homo sapiens	2022-07-27	Mongolia	BA.5.2	EPI_ISL_14807003
137	Homo sapiens	2022-08-08	Mongolia	BE.1.1	EPI_ISL_14807023
136	Homo sapiens	2022-08-05	Mongolia	BA.5.6	EPI_ISL_14806988
135	Homo sapiens	2022-07-25	Mongolia	BA.5.1	EPI_ISL_14807011
136	Homo sapiens	2022-08-01	Mongolia	BA.5.1.7	EPI_ISL_14806986
137	Homo sapiens	2022-08-08	Mongolia	BA.5.2	EPI_ISL_14807021
135	Homo sapiens	2022-07-26	Mongolia	BA.5.2	EPI_ISL_14806981
135	Homo sapiens	2022-07-31	Mongolia	BA.5.1	EPI_ISL_14806985
136	Homo sapiens	2022-08-07	Mongolia	BA.5.2	EPI_ISL_14806992
136	Homo sapiens	2022-08-02	Mongolia	BA.5.2	EPI_ISL_14806996
135	Homo sapiens	2022-07-29	Mongolia	BA.5.2	EPI_ISL_14806984
136	Homo sapiens	2022-08-06	Mongolia	BE.1.1	EPI_ISL_14806990
135	Homo sapiens	2022-07-29	Mongolia	BA.5.2	EPI_ISL_14806983
134	Homo sapiens	2022-07-23	Mongolia	BA.5.2	EPI_ISL_14806979
135	Homo sapiens	2022-07-27	Mongolia	BA.5.2	EPI_ISL_14806982
134	Homo sapiens	2022-07-24	Mongolia	BA.5.1	EPI_ISL_14806980
136	Homo sapiens	2022-08-03	Mongolia	BA.5.1	EPI_ISL_14807012
134	Homo sapiens	2022-07-20	Mongolia	BA.5.2	EPI_ISL_14806978
136	Homo sapiens	2022-08-01	Mongolia	BA.5.2	EPI_ISL_14807013
136	Homo sapiens	2022-08-06	Mongolia	BA.5.2	EPI_ISL_14806989
136	Homo sapiens	2022-08-06	Mongolia	BA.5.2	EPI_ISL_14806991
134	Homo sapiens	2022-07-22	Mongolia	BE.1.1	EPI_ISL_14807010
137	Homo sapiens	2022-08-09	Mongolia	BA.5.2	EPI_ISL_14807024
136	Homo sapiens	2022-08-05	Mongolia	BA.5.2	EPI_ISL_14807016
137	Homo sapiens	2022-08-11	Mongolia	BA.5.2.18	EPI_ISL_14807000
136	Homo sapiens	2022-08-03	Mongolia	BA.5.2	EPI_ISL_14807014
137	Homo sapiens	2022-08-12	Mongolia	BA.5.1	EPI_ISL_14807001
137	Homo sapiens	2022-08-09	Mongolia	BA.5.2	EPI_ISL_14806998
134	Homo sapiens	2022-07-22	Mongolia	BA.5.2	EPI_ISL_14807008
134	Homo sapiens	2022-07-22	Mongolia	BA.5.2	EPI_ISL_14807007
135	Homo sapiens	2022-07-27	Mongolia	BA.5.2	EPI_ISL_14806993
136	Homo sapiens	2022-08-01	Mongolia	BA.5.2	EPI_ISL_14806995
135	Homo sapiens	2022-07-27	Mongolia	BA.5.2	EPI_ISL_14807004
137	Homo sapiens	2022-08-08	Mongolia	BA.5.2	EPI_ISL_14807020
135	Homo sapiens	2022-07-25	Mongolia	BA.5.2	EPI_ISL_14807005
135	Homo sapiens	2022-07-29	Mongolia	BA.5.2.6	EPI_ISL_14806994
137	Homo sapiens	2022-08-09	Mongolia	BA.5.2	EPI_ISL_14807025
135	Homo sapiens	2022-07-26	Mongolia	BA.5.2	EPI_ISL_14807002
124	Homo sapiens	2022-05-12	Mongolia	BA.2.3	EPI_ISL_14807733
126	Homo sapiens	2022-05-26	Mongolia	BA.2.65	EPI_ISL_14807758
126	Homo sapiens	2022-05-27	Mongolia	BA.2.3.2	EPI_ISL_14807736
125	Homo sapiens	2022-05-18	Mongolia	BA.2	EPI_ISL_14807759
124	Homo sapiens	2022-05-15	Mongolia	BA.2.3	EPI_ISL_14807734
125	Homo sapiens	2022-05-17	Mongolia	BA.2	EPI_ISL_14807756
127	Homo sapiens	2022-05-30	Mongolia	BA.2	EPI_ISL_14807738
127	Homo sapiens	2022-06-01	Mongolia	BA.2.65	EPI_ISL_14807753
126	Homo sapiens	2022-05-23	Mongolia	BA.2.3	EPI_ISL_14807735
127	Homo sapiens	2022-05-30	Mongolia	BA.2.3	EPI_ISL_14807737
126	Homo sapiens	2022-05-26	Mongolia	BA.2	EPI_ISL_14807739
127	Homo sapiens	2022-06-02	Mongolia	BA.2.65	EPI_ISL_14807752
127	Homo sapiens	2022-06-01	Mongolia	BA.2.65	EPI_ISL_14807743
127	Homo sapiens	2022-06-01	Mongolia	BA.2.65	EPI_ISL_14807745
125	Homo sapiens	2022-05-18	Mongolia	BA.2	EPI_ISL_14807732
127	Homo sapiens	2022-06-02	Mongolia	BA.2	EPI_ISL_14807754
125	Homo sapiens	2022-05-18	Mongolia	BA.2	EPI_ISL_14807730
127	Homo sapiens	2022-06-01	Mongolia	BA.2.65	EPI_ISL_14807748
125	Homo sapiens	2022-05-17	Mongolia	BA.2.3	EPI_ISL_14807755
127	Homo sapiens	2022-06-01	Mongolia	BA.2.65	EPI_ISL_14807747
126	Homo sapiens	2022-05-26	Mongolia	BA.2.10	EPI_ISL_14807757
127	Homo sapiens	2022-06-01	Mongolia	BA.2.65	EPI_ISL_14807751
127	Homo sapiens	2022-06-01	Mongolia	BA.2.65	EPI_ISL_14807750
125	Homo sapiens	2022-05-18	Mongolia	BA.2	EPI_ISL_14807731
126	Homo sapiens	2022-05-26	Mongolia	BA.2	EPI_ISL_14807740
126	Homo sapiens	2022-05-26	Mongolia	BA.2	EPI_ISL_14807741
125	Homo sapiens	2022-05-20	Mongolia	BA.2	EPI_ISL_14807764
125	Homo sapiens	2022-05-17	Mongolia	BA.2.3	EPI_ISL_14807769
126	Homo sapiens	2022-05-23	Mongolia	BA.2.3	EPI_ISL_14807765
125	Homo sapiens	2022-05-20	Mongolia	BA.2	EPI_ISL_14807763
127	Homo sapiens	2022-06-01	Mongolia	BA.2.65	EPI_ISL_14807749
126	Homo sapiens	2022-05-24	Mongolia	BA.2.3	EPI_ISL_14807766
127	Homo sapiens	2022-06-01	Mongolia	BA.2.65	EPI_ISL_14807744
125	Homo sapiens	2022-05-17	Mongolia	BA.2	EPI_ISL_14807768
124	Homo sapiens	2022-05-09	Mongolia	BA.2	EPI_ISL_14807761
126	Homo sapiens	2022-05-24	Mongolia	BA.2.3	EPI_ISL_14807767
127	Homo sapiens	2022-06-01	Mongolia	BA.2.65	EPI_ISL_14807746
124	Homo sapiens	2022-05-09	Mongolia	BA.1.1	EPI_ISL_14807762
127	Homo sapiens	2022-06-01	Mongolia	BA.2.65	EPI_ISL_14807742
123	Homo sapiens	2022-05-05	Mongolia	BA.2	EPI_ISL_14807760
138	Homo sapiens	2022-08-20	Mongolia	BA.5.1.30	EPI_ISL_14935776
138	Homo sapiens	2022-08-15	Mongolia	BA.5.2	EPI_ISL_14935782
139	Homo sapiens	2022-08-24	Mongolia	BA.5.2	EPI_ISL_14935780
139	Homo sapiens	2022-08-24	Mongolia	BA.5.2	EPI_ISL_14935781
138	Homo sapiens	2022-08-15	Mongolia	BA.5.2	EPI_ISL_14935774
137	Homo sapiens	2022-08-10	Mongolia	BA.5.2.18	EPI_ISL_14935778
138	Homo sapiens	2022-08-19	Mongolia	BA.5.1.30	EPI_ISL_14935775
139	Homo sapiens	2022-08-23	Mongolia	BA.5.2	EPI_ISL_14935777
139	Homo sapiens	2022-08-24	Mongolia	BA.5.2	EPI_ISL_14935772
138	Homo sapiens	2022-08-15	Mongolia	BA.5.2	EPI_ISL_14935783
138	Homo sapiens	2022-08-15	Mongolia	BA.5.2	EPI_ISL_14935773
138	Homo sapiens	2022-08-15	Mongolia	BA.5.2	EPI_ISL_14935770
139	Homo sapiens	2022-08-23	Mongolia	BA.5.2	EPI_ISL_14935771
137	Homo sapiens	2022-08-14	Mongolia	BA.5.2	EPI_ISL_14935784
137	Homo sapiens	2022-08-08	Mongolia	BA.5.2	EPI_ISL_14952559
138	Homo sapiens	2022-08-17	Mongolia	BA.5.2	EPI_ISL_14952545
138	Homo sapiens	2022-08-17	Mongolia	BA.5.2	EPI_ISL_14952546
138	Homo sapiens	2022-08-21	Mongolia	BA.5.2	EPI_ISL_14952549
139	Homo sapiens	2022-08-22	Mongolia	BA.5.2	EPI_ISL_14952548
138	Homo sapiens	2022-08-17	Mongolia	BA.5.2	EPI_ISL_14952544
139	Homo sapiens	2022-08-25	Mongolia	BA.5.2	EPI_ISL_14952547
138	Homo sapiens	2022-08-19	Mongolia	BA.5.2	EPI_ISL_14952552
138	Homo sapiens	2022-08-16	Mongolia	BA.5.2	EPI_ISL_14952531
139	Homo sapiens	2022-08-26	Mongolia	BA.5.2	EPI_ISL_14952551
138	Homo sapiens	2022-08-15	Mongolia	BA.5.2	EPI_ISL_14952554
138	Homo sapiens	2022-08-17	Mongolia	BA.5.2	EPI_ISL_14952553
140	Homo sapiens	2022-08-31	Mongolia	BA.5.2	EPI_ISL_14952550
138	Homo sapiens	2022-08-19	Mongolia	BA.5.2	EPI_ISL_14952538
138	Homo sapiens	2022-08-20	Mongolia	BA.5.2	EPI_ISL_14952537
139	Homo sapiens	2022-08-23	Mongolia	BA.5.2	EPI_ISL_14952536
138	Homo sapiens	2022-08-18	Mongolia	BE.1.1	EPI_ISL_14952539
139	Homo sapiens	2022-08-28	Mongolia	BA.5.2	EPI_ISL_14952534
140	Homo sapiens	2022-08-29	Mongolia	BE.1.1	EPI_ISL_14952533
137	Homo sapiens	2022-08-10	Mongolia	BA.5.2	EPI_ISL_14952543
139	Homo sapiens	2022-08-26	Mongolia	BA.5.2	EPI_ISL_14952535
138	Homo sapiens	2022-08-16	Mongolia	BA.5.2	EPI_ISL_14952541
140	Homo sapiens	2022-08-30	Mongolia	BA.5.2	EPI_ISL_14952532
137	Homo sapiens	2022-08-14	Mongolia	BA.5.2	EPI_ISL_14952542
137	Homo sapiens	2022-08-14	Mongolia	BA.5.2	EPI_ISL_14952527
137	Homo sapiens	2022-08-13	Mongolia	BA.5.2	EPI_ISL_14952529
137	Homo sapiens	2022-08-13	Mongolia	BA.5.2	EPI_ISL_14952528
138	Homo sapiens	2022-08-16	Mongolia	BA.5.2	EPI_ISL_14952530
138	Homo sapiens	2022-08-17	Mongolia	BA.5.1	EPI_ISL_14952556
138	Homo sapiens	2022-08-19	Mongolia	BA.5.1	EPI_ISL_14952555
138	Homo sapiens	2022-08-17	Mongolia	BA.5.2	EPI_ISL_14952557
138	Homo sapiens	2022-08-16	Mongolia	BA.5.2	EPI_ISL_14952558
138	Homo sapiens	2022-08-15	Mongolia	BA.5.2.7	EPI_ISL_14952560
138	Homo sapiens	2022-08-18	Mongolia	BA.5.2	EPI_ISL_14952540
141	Homo sapiens	2022-09-06	Mongolia	BA.5.2	EPI_ISL_15295386
140	Homo sapiens	2022-09-03	Mongolia	BA.5.2	EPI_ISL_15295382
142	Homo sapiens	2022-09-16	Mongolia	BA.5.2.1	EPI_ISL_15295385
141	Homo sapiens	2022-09-08	Mongolia	BA.5.2	EPI_ISL_15295383
140	Homo sapiens	2022-09-02	Mongolia	BA.5.2	EPI_ISL_15295381
142	Homo sapiens	2022-09-14	Mongolia	BA.5.2	EPI_ISL_15295384
140	Homo sapiens	2022-09-02	Mongolia	BA.5.2	EPI_ISL_15299151
140	Homo sapiens	2022-09-03	Mongolia	BA.5.2	EPI_ISL_15299155
142	Homo sapiens	2022-09-12	Mongolia	BA.5	EPI_ISL_15299148
140	Homo sapiens	2022-09-04	Mongolia	BA.5.2	EPI_ISL_15299157
142	Homo sapiens	2022-09-12	Mongolia	BA.5.2	EPI_ISL_15299163
142	Homo sapiens	2022-09-16	Mongolia	BA.5.2.18	EPI_ISL_15299172
140	Homo sapiens	2022-09-01	Mongolia	BA.5.2	EPI_ISL_15299175
142	Homo sapiens	2022-09-16	Mongolia	BA.5.2.24	EPI_ISL_15299170
140	Homo sapiens	2022-09-02	Mongolia	BA.5.2	EPI_ISL_15299176
141	Homo sapiens	2022-09-08	Mongolia	BA.5.2	EPI_ISL_15299181
141	Homo sapiens	2022-09-06	Mongolia	BA.5	EPI_ISL_15299178
140	Homo sapiens	2022-09-03	Mongolia	BA.5.1.30	EPI_ISL_15299154
141	Homo sapiens	2022-09-10	Mongolia	BA.5.2	EPI_ISL_15299161
141	Homo sapiens	2022-09-06	Mongolia	BA.5.2	EPI_ISL_15299159
141	Homo sapiens	2022-09-05	Mongolia	BA.5.2	EPI_ISL_15299158
140	Homo sapiens	2022-09-01	Mongolia	BA.5.2	EPI_ISL_15299149
140	Homo sapiens	2022-09-01	Mongolia	BA.5.2	EPI_ISL_15299150
140	Homo sapiens	2022-09-02	Mongolia	BA.5.2	EPI_ISL_15299152
140	Homo sapiens	2022-09-01	Mongolia	BA.5.2	EPI_ISL_15299174
140	Homo sapiens	2022-09-02	Mongolia	BA.5.1	EPI_ISL_15299153
142	Homo sapiens	2022-09-12	Mongolia	BA.5.2	EPI_ISL_15299162
142	Homo sapiens	2022-09-16	Mongolia	BA.5.2.24	EPI_ISL_15299169
141	Homo sapiens	2022-09-08	Mongolia	BA.5.2	EPI_ISL_15299160
140	Homo sapiens	2022-09-04	Mongolia	BA.5.2	EPI_ISL_15299156
143	Homo sapiens	2022-09-21	Mongolia	BA.5.2	EPI_ISL_15299173
142	Homo sapiens	2022-09-16	Mongolia	BA.5.2	EPI_ISL_15299171
142	Homo sapiens	2022-09-15	Mongolia	BA.5.2	EPI_ISL_15299165
142	Homo sapiens	2022-09-15	Mongolia	BA.5.2	EPI_ISL_15299166
142	Homo sapiens	2022-09-15	Mongolia	BA.5.2.43	EPI_ISL_15299167
142	Homo sapiens	2022-09-15	Mongolia	BA.5.1	EPI_ISL_15299168
140	Homo sapiens	2022-09-02	Mongolia	BA.5.2	EPI_ISL_15299177
140	Homo sapiens	2022-09-01	Mongolia	BA.5.2	EPI_ISL_15299179
147	Homo sapiens	2022-10-18	Mongolia	BQ.1.2	EPI_ISL_15607949
147	Homo sapiens	2022-10-18	Mongolia	BA.5.2.43	EPI_ISL_15607948
147	Homo sapiens	2022-10-18	Mongolia	BA.5.2.43	EPI_ISL_15607947
147	Homo sapiens	2022-10-19	Mongolia	BA.5.2.43	EPI_ISL_15607951
141	Homo sapiens	2022-09-07	Mongolia	BA.5.2	EPI_ISL_15607956
142	Homo sapiens	2022-09-14	Mongolia	BA.5.2.16	EPI_ISL_15607960
144	Homo sapiens	2022-09-29	Mongolia	BA.5.2.43	EPI_ISL_15607930
143	Homo sapiens	2022-09-23	Mongolia	BA.5.2	EPI_ISL_15607925
143	Homo sapiens	2022-09-23	Mongolia	BA.5.2	EPI_ISL_15607926
142	Homo sapiens	2022-09-17	Mongolia	BA.5.2.16	EPI_ISL_15607968
143	Homo sapiens	2022-09-22	Mongolia	BA.5.2	EPI_ISL_15607924
144	Homo sapiens	2022-09-26	Mongolia	BA.5.2	EPI_ISL_15607927
144	Homo sapiens	2022-09-26	Mongolia	BQ.1.2	EPI_ISL_15607928
144	Homo sapiens	2022-09-26	Mongolia	BA.5.1.12	EPI_ISL_15607929
144	Homo sapiens	2022-09-29	Mongolia	BA.5.2	EPI_ISL_15607931
143	Homo sapiens	2022-09-19	Mongolia	BA.5.2.1	EPI_ISL_15607962
144	Homo sapiens	2022-10-01	Mongolia	BA.5.1.7	EPI_ISL_15607932
145	Homo sapiens	2022-10-03	Mongolia	BA.5.2.43	EPI_ISL_15607933
145	Homo sapiens	2022-10-05	Mongolia	BA.5.1	EPI_ISL_15607934
142	Homo sapiens	2022-09-17	Mongolia	BA.5.2.16	EPI_ISL_15607967
141	Homo sapiens	2022-09-07	Mongolia	BA.5.2.18	EPI_ISL_15607957
147	Homo sapiens	2022-10-17	Mongolia	BA.5.2.34	EPI_ISL_15607946
142	Homo sapiens	2022-09-13	Mongolia	BA.5.2	EPI_ISL_15607958
142	Homo sapiens	2022-09-13	Mongolia	BA.5.2	EPI_ISL_15607959
142	Homo sapiens	2022-09-14	Mongolia	BA.5.2.16	EPI_ISL_15607961
143	Homo sapiens	2022-09-19	Mongolia	BA.5.2	EPI_ISL_15607963
143	Homo sapiens	2022-09-20	Mongolia	BA.5.2.1	EPI_ISL_15607964
143	Homo sapiens	2022-09-21	Mongolia	BA.5.2	EPI_ISL_15607965
143	Homo sapiens	2022-09-22	Mongolia	BA.5.2	EPI_ISL_15607923
143	Homo sapiens	2022-09-25	Mongolia	BA.5.2.1	EPI_ISL_15607966
147	Homo sapiens	2022-10-19	Mongolia	BQ.1.2	EPI_ISL_15607952
147	Homo sapiens	2022-10-19	Mongolia	BQ.1.2	EPI_ISL_15607950
141	Homo sapiens	2022-09-05	Mongolia	BA.5.2	EPI_ISL_15607953
141	Homo sapiens	2022-09-05	Mongolia	BA.5.2	EPI_ISL_15607955
141	Homo sapiens	2022-09-05	Mongolia	BA.5.2	EPI_ISL_15607954
145	Homo sapiens	2022-10-05	Mongolia	BA.5.2	EPI_ISL_15607935
145	Homo sapiens	2022-10-07	Mongolia	BQ.1.2	EPI_ISL_15607936
146	Homo sapiens	2022-10-12	Mongolia	BA.5.2.7	EPI_ISL_15607937
146	Homo sapiens	2022-10-12	Mongolia	BA.5.2.1	EPI_ISL_15607938
146	Homo sapiens	2022-10-12	Mongolia	BA.5.2	EPI_ISL_15607939
146	Homo sapiens	2022-10-14	Mongolia	BF.7	EPI_ISL_15607945
146	Homo sapiens	2022-10-13	Mongolia	BA.5.2.1	EPI_ISL_15607940
146	Homo sapiens	2022-10-14	Mongolia	BF.7	EPI_ISL_15607941
146	Homo sapiens	2022-10-14	Mongolia	BA.5.1	EPI_ISL_15607942
146	Homo sapiens	2022-10-14	Mongolia	BA.5.2.34	EPI_ISL_15607943
146	Homo sapiens	2022-10-14	Mongolia	BA.5.2.43	EPI_ISL_15607944
148	Homo sapiens	2022-10-30	Mongolia	BQ.1.12	EPI_ISL_15683032
148	Homo sapiens	2022-10-26	Mongolia	BA.5.2	EPI_ISL_15683025
149	Homo sapiens	2022-10-31	Mongolia	BA.5.2.43	EPI_ISL_15683037
149	Homo sapiens	2022-10-31	Mongolia	BA.5.2.43	EPI_ISL_15683038
149	Homo sapiens	2022-10-31	Mongolia	BA.5.2.43	EPI_ISL_15683034
148	Homo sapiens	2022-10-27	Mongolia	BQ.1.12	EPI_ISL_15683028
149	Homo sapiens	2022-10-31	Mongolia	BQ.1.2	EPI_ISL_15683036
148	Homo sapiens	2022-10-26	Mongolia	BA.5.2	EPI_ISL_15683027
149	Homo sapiens	2022-10-31	Mongolia	BQ.1.12	EPI_ISL_15683035
149	Homo sapiens	2022-10-31	Mongolia	BQ.1.12	EPI_ISL_15683033
148	Homo sapiens	2022-10-26	Mongolia	BQ.1.12	EPI_ISL_15683026
148	Homo sapiens	2022-10-30	Mongolia	BQ.1.12	EPI_ISL_15683031
148	Homo sapiens	2022-10-28	Mongolia	BA.5.2	EPI_ISL_15683030
148	Homo sapiens	2022-10-27	Mongolia	BA.5.2	EPI_ISL_15683029
148	Homo sapiens	2022-10-26	Mongolia	BF.7	EPI_ISL_15688011
148	Homo sapiens	2022-10-26	Mongolia	BF.7	EPI_ISL_15688012
148	Homo sapiens	2022-10-24	Mongolia	BA.5.2.7	EPI_ISL_15688010
149	Homo sapiens	2022-11-01	Mongolia	BA.5.2.7	EPI_ISL_15688014
148	Homo sapiens	2022-10-28	Mongolia	BA.5.2.7	EPI_ISL_15688013
149	Homo sapiens	2022-11-01	Mongolia	BA.5.2.43	EPI_ISL_15688016
149	Homo sapiens	2022-11-01	Mongolia	BA.5.2	EPI_ISL_15688015
147	Homo sapiens	2022-10-21	Mongolia	BA.5.2	EPI_ISL_15688018
147	Homo sapiens	2022-10-21	Mongolia	BA.5.2	EPI_ISL_15688017
148	Homo sapiens	2022-10-24	Mongolia	BQ.1.5	EPI_ISL_15688019
150	Homo sapiens	2022-11-08	Mongolia	BQ.1.2	EPI_ISL_15911441
150	Homo sapiens	2022-11-08	Mongolia	BA.5.2.43	EPI_ISL_15911442
148	Homo sapiens	2022-10-26	Mongolia	BQ.1.2	EPI_ISL_15911440
150	Homo sapiens	2022-11-09	Mongolia	BA.5.2.43	EPI_ISL_15911443
149	Homo sapiens	2022-11-03	Mongolia	CM.2	EPI_ISL_15937789
149	Homo sapiens	2022-11-05	Mongolia	BA.5.2	EPI_ISL_15937791
147	Homo sapiens	2022-10-21	Mongolia	BA.5.2	EPI_ISL_15937780
150	Homo sapiens	2022-11-08	Mongolia	BA.5.2.43	EPI_ISL_15937795
148	Homo sapiens	2022-10-25	Mongolia	BA.5.2.43	EPI_ISL_15937783
150	Homo sapiens	2022-11-08	Mongolia	BQ.1.2	EPI_ISL_15937796
148	Homo sapiens	2022-10-24	Mongolia	BA.5.2	EPI_ISL_15937782
149	Homo sapiens	2022-11-03	Mongolia	BA.5.2.43	EPI_ISL_15937788
150	Homo sapiens	2022-11-10	Mongolia	BQ.1.12	EPI_ISL_16378370
151	Homo sapiens	2022-11-18	Mongolia	BQ.1.12	EPI_ISL_16378363
151	Homo sapiens	2022-11-20	Mongolia	BQ.1.2	EPI_ISL_16378362
151	Homo sapiens	2022-11-20	Mongolia	BQ.1.12	EPI_ISL_16378361
151	Homo sapiens	2022-11-16	Mongolia	BQ.1.12	EPI_ISL_16378356
149	Homo sapiens	2022-11-04	Mongolia	BQ.1.12	EPI_ISL_16378360
149	Homo sapiens	2022-11-06	Mongolia	BA.5.2	EPI_ISL_16378355
149	Homo sapiens	2022-11-06	Mongolia	BQ.1.12	EPI_ISL_16378354
150	Homo sapiens	2022-11-11	Mongolia	BA.5.2.43	EPI_ISL_16378359
151	Homo sapiens	2022-11-14	Mongolia	BQ.1.2	EPI_ISL_16378358
151	Homo sapiens	2022-11-15	Mongolia	BQ.1.12	EPI_ISL_16378357
151	Homo sapiens	2022-11-15	Mongolia	BQ.1.12	EPI_ISL_16378367
151	Homo sapiens	2022-11-17	Mongolia	BQ.1.12	EPI_ISL_16378366
151	Homo sapiens	2022-11-17	Mongolia	BA.5.2.43	EPI_ISL_16378365
151	Homo sapiens	2022-11-17	Mongolia	BQ.1.12	EPI_ISL_16378364
151	Homo sapiens	2022-11-14	Mongolia	BQ.1.2	EPI_ISL_16378368
150	Homo sapiens	2022-11-13	Mongolia	BQ.1.2	EPI_ISL_16378369
153	Homo sapiens	2022-11-28	Mongolia	BQ.1.12	EPI_ISL_16392068
154	Homo sapiens	2022-12-11	Mongolia	BQ.1.12	EPI_ISL_16392081
153	Homo sapiens	2022-12-01	Mongolia	BQ.1.12	EPI_ISL_16392082
153	Homo sapiens	2022-11-29	Mongolia	BQ.1.12	EPI_ISL_16392069
152	Homo sapiens	2022-11-24	Mongolia	BQ.1.2	EPI_ISL_16392064
152	Homo sapiens	2022-11-26	Mongolia	BQ.1.12	EPI_ISL_16392065
152	Homo sapiens	2022-11-22	Mongolia	BQ.1.12	EPI_ISL_16392061
155	Homo sapiens	2022-12-13	Mongolia	BQ.1.2	EPI_ISL_16392084
152	Homo sapiens	2022-11-21	Mongolia	BQ.1.12	EPI_ISL_16392059
152	Homo sapiens	2022-11-22	Mongolia	BQ.1.12	EPI_ISL_16392060
153	Homo sapiens	2022-11-30	Mongolia	BQ.1.12	EPI_ISL_16392071
153	Homo sapiens	2022-11-30	Mongolia	BQ.1.12	EPI_ISL_16392072
153	Homo sapiens	2022-11-28	Mongolia	BQ.1.12	EPI_ISL_16392067
152	Homo sapiens	2022-11-24	Mongolia	BQ.1.1.10	EPI_ISL_16392063
155	Homo sapiens	2022-12-15	Mongolia	BQ.1.12	EPI_ISL_16392085
152	Homo sapiens	2022-11-26	Mongolia	BQ.1.12	EPI_ISL_16392066
155	Homo sapiens	2022-12-13	Mongolia	BQ.1.12	EPI_ISL_16392083
154	Homo sapiens	2022-12-07	Mongolia	BQ.1.2	EPI_ISL_16392077
152	Homo sapiens	2022-11-23	Mongolia	BQ.1.12	EPI_ISL_16392062
153	Homo sapiens	2022-11-29	Mongolia	BQ.1.12	EPI_ISL_16392070
154	Homo sapiens	2022-12-08	Mongolia	BQ.1.2	EPI_ISL_16392078
154	Homo sapiens	2022-12-09	Mongolia	BQ.1.12	EPI_ISL_16392079
153	Homo sapiens	2022-12-01	Mongolia	BQ.1.12	EPI_ISL_16392074
153	Homo sapiens	2022-12-03	Mongolia	BQ.1.12	EPI_ISL_16392075
154	Homo sapiens	2022-12-06	Mongolia	BQ.1.12	EPI_ISL_16392076
153	Homo sapiens	2022-11-30	Mongolia	BQ.1.2	EPI_ISL_16392073
154	Homo sapiens	2022-12-09	Mongolia	BQ.1.12	EPI_ISL_16392080
151	Homo sapiens	2022-11-18	Mongolia	BE.1.1	EPI_ISL_16392155
152	Homo sapiens	2022-11-21	Mongolia	BQ.1.2	EPI_ISL_16392147
153	Homo sapiens	2022-12-01	Mongolia	BQ.1.2	EPI_ISL_16392158
151	Homo sapiens	2022-11-18	Mongolia	BQ.1.12	EPI_ISL_16392146
152	Homo sapiens	2022-11-21	Mongolia	BQ.1.12	EPI_ISL_16392156
154	Homo sapiens	2022-12-06	Mongolia	BQ.1.12	EPI_ISL_16392153
152	Homo sapiens	2022-11-21	Mongolia	BQ.1.12	EPI_ISL_16392149
152	Homo sapiens	2022-11-25	Mongolia	BE.1.1	EPI_ISL_16392152
152	Homo sapiens	2022-11-25	Mongolia	BQ.1.12	EPI_ISL_16392151
153	Homo sapiens	2022-12-01	Mongolia	BQ.1.12	EPI_ISL_16392157
153	Homo sapiens	2022-11-29	Mongolia	BQ.1.2	EPI_ISL_16392150
152	Homo sapiens	2022-11-22	Mongolia	BQ.1.12	EPI_ISL_16392148
151	Homo sapiens	2022-11-18	Mongolia	BQ.1.12	EPI_ISL_16392154
151	Homo sapiens	2022-11-14	Mongolia	BQ.1.2	EPI_ISL_16416680
151	Homo sapiens	2022-11-14	Mongolia	BQ.1.2	EPI_ISL_16416681
149	Homo sapiens	2022-11-06	Mongolia	BQ.1.2	EPI_ISL_16416670
150	Homo sapiens	2022-11-11	Mongolia	BQ.1.2	EPI_ISL_16416672
149	Homo sapiens	2022-11-06	Mongolia	BA.5.2	EPI_ISL_16416671
149	Homo sapiens	2022-11-04	Mongolia	BQ.1.2	EPI_ISL_16416676
151	Homo sapiens	2022-11-16	Mongolia	BQ.1.2	EPI_ISL_16416677
150	Homo sapiens	2022-11-08	Mongolia	BQ.1.2	EPI_ISL_16416678
150	Homo sapiens	2022-11-08	Mongolia	BA.5.2.43	EPI_ISL_16416683
149	Homo sapiens	2022-11-05	Mongolia	BA.5.2.43	EPI_ISL_16416686
150	Homo sapiens	2022-11-09	Mongolia	BA.5.2.43	EPI_ISL_16416692
150	Homo sapiens	2022-11-11	Mongolia	BQ.1.2	EPI_ISL_16416673
150	Homo sapiens	2022-11-11	Mongolia	BQ.1.2	EPI_ISL_16416682
150	Homo sapiens	2022-11-07	Mongolia	BA.5.2	EPI_ISL_16416684
150	Homo sapiens	2022-11-10	Mongolia	BQ.1.2	EPI_ISL_16416690
150	Homo sapiens	2022-11-08	Mongolia	BA.5.2.24	EPI_ISL_16416675
149	Homo sapiens	2022-11-04	Mongolia	BQ.1.2	EPI_ISL_16416687
150	Homo sapiens	2022-11-10	Mongolia	BQ.1.2	EPI_ISL_16416691
150	Homo sapiens	2022-11-07	Mongolia	BQ.1.2	EPI_ISL_16416685
151	Homo sapiens	2022-11-14	Mongolia	BQ.1.2	EPI_ISL_16416679
150	Homo sapiens	2022-11-11	Mongolia	BA.5.2.24	EPI_ISL_16416674
151	Homo sapiens	2022-11-15	Mongolia	BQ.1.2	EPI_ISL_16416688
151	Homo sapiens	2022-11-14	Mongolia	BQ.1.2	EPI_ISL_16416689
167	Homo sapiens	2023-03-09	Mongolia	XBB.1.5	EPI_ISL_17502599
156	Homo sapiens	2022-12-19	Mongolia	BQ.1.2.1	EPI_ISL_17502613
156	Homo sapiens	2022-12-19	Mongolia	BQ.1.2.1	EPI_ISL_17502612
156	Homo sapiens	2022-12-25	Mongolia	BF.7.14	EPI_ISL_17502617
157	Homo sapiens	2022-12-29	Mongolia	BF.7.14	EPI_ISL_17502622
157	Homo sapiens	2022-12-27	Mongolia	BQ.1.2.1	EPI_ISL_17502619
157	Homo sapiens	2022-12-27	Mongolia	BQ.1.2.1	EPI_ISL_17502620
157	Homo sapiens	2022-12-29	Mongolia	BA.5.2	EPI_ISL_17502623
156	Homo sapiens	2022-12-25	Mongolia	BQ.1.2.1	EPI_ISL_17502618
155	Homo sapiens	2022-12-18	Mongolia	BQ.1.2.1	EPI_ISL_17502610
156	Homo sapiens	2022-12-20	Mongolia	BQ.1.2.1	EPI_ISL_17502615
168	Homo sapiens	2023-03-18	Mongolia	B.1.617.2	EPI_ISL_17502972
157	Homo sapiens	2022-12-30	Mongolia	BQ.1.2.1	EPI_ISL_17504356
157	Homo sapiens	2022-12-30	Mongolia	BQ.1.2.1	EPI_ISL_17504357
158	Homo sapiens	2023-01-06	Mongolia	BQ.1.2.1	EPI_ISL_17504346
156	Homo sapiens	2022-12-21	Mongolia	BQ.1.2.1	EPI_ISL_17504344
159	Homo sapiens	2023-01-09	Mongolia	BQ.1.2.1	EPI_ISL_17504343
157	Homo sapiens	2022-12-30	Mongolia	BQ.1.2.1	EPI_ISL_17504353
157	Homo sapiens	2022-12-28	Mongolia	BQ.1.2.1	EPI_ISL_17504350
157	Homo sapiens	2022-12-28	Mongolia	BQ.1.2.1	EPI_ISL_17504348
157	Homo sapiens	2022-12-28	Mongolia	BQ.1.2.1	EPI_ISL_17504349
157	Homo sapiens	2022-12-28	Mongolia	BQ.1.2.1	EPI_ISL_17504347
156	Homo sapiens	2022-12-20	Mongolia	BQ.1.2.1	EPI_ISL_17502614
158	Homo sapiens	2023-01-04	Mongolia	BQ.1.2.1	EPI_ISL_17502624
157	Homo sapiens	2022-12-28	Mongolia	BA.5.2.48	EPI_ISL_17502621
156	Homo sapiens	2022-12-21	Mongolia	BQ.1.2.1	EPI_ISL_17502616
156	Homo sapiens	2022-12-19	Mongolia	BQ.1.2.1	EPI_ISL_17502611
155	Homo sapiens	2022-12-17	Mongolia	BQ.1.2.1	EPI_ISL_17502609
166	Homo sapiens	2023-03-03	Mongolia	CH.1.1.2	EPI_ISL_17502596
170	Homo sapiens	2023-03-30	Mongolia	XBB.1.5	EPI_ISL_17502499
157	Homo sapiens	2022-12-30	Mongolia	BQ.1.2.1	EPI_ISL_17504352
170	Homo sapiens	2023-03-28	Mongolia	XBB.1.9.2	EPI_ISL_17502605
170	Homo sapiens	2023-03-29	Mongolia	XBB.1.5.24	EPI_ISL_17502500
170	Homo sapiens	2023-03-29	Mongolia	XBB.1.16	EPI_ISL_17502501
168	Homo sapiens	2023-03-19	Mongolia	XBB.1.9.1	EPI_ISL_17502973
169	Homo sapiens	2023-03-24	Mongolia	XBB.1.5	EPI_ISL_17502602
168	Homo sapiens	2023-03-13	Mongolia	XBB.1.5	EPI_ISL_17502601
170	Homo sapiens	2023-03-28	Mongolia	XBB.1.9.2	EPI_ISL_17502604
169	Homo sapiens	2023-03-24	Mongolia	XBB.1.5	EPI_ISL_17502603
167	Homo sapiens	2023-03-09	Mongolia	XBB.1.5	EPI_ISL_17502600
171	Homo sapiens	2023-04-06	Mongolia	XBB.1.5	EPI_ISL_17502495
171	Homo sapiens	2023-04-06	Mongolia	XBB.1.5	EPI_ISL_17502494
171	Homo sapiens	2023-04-04	Mongolia	XBB.1.5	EPI_ISL_17502497
171	Homo sapiens	2023-04-06	Mongolia	XBB.1.16	EPI_ISL_17502496
171	Homo sapiens	2023-04-08	Mongolia	XBB.1.5.24	EPI_ISL_17502491
172	Homo sapiens	2023-04-10	Mongolia	XBB.1.5.17	EPI_ISL_17502490
171	Homo sapiens	2023-04-07	Mongolia	XBB.1.9.1	EPI_ISL_17502493
171	Homo sapiens	2023-04-07	Mongolia	XBB.1.5.17	EPI_ISL_17502492
172	Homo sapiens	2023-04-11	Mongolia	XBB.1.5	EPI_ISL_17502488
172	Homo sapiens	2023-04-11	Mongolia	XBB.1.5	EPI_ISL_17502487
172	Homo sapiens	2023-04-11	Mongolia	XBB.1.5	EPI_ISL_17502489
172	Homo sapiens	2023-04-11	Mongolia	XBB.1.9.1	EPI_ISL_17502486
167	Homo sapiens	2023-03-09	Mongolia	XBB.1.5	EPI_ISL_17502598
167	Homo sapiens	2023-03-09	Mongolia	XBB.1.5	EPI_ISL_17502597
170	Homo sapiens	2023-04-02	Mongolia	XBB.1.9.1	EPI_ISL_17502498
