12	Homo sapiens	2020-03-17	Montenegro	B.1	EPI_ISL_516922
12	Homo sapiens	2020-03-18	Montenegro	B.1.1	EPI_ISL_516923
12	Homo sapiens	2020-03-19	Montenegro	B.1	EPI_ISL_516924
29	Homo sapiens	2020-07-17	Montenegro	C.35	EPI_ISL_516925
29	Homo sapiens	2020-07-17	Montenegro	C.35	EPI_ISL_516926
29	Homo sapiens	2020-07-17	Montenegro	C.35	EPI_ISL_516927
29	Homo sapiens	2020-07-18	Montenegro	B.1.1.70	EPI_ISL_516928
29	Homo sapiens	2020-07-18	Montenegro	B.1.1.70	EPI_ISL_516929
29	Homo sapiens	2020-07-18	Montenegro	B.1.1.70	EPI_ISL_516930
29	Homo sapiens	2020-07-19	Montenegro	C.35	EPI_ISL_516931
29	Homo sapiens	2020-07-19	Montenegro	C.35	EPI_ISL_516932
29	Homo sapiens	2020-07-19	Montenegro	C.35	EPI_ISL_516933
55	Homo sapiens	2021-01-17	Montenegro	B.1.1.7	EPI_ISL_1013596
55	Homo sapiens	2021-01-17	Montenegro	B.1.1.7	EPI_ISL_1013597
55	Homo sapiens	2021-01-17	Montenegro	B.1.258	EPI_ISL_1013598
55	Homo sapiens	2021-01-17	Montenegro	C.35	EPI_ISL_1013599
56	Homo sapiens	2021-01-18	Montenegro	B.1.1.7	EPI_ISL_1013600
56	Homo sapiens	2021-01-18	Montenegro	B.1.258	EPI_ISL_1013601
56	Homo sapiens	2021-01-18	Montenegro	B.1.1.7	EPI_ISL_1013602
56	Homo sapiens	2021-01-18	Montenegro	B.1.258	EPI_ISL_1013603
56	Homo sapiens	2021-01-19	Montenegro	B.1.258	EPI_ISL_1013605
56	Homo sapiens	2021-01-20	Montenegro	B.1.258	EPI_ISL_1013606
56	Homo sapiens	2021-01-19	Montenegro	B.1.1.7	EPI_ISL_1013607
56	Homo sapiens	2021-01-20	Montenegro	B.1.1.7	EPI_ISL_1013608
56	Homo sapiens	2021-01-20	Montenegro	B.1.258	EPI_ISL_1013609
56	Homo sapiens	2021-01-21	Montenegro	B.1.1.7	EPI_ISL_1013610
56	Homo sapiens	2021-01-21	Montenegro	B.1.258	EPI_ISL_1013611
56	Homo sapiens	2021-01-18	Montenegro	C.35	EPI_ISL_1013612
56	Homo sapiens	2021-01-18	Montenegro	AD.2	EPI_ISL_1013613
56	Homo sapiens	2021-01-18	Montenegro	B.1.160	EPI_ISL_1013614
84	Homo sapiens	2021-08-05	Montenegro	B.1.1.7	EPI_ISL_3550691
77	Homo sapiens	2021-06-18	Montenegro	B.1.1.7	EPI_ISL_3557208
84	Homo sapiens	2021-08-08	Montenegro	AY.122	EPI_ISL_3861924
84	Homo sapiens	2021-08-08	Montenegro	AY.98.1	EPI_ISL_3861919
84	Homo sapiens	2021-08-08	Montenegro	AY.122	EPI_ISL_3861926
84	Homo sapiens	2021-08-08	Montenegro	AY.42	EPI_ISL_3861931
84	Homo sapiens	2021-08-08	Montenegro	AY.25.1	EPI_ISL_3861935
101	Homo sapiens	2021-12-01	Montenegro	AY.129	EPI_ISL_7233462
95	Homo sapiens	2021-10-20	Montenegro	AY.122	EPI_ISL_7243144
94	Homo sapiens	2021-10-17	Montenegro	AY.129	EPI_ISL_7241678
94	Homo sapiens	2021-10-13	Montenegro	AY.122	EPI_ISL_7241383
93	Homo sapiens	2021-10-08	Montenegro	AY.129	EPI_ISL_7237822
93	Homo sapiens	2021-10-08	Montenegro	AY.98.1	EPI_ISL_7238270
93	Homo sapiens	2021-10-08	Montenegro	AY.122	EPI_ISL_7238491
93	Homo sapiens	2021-10-07	Montenegro	AY.43	EPI_ISL_7237406
96	Homo sapiens	2021-10-25	Montenegro	AY.4	EPI_ISL_7267568
98	Homo sapiens	2021-11-09	Montenegro	AY.43	EPI_ISL_7415382
97	Homo sapiens	2021-11-06	Montenegro	AY.122	EPI_ISL_7414953
97	Homo sapiens	2021-11-05	Montenegro	AY.122	EPI_ISL_7414827
97	Homo sapiens	2021-11-04	Montenegro	AY.5	EPI_ISL_7413085
97	Homo sapiens	2021-11-04	Montenegro	AY.43	EPI_ISL_7414168
97	Homo sapiens	2021-11-03	Montenegro	AY.98.1	EPI_ISL_7411740
97	Homo sapiens	2021-11-02	Montenegro	AY.46.6	EPI_ISL_7398741
97	Homo sapiens	2021-11-02	Montenegro	AY.41	EPI_ISL_7409629
96	Homo sapiens	2021-10-31	Montenegro	AY.122	EPI_ISL_7392717
96	Homo sapiens	2021-10-31	Montenegro	AY.46.6	EPI_ISL_7393117
96	Homo sapiens	2021-10-27	Montenegro	AY.43	EPI_ISL_7381427
96	Homo sapiens	2021-10-25	Montenegro	AY.46.6	EPI_ISL_7381409
95	Homo sapiens	2021-10-22	Montenegro	AY.98.1	EPI_ISL_7381169
95	Homo sapiens	2021-10-21	Montenegro	AY.46.6	EPI_ISL_7381125
95	Homo sapiens	2021-10-21	Montenegro	AY.122	EPI_ISL_7381133
95	Homo sapiens	2021-10-20	Montenegro	AY.46.6	EPI_ISL_7381119
102	Homo sapiens	2021-12-12	Montenegro	AY.98.1	EPI_ISL_7735946
102	Homo sapiens	2021-12-12	Montenegro	AY.122	EPI_ISL_7735938
102	Homo sapiens	2021-12-12	Montenegro	AY.122	EPI_ISL_7735944
102	Homo sapiens	2021-12-12	Montenegro	AY.43	EPI_ISL_7735947
102	Homo sapiens	2021-12-10	Montenegro	AY.43	EPI_ISL_7735937
102	Homo sapiens	2021-12-09	Montenegro	AY.42	EPI_ISL_7735361
84	Homo sapiens	2021-08-08	Montenegro	AY.122	EPI_ISL_7995925
86	Homo sapiens	2021-08-21	Montenegro	B.1.160	EPI_ISL_4936566
102	Homo sapiens	2021-12-11	Montenegro	AY.43	EPI_ISL_8720109
105	Homo sapiens	2022-01-01	Montenegro	AY.43	EPI_ISL_10221733
107	Homo sapiens	2022-01-11	Montenegro	AY.122	EPI_ISL_10244930
107	Homo sapiens	2022-01-14	Montenegro	AY.43	EPI_ISL_10246621
108	Homo sapiens	2022-01-23	Montenegro	AY.46.6	EPI_ISL_10295914
110	Homo sapiens	2022-02-01	Montenegro	BA.1.1	EPI_ISL_10365072
110	Homo sapiens	2022-02-01	Montenegro	BA.1.19	EPI_ISL_10365043
107	Homo sapiens	2022-01-10	Montenegro	BA.1.1	EPI_ISL_10267828
110	Homo sapiens	2022-02-01	Montenegro	BA.1.1	EPI_ISL_10370847
110	Homo sapiens	2022-02-02	Montenegro	BA.1.1	EPI_ISL_10371396
109	Homo sapiens	2022-01-26	Montenegro	BA.1.1	EPI_ISL_10314683
109	Homo sapiens	2022-01-26	Montenegro	BA.1.1	EPI_ISL_10328058
109	Homo sapiens	2022-01-27	Montenegro	BA.1.1	EPI_ISL_10328154
107	Homo sapiens	2022-01-10	Montenegro	BA.1.1	EPI_ISL_10266751
109	Homo sapiens	2022-01-26	Montenegro	BA.1.1	EPI_ISL_10314708
107	Homo sapiens	2022-01-10	Montenegro	BA.1.1	EPI_ISL_10267910
110	Homo sapiens	2022-02-02	Montenegro	BA.1.1.13	EPI_ISL_10371222
107	Homo sapiens	2022-01-10	Montenegro	BA.1.1	EPI_ISL_10266697
107	Homo sapiens	2022-01-10	Montenegro	BA.1.1	EPI_ISL_10266749
107	Homo sapiens	2022-01-15	Montenegro	BA.1.1	EPI_ISL_10268176
107	Homo sapiens	2022-01-15	Montenegro	BA.1.17.2	EPI_ISL_10266694
110	Homo sapiens	2022-02-02	Montenegro	BA.1.1	EPI_ISL_10371051
107	Homo sapiens	2022-01-10	Montenegro	BA.1.1	EPI_ISL_10266695
110	Homo sapiens	2022-01-31	Montenegro	BA.1.1	EPI_ISL_10364728
107	Homo sapiens	2022-01-10	Montenegro	BA.1.1	EPI_ISL_10268084
109	Homo sapiens	2022-01-27	Montenegro	BA.1.15	EPI_ISL_10328303
110	Homo sapiens	2022-01-31	Montenegro	BA.1.1	EPI_ISL_10364830
109	Homo sapiens	2022-01-25	Montenegro	BA.1.1.1	EPI_ISL_10296904
109	Homo sapiens	2022-01-26	Montenegro	BA.1.1	EPI_ISL_10314761
107	Homo sapiens	2022-01-10	Montenegro	BA.1.1	EPI_ISL_10266750
109	Homo sapiens	2022-01-24	Montenegro	BA.1.1	EPI_ISL_10296355
109	Homo sapiens	2022-01-24	Montenegro	BA.1.1	EPI_ISL_10296229
108	Homo sapiens	2022-01-17	Montenegro	BA.1.1	EPI_ISL_10295460
108	Homo sapiens	2022-01-17	Montenegro	BA.1.1	EPI_ISL_10295543
108	Homo sapiens	2022-01-19	Montenegro	BA.1.1	EPI_ISL_10295699
107	Homo sapiens	2022-01-15	Montenegro	BA.1.1	EPI_ISL_10268256
107	Homo sapiens	2022-01-12	Montenegro	BA.1.1	EPI_ISL_10246503
107	Homo sapiens	2022-01-10	Montenegro	BA.1.1	EPI_ISL_10244048
107	Homo sapiens	2022-01-15	Montenegro	BA.1.1	EPI_ISL_10246629
107	Homo sapiens	2022-01-13	Montenegro	BA.1.1	EPI_ISL_10246573
106	Homo sapiens	2022-01-04	Montenegro	BA.1.1	EPI_ISL_10221969
107	Homo sapiens	2022-01-12	Montenegro	BA.1.1	EPI_ISL_10245606
105	Homo sapiens	2021-12-28	Montenegro	BA.1.1	EPI_ISL_10221764
107	Homo sapiens	2022-01-13	Montenegro	BA.1.1	EPI_ISL_10246619
107	Homo sapiens	2022-01-13	Montenegro	BA.1.1	EPI_ISL_10246617
106	Homo sapiens	2022-01-05	Montenegro	BA.1.1	EPI_ISL_10222778
106	Homo sapiens	2022-01-04	Montenegro	BA.1.17.2	EPI_ISL_10222090
106	Homo sapiens	2022-01-06	Montenegro	BA.1.1	EPI_ISL_10223403
106	Homo sapiens	2022-01-08	Montenegro	BA.1.1	EPI_ISL_10226938
106	Homo sapiens	2022-01-05	Montenegro	BA.1.1	EPI_ISL_10222925
108	Homo sapiens	2022-01-17	Montenegro	BA.1.1	EPI_ISL_10268572
107	Homo sapiens	2022-01-14	Montenegro	BA.1.1	EPI_ISL_10246626
107	Homo sapiens	2022-01-14	Montenegro	BA.1.1	EPI_ISL_10246625
105	Homo sapiens	2021-12-28	Montenegro	BA.1.1	EPI_ISL_11957195
107	Homo sapiens	2022-01-12	Montenegro	BA.1.1	EPI_ISL_12023935
107	Homo sapiens	2022-01-10	Montenegro	BA.1.1	EPI_ISL_12022120
107	Homo sapiens	2022-01-12	Montenegro	BA.1.1	EPI_ISL_12083026
107	Homo sapiens	2022-01-13	Montenegro	BA.1.1	EPI_ISL_12083028
107	Homo sapiens	2022-01-13	Montenegro	BA.1.1	EPI_ISL_12083027
107	Homo sapiens	2022-01-14	Montenegro	BA.1.1	EPI_ISL_12119237
108	Homo sapiens	2022-01-17	Montenegro	BA.1.1	EPI_ISL_12121308
108	Homo sapiens	2022-01-17	Montenegro	BA.1.1	EPI_ISL_12121309
107	Homo sapiens	2022-01-15	Montenegro	BA.1.1	EPI_ISL_12119242
109	Homo sapiens	2022-01-26	Montenegro	BA.1.1	EPI_ISL_12141752
109	Homo sapiens	2022-01-26	Montenegro	BA.1.1	EPI_ISL_12142157
109	Homo sapiens	2022-01-26	Montenegro	BA.1.1	EPI_ISL_12143385
109	Homo sapiens	2022-01-26	Montenegro	BA.1.1	EPI_ISL_12143243
109	Homo sapiens	2022-01-27	Montenegro	BA.1.1	EPI_ISL_12143540
109	Homo sapiens	2022-01-27	Montenegro	BA.1.15	EPI_ISL_12143541
110	Homo sapiens	2022-01-31	Montenegro	BA.1.1	EPI_ISL_12152880
110	Homo sapiens	2022-02-01	Montenegro	BA.1.19	EPI_ISL_12152885
110	Homo sapiens	2022-02-01	Montenegro	BA.1.1	EPI_ISL_12152888
110	Homo sapiens	2022-01-31	Montenegro	BA.1.1	EPI_ISL_12152867
110	Homo sapiens	2022-02-01	Montenegro	BA.1.1	EPI_ISL_12152887
135	Homo sapiens	2022-07-31	Montenegro	BA.5.1	EPI_ISL_14429766
135	Homo sapiens	2022-07-31	Montenegro	BA.5.1	EPI_ISL_14429861
