17	Homo sapiens	2020-04-23	Morocco	B.1.528	MT513758.1
11	Homo sapiens	2020-03-15	Morocco	B.1.1	EPI_ISL_459966
12	Homo sapiens	2020-03-20	Morocco	B.1	EPI_ISL_459972
12	Homo sapiens	2020-03-20	Morocco	B.1.1	EPI_ISL_459973
17	Homo sapiens	2020-04-21	Morocco	B.1.1	EPI_ISL_459977
16	Homo sapiens	2020-04-19	Morocco	B.1	EPI_ISL_459979
16	Homo sapiens	2020-04-19	Morocco	B.1.1	EPI_ISL_459980
16	Homo sapiens	2020-04-19	Morocco	B.1	EPI_ISL_459981
15	Homo sapiens	2020-04-06	Morocco	B.1.1	EPI_ISL_459984
21	Homo sapiens	2020-05-21	Morocco	B.1	EPI_ISL_467299
14	Homo sapiens	2020-03-31	Morocco	B.1	EPI_ISL_471456
16	Homo sapiens	2020-04-13	Morocco	B.1	EPI_ISL_471457
16	Homo sapiens	2020-04-19	Morocco	B.1	EPI_ISL_471458
16	Homo sapiens	2020-04-19	Morocco	B.1	EPI_ISL_471459
16	Homo sapiens	2020-04-19	Morocco	B.1	EPI_ISL_471460
19	Homo sapiens	2020-05-05	Morocco	B.1.1	EPI_ISL_476024
18	Homo sapiens	2020-05-02	Morocco	B.1.1	EPI_ISL_476025
20	Homo sapiens	2020-05-11	Morocco	B.1.1	EPI_ISL_476026
09	Homo sapiens	2020-02-27	Morocco	B.1	EPI_ISL_476559
16	Homo sapiens	2020-04-13	Morocco	B.1	MT731285.1
14	Homo sapiens	2020-03-30	Morocco	B.1	MT731327.1
14	Homo sapiens	2020-03-30	Morocco	B.1	MT731468.1
14	Homo sapiens	2020-04-03	Morocco	B.1	MT731673.1
14	Homo sapiens	2020-03-30	Morocco	B.1	MT731746.1
14	Homo sapiens	2020-04-01	Morocco	B.1	MT731764.1
14	Homo sapiens	2020-04-01	Morocco	B.1	MT733120.1
51	Homo sapiens	2020-12-17	Morocco	B.1.177	EPI_ISL_768840
51	Homo sapiens	2020-12-14	Morocco	B.1	EPI_ISL_769863
51	Homo sapiens	2020-12-14	Morocco	B.1	EPI_ISL_775219
51	Homo sapiens	2020-12-15	Morocco	B.1.1	EPI_ISL_775220
51	Homo sapiens	2020-12-15	Morocco	B.1.160	EPI_ISL_775221
51	Homo sapiens	2020-12-16	Morocco	B.1	EPI_ISL_775222
51	Homo sapiens	2020-12-14	Morocco	B.1	EPI_ISL_775225
52	Homo sapiens	2020-12-21	Morocco	B.1.177	EPI_ISL_775256
52	Homo sapiens	2020-12-21	Morocco	B.1	EPI_ISL_775258
52	Homo sapiens	2020-12-21	Morocco	B.1.1	EPI_ISL_775260
52	Homo sapiens	2020-12-21	Morocco	B.1.416	EPI_ISL_775262
52	Homo sapiens	2020-12-21	Morocco	B.1.36	EPI_ISL_775263
27	Homo sapiens	2020-07-01	Morocco	B.1	MW582699.1
27	Homo sapiens	2020-07-01	Morocco	B.1	EPI_ISL_971451
53	Homo sapiens	2021-01-02	Morocco	B.1	EPI_ISL_1103569
58	Homo sapiens	2021-02-04	Morocco	B.1	EPI_ISL_1103576
54	Homo sapiens	2021-01-05	Morocco	B.1	EPI_ISL_1103579
54	Homo sapiens	2021-01-05	Morocco	B.1.177	EPI_ISL_1103584
54	Homo sapiens	2021-01-06	Morocco	B.1	EPI_ISL_1105946
54	Homo sapiens	2021-01-07	Morocco	B.1	EPI_ISL_1107189
54	Homo sapiens	2021-01-07	Morocco	B.1	EPI_ISL_1109622
55	Homo sapiens	2021-01-11	Morocco	B.1	EPI_ISL_1109623
53	Homo sapiens	2021-01-02	Morocco	B.1	EPI_ISL_1116465
58	Homo sapiens	2021-02-04	Morocco	B.1	EPI_ISL_1116466
58	Homo sapiens	2021-02-04	Morocco	B.1.1	EPI_ISL_1116470
54	Homo sapiens	2021-01-04	Morocco	B.1	EPI_ISL_1116555
54	Homo sapiens	2021-01-06	Morocco	B.1.1.84	EPI_ISL_1116592
54	Homo sapiens	2021-01-06	Morocco	B.1	EPI_ISL_1117289
54	Homo sapiens	2021-01-06	Morocco	B.1.1	EPI_ISL_1120732
53	Homo sapiens	2021-01-02	Morocco	B.1	EPI_ISL_1159697
53	Homo sapiens	2021-01-02	Morocco	B.1.1.319	EPI_ISL_1159698
54	Homo sapiens	2021-01-04	Morocco	B.1.177	EPI_ISL_1159699
54	Homo sapiens	2021-01-06	Morocco	B.1	EPI_ISL_1159700
54	Homo sapiens	2021-01-08	Morocco	B.1.1.7	MW803167.1
27	Homo sapiens	2020-07-01	Morocco	B.1	EPI_ISL_966940
65	Homo sapiens	2021-03-22	Morocco	B.1.1.7	EPI_ISL_1895101
64	Homo sapiens	2021-03-16	Morocco	B.1.1.7	EPI_ISL_1896158
64	Homo sapiens	2021-03-16	Morocco	B.1.1.7	EPI_ISL_1896668
61	Homo sapiens	2021-02-24	Morocco	B.1.1.7	EPI_ISL_1896670
62	Homo sapiens	2021-03-01	Morocco	B.1.1.7	EPI_ISL_1896698
64	Homo sapiens	2021-03-17	Morocco	B.1.1.7	EPI_ISL_1896699
64	Homo sapiens	2021-03-17	Morocco	B.1.1.7	EPI_ISL_1904295
64	Homo sapiens	2021-03-19	Morocco	B.1.1.7	EPI_ISL_1904298
64	Homo sapiens	2021-03-19	Morocco	B.1.1.7	EPI_ISL_1904599
65	Homo sapiens	2021-03-23	Morocco	B.1.1.7	EPI_ISL_1904692
65	Homo sapiens	2021-03-22	Morocco	B.1.1.7	EPI_ISL_1904846
64	Homo sapiens	2021-03-18	Morocco	B.1.1.7	EPI_ISL_1904875
65	Homo sapiens	2021-03-22	Morocco	B.1.1.7	EPI_ISL_1904876
64	Homo sapiens	2021-03-15	Morocco	B.1.1.7	EPI_ISL_1904877
64	Homo sapiens	2021-03-15	Morocco	B.1.1.7	EPI_ISL_1904884
65	Homo sapiens	2021-03-23	Morocco	B.1.1.7	EPI_ISL_1904885
64	Homo sapiens	2021-03-16	Morocco	B.1.1.7	EPI_ISL_1904886
64	Homo sapiens	2021-03-20	Morocco	B.1.1.7	EPI_ISL_1904887
65	Homo sapiens	2021-03-23	Morocco	B.1.1.7	EPI_ISL_1904888
65	Homo sapiens	2021-03-23	Morocco	B.1.1.7	EPI_ISL_1905060
67	Homo sapiens	2021-04-09	Morocco	B.1.1.7	EPI_ISL_1905079
66	Homo sapiens	2021-04-03	Morocco	B.1.1.7	EPI_ISL_1907961
66	Homo sapiens	2021-04-03	Morocco	B.1.1.7	EPI_ISL_1908147
68	Homo sapiens	2021-04-16	Morocco	B.1.1.7	EPI_ISL_1908148
68	Homo sapiens	2021-04-16	Morocco	B.1.1.7	EPI_ISL_1908155
69	Homo sapiens	2021-04-21	Morocco	B.1.1.7	EPI_ISL_1908158
67	Homo sapiens	2021-04-08	Morocco	B.1.1.7	EPI_ISL_1908735
67	Homo sapiens	2021-04-08	Morocco	B.1.1.7	EPI_ISL_1908787
67	Homo sapiens	2021-04-08	Morocco	B.1.1.7	EPI_ISL_1908805
67	Homo sapiens	2021-04-08	Morocco	B.1.1.7	EPI_ISL_1908896
67	Homo sapiens	2021-04-09	Morocco	B.1.1.7	EPI_ISL_1908967
67	Homo sapiens	2021-04-10	Morocco	B.1.1.7	EPI_ISL_1909088
68	Homo sapiens	2021-04-17	Morocco	B.1.1.7	EPI_ISL_1909099
67	Homo sapiens	2021-04-06	Morocco	B.1.1.7	EPI_ISL_1909211
68	Homo sapiens	2021-04-16	Morocco	B.1.1.7	EPI_ISL_1909241
67	Homo sapiens	2021-04-07	Morocco	B.1.1.7	EPI_ISL_1909242
69	Homo sapiens	2021-04-21	Morocco	B.1.1.7	EPI_ISL_1909243
68	Homo sapiens	2021-04-13	Morocco	B.1.1.7	EPI_ISL_1909244
67	Homo sapiens	2021-04-09	Morocco	B.1.1.7	EPI_ISL_1909247
67	Homo sapiens	2021-04-09	Morocco	B.1.1.7	EPI_ISL_1909250
69	Homo sapiens	2021-04-22	Morocco	B.1.1.7	EPI_ISL_1909251
67	Homo sapiens	2021-04-09	Morocco	B.1.1.7	EPI_ISL_1909252
61	Homo sapiens	2021-02-27	Morocco	B.1.1.7	EPI_ISL_1909253
62	Homo sapiens	2021-03-02	Morocco	B.1.1.7	EPI_ISL_1909254
61	Homo sapiens	2021-02-25	Morocco	B.1.1.7	EPI_ISL_1912790
61	Homo sapiens	2021-02-26	Morocco	B.1.1.7	EPI_ISL_1912936
61	Homo sapiens	2021-02-23	Morocco	B.1.1.7	EPI_ISL_1912937
61	Homo sapiens	2021-02-25	Morocco	B.1.1.7	EPI_ISL_1913009
61	Homo sapiens	2021-02-24	Morocco	B.1.1.7	EPI_ISL_1913014
62	Homo sapiens	2021-03-02	Morocco	B.1.1.7	EPI_ISL_1913017
58	Homo sapiens	2021-02-06	Morocco	B.1.1.7	EPI_ISL_1913018
62	Homo sapiens	2021-03-02	Morocco	B.1.1.7	EPI_ISL_1913019
61	Homo sapiens	2021-02-24	Morocco	B.1.1.7	EPI_ISL_1913024
61	Homo sapiens	2021-02-26	Morocco	B.1.1.7	EPI_ISL_1913026
61	Homo sapiens	2021-02-27	Morocco	B.1.1.7	EPI_ISL_1913028
62	Homo sapiens	2021-03-01	Morocco	B.1.1.7	EPI_ISL_1913029
62	Homo sapiens	2021-03-01	Morocco	B.1.1.7	EPI_ISL_1913033
64	Homo sapiens	2021-03-19	Morocco	B.1.1.7	EPI_ISL_1913051
64	Homo sapiens	2021-03-19	Morocco	B.1.1.7	EPI_ISL_1913053
65	Homo sapiens	2021-03-25	Morocco	B.1.1.7	EPI_ISL_1913056
65	Homo sapiens	2021-03-25	Morocco	B.1.1.7	EPI_ISL_1913057
65	Homo sapiens	2021-03-25	Morocco	B.1.1.7	EPI_ISL_1913059
63	Homo sapiens	2021-03-14	Morocco	B.1.1.7	EPI_ISL_1913061
63	Homo sapiens	2021-03-14	Morocco	B.1.1.7	EPI_ISL_1913062
63	Homo sapiens	2021-03-14	Morocco	B.1.1.7	EPI_ISL_1913067
64	Homo sapiens	2021-03-19	Morocco	B.1.1.7	EPI_ISL_1913069
64	Homo sapiens	2021-03-15	Morocco	B.1.1.7	EPI_ISL_1913077
64	Homo sapiens	2021-03-17	Morocco	B.1.1.7	EPI_ISL_1913081
64	Homo sapiens	2021-03-19	Morocco	B.1.1.7	EPI_ISL_1913082
65	Homo sapiens	2021-03-25	Morocco	B.1.1.7	EPI_ISL_1913083
64	Homo sapiens	2021-03-15	Morocco	B.1.1.7	EPI_ISL_1913084
63	Homo sapiens	2021-03-11	Morocco	B.1.1.7	EPI_ISL_1913086
64	Homo sapiens	2021-03-19	Morocco	B.1.1.7	EPI_ISL_1913165
65	Homo sapiens	2021-03-25	Morocco	B.1.1.7	EPI_ISL_1913213
63	Homo sapiens	2021-03-14	Morocco	B.1.1.7	EPI_ISL_1914284
61	Homo sapiens	2021-02-25	Morocco	B.1.1.7	EPI_ISL_1914289
54	Homo sapiens	2021-01-06	Morocco	B.1.1.84	EPI_ISL_1810933
54	Homo sapiens	2021-01-07	Morocco	B.1.177.77	EPI_ISL_1810934
54	Homo sapiens	2021-01-07	Morocco	B.1.1.277	EPI_ISL_1810935
54	Homo sapiens	2021-01-07	Morocco	B.1	EPI_ISL_1810936
53	Homo sapiens	2021-01-02	Morocco	B.1.1.44	EPI_ISL_1810937
53	Homo sapiens	2021-01-02	Morocco	B.1.1	EPI_ISL_1810938
53	Homo sapiens	2021-01-02	Morocco	B.1.416	EPI_ISL_1810944
53	Homo sapiens	2021-01-02	Morocco	B.1	EPI_ISL_1810947
54	Homo sapiens	2021-01-04	Morocco	B.1	EPI_ISL_1810948
54	Homo sapiens	2021-01-07	Morocco	B.1.597	EPI_ISL_1810949
54	Homo sapiens	2021-01-07	Morocco	B.1.1	EPI_ISL_1811221
69	Homo sapiens	2021-04-22	Morocco	B.1.617.2	MZ208926.1
67	Homo sapiens	2021-04-09	Morocco	B.1	EPI_ISL_2111158
62	Homo sapiens	2021-03-02	Morocco	B.1.525	EPI_ISL_2111464
54	Homo sapiens	2021-01-07	Morocco	B.1.597	EPI_ISL_2318899
54	Homo sapiens	2021-01-04	Morocco	B.1	EPI_ISL_2316770
32	Homo sapiens	2020-08-08	Morocco	B.1	EPI_ISL_2318037
67	Homo sapiens	2021-04-07	Morocco	B.1.1.7	EPI_ISL_2695785
50	Homo sapiens	2020-12-07	Morocco	B.1	EPI_ISL_2835002
50	Homo sapiens	2020-12-07	Morocco	B.1.1	EPI_ISL_2835004
50	Homo sapiens	2020-12-07	Morocco	B.1.1	EPI_ISL_2835003
69	Homo sapiens	2021-04-22	Morocco	B.1.617.1	EPI_ISL_2966236
50	Homo sapiens	2020-12-07	Morocco	B.1	EPI_ISL_2968060
50	Homo sapiens	2020-12-07	Morocco	B.1	EPI_ISL_2968056
50	Homo sapiens	2020-12-07	Morocco	B.1	EPI_ISL_2968055
50	Homo sapiens	2020-12-07	Morocco	B.1	EPI_ISL_2968067
50	Homo sapiens	2020-12-07	Morocco	B.1.1	EPI_ISL_2968061
50	Homo sapiens	2020-12-07	Morocco	B.1	EPI_ISL_2968059
50	Homo sapiens	2020-12-07	Morocco	B.1	EPI_ISL_2968057
50	Homo sapiens	2020-12-07	Morocco	B.1	EPI_ISL_2968063
50	Homo sapiens	2020-12-07	Morocco	B.1.1	EPI_ISL_2968064
50	Homo sapiens	2020-12-07	Morocco	B.1.22	EPI_ISL_2968066
50	Homo sapiens	2020-12-07	Morocco	B.1	EPI_ISL_2968065
50	Homo sapiens	2020-12-07	Morocco	B.1	EPI_ISL_2968069
50	Homo sapiens	2020-12-07	Morocco	B.1.1	EPI_ISL_2968058
50	Homo sapiens	2020-12-07	Morocco	B.1	EPI_ISL_2968068
50	Homo sapiens	2020-12-07	Morocco	B.1	EPI_ISL_2968054
50	Homo sapiens	2020-12-07	Morocco	B.1	EPI_ISL_2968062
29	Homo sapiens	2020-07-18	Morocco	B.1	EPI_ISL_2968038
29	Homo sapiens	2020-07-18	Morocco	B.1	EPI_ISL_2968050
29	Homo sapiens	2020-07-18	Morocco	B.1	EPI_ISL_2968049
29	Homo sapiens	2020-07-18	Morocco	B.1	EPI_ISL_2968052
29	Homo sapiens	2020-07-18	Morocco	B.1	EPI_ISL_2968036
29	Homo sapiens	2020-07-18	Morocco	B.1	EPI_ISL_2968053
29	Homo sapiens	2020-07-18	Morocco	B.1	EPI_ISL_2968040
29	Homo sapiens	2020-07-18	Morocco	B.1	EPI_ISL_2968039
29	Homo sapiens	2020-07-18	Morocco	B.1	EPI_ISL_2968044
29	Homo sapiens	2020-07-18	Morocco	B.1.78	EPI_ISL_2968047
29	Homo sapiens	2020-07-18	Morocco	B.1	EPI_ISL_2968042
29	Homo sapiens	2020-07-18	Morocco	B.1	EPI_ISL_2968041
29	Homo sapiens	2020-07-18	Morocco	B.1	EPI_ISL_2968045
29	Homo sapiens	2020-07-18	Morocco	B.1	EPI_ISL_2968051
29	Homo sapiens	2020-07-18	Morocco	B.1	EPI_ISL_2968046
29	Homo sapiens	2020-07-18	Morocco	B	EPI_ISL_2968035
29	Homo sapiens	2020-07-18	Morocco	B.39	EPI_ISL_2968043
29	Homo sapiens	2020-07-18	Morocco	B.1	EPI_ISL_2968048
29	Homo sapiens	2020-07-18	Morocco	B	EPI_ISL_2968037
80	Homo sapiens	2021-07-08	Morocco	B.1.1.7	EPI_ISL_3071138
77	Homo sapiens	2021-06-17	Morocco	B.1.1.7	EPI_ISL_3155073
77	Homo sapiens	2021-06-17	Morocco	B.1.351	EPI_ISL_3155074
77	Homo sapiens	2021-06-17	Morocco	AY.51	EPI_ISL_3155339
19	Homo sapiens	2020-05-06	Morocco	B.1	EPI_ISL_3200860
18	Homo sapiens	2020-05-03	Morocco	B.1	EPI_ISL_3204262
80	Homo sapiens	2021-07-06	Morocco	B	EPI_ISL_3244531
77	Homo sapiens	2021-06-20	Morocco	B.1.1.7	EPI_ISL_3239896
77	Homo sapiens	2021-06-20	Morocco	AY.33	EPI_ISL_3253426
77	Homo sapiens	2021-06-20	Morocco	B.1.1.7	EPI_ISL_3259350
62	Homo sapiens	2021-03-03	Morocco	B.1.1.7	EPI_ISL_3241420
33	Homo sapiens	2020-08-13	Morocco	B.1	EPI_ISL_3250687
16	Homo sapiens	2020-04-13	Morocco	B.1	EPI_ISL_469017
14	Homo sapiens	2020-04-03	Morocco	B.1	EPI_ISL_469051
14	Homo sapiens	2020-04-01	Morocco	B.1	EPI_ISL_469054
14	Homo sapiens	2020-03-30	Morocco	B.1	EPI_ISL_469049
14	Homo sapiens	2020-03-30	Morocco	B.1	EPI_ISL_469052
77	Homo sapiens	2021-06-20	Morocco	B.1	EPI_ISL_4306000
18	Homo sapiens	2020-04-27	Morocco	B.1	EPI_ISL_4299861
17	Homo sapiens	2020-04-23	Morocco	B.1	EPI_ISL_4300209
79	Homo sapiens	2021-07-04	Morocco	B.1.621	EPI_ISL_4309589
81	Homo sapiens	2021-07-13	Morocco	AY.51	EPI_ISL_4573207
81	Homo sapiens	2021-07-13	Morocco	AY.112	EPI_ISL_4572255
81	Homo sapiens	2021-07-13	Morocco	AY.112	EPI_ISL_4572442
81	Homo sapiens	2021-07-13	Morocco	AY.33	EPI_ISL_4572736
81	Homo sapiens	2021-07-13	Morocco	AY.33	EPI_ISL_4572251
80	Homo sapiens	2021-07-10	Morocco	AY.33	EPI_ISL_4572229
81	Homo sapiens	2021-07-12	Morocco	B.1.617.2	EPI_ISL_4572233
81	Homo sapiens	2021-07-12	Morocco	AY.51	EPI_ISL_4572272
81	Homo sapiens	2021-07-13	Morocco	AY.33	EPI_ISL_4572814
81	Homo sapiens	2021-07-12	Morocco	AY.73	EPI_ISL_4572416
82	Homo sapiens	2021-07-22	Morocco	AY.51	EPI_ISL_4945816
82	Homo sapiens	2021-07-22	Morocco	AY.51	EPI_ISL_4945821
82	Homo sapiens	2021-07-22	Morocco	AY.33	EPI_ISL_4945861
81	Homo sapiens	2021-07-17	Morocco	B.1.617.2	EPI_ISL_4945787
81	Homo sapiens	2021-07-13	Morocco	AY.112	EPI_ISL_4945675
81	Homo sapiens	2021-07-13	Morocco	AY.33	EPI_ISL_4945008
81	Homo sapiens	2021-07-12	Morocco	B.1.617.2	EPI_ISL_4945298
80	Homo sapiens	2021-07-10	Morocco	AY.33	EPI_ISL_4945749
05	Homo sapiens	2020-02-02	Morocco	B.1.221	EPI_ISL_4899863
05	Homo sapiens	2020-02-02	Morocco	B.1	EPI_ISL_4899870
05	Homo sapiens	2020-02-02	Morocco	B.1	EPI_ISL_4899881
05	Homo sapiens	2020-02-02	Morocco	B.1.221	EPI_ISL_4899888
05	Homo sapiens	2020-02-02	Morocco	B.1.160	EPI_ISL_4899892
05	Homo sapiens	2020-02-02	Morocco	B.1.177	EPI_ISL_4899898
05	Homo sapiens	2020-02-02	Morocco	B.1.177	EPI_ISL_4899903
05	Homo sapiens	2020-02-02	Morocco	B.1.177	EPI_ISL_4899911
05	Homo sapiens	2020-02-02	Morocco	B.1	EPI_ISL_4899917
82	Homo sapiens	2021-07-22	Morocco	B.1.1.7	EPI_ISL_5116329
82	Homo sapiens	2021-07-22	Morocco	B.1.1.7	EPI_ISL_5117973
81	Homo sapiens	2021-07-12	Morocco	B.1.1.7	EPI_ISL_5096060
81	Homo sapiens	2021-07-12	Morocco	B.1.1.7	EPI_ISL_5118276
80	Homo sapiens	2021-07-10	Morocco	AY.33	EPI_ISL_5096053
75	Homo sapiens	2021-06-05	Morocco	B.1.1.7	EPI_ISL_5121443
73	Homo sapiens	2021-05-19	Morocco	B.1.1.7	EPI_ISL_5119883
67	Homo sapiens	2021-04-07	Morocco	B.1.1.7	EPI_ISL_5133529
65	Homo sapiens	2021-03-24	Morocco	B.1.69	EPI_ISL_5123551
65	Homo sapiens	2021-03-24	Morocco	B.1	EPI_ISL_5126276
65	Homo sapiens	2021-03-24	Morocco	B.1.575	EPI_ISL_5123577
53	Homo sapiens	2021-01-02	Morocco	B.1.177	EPI_ISL_5061472
45	Homo sapiens	2020-11-02	Morocco	B.1.1	EPI_ISL_5123575
80	Homo sapiens	2021-07-08	Morocco	AY.33	EPI_ISL_6002900
80	Homo sapiens	2021-07-07	Morocco	AY.33	EPI_ISL_6002899
83	Homo sapiens	2021-07-26	Morocco	B.1.1.7	EPI_ISL_5122537
81	Homo sapiens	2021-07-13	Morocco	B.1.1.7	EPI_ISL_5116787
81	Homo sapiens	2021-07-13	Morocco	AY.112	EPI_ISL_5118980
81	Homo sapiens	2021-07-13	Morocco	AY.73	EPI_ISL_5121065
65	Homo sapiens	2021-03-24	Morocco	B.1	EPI_ISL_5123547
52	Homo sapiens	2020-12-22	Morocco	B.1	EPI_ISL_5123542
19	Homo sapiens	2020-05-05	Morocco	B.1.528	EPI_ISL_978534
19	Homo sapiens	2020-05-05	Morocco	B.1.528	EPI_ISL_978543
19	Homo sapiens	2020-05-05	Morocco	B.1.528	EPI_ISL_978535
19	Homo sapiens	2020-05-05	Morocco	B.1.528	EPI_ISL_978536
19	Homo sapiens	2020-05-05	Morocco	B.1.528	EPI_ISL_978537
19	Homo sapiens	2020-05-05	Morocco	B.1.528	EPI_ISL_978538
19	Homo sapiens	2020-05-05	Morocco	B.1.528	EPI_ISL_978539
19	Homo sapiens	2020-05-05	Morocco	B.1.528	EPI_ISL_978540
19	Homo sapiens	2020-05-05	Morocco	B.1.528	EPI_ISL_978541
19	Homo sapiens	2020-05-05	Morocco	B.1.528	EPI_ISL_978542
19	Homo sapiens	2020-05-05	Morocco	B.1.528	EPI_ISL_978544
19	Homo sapiens	2020-05-05	Morocco	B.1.528	EPI_ISL_978545
19	Homo sapiens	2020-05-05	Morocco	B.1.528	EPI_ISL_978546
19	Homo sapiens	2020-05-05	Morocco	B.1.528	EPI_ISL_978547
19	Homo sapiens	2020-05-05	Morocco	B.1.528	EPI_ISL_978548
19	Homo sapiens	2020-05-05	Morocco	B.1.528	EPI_ISL_978549
19	Homo sapiens	2020-05-05	Morocco	B.1.528	EPI_ISL_978550
19	Homo sapiens	2020-05-05	Morocco	B.1.528	EPI_ISL_978551
19	Homo sapiens	2020-05-05	Morocco	B.1.528	EPI_ISL_978552
17	Homo sapiens	2020-04-21	Morocco	B.1.1	EPI_ISL_459983
17	Homo sapiens	2020-04-20	Morocco	B.1.1	EPI_ISL_459978
16	Homo sapiens	2020-04-18	Morocco	B.1	EPI_ISL_459982
12	Homo sapiens	2020-03-21	Morocco	B.1	EPI_ISL_459975
12	Homo sapiens	2020-03-20	Morocco	B.1	EPI_ISL_459974
12	Homo sapiens	2020-03-16	Morocco	B.1	EPI_ISL_459976
10	Homo sapiens	2020-03-03	Morocco	B.1.1	EPI_ISL_459965
104	Homo sapiens	2021-12-22	Morocco	BA.1	EPI_ISL_8074123
91	Homo sapiens	2021-09-20	Morocco	AY.33	EPI_ISL_8132259
82	Homo sapiens	2021-07-22	Morocco	B.1.1.7	EPI_ISL_8132278
98	Homo sapiens	2021-11-10	Morocco	B.1.617.2	EPI_ISL_8186758
79	Homo sapiens	2021-07-04	Morocco	B.1.621	EPI_ISL_8178768
103	Homo sapiens	2021-12-15	Morocco	AY.33	EPI_ISL_8308341
104	Homo sapiens	2021-12-22	Morocco	AY.39	EPI_ISL_8308350
103	Homo sapiens	2021-12-14	Morocco	AY.133	EPI_ISL_8308346
103	Homo sapiens	2021-12-15	Morocco	AY.33	EPI_ISL_8308345
104	Homo sapiens	2021-12-22	Morocco	AY.39	EPI_ISL_8308348
104	Homo sapiens	2021-12-21	Morocco	AY.126	EPI_ISL_8308349
101	Homo sapiens	2021-12-04	Morocco	AY.33	EPI_ISL_8308357
95	Homo sapiens	2021-10-24	Morocco	AY.33	EPI_ISL_8629701
95	Homo sapiens	2021-10-24	Morocco	B.1.1.7	EPI_ISL_8629702
95	Homo sapiens	2021-10-23	Morocco	B.1.1.7	EPI_ISL_8629700
95	Homo sapiens	2021-10-22	Morocco	AY.33	EPI_ISL_8629699
95	Homo sapiens	2021-10-21	Morocco	AY.33	EPI_ISL_8629698
95	Homo sapiens	2021-10-19	Morocco	AY.33	EPI_ISL_8629697
95	Homo sapiens	2021-10-19	Morocco	AY.33	EPI_ISL_8629696
94	Homo sapiens	2021-10-15	Morocco	B.1.1.7	EPI_ISL_8629695
81	Homo sapiens	2021-07-13	Morocco	AY.73	EPI_ISL_4572536
105	Homo sapiens	2021-12-27	Morocco	BA.1	OM432158.1
105	Homo sapiens	2021-12-28	Morocco	AY.5	EPI_ISL_10019525
107	Homo sapiens	2022-01-12	Morocco	AY.72	EPI_ISL_10070717
108	Homo sapiens	2022-01-20	Morocco	BA.1	EPI_ISL_10070737
108	Homo sapiens	2022-01-18	Morocco	BA.1	EPI_ISL_10070726
108	Homo sapiens	2022-01-19	Morocco	BA.1	EPI_ISL_10070733
108	Homo sapiens	2022-01-18	Morocco	BA.1	EPI_ISL_10070727
108	Homo sapiens	2022-01-19	Morocco	BA.1	EPI_ISL_10070732
108	Homo sapiens	2022-01-21	Morocco	AY.129	EPI_ISL_10070739
108	Homo sapiens	2022-01-21	Morocco	AY.43	EPI_ISL_10070738
107	Homo sapiens	2022-01-10	Morocco	AY.4	EPI_ISL_10260252
109	Homo sapiens	2022-01-24	Morocco	BA.1	EPI_ISL_10862765
109	Homo sapiens	2022-01-25	Morocco	BA.1	EPI_ISL_10862774
109	Homo sapiens	2022-01-25	Morocco	BA.1	EPI_ISL_10862775
109	Homo sapiens	2022-01-27	Morocco	BA.1	EPI_ISL_10862779
109	Homo sapiens	2022-01-27	Morocco	BA.1	EPI_ISL_10862781
110	Homo sapiens	2022-02-01	Morocco	BA.1	EPI_ISL_10862791
111	Homo sapiens	2022-02-07	Morocco	AY.112	EPI_ISL_10862798
111	Homo sapiens	2022-02-08	Morocco	BA.1	EPI_ISL_10862800
111	Homo sapiens	2022-02-08	Morocco	BA.1	EPI_ISL_10862806
111	Homo sapiens	2022-02-08	Morocco	BA.1	EPI_ISL_10862807
112	Homo sapiens	2022-02-19	Morocco	BA.1	EPI_ISL_12590769
119	Homo sapiens	2022-04-08	Morocco	BA.2.3	EPI_ISL_12590791
112	Homo sapiens	2022-02-15	Morocco	BA.1	EPI_ISL_12590765
112	Homo sapiens	2022-02-15	Morocco	BA.1	EPI_ISL_12590764
112	Homo sapiens	2022-02-15	Morocco	BA.1	EPI_ISL_12590766
111	Homo sapiens	2022-02-11	Morocco	BA.1	EPI_ISL_12590760
111	Homo sapiens	2022-02-12	Morocco	BA.1	EPI_ISL_12590762
111	Homo sapiens	2022-02-11	Morocco	BA.1	EPI_ISL_12590758
111	Homo sapiens	2022-02-09	Morocco	BA.1.1	EPI_ISL_12590757
111	Homo sapiens	2022-02-10	Morocco	B.1.1.529	EPI_ISL_12590746
119	Homo sapiens	2022-04-08	Morocco	BA.2	EPI_ISL_12590754
114	Homo sapiens	2022-03-01	Morocco	BA.2	EPI_ISL_12590774
119	Homo sapiens	2022-04-05	Morocco	BA.2	EPI_ISL_12590787
119	Homo sapiens	2022-04-06	Morocco	BA.2	EPI_ISL_12590790
119	Homo sapiens	2022-04-05	Morocco	BA.2	EPI_ISL_12590788
119	Homo sapiens	2022-04-06	Morocco	BA.2	EPI_ISL_12590789
117	Homo sapiens	2022-03-25	Morocco	BA.2	EPI_ISL_12590781
117	Homo sapiens	2022-03-26	Morocco	BA.2	EPI_ISL_12590782
118	Homo sapiens	2022-03-28	Morocco	BA.2	EPI_ISL_12590783
118	Homo sapiens	2022-03-29	Morocco	BA.2	EPI_ISL_12590784
117	Homo sapiens	2022-03-23	Morocco	BA.2	EPI_ISL_12590779
114	Homo sapiens	2022-02-28	Morocco	BA.1	EPI_ISL_12590773
113	Homo sapiens	2022-02-23	Morocco	BA.2	EPI_ISL_12590771
113	Homo sapiens	2022-02-21	Morocco	BA.1	EPI_ISL_12590770
118	Homo sapiens	2022-03-31	Morocco	BA.2	EPI_ISL_13289771
120	Homo sapiens	2022-04-11	Morocco	BA.2	EPI_ISL_13289794
120	Homo sapiens	2022-04-12	Morocco	BA.2	EPI_ISL_13289770
119	Homo sapiens	2022-04-10	Morocco	BA.2	EPI_ISL_13289787
118	Homo sapiens	2022-03-30	Morocco	BA.2	EPI_ISL_13289781
109	Homo sapiens	2022-01-30	Morocco	AY.34	EPI_ISL_13289783
118	Homo sapiens	2022-03-30	Morocco	BA.2	EPI_ISL_13289792
117	Homo sapiens	2022-03-25	Morocco	BA.2	EPI_ISL_13289800
118	Homo sapiens	2022-03-31	Morocco	BA.2	EPI_ISL_13289785
120	Homo sapiens	2022-04-11	Morocco	BA.2	EPI_ISL_13289788
118	Homo sapiens	2022-03-30	Morocco	B.1.177	EPI_ISL_13289774
119	Homo sapiens	2022-04-06	Morocco	BA.2	EPI_ISL_13289780
118	Homo sapiens	2022-03-30	Morocco	BA.2	EPI_ISL_13289797
118	Homo sapiens	2022-03-30	Morocco	BA.2	EPI_ISL_13289798
116	Homo sapiens	2022-03-16	Morocco	BA.1	EPI_ISL_13289779
119	Homo sapiens	2022-04-09	Morocco	BA.2.3	EPI_ISL_13289799
123	Homo sapiens	2022-05-06	Morocco	BA.2	EPI_ISL_13526784
124	Homo sapiens	2022-05-09	Morocco	BA.2	EPI_ISL_13526787
124	Homo sapiens	2022-05-14	Morocco	BA.2	EPI_ISL_13526791
124	Homo sapiens	2022-05-12	Morocco	BA.2	EPI_ISL_13526790
125	Homo sapiens	2022-05-19	Morocco	BA.2	EPI_ISL_13526796
125	Homo sapiens	2022-05-18	Morocco	BA.2	EPI_ISL_13526794
120	Homo sapiens	2022-04-15	Morocco	BA.2	EPI_ISL_13526772
128	Homo sapiens	2022-06-08	Morocco	BA.5.2	EPI_ISL_13695630
128	Homo sapiens	2022-06-08	Morocco	BA.5.2	EPI_ISL_13695660
128	Homo sapiens	2022-06-08	Morocco	BA.2.9.3	EPI_ISL_13695637
128	Homo sapiens	2022-06-07	Morocco	BA.5.2	EPI_ISL_13695657
130	Homo sapiens	2022-06-23	Morocco	BA.5.2	EPI_ISL_13695653
130	Homo sapiens	2022-06-23	Morocco	BA.2.40.1	EPI_ISL_13695674
128	Homo sapiens	2022-06-08	Morocco	BA.5.2	EPI_ISL_13695654
128	Homo sapiens	2022-06-07	Morocco	BA.5.2.1	EPI_ISL_13695635
130	Homo sapiens	2022-06-23	Morocco	BA.5.2	EPI_ISL_13695651
130	Homo sapiens	2022-06-23	Morocco	BA.5.2	EPI_ISL_13695633
130	Homo sapiens	2022-06-23	Morocco	BA.5.2	EPI_ISL_13695670
128	Homo sapiens	2022-06-07	Morocco	BA.5.2	EPI_ISL_13695652
128	Homo sapiens	2022-06-09	Morocco	BA.5.2	EPI_ISL_13695656
130	Homo sapiens	2022-06-23	Morocco	BA.5.2.20	EPI_ISL_13695642
128	Homo sapiens	2022-06-08	Morocco	BA.5.2	EPI_ISL_13695650
130	Homo sapiens	2022-06-23	Morocco	BA.5.2.20	EPI_ISL_13695664
130	Homo sapiens	2022-06-23	Morocco	BA.2.40.1	EPI_ISL_13695640
130	Homo sapiens	2022-06-23	Morocco	BA.5.2	EPI_ISL_13695644
128	Homo sapiens	2022-06-07	Morocco	BA.5.2	EPI_ISL_13695641
128	Homo sapiens	2022-06-08	Morocco	BA.5.2	EPI_ISL_13695645
130	Homo sapiens	2022-06-23	Morocco	BA.5.2	EPI_ISL_13695647
130	Homo sapiens	2022-06-23	Morocco	BA.5.2	EPI_ISL_13695669
130	Homo sapiens	2022-06-23	Morocco	BA.5.2	EPI_ISL_13695673
130	Homo sapiens	2022-06-23	Morocco	BA.5.2	EPI_ISL_13695671
128	Homo sapiens	2022-06-07	Morocco	BA.2.9	EPI_ISL_13695667
128	Homo sapiens	2022-06-08	Morocco	BA.2	EPI_ISL_13695659
95	Homo sapiens	2021-10-21	Morocco	AY.112	EPI_ISL_13961937
93	Homo sapiens	2021-10-05	Morocco	AY.33	EPI_ISL_13961935
105	Homo sapiens	2021-12-28	Morocco	BA.1	EPI_ISL_13961933
96	Homo sapiens	2021-10-27	Morocco	AY.73	EPI_ISL_13961936
134	Homo sapiens	2022-07-18	Morocco	BA.5.2	EPI_ISL_14846110
135	Homo sapiens	2022-07-25	Morocco	BA.5.2.20	EPI_ISL_14846127
133	Homo sapiens	2022-07-13	Morocco	BA.5.2.20	EPI_ISL_14846099
133	Homo sapiens	2022-07-13	Morocco	BA.5.2.20	EPI_ISL_14846097
133	Homo sapiens	2022-07-13	Morocco	BA.2.9	EPI_ISL_14846094
133	Homo sapiens	2022-07-13	Morocco	BA.5.1	EPI_ISL_14846098
133	Homo sapiens	2022-07-13	Morocco	BA.5.2.20	EPI_ISL_14846093
134	Homo sapiens	2022-07-18	Morocco	BF.5	EPI_ISL_14846109
134	Homo sapiens	2022-07-22	Morocco	BA.5.2.20	EPI_ISL_14846124
133	Homo sapiens	2022-07-14	Morocco	BA.5.1	EPI_ISL_14846103
135	Homo sapiens	2022-07-25	Morocco	BA.5.2.1	EPI_ISL_14846126
133	Homo sapiens	2022-07-15	Morocco	BA.5.2	EPI_ISL_14846106
133	Homo sapiens	2022-07-14	Morocco	BA.5.2.20	EPI_ISL_14846104
134	Homo sapiens	2022-07-21	Morocco	BE.1.1	EPI_ISL_14846119
133	Homo sapiens	2022-07-15	Morocco	BA.5.2.20	EPI_ISL_14846107
134	Homo sapiens	2022-07-21	Morocco	BA.5.2	EPI_ISL_14846120
133	Homo sapiens	2022-07-14	Morocco	BA.5.2.1	EPI_ISL_14846101
135	Homo sapiens	2022-07-26	Morocco	BA.5.2	EPI_ISL_14846129
133	Homo sapiens	2022-07-13	Morocco	BA.5.2	EPI_ISL_14846095
133	Homo sapiens	2022-07-13	Morocco	BF.5	EPI_ISL_14846096
133	Homo sapiens	2022-07-15	Morocco	BA.5.2	EPI_ISL_14846105
135	Homo sapiens	2022-07-27	Morocco	BE.2	EPI_ISL_14846133
134	Homo sapiens	2022-07-20	Morocco	BA.5.2.20	EPI_ISL_14846117
134	Homo sapiens	2022-07-20	Morocco	BA.5.2.20	EPI_ISL_14846116
135	Homo sapiens	2022-07-29	Morocco	BA.5.2	EPI_ISL_14846136
136	Homo sapiens	2022-08-01	Morocco	BA.5.2.1	EPI_ISL_14846138
135	Homo sapiens	2022-07-28	Morocco	BA.5.2.20	EPI_ISL_14846135
136	Homo sapiens	2022-08-01	Morocco	BF.5	EPI_ISL_14846139
134	Homo sapiens	2022-07-18	Morocco	BA.5.1	EPI_ISL_14846112
134	Homo sapiens	2022-07-18	Morocco	BA.5.2	EPI_ISL_14846111
134	Homo sapiens	2022-07-20	Morocco	BA.5.2	EPI_ISL_14846118
131	Homo sapiens	2022-06-29	Morocco	BA.5.2	EPI_ISL_15139472
131	Homo sapiens	2022-06-28	Morocco	BA.5.1.23	EPI_ISL_15139495
139	Homo sapiens	2022-08-23	Morocco	BA.5.2.20	EPI_ISL_15251972
140	Homo sapiens	2022-08-29	Morocco	BA.5.1.5	EPI_ISL_15251978
142	Homo sapiens	2022-09-12	Morocco	BA.5.6	EPI_ISL_15251986
140	Homo sapiens	2022-08-31	Morocco	BF.5	EPI_ISL_15251980
136	Homo sapiens	2022-08-03	Morocco	BA.5.2.20	EPI_ISL_15251950
136	Homo sapiens	2022-08-03	Morocco	BA.5.2	EPI_ISL_15251951
137	Homo sapiens	2022-08-13	Morocco	BA.5.2	EPI_ISL_15251962
138	Homo sapiens	2022-08-15	Morocco	BA.5.2	EPI_ISL_15251964
142	Homo sapiens	2022-09-16	Morocco	BA.5.2.3	EPI_ISL_15251990
139	Homo sapiens	2022-08-23	Morocco	BA.5.1	EPI_ISL_15251973
139	Homo sapiens	2022-08-24	Morocco	BA.5.2.20	EPI_ISL_15251974
139	Homo sapiens	2022-08-22	Morocco	BA.5.2	EPI_ISL_15251970
140	Homo sapiens	2022-09-02	Morocco	BA.5.2.20	EPI_ISL_15251983
142	Homo sapiens	2022-09-13	Morocco	BA.5.2.1	EPI_ISL_15251987
137	Homo sapiens	2022-08-10	Morocco	BA.5.2	EPI_ISL_15251958
136	Homo sapiens	2022-08-04	Morocco	BA.5.2.20	EPI_ISL_15251952
137	Homo sapiens	2022-08-08	Morocco	BA.5.1	EPI_ISL_15251955
137	Homo sapiens	2022-08-09	Morocco	BA.5.2	EPI_ISL_15251957
137	Homo sapiens	2022-08-11	Morocco	BA.5.2	EPI_ISL_15251960
136	Homo sapiens	2022-08-02	Morocco	BF.5	EPI_ISL_15251946
140	Homo sapiens	2022-08-29	Morocco	BA.5.2.20	EPI_ISL_15251977
142	Homo sapiens	2022-09-15	Morocco	BA.5.6	EPI_ISL_15251988
137	Homo sapiens	2022-08-12	Morocco	BF.10	EPI_ISL_15251961
136	Homo sapiens	2022-08-05	Morocco	BA.5.2.20	EPI_ISL_15251953
140	Homo sapiens	2022-09-01	Morocco	BA.5.2.20	EPI_ISL_15251982
137	Homo sapiens	2022-08-10	Morocco	BA.5.2	EPI_ISL_15251959
136	Homo sapiens	2022-08-05	Morocco	BA.5.2	EPI_ISL_15251954
137	Homo sapiens	2022-08-13	Morocco	BF.10	EPI_ISL_15251963
138	Homo sapiens	2022-08-18	Morocco	BA.5.2	EPI_ISL_15251967
138	Homo sapiens	2022-08-16	Morocco	BA.5.2	EPI_ISL_15251965
138	Homo sapiens	2022-08-17	Morocco	BA.5.2	EPI_ISL_15251966
138	Homo sapiens	2022-08-19	Morocco	BF.15	EPI_ISL_15251968
137	Homo sapiens	2022-08-09	Morocco	BA.5.2	EPI_ISL_15251956
136	Homo sapiens	2022-08-02	Morocco	BA.5.2.20	EPI_ISL_15251948
136	Homo sapiens	2022-08-02	Morocco	BA.5.2.20	EPI_ISL_15251949
138	Homo sapiens	2022-08-19	Morocco	BA.5.1	EPI_ISL_15251969
139	Homo sapiens	2022-08-24	Morocco	BA.5.1.22	EPI_ISL_15251976
129	Homo sapiens	2022-06-16	Morocco	BA.4.3	EPI_ISL_15291705
129	Homo sapiens	2022-06-15	Morocco	BA.5.2	EPI_ISL_15291692
129	Homo sapiens	2022-06-15	Morocco	BA.5.2	EPI_ISL_15291690
129	Homo sapiens	2022-06-15	Morocco	BA.2	EPI_ISL_15291693
129	Homo sapiens	2022-06-16	Morocco	BA.5.1.2	EPI_ISL_15291698
129	Homo sapiens	2022-06-17	Morocco	BA.5.2	EPI_ISL_15291733
130	Homo sapiens	2022-06-25	Morocco	BA.5.2	EPI_ISL_15291878
131	Homo sapiens	2022-06-29	Morocco	BA.5.1	EPI_ISL_15291911
130	Homo sapiens	2022-06-25	Morocco	BA.5.2	EPI_ISL_15291877
131	Homo sapiens	2022-06-29	Morocco	BA.5.2.20	EPI_ISL_15291913
130	Homo sapiens	2022-06-24	Morocco	BA.5.2.20	EPI_ISL_15291872
131	Homo sapiens	2022-06-29	Morocco	BA.5.2	EPI_ISL_15291912
131	Homo sapiens	2022-06-29	Morocco	BF.5	EPI_ISL_15291915
131	Homo sapiens	2022-06-29	Morocco	BA.5.2.20	EPI_ISL_15291914
131	Homo sapiens	2022-06-29	Morocco	BA.5.2.1	EPI_ISL_15291916
130	Homo sapiens	2022-06-20	Morocco	BA.5.2	EPI_ISL_15291759
130	Homo sapiens	2022-06-22	Morocco	BA.5.2	EPI_ISL_15291831
130	Homo sapiens	2022-06-22	Morocco	BA.5.2	EPI_ISL_15291843
129	Homo sapiens	2022-06-16	Morocco	BA.5.2	EPI_ISL_15291707
131	Homo sapiens	2022-06-27	Morocco	BA.5.2.20	EPI_ISL_15291885
129	Homo sapiens	2022-06-16	Morocco	BA.5.2.20	EPI_ISL_15291708
129	Homo sapiens	2022-06-16	Morocco	BA.5.2	EPI_ISL_15291701
129	Homo sapiens	2022-06-17	Morocco	BA.5.2	EPI_ISL_15291719
129	Homo sapiens	2022-06-16	Morocco	BA.5.2.20	EPI_ISL_15291704
129	Homo sapiens	2022-06-16	Morocco	BA.5.2	EPI_ISL_15291703
129	Homo sapiens	2022-06-16	Morocco	BA.5.2	EPI_ISL_15291706
129	Homo sapiens	2022-06-17	Morocco	BA.5.2	EPI_ISL_15291715
129	Homo sapiens	2022-06-17	Morocco	BA.5.2	EPI_ISL_15291716
129	Homo sapiens	2022-06-16	Morocco	BA.5.2	EPI_ISL_15291709
129	Homo sapiens	2022-06-17	Morocco	BA.5.2	EPI_ISL_15291711
129	Homo sapiens	2022-06-17	Morocco	BA.5.2.20	EPI_ISL_15291725
129	Homo sapiens	2022-06-17	Morocco	BA.5.1	EPI_ISL_15291717
129	Homo sapiens	2022-06-17	Morocco	BA.5.2.20	EPI_ISL_15291718
129	Homo sapiens	2022-06-17	Morocco	BA.5.2	EPI_ISL_15291710
129	Homo sapiens	2022-06-17	Morocco	BA.5.2.20	EPI_ISL_15291724
129	Homo sapiens	2022-06-17	Morocco	BA.5.2	EPI_ISL_15291732
129	Homo sapiens	2022-06-17	Morocco	BA.5.2	EPI_ISL_15291720
128	Homo sapiens	2022-06-09	Morocco	BA.5.2	EPI_ISL_15291646
129	Homo sapiens	2022-06-17	Morocco	BA.5.2	EPI_ISL_15291726
129	Homo sapiens	2022-06-17	Morocco	BA.5.2	EPI_ISL_15291729
129	Homo sapiens	2022-06-17	Morocco	BA.5.2	EPI_ISL_15291728
129	Homo sapiens	2022-06-17	Morocco	BA.5.2	EPI_ISL_15291727
128	Homo sapiens	2022-06-10	Morocco	BA.5.2	EPI_ISL_15291647
129	Homo sapiens	2022-06-17	Morocco	BA.5.2.20	EPI_ISL_15291722
129	Homo sapiens	2022-06-17	Morocco	BA.5.2	EPI_ISL_15291731
129	Homo sapiens	2022-06-17	Morocco	BA.5.2	EPI_ISL_15291730
128	Homo sapiens	2022-06-09	Morocco	BF.5	EPI_ISL_15291641
129	Homo sapiens	2022-06-13	Morocco	BA.5.2	EPI_ISL_15291659
129	Homo sapiens	2022-06-13	Morocco	BA.5.2	EPI_ISL_15291657
128	Homo sapiens	2022-06-10	Morocco	BA.5.2.20	EPI_ISL_15291653
129	Homo sapiens	2022-06-13	Morocco	BA.5.2	EPI_ISL_15291656
128	Homo sapiens	2022-06-10	Morocco	BA.5.2	EPI_ISL_15291650
128	Homo sapiens	2022-06-10	Morocco	BA.5.2	EPI_ISL_15291651
129	Homo sapiens	2022-06-14	Morocco	BA.5	EPI_ISL_15291685
129	Homo sapiens	2022-06-14	Morocco	BA.5.2	EPI_ISL_15291669
129	Homo sapiens	2022-06-13	Morocco	BA.5.2	EPI_ISL_15291661
129	Homo sapiens	2022-06-14	Morocco	BA.5.2	EPI_ISL_15291676
129	Homo sapiens	2022-06-14	Morocco	BA.5.2	EPI_ISL_15291677
129	Homo sapiens	2022-06-14	Morocco	BA.5.2	EPI_ISL_15291668
129	Homo sapiens	2022-06-13	Morocco	BA.5.2	EPI_ISL_15291665
129	Homo sapiens	2022-06-14	Morocco	BA.5.2	EPI_ISL_15291670
129	Homo sapiens	2022-06-14	Morocco	BA.5.2	EPI_ISL_15291672
129	Homo sapiens	2022-06-13	Morocco	BA.5.2	EPI_ISL_15291664
129	Homo sapiens	2022-06-15	Morocco	BA.5.2	EPI_ISL_15291689
129	Homo sapiens	2022-06-13	Morocco	BA.5.2	EPI_ISL_15291666
129	Homo sapiens	2022-06-14	Morocco	BA.5.2	EPI_ISL_15291671
129	Homo sapiens	2022-06-14	Morocco	BA.5.2	EPI_ISL_15291679
129	Homo sapiens	2022-06-14	Morocco	BA.5.2	EPI_ISL_15291682
129	Homo sapiens	2022-06-14	Morocco	BA.5	EPI_ISL_15291673
129	Homo sapiens	2022-06-14	Morocco	BA.5.2	EPI_ISL_15291683
129	Homo sapiens	2022-06-15	Morocco	BA.5.2.1	EPI_ISL_15291694
129	Homo sapiens	2022-06-14	Morocco	BA.5.2	EPI_ISL_15291678
129	Homo sapiens	2022-06-14	Morocco	BA.5.2.20	EPI_ISL_15291680
129	Homo sapiens	2022-06-14	Morocco	BA.5.2.20	EPI_ISL_15291687
129	Homo sapiens	2022-06-15	Morocco	BA.5.2.1	EPI_ISL_15291688
129	Homo sapiens	2022-06-14	Morocco	BF.5	EPI_ISL_15291684
129	Homo sapiens	2022-06-15	Morocco	BA.5.2.20	EPI_ISL_15291696
129	Homo sapiens	2022-06-14	Morocco	BA.5.2	EPI_ISL_15291686
129	Homo sapiens	2022-06-15	Morocco	BA.5.2	EPI_ISL_15291691
129	Homo sapiens	2022-06-15	Morocco	BA.5.2	EPI_ISL_15291697
130	Homo sapiens	2022-06-24	Morocco	BA.5.2	EPI_ISL_15291870
130	Homo sapiens	2022-06-21	Morocco	BA.5.2	EPI_ISL_15291805
130	Homo sapiens	2022-06-21	Morocco	BA.5.2.20	EPI_ISL_15291806
130	Homo sapiens	2022-06-25	Morocco	BF.5	EPI_ISL_15291879
130	Homo sapiens	2022-06-24	Morocco	BA.5.2	EPI_ISL_15291874
130	Homo sapiens	2022-06-24	Morocco	BA.5.2	EPI_ISL_15291871
130	Homo sapiens	2022-06-25	Morocco	BA.5.2.20	EPI_ISL_15291880
130	Homo sapiens	2022-06-25	Morocco	BA.5.2.20	EPI_ISL_15291882
131	Homo sapiens	2022-06-27	Morocco	BF.5	EPI_ISL_15291891
130	Homo sapiens	2022-06-25	Morocco	BA.5.2.20	EPI_ISL_15291876
131	Homo sapiens	2022-06-27	Morocco	BA.5.2.20	EPI_ISL_15291883
131	Homo sapiens	2022-06-28	Morocco	BA.5.2	EPI_ISL_15291899
130	Homo sapiens	2022-06-25	Morocco	BA.5.2.20	EPI_ISL_15291875
131	Homo sapiens	2022-06-27	Morocco	BA.5.2.1	EPI_ISL_15291889
131	Homo sapiens	2022-06-27	Morocco	BA.5.2.20	EPI_ISL_15291888
131	Homo sapiens	2022-06-27	Morocco	BV.2	EPI_ISL_15291884
131	Homo sapiens	2022-06-27	Morocco	BA.5.2.20	EPI_ISL_15291886
131	Homo sapiens	2022-06-27	Morocco	BA.5.2.1	EPI_ISL_15291887
131	Homo sapiens	2022-06-27	Morocco	BA.5.2	EPI_ISL_15291890
131	Homo sapiens	2022-06-28	Morocco	BA.5.2.20	EPI_ISL_15291897
131	Homo sapiens	2022-06-27	Morocco	BA.5.2.20	EPI_ISL_15291892
130	Homo sapiens	2022-06-22	Morocco	BA.5.2	EPI_ISL_15291846
131	Homo sapiens	2022-06-28	Morocco	BF.5	EPI_ISL_15291894
131	Homo sapiens	2022-06-28	Morocco	BA.5.2.20	EPI_ISL_15291893
130	Homo sapiens	2022-06-23	Morocco	BA.5.2.20	EPI_ISL_15291847
131	Homo sapiens	2022-06-28	Morocco	BA.5	EPI_ISL_15291896
131	Homo sapiens	2022-06-28	Morocco	BA.5.1	EPI_ISL_15291895
130	Homo sapiens	2022-06-24	Morocco	BA.5.2.20	EPI_ISL_15291856
131	Homo sapiens	2022-06-28	Morocco	BA.5.2	EPI_ISL_15291900
130	Homo sapiens	2022-06-23	Morocco	BA.5.1	EPI_ISL_15291849
130	Homo sapiens	2022-06-24	Morocco	BA.5.2	EPI_ISL_15291853
130	Homo sapiens	2022-06-22	Morocco	BA.5.2	EPI_ISL_15291845
130	Homo sapiens	2022-06-23	Morocco	BA.5.2	EPI_ISL_15291848
130	Homo sapiens	2022-06-24	Morocco	BA.5.2.20	EPI_ISL_15291857
130	Homo sapiens	2022-06-24	Morocco	BA.5.2.20	EPI_ISL_15291859
130	Homo sapiens	2022-06-24	Morocco	BA.5.1	EPI_ISL_15291866
130	Homo sapiens	2022-06-23	Morocco	BA.5.2	EPI_ISL_15291850
130	Homo sapiens	2022-06-23	Morocco	BA.5.2.20	EPI_ISL_15291851
130	Homo sapiens	2022-06-24	Morocco	BA.4.1	EPI_ISL_15291868
130	Homo sapiens	2022-06-24	Morocco	BA.5.1	EPI_ISL_15291869
131	Homo sapiens	2022-06-28	Morocco	BA.5.2.20	EPI_ISL_15291902
131	Homo sapiens	2022-06-28	Morocco	BA.5.2	EPI_ISL_15291901
131	Homo sapiens	2022-06-28	Morocco	BA.5.2	EPI_ISL_15291904
131	Homo sapiens	2022-06-28	Morocco	BA.5.1	EPI_ISL_15291903
131	Homo sapiens	2022-06-28	Morocco	BA.5.1	EPI_ISL_15291905
131	Homo sapiens	2022-06-28	Morocco	BA.5.2.20	EPI_ISL_15291908
130	Homo sapiens	2022-06-24	Morocco	BA.5.2.20	EPI_ISL_15291861
130	Homo sapiens	2022-06-24	Morocco	BA.5.2	EPI_ISL_15291863
130	Homo sapiens	2022-06-24	Morocco	BA.5.2.20	EPI_ISL_15291860
130	Homo sapiens	2022-06-24	Morocco	BA.5.2.20	EPI_ISL_15291862
130	Homo sapiens	2022-06-24	Morocco	BA.5.2	EPI_ISL_15291864
130	Homo sapiens	2022-06-21	Morocco	BA.5.2	EPI_ISL_15291801
130	Homo sapiens	2022-06-21	Morocco	BA.5.2	EPI_ISL_15291800
130	Homo sapiens	2022-06-22	Morocco	BA.5.2	EPI_ISL_15291809
130	Homo sapiens	2022-06-22	Morocco	BA.5.2.20	EPI_ISL_15291808
130	Homo sapiens	2022-06-21	Morocco	BF.5	EPI_ISL_15291802
130	Homo sapiens	2022-06-21	Morocco	BA.5.2	EPI_ISL_15291807
130	Homo sapiens	2022-06-22	Morocco	BA.4	EPI_ISL_15291812
130	Homo sapiens	2022-06-22	Morocco	BA.5.2	EPI_ISL_15291811
130	Homo sapiens	2022-06-22	Morocco	BA.5.2	EPI_ISL_15291822
130	Homo sapiens	2022-06-22	Morocco	BA.5.2	EPI_ISL_15291814
130	Homo sapiens	2022-06-22	Morocco	BA.5.2	EPI_ISL_15291816
130	Homo sapiens	2022-06-22	Morocco	BA.5.2	EPI_ISL_15291824
130	Homo sapiens	2022-06-22	Morocco	BA.5.2.20	EPI_ISL_15291815
130	Homo sapiens	2022-06-22	Morocco	BA.5.2	EPI_ISL_15291810
130	Homo sapiens	2022-06-22	Morocco	BA.5.2.20	EPI_ISL_15291818
130	Homo sapiens	2022-06-22	Morocco	BA.5.2.20	EPI_ISL_15291823
130	Homo sapiens	2022-06-22	Morocco	BA.5.2	EPI_ISL_15291825
129	Homo sapiens	2022-06-17	Morocco	BA.5.1.23	EPI_ISL_15291734
130	Homo sapiens	2022-06-22	Morocco	BA.5.2	EPI_ISL_15291838
130	Homo sapiens	2022-06-22	Morocco	BA.5.2.20	EPI_ISL_15291837
129	Homo sapiens	2022-06-17	Morocco	BA.5.2.20	EPI_ISL_15291735
129	Homo sapiens	2022-06-17	Morocco	BA.5.2.20	EPI_ISL_15291737
129	Homo sapiens	2022-06-17	Morocco	BA.5.2	EPI_ISL_15291736
129	Homo sapiens	2022-06-17	Morocco	BA.5.2.20	EPI_ISL_15291745
129	Homo sapiens	2022-06-17	Morocco	BA.5.2.20	EPI_ISL_15291738
129	Homo sapiens	2022-06-17	Morocco	BA.5.2.20	EPI_ISL_15291741
129	Homo sapiens	2022-06-18	Morocco	BA.5.2.20	EPI_ISL_15291750
129	Homo sapiens	2022-06-18	Morocco	BA.5.2.20	EPI_ISL_15291748
129	Homo sapiens	2022-06-18	Morocco	BA.5.2	EPI_ISL_15291749
130	Homo sapiens	2022-06-20	Morocco	BF.5	EPI_ISL_15291758
129	Homo sapiens	2022-06-17	Morocco	BA.5.2	EPI_ISL_15291742
129	Homo sapiens	2022-06-17	Morocco	BA.5.1	EPI_ISL_15291740
129	Homo sapiens	2022-06-17	Morocco	BA.5.2	EPI_ISL_15291743
130	Homo sapiens	2022-06-20	Morocco	BA.5.2.20	EPI_ISL_15291757
130	Homo sapiens	2022-06-20	Morocco	BA.5.2.20	EPI_ISL_15291756
129	Homo sapiens	2022-06-18	Morocco	BA.5.2.20	EPI_ISL_15291751
129	Homo sapiens	2022-06-18	Morocco	BA.5.2.20	EPI_ISL_15291753
129	Homo sapiens	2022-06-18	Morocco	BA.5.2.20	EPI_ISL_15291752
129	Homo sapiens	2022-06-18	Morocco	BA.5.2.20	EPI_ISL_15291755
130	Homo sapiens	2022-06-20	Morocco	BA.5.2.20	EPI_ISL_15291766
130	Homo sapiens	2022-06-20	Morocco	BA.5.2	EPI_ISL_15291768
130	Homo sapiens	2022-06-20	Morocco	BA.5.2	EPI_ISL_15291769
130	Homo sapiens	2022-06-20	Morocco	BA.5.2	EPI_ISL_15291761
130	Homo sapiens	2022-06-20	Morocco	BA.5.2.20	EPI_ISL_15291762
130	Homo sapiens	2022-06-20	Morocco	BA.5.2.20	EPI_ISL_15291763
130	Homo sapiens	2022-06-20	Morocco	BA.5.1.22	EPI_ISL_15291764
130	Homo sapiens	2022-06-20	Morocco	BA.5.2.20	EPI_ISL_15291765
130	Homo sapiens	2022-06-20	Morocco	BA.5.2.20	EPI_ISL_15291779
130	Homo sapiens	2022-06-20	Morocco	BA.5.2	EPI_ISL_15291776
130	Homo sapiens	2022-06-20	Morocco	BA.5.2	EPI_ISL_15291778
130	Homo sapiens	2022-06-20	Morocco	BA.5.1.23	EPI_ISL_15291771
130	Homo sapiens	2022-06-20	Morocco	BA.5.2.20	EPI_ISL_15291780
130	Homo sapiens	2022-06-20	Morocco	BA.5.2	EPI_ISL_15291775
130	Homo sapiens	2022-06-20	Morocco	BA.5.2	EPI_ISL_15291777
130	Homo sapiens	2022-06-20	Morocco	BA.5.2	EPI_ISL_15291783
130	Homo sapiens	2022-06-20	Morocco	BA.5.2	EPI_ISL_15291782
130	Homo sapiens	2022-06-20	Morocco	BA.4	EPI_ISL_15291781
130	Homo sapiens	2022-06-20	Morocco	BA.5.2	EPI_ISL_15291787
130	Homo sapiens	2022-06-20	Morocco	AY.45	EPI_ISL_15291785
130	Homo sapiens	2022-06-21	Morocco	BF.19	EPI_ISL_15291798
130	Homo sapiens	2022-06-21	Morocco	BA.5.2	EPI_ISL_15291799
128	Homo sapiens	2022-06-09	Morocco	BA.2.9.3	EPI_ISL_15291639
128	Homo sapiens	2022-06-10	Morocco	BA.2	EPI_ISL_15291649
131	Homo sapiens	2022-06-28	Morocco	BA.2	EPI_ISL_15291910
129	Homo sapiens	2022-06-17	Morocco	BA.2.11	EPI_ISL_15291714
129	Homo sapiens	2022-06-17	Morocco	BA.2.9.3	EPI_ISL_15291713
129	Homo sapiens	2022-06-14	Morocco	BA.2.9.3	EPI_ISL_15291674
129	Homo sapiens	2022-06-14	Morocco	BA.2.9.3	EPI_ISL_15291675
129	Homo sapiens	2022-06-17	Morocco	BA.2.12.1	EPI_ISL_15291712
130	Homo sapiens	2022-06-24	Morocco	BA.5.2.20	EPI_ISL_15291873
128	Homo sapiens	2022-06-09	Morocco	BA.5.2	EPI_ISL_15291642
128	Homo sapiens	2022-06-10	Morocco	BA.5	EPI_ISL_15291648
128	Homo sapiens	2022-06-09	Morocco	BA.2	EPI_ISL_15291645
129	Homo sapiens	2022-06-16	Morocco	BA.2.9.3	EPI_ISL_15291699
129	Homo sapiens	2022-06-17	Morocco	BA.2.9.3	EPI_ISL_15291721
129	Homo sapiens	2022-06-13	Morocco	BA.2.36	EPI_ISL_15291662
128	Homo sapiens	2022-06-09	Morocco	BA.2.14	EPI_ISL_15291640
128	Homo sapiens	2022-06-09	Morocco	BA.2	EPI_ISL_15291643
129	Homo sapiens	2022-06-13	Morocco	BA.2	EPI_ISL_15291658
128	Homo sapiens	2022-06-09	Morocco	BA.2.12.1	EPI_ISL_15291644
128	Homo sapiens	2022-06-10	Morocco	BA.2	EPI_ISL_15291652
130	Homo sapiens	2022-06-24	Morocco	BA.5.2	EPI_ISL_15291858
129	Homo sapiens	2022-06-13	Morocco	BA.2.3	EPI_ISL_15291663
130	Homo sapiens	2022-06-23	Morocco	BA.5.2	EPI_ISL_15291852
128	Homo sapiens	2022-06-11	Morocco	BA.2.9.3	EPI_ISL_15291655
129	Homo sapiens	2022-06-15	Morocco	BA.2	EPI_ISL_15291695
128	Homo sapiens	2022-06-10	Morocco	BA.2.9.3	EPI_ISL_15291654
130	Homo sapiens	2022-06-24	Morocco	BA.2.79	EPI_ISL_15291854
129	Homo sapiens	2022-06-16	Morocco	BA.2.9.3	EPI_ISL_15291702
131	Homo sapiens	2022-06-28	Morocco	BA.2.9.3	EPI_ISL_15291906
129	Homo sapiens	2022-06-13	Morocco	BA.2.12.1	EPI_ISL_15291660
130	Homo sapiens	2022-06-24	Morocco	BA.2.12.1	EPI_ISL_15291865
129	Homo sapiens	2022-06-16	Morocco	BA.2.79	EPI_ISL_15291700
129	Homo sapiens	2022-06-14	Morocco	BA.2.40.1	EPI_ISL_15291667
130	Homo sapiens	2022-06-20	Morocco	BA.2	EPI_ISL_15291767
129	Homo sapiens	2022-06-18	Morocco	BA.2.9.3	EPI_ISL_15291746
130	Homo sapiens	2022-06-22	Morocco	BA.5.2.20	EPI_ISL_15291834
130	Homo sapiens	2022-06-22	Morocco	BA.5.2	EPI_ISL_15291839
129	Homo sapiens	2022-06-18	Morocco	BA.2.9.3	EPI_ISL_15291754
130	Homo sapiens	2022-06-20	Morocco	BA.5.2	EPI_ISL_15291760
129	Homo sapiens	2022-06-17	Morocco	BA.5.2.20	EPI_ISL_15291739
130	Homo sapiens	2022-06-20	Morocco	BA.5.1	EPI_ISL_15291773
130	Homo sapiens	2022-06-20	Morocco	BA.2	EPI_ISL_15291784
130	Homo sapiens	2022-06-22	Morocco	BA.2	EPI_ISL_15291842
130	Homo sapiens	2022-06-22	Morocco	BA.2	EPI_ISL_15291813
130	Homo sapiens	2022-06-22	Morocco	BA.5.2	EPI_ISL_15291817
130	Homo sapiens	2022-06-22	Morocco	BA.2.9.3	EPI_ISL_15291819
130	Homo sapiens	2022-06-20	Morocco	BA.2	EPI_ISL_15291770
130	Homo sapiens	2022-06-20	Morocco	BA.2.36	EPI_ISL_15291772
130	Homo sapiens	2022-06-20	Morocco	BA.2.36	EPI_ISL_15291789
130	Homo sapiens	2022-06-22	Morocco	BA.2	EPI_ISL_15291821
105	Homo sapiens	2021-12-27	Morocco	BA.1	EPI_ISL_15385535
105	Homo sapiens	2021-12-27	Morocco	BA.1.1	EPI_ISL_15387263
105	Homo sapiens	2021-12-27	Morocco	BA.1	EPI_ISL_15387019
105	Homo sapiens	2021-12-27	Morocco	BA.1.1	EPI_ISL_15387262
105	Homo sapiens	2021-12-27	Morocco	BA.1	EPI_ISL_15388803
107	Homo sapiens	2022-01-14	Morocco	BA.1	EPI_ISL_15389061
105	Homo sapiens	2021-12-27	Morocco	BA.1	EPI_ISL_15388804
105	Homo sapiens	2021-12-27	Morocco	BA.1	EPI_ISL_15386801
105	Homo sapiens	2021-12-29	Morocco	BA.1	EPI_ISL_15389060
105	Homo sapiens	2021-12-27	Morocco	BA.1	EPI_ISL_15388526
105	Homo sapiens	2021-12-27	Morocco	BA.1	EPI_ISL_15386569
105	Homo sapiens	2021-12-27	Morocco	BA.1	EPI_ISL_15386289
105	Homo sapiens	2021-12-27	Morocco	BA.1.1	EPI_ISL_15387266
105	Homo sapiens	2021-12-27	Morocco	BA.1.1	EPI_ISL_15387267
105	Homo sapiens	2021-12-30	Morocco	BA.1	EPI_ISL_15388688
108	Homo sapiens	2022-01-18	Morocco	BA.1	EPI_ISL_15388687
105	Homo sapiens	2021-12-27	Morocco	BA.1.1	EPI_ISL_15388060
105	Homo sapiens	2021-12-27	Morocco	BA.1	EPI_ISL_15388525
105	Homo sapiens	2021-12-27	Morocco	BA.1	EPI_ISL_15388165
105	Homo sapiens	2021-12-27	Morocco	BA.1	EPI_ISL_15388042
108	Homo sapiens	2022-01-19	Morocco	BA.1.1	EPI_ISL_15388689
105	Homo sapiens	2021-12-27	Morocco	BA.1.14	EPI_ISL_15389250
105	Homo sapiens	2021-12-28	Morocco	BA.1	EPI_ISL_15389646
103	Homo sapiens	2021-12-19	Morocco	BA.1	EPI_ISL_15389649
107	Homo sapiens	2022-01-14	Morocco	BA.1	EPI_ISL_15389069
128	Homo sapiens	2022-06-06	Morocco	BA.5.2.20	EPI_ISL_15633032
127	Homo sapiens	2022-06-02	Morocco	BA.5.2	EPI_ISL_15633279
95	Homo sapiens	2021-10-18	Morocco	B.1.177	EPI_ISL_15631537
107	Homo sapiens	2022-01-12	Morocco	BA.1	EPI_ISL_15631631
111	Homo sapiens	2022-02-09	Morocco	BA.1.21	EPI_ISL_15631538
128	Homo sapiens	2022-06-06	Morocco	BA.5.1	EPI_ISL_15634141
108	Homo sapiens	2022-01-18	Morocco	B.1	EPI_ISL_15631792
128	Homo sapiens	2022-06-06	Morocco	BA.5.2.20	EPI_ISL_15634385
107	Homo sapiens	2022-01-16	Morocco	BA.1	EPI_ISL_15631710
107	Homo sapiens	2022-01-16	Morocco	BA.1	EPI_ISL_15631711
127	Homo sapiens	2022-06-02	Morocco	BA.2	EPI_ISL_15633599
127	Homo sapiens	2022-06-02	Morocco	BA.2.12.1	EPI_ISL_15632814
128	Homo sapiens	2022-06-06	Morocco	BA.2.12.1	EPI_ISL_15634836
53	Homo sapiens	2021-01-02	Morocco	B.1	EPI_ISL_15635655
108	Homo sapiens	2022-01-17	Morocco	BA.1	EPI_ISL_15632007
109	Homo sapiens	2022-01-24	Morocco	BA.1	EPI_ISL_15630194
128	Homo sapiens	2022-06-06	Morocco	BA.5.2	EPI_ISL_15633907
108	Homo sapiens	2022-01-19	Morocco	BA.1	EPI_ISL_15630647
107	Homo sapiens	2022-01-12	Morocco	BA.1	EPI_ISL_15630405
108	Homo sapiens	2022-01-19	Morocco	BA.1	EPI_ISL_15631492
107	Homo sapiens	2022-01-12	Morocco	BA.1	EPI_ISL_15631385
127	Homo sapiens	2022-06-05	Morocco	BA.5.2.20	EPI_ISL_15635030
108	Homo sapiens	2022-01-18	Morocco	BA.1	EPI_ISL_15631386
107	Homo sapiens	2022-01-15	Morocco	BA.1	EPI_ISL_15630296
111	Homo sapiens	2022-02-07	Morocco	BA.1.21	EPI_ISL_15630294
107	Homo sapiens	2022-01-14	Morocco	BA.1	EPI_ISL_15632469
107	Homo sapiens	2022-01-12	Morocco	BA.1	EPI_ISL_15630610
108	Homo sapiens	2022-01-17	Morocco	BA.1.20	EPI_ISL_15632243
108	Homo sapiens	2022-01-17	Morocco	BA.1	EPI_ISL_15631709
109	Homo sapiens	2022-01-24	Morocco	BA.1	EPI_ISL_15630486
129	Homo sapiens	2022-06-14	Morocco	BA.5	EPI_ISL_15634610
107	Homo sapiens	2022-01-12	Morocco	BA.1	EPI_ISL_15630485
127	Homo sapiens	2022-06-02	Morocco	BA.5.2	EPI_ISL_15650797
129	Homo sapiens	2022-06-14	Morocco	BA.5.2.20	EPI_ISL_15650423
127	Homo sapiens	2022-06-02	Morocco	BA.5.2.20	EPI_ISL_15649778
126	Homo sapiens	2022-05-28	Morocco	B.1	EPI_ISL_15650188
129	Homo sapiens	2022-06-14	Morocco	BA.5.1.22	EPI_ISL_15650509
128	Homo sapiens	2022-06-06	Morocco	BA.5.2	EPI_ISL_15650192
129	Homo sapiens	2022-06-14	Morocco	BA.5.2.20	EPI_ISL_15654639
129	Homo sapiens	2022-06-14	Morocco	BA.5.2.20	EPI_ISL_15654638
127	Homo sapiens	2022-06-05	Morocco	BA.5.2.20	EPI_ISL_15651092
128	Homo sapiens	2022-06-06	Morocco	BA.5.2.20	EPI_ISL_15649998
127	Homo sapiens	2022-06-01	Morocco	BA.5.2.20	EPI_ISL_15649635
127	Homo sapiens	2022-06-02	Morocco	BA.5.2.20	EPI_ISL_15649688
127	Homo sapiens	2022-06-02	Morocco	BA.5.2.20	EPI_ISL_15649948
128	Homo sapiens	2022-06-06	Morocco	BA.5.1	EPI_ISL_15650086
128	Homo sapiens	2022-06-06	Morocco	BA.1	EPI_ISL_15650196
129	Homo sapiens	2022-06-14	Morocco	BA.5.2.20	EPI_ISL_15650597
129	Homo sapiens	2022-06-14	Morocco	BA.5.2	EPI_ISL_15650790
129	Homo sapiens	2022-06-14	Morocco	BA.5.1	EPI_ISL_15650346
129	Homo sapiens	2022-06-14	Morocco	BA.1	EPI_ISL_15654661
129	Homo sapiens	2022-06-14	Morocco	BA.5.2.20	EPI_ISL_15654663
128	Homo sapiens	2022-06-06	Morocco	BA.5.2.20	EPI_ISL_15654637
129	Homo sapiens	2022-06-14	Morocco	BA.5.2	EPI_ISL_15654662
131	Homo sapiens	2022-07-02	Morocco	BA.2.12.1	EPI_ISL_15897552
131	Homo sapiens	2022-07-02	Morocco	BA.5.2	EPI_ISL_15897547
131	Homo sapiens	2022-07-02	Morocco	BF.5	EPI_ISL_15897497
131	Homo sapiens	2022-06-29	Morocco	BA.5.2	EPI_ISL_15897502
131	Homo sapiens	2022-06-29	Morocco	BA.5.2.20	EPI_ISL_15897501
131	Homo sapiens	2022-06-30	Morocco	BA.5.2.20	EPI_ISL_15897504
131	Homo sapiens	2022-06-30	Morocco	BA.5.2.20	EPI_ISL_15897505
131	Homo sapiens	2022-06-30	Morocco	BA.5.1.22	EPI_ISL_15897508
131	Homo sapiens	2022-06-30	Morocco	BA.5.2	EPI_ISL_15897507
131	Homo sapiens	2022-06-30	Morocco	BA.5.2	EPI_ISL_15897509
132	Homo sapiens	2022-07-04	Morocco	BA.5.2	EPI_ISL_15897540
132	Homo sapiens	2022-07-04	Morocco	BA.5.2	EPI_ISL_15897541
131	Homo sapiens	2022-07-02	Morocco	BE.3	EPI_ISL_15897533
131	Homo sapiens	2022-07-02	Morocco	BA.5.2	EPI_ISL_15897532
131	Homo sapiens	2022-07-02	Morocco	BA.5.2.20	EPI_ISL_15897535
132	Homo sapiens	2022-07-04	Morocco	BF.5	EPI_ISL_15897537
131	Homo sapiens	2022-07-02	Morocco	BF.5	EPI_ISL_15897536
132	Homo sapiens	2022-07-04	Morocco	BA.5.2.20	EPI_ISL_15897539
132	Homo sapiens	2022-07-04	Morocco	BA.5.2	EPI_ISL_15897538
131	Homo sapiens	2022-07-02	Morocco	BA.5.2	EPI_ISL_15897544
131	Homo sapiens	2022-06-30	Morocco	BA.4	EPI_ISL_15897543
131	Homo sapiens	2022-06-30	Morocco	BA.5.2	EPI_ISL_15897510
131	Homo sapiens	2022-07-02	Morocco	BA.5.2	EPI_ISL_15897520
131	Homo sapiens	2022-07-01	Morocco	BA.5.2	EPI_ISL_15897514
131	Homo sapiens	2022-06-30	Morocco	BA.5.1	EPI_ISL_15897511
131	Homo sapiens	2022-07-01	Morocco	BA.5.2	EPI_ISL_15897513
131	Homo sapiens	2022-07-02	Morocco	BA.5.2	EPI_ISL_15897519
131	Homo sapiens	2022-07-02	Morocco	BA.5.2	EPI_ISL_15897518
131	Homo sapiens	2022-07-02	Morocco	BA.5.2.20	EPI_ISL_15897531
131	Homo sapiens	2022-07-02	Morocco	BA.5.2.20	EPI_ISL_15897530
131	Homo sapiens	2022-07-02	Morocco	BA.5.2	EPI_ISL_15897522
131	Homo sapiens	2022-07-02	Morocco	BA.5.2	EPI_ISL_15897521
131	Homo sapiens	2022-07-02	Morocco	BA.5.2.20	EPI_ISL_15897523
131	Homo sapiens	2022-07-02	Morocco	BA.5.2	EPI_ISL_15897526
131	Homo sapiens	2022-07-02	Morocco	BA.5.2.1	EPI_ISL_15897525
131	Homo sapiens	2022-07-02	Morocco	BA.5.2	EPI_ISL_15897528
131	Homo sapiens	2022-07-02	Morocco	BA.5.2	EPI_ISL_15897527
131	Homo sapiens	2022-07-02	Morocco	BA.5.2	EPI_ISL_15897529
131	Homo sapiens	2022-07-02	Morocco	BA.2.9.3	EPI_ISL_15897500
132	Homo sapiens	2022-07-04	Morocco	BA.2.12.1	EPI_ISL_15897545
131	Homo sapiens	2022-06-30	Morocco	BA.2.12.1	EPI_ISL_15897498
100	Homo sapiens	2021-11-27	Morocco	B.1.177	EPI_ISL_15912224
103	Homo sapiens	2021-12-17	Morocco	B.1.177	EPI_ISL_15912222
99	Homo sapiens	2021-11-16	Morocco	B.1.177	EPI_ISL_15912221
112	Homo sapiens	2022-02-19	Morocco	B.1.177	EPI_ISL_15912223
129	Homo sapiens	2022-06-14	Morocco	BA.5.2.20	EPI_ISL_15650091
153	Homo sapiens	2022-11-29	Morocco	BQ.1.1	EPI_ISL_16259315
153	Homo sapiens	2022-11-29	Morocco	BQ.1.18	EPI_ISL_16259311
152	Homo sapiens	2022-11-21	Morocco	BQ.1.16	EPI_ISL_16259297
152	Homo sapiens	2022-11-21	Morocco	BQ.1.1	EPI_ISL_16259298
153	Homo sapiens	2022-12-01	Morocco	BQ.1	EPI_ISL_16259318
153	Homo sapiens	2022-11-28	Morocco	BQ.1.16	EPI_ISL_16259307
153	Homo sapiens	2022-11-28	Morocco	BQ.1.1.18	EPI_ISL_16259309
154	Homo sapiens	2022-12-05	Morocco	BQ.1.1.18	EPI_ISL_16259328
128	Homo sapiens	2022-06-10	Morocco	BA.5.2	OQ341628.1
156	Homo sapiens	2022-12-19	Morocco	BA.2	EPI_ISL_16649909
155	Homo sapiens	2022-12-15	Morocco	BQ.1.1.32	EPI_ISL_16649906
155	Homo sapiens	2022-12-15	Morocco	BQ.1.1.18	EPI_ISL_16649907
156	Homo sapiens	2022-12-20	Morocco	BA.5.2	EPI_ISL_16649913
155	Homo sapiens	2022-12-13	Morocco	BQ.1	EPI_ISL_16649903
157	Homo sapiens	2022-12-26	Morocco	BQ.1.1.32	EPI_ISL_16649921
157	Homo sapiens	2022-12-29	Morocco	BQ.1.1	EPI_ISL_16649934
157	Homo sapiens	2022-12-26	Morocco	BQ.1.18	EPI_ISL_16649923
157	Homo sapiens	2022-12-27	Morocco	CR.1	EPI_ISL_16649924
156	Homo sapiens	2022-12-23	Morocco	BA.5.2.20	EPI_ISL_16649920
157	Homo sapiens	2022-12-27	Morocco	BQ.1.1	EPI_ISL_16649926
158	Homo sapiens	2023-01-02	Morocco	BQ.1.1.32	EPI_ISL_16649939
158	Homo sapiens	2023-01-02	Morocco	BQ.1.1	EPI_ISL_16649940
157	Homo sapiens	2022-12-29	Morocco	BQ.1.1	EPI_ISL_16649931
111	Homo sapiens	2022-02-09	Morocco	BA.5.2	EPI_ISL_16683687
145	Homo sapiens	2022-10-06	Morocco	BA.5.2	EPI_ISL_16683686
128	Homo sapiens	2022-06-10	Morocco	BA.5.2	EPI_ISL_17082268
140	Homo sapiens	2022-09-02	Morocco	BA.5.2	EPI_ISL_17082267
124	Homo sapiens	2022-05-14	Morocco	BA.2	EPI_ISL_17154594
146	Homo sapiens	2022-10-12	Morocco	XBB.6	EPI_ISL_17304059
146	Homo sapiens	2022-10-11	Morocco	XBB.6	EPI_ISL_17304047
145	Homo sapiens	2022-10-05	Morocco	XBB.6	EPI_ISL_17304044
124	Homo sapiens	2022-05-14	Morocco	BA.2	OQ722344.1
53	Homo sapiens	2021-01-02	Morocco	B.1	EPI_ISL_5061885
