17	Homo sapiens	2020-04-22	Myanmar	B.6	EPI_ISL_512844
54	Homo sapiens	2021-01-09	Myanmar	B.1.36.16	MW491243.1
54	Homo sapiens	2021-01-09	Myanmar	B.1.36.16	EPI_ISL_849736
54	Homo sapiens	2021-01-09	Myanmar	B.1.36.16	EPI_ISL_849737
54	Homo sapiens	2021-01-09	Myanmar	B.1.36.16	EPI_ISL_849738
54	Homo sapiens	2021-01-09	Myanmar	B.1.36.16	EPI_ISL_849739
54	Homo sapiens	2021-01-09	Myanmar	B.1.36.16	EPI_ISL_849740
54	Homo sapiens	2021-01-09	Myanmar	B.1.36.16	EPI_ISL_849741
54	Homo sapiens	2021-01-09	Myanmar	B.1.36.16	EPI_ISL_849742
54	Homo sapiens	2021-01-09	Myanmar	B.1.36.16	EPI_ISL_849743
75	Homo sapiens	2021-06-02	Myanmar	B.1.617.1	MZ397175.1
75	Homo sapiens	2021-06-02	Myanmar	B.1.617.1	MZ397176.1
74	Homo sapiens	2021-05-28	Myanmar	B.1.1.7	MZ397172.1
74	Homo sapiens	2021-05-28	Myanmar	B.1.617.1	MZ397173.1
74	Homo sapiens	2021-05-28	Myanmar	B.1.1.7	MZ397174.1
74	Homo sapiens	2021-05-26	Myanmar	B.1.617.1	MZ397177.1
74	Homo sapiens	2021-05-28	Myanmar	B.1.617.2	EPI_ISL_2612300
35	Homo sapiens	2020-08-25	Myanmar	B.1.36.16	EPI_ISL_3252976
35	Homo sapiens	2020-08-25	Myanmar	B.1.36.16	EPI_ISL_3252977
35	Homo sapiens	2020-08-25	Myanmar	B.1.36.16	EPI_ISL_3252978
35	Homo sapiens	2020-08-25	Myanmar	B.1.36.16	EPI_ISL_3252979
35	Homo sapiens	2020-08-25	Myanmar	B.1.36.16	EPI_ISL_3252980
35	Homo sapiens	2020-08-25	Myanmar	B.1.36.16	EPI_ISL_3252981
34	Homo sapiens	2020-08-23	Myanmar	B.1.36.16	EPI_ISL_3252973
34	Homo sapiens	2020-08-23	Myanmar	B.1.36.16	EPI_ISL_3252974
34	Homo sapiens	2020-08-23	Myanmar	B.1.36.16	EPI_ISL_3252975
34	Homo sapiens	2020-08-21	Myanmar	B.1.36.16	EPI_ISL_3252972
86	Homo sapiens	2021-08-16	Myanmar	AY.30	EPI_ISL_5428817
85	Homo sapiens	2021-08-11	Myanmar	B.1.617.2	EPI_ISL_5427934
85	Homo sapiens	2021-08-11	Myanmar	B.1.617.2	EPI_ISL_5428815
85	Homo sapiens	2021-08-09	Myanmar	AY.30	EPI_ISL_5428660
78	Homo sapiens	2021-06-25	Myanmar	B.1.617.2	EPI_ISL_5427023
86	Homo sapiens	2021-08-16	Myanmar	AY.30	EPI_ISL_5428988
86	Homo sapiens	2021-08-16	Myanmar	B.1.617.2	EPI_ISL_5429009
80	Homo sapiens	2021-07-06	Myanmar	AY.30	EPI_ISL_5429003
80	Homo sapiens	2021-07-05	Myanmar	B.1.617.2	EPI_ISL_5429005
78	Homo sapiens	2021-06-25	Myanmar	AY.30	EPI_ISL_5429011
101	Homo sapiens	2021-12-04	Myanmar	AY.59	OL757806.1
101	Homo sapiens	2021-12-03	Myanmar	B.1.617.2	OL757797.1
101	Homo sapiens	2021-12-03	Myanmar	B.1.617.2	OL757809.1
101	Homo sapiens	2021-12-03	Myanmar	B.1.617.2	OL757811.1
101	Homo sapiens	2021-12-01	Myanmar	B.1.617.2	OL757802.1
100	Homo sapiens	2021-11-24	Myanmar	AY.79	OL757801.1
98	Homo sapiens	2021-11-12	Myanmar	AY.85	OL757804.1
98	Homo sapiens	2021-11-08	Myanmar	B.1.617.2	OL757803.1
98	Homo sapiens	2021-11-08	Myanmar	B.1.617.2	OL757807.1
97	Homo sapiens	2021-11-03	Myanmar	AY.85	OL757800.1
80	Homo sapiens	2021-07-07	Myanmar	AY.30	EPI_ISL_5424999
106	Homo sapiens	2022-01-04	Myanmar	BA.2.3	EPI_ISL_8920494
106	Homo sapiens	2022-01-04	Myanmar	BA.2.3	EPI_ISL_8920501
106	Homo sapiens	2022-01-04	Myanmar	BA.1.1	EPI_ISL_8920500
102	Homo sapiens	2021-12-06	Myanmar	AY.122	EPI_ISL_8920487
101	Homo sapiens	2021-11-30	Myanmar	BA.1	EPI_ISL_8920493
116	Homo sapiens	2022-03-14	Myanmar	BA.2.10.1	EPI_ISL_11149537
134	Homo sapiens	2022-07-20	Myanmar	BA.5.2	OP159823.1
134	Homo sapiens	2022-07-20	Myanmar	BA.5.2	EPI_ISL_14241976
161	Homo sapiens	2023-01-23	Myanmar	BF.7.14	EPI_ISL_17162796
161	Homo sapiens	2023-01-23	Myanmar	BQ.1.23	EPI_ISL_17162794
161	Homo sapiens	2023-01-23	Myanmar	BQ.1.23	EPI_ISL_17162793
161	Homo sapiens	2023-01-23	Myanmar	BA.5.2.48	EPI_ISL_17172465
161	Homo sapiens	2023-01-23	Myanmar	BN.1.2	EPI_ISL_17172467
