03	Homo sapiens	2020-01-13	Nepal 	B	EPI_ISL_410301
91	Homo sapiens	2021-09-20	Nepal 	B.1.617.2	EPI_ISL_4638438
86	Homo sapiens	2021-08-22	Nepal 	AY.126	EPI_ISL_4707227
91	Homo sapiens	2021-09-21	Nepal 	AY.59	EPI_ISL_5064724
101	Homo sapiens	2021-11-30	Nepal 	B.1.617.2	EPI_ISL_7390957
100	Homo sapiens	2021-11-26	Nepal 	B.1.617.2	EPI_ISL_7405743
100	Homo sapiens	2021-11-25	Nepal 	B.1.617.2	EPI_ISL_7405742
100	Homo sapiens	2021-11-23	Nepal 	AY.75	EPI_ISL_7405747
100	Homo sapiens	2021-11-22	Nepal 	B.1.617.2	EPI_ISL_7405739
100	Homo sapiens	2021-11-22	Nepal 	B.1.617.2	EPI_ISL_7405740
100	Homo sapiens	2021-11-22	Nepal 	B.1.617.2	EPI_ISL_7405744
99	Homo sapiens	2021-11-17	Nepal 	B.1.617.2	EPI_ISL_7405760
99	Homo sapiens	2021-11-15	Nepal 	B.1.617.2	EPI_ISL_7405759
98	Homo sapiens	2021-11-08	Nepal 	B.1.617.2	EPI_ISL_7391079
98	Homo sapiens	2021-11-08	Nepal 	B.1.617.2	EPI_ISL_7391092
97	Homo sapiens	2021-11-05	Nepal 	B.1.617.2	EPI_ISL_7405754
96	Homo sapiens	2021-10-28	Nepal 	B.1.617.2	EPI_ISL_7405757
96	Homo sapiens	2021-10-25	Nepal 	AY.59	EPI_ISL_7405752
103	Homo sapiens	2021-12-15	Nepal 	B.1.617.2	EPI_ISL_8056917
87	Homo sapiens	2021-08-23	Nepal 	B.1.617.2	EPI_ISL_8131945
95	Homo sapiens	2021-10-18	Nepal 	B.1.617.2	EPI_ISL_8418062
95	Homo sapiens	2021-10-18	Nepal 	B.1.617.2	EPI_ISL_8418063
94	Homo sapiens	2021-10-17	Nepal 	B.1.617.2	EPI_ISL_8418089
94	Homo sapiens	2021-10-14	Nepal 	AY.44	EPI_ISL_8418060
94	Homo sapiens	2021-10-11	Nepal 	B.1.617.2	EPI_ISL_8418057
94	Homo sapiens	2021-10-11	Nepal 	B.1.617.2	EPI_ISL_8418069
94	Homo sapiens	2021-10-11	Nepal 	B.1.617.2	EPI_ISL_8418058
94	Homo sapiens	2021-10-11	Nepal 	AY.75	EPI_ISL_8418059
94	Homo sapiens	2021-10-11	Nepal 	B.1.617.2	EPI_ISL_8419628
93	Homo sapiens	2021-10-10	Nepal 	B.1.617.2	EPI_ISL_8419625
92	Homo sapiens	2021-10-01	Nepal 	B.1.617.2	EPI_ISL_8419623
92	Homo sapiens	2021-09-30	Nepal 	B.1.617.2	EPI_ISL_8408879
92	Homo sapiens	2021-09-29	Nepal 	B.1.617.2	EPI_ISL_8419650
92	Homo sapiens	2021-09-29	Nepal 	B.1.617.2	EPI_ISL_8419648
92	Homo sapiens	2021-09-29	Nepal 	B.1.617.2	EPI_ISL_8419649
92	Homo sapiens	2021-09-29	Nepal 	AY.75	EPI_ISL_8419642
91	Homo sapiens	2021-09-26	Nepal 	B.1.617.2	EPI_ISL_8402603
91	Homo sapiens	2021-09-25	Nepal 	AY.122	EPI_ISL_8408802
91	Homo sapiens	2021-09-25	Nepal 	B.1.617.2	EPI_ISL_8408800
91	Homo sapiens	2021-09-25	Nepal 	B.1.617.2	EPI_ISL_8408799
91	Homo sapiens	2021-09-25	Nepal 	AY.122	EPI_ISL_8408806
91	Homo sapiens	2021-09-24	Nepal 	B.1.617.2	EPI_ISL_8402585
91	Homo sapiens	2021-09-24	Nepal 	B.1.617.2	EPI_ISL_8402619
91	Homo sapiens	2021-09-23	Nepal 	B.1.617.2	EPI_ISL_8402555
91	Homo sapiens	2021-09-23	Nepal 	AY.59	EPI_ISL_8402560
91	Homo sapiens	2021-09-22	Nepal 	B.1.617.2	EPI_ISL_8402569
91	Homo sapiens	2021-09-22	Nepal 	B.1.617.2	EPI_ISL_8418050
91	Homo sapiens	2021-09-22	Nepal 	B.1.617.2	EPI_ISL_8418080
91	Homo sapiens	2021-09-22	Nepal 	B.1.617.2	EPI_ISL_8418081
91	Homo sapiens	2021-09-21	Nepal 	B.1.617.2	EPI_ISL_8402586
91	Homo sapiens	2021-09-21	Nepal 	B.1.617.2	EPI_ISL_8418079
91	Homo sapiens	2021-09-20	Nepal 	B.1.617.2	EPI_ISL_8418077
91	Homo sapiens	2021-09-20	Nepal 	B.1.617.2	EPI_ISL_8418074
91	Homo sapiens	2021-09-20	Nepal 	B.1.617.2	EPI_ISL_8418076
90	Homo sapiens	2021-09-19	Nepal 	B.1.617.2	EPI_ISL_8408877
90	Homo sapiens	2021-09-17	Nepal 	AY.79	EPI_ISL_8408874
90	Homo sapiens	2021-09-16	Nepal 	B.1.617.2	EPI_ISL_8402605
90	Homo sapiens	2021-09-16	Nepal 	B.1.617.2	EPI_ISL_8408872
90	Homo sapiens	2021-09-15	Nepal 	B.1.617.2	EPI_ISL_8402621
90	Homo sapiens	2021-09-15	Nepal 	B.1.617.2	EPI_ISL_8402622
90	Homo sapiens	2021-09-15	Nepal 	B.1.617.2	EPI_ISL_8408870
90	Homo sapiens	2021-09-14	Nepal 	B.1.617.2	EPI_ISL_8402655
90	Homo sapiens	2021-09-13	Nepal 	AY.75	EPI_ISL_8401847
90	Homo sapiens	2021-09-13	Nepal 	AY.75	EPI_ISL_8402668
89	Homo sapiens	2021-09-12	Nepal 	AY.75	EPI_ISL_8402652
89	Homo sapiens	2021-09-08	Nepal 	B.1.617.2	EPI_ISL_8402651
89	Homo sapiens	2021-09-07	Nepal 	AY.75	EPI_ISL_8401846
88	Homo sapiens	2021-09-04	Nepal 	B.1.617.2	EPI_ISL_8401844
88	Homo sapiens	2021-09-02	Nepal 	AY.34	EPI_ISL_8408834
88	Homo sapiens	2021-08-31	Nepal 	AY.124.1.1	EPI_ISL_8401852
88	Homo sapiens	2021-08-31	Nepal 	B.1.617.2	EPI_ISL_8401840
87	Homo sapiens	2021-08-29	Nepal 	B.1.617.2	EPI_ISL_8401839
87	Homo sapiens	2021-08-27	Nepal 	B.1.617.2	EPI_ISL_8401836
87	Homo sapiens	2021-08-27	Nepal 	B.1.617.2	EPI_ISL_8401850
87	Homo sapiens	2021-08-27	Nepal 	B.1.617.2	EPI_ISL_8401838
87	Homo sapiens	2021-08-27	Nepal 	B.1.617.2	EPI_ISL_8401834
87	Homo sapiens	2021-08-27	Nepal 	B.1.617.2	EPI_ISL_8402642
87	Homo sapiens	2021-08-26	Nepal 	AY.75	EPI_ISL_8401832
87	Homo sapiens	2021-08-25	Nepal 	AY.76	EPI_ISL_8402539
87	Homo sapiens	2021-08-24	Nepal 	AY.124.1.1	EPI_ISL_8401853
87	Homo sapiens	2021-08-24	Nepal 	B.1.617.2	EPI_ISL_8401825
87	Homo sapiens	2021-08-24	Nepal 	AY.111	EPI_ISL_8401827
87	Homo sapiens	2021-08-24	Nepal 	AY.111	EPI_ISL_8401826
87	Homo sapiens	2021-08-24	Nepal 	AY.75	EPI_ISL_8402640
87	Homo sapiens	2021-08-23	Nepal 	B.1.617.2	EPI_ISL_8402638
86	Homo sapiens	2021-08-19	Nepal 	B.1.617.2	EPI_ISL_8401848
86	Homo sapiens	2021-08-19	Nepal 	AY.75	EPI_ISL_8401823
86	Homo sapiens	2021-08-19	Nepal 	AY.122	EPI_ISL_8401824
86	Homo sapiens	2021-08-19	Nepal 	AY.75	EPI_ISL_8402632
86	Homo sapiens	2021-08-18	Nepal 	AY.75	EPI_ISL_8402669
86	Homo sapiens	2021-08-16	Nepal 	B.1.617.2	EPI_ISL_8402664
86	Homo sapiens	2021-08-16	Nepal 	B.1.617.2	EPI_ISL_8402665
86	Homo sapiens	2021-08-16	Nepal 	B.1.617.2	EPI_ISL_8402660
84	Homo sapiens	2021-08-06	Nepal 	AY.34	EPI_ISL_8408857
84	Homo sapiens	2021-08-04	Nepal 	B.1.617.2	EPI_ISL_8408849
83	Homo sapiens	2021-08-01	Nepal 	B.1.617.2	EPI_ISL_8408855
81	Homo sapiens	2021-07-14	Nepal 	B.1.617.2	EPI_ISL_8408862
105	Homo sapiens	2021-12-30	Nepal 	BA.1.1	EPI_ISL_8519793
105	Homo sapiens	2021-12-29	Nepal 	BA.1.1	EPI_ISL_8519774
105	Homo sapiens	2021-12-29	Nepal 	BA.1	EPI_ISL_8519775
105	Homo sapiens	2021-12-29	Nepal 	BA.1.15	EPI_ISL_8519776
104	Homo sapiens	2021-12-26	Nepal 	BA.1.1.14	EPI_ISL_8519787
104	Homo sapiens	2021-12-26	Nepal 	BA.1.1	EPI_ISL_8519778
104	Homo sapiens	2021-12-26	Nepal 	BA.1.15	EPI_ISL_8519781
104	Homo sapiens	2021-12-26	Nepal 	BA.1.1	EPI_ISL_8519779
104	Homo sapiens	2021-12-26	Nepal 	BA.1	EPI_ISL_8519786
104	Homo sapiens	2021-12-26	Nepal 	BA.1	EPI_ISL_8519783
104	Homo sapiens	2021-12-26	Nepal 	BA.1.1.14	EPI_ISL_8519789
104	Homo sapiens	2021-12-26	Nepal 	BA.1.1.14	EPI_ISL_8519788
104	Homo sapiens	2021-12-26	Nepal 	BA.1.18	EPI_ISL_8519784
104	Homo sapiens	2021-12-26	Nepal 	BA.1	EPI_ISL_8519782
104	Homo sapiens	2021-12-26	Nepal 	BA.1.1	EPI_ISL_8519785
104	Homo sapiens	2021-12-26	Nepal 	BA.1.1.14	EPI_ISL_8519791
104	Homo sapiens	2021-12-26	Nepal 	B.1.617.2	EPI_ISL_8519891
104	Homo sapiens	2021-12-23	Nepal 	BA.1.17.2	EPI_ISL_8519772
104	Homo sapiens	2021-12-23	Nepal 	BA.1.18	EPI_ISL_8519771
104	Homo sapiens	2021-12-21	Nepal 	BA.1.1.14	EPI_ISL_8519790
106	Homo sapiens	2022-01-06	Nepal 	BA.1	EPI_ISL_9388270
106	Homo sapiens	2022-01-06	Nepal 	BA.2.10	EPI_ISL_9388272
106	Homo sapiens	2022-01-05	Nepal 	BA.2	EPI_ISL_9388266
95	Homo sapiens	2021-10-23	Nepal 	B.1.617.2	EPI_ISL_9650597
93	Homo sapiens	2021-10-05	Nepal 	B.1.617.2	EPI_ISL_9650592
93	Homo sapiens	2021-10-05	Nepal 	B.1.617.2	EPI_ISL_9650590
92	Homo sapiens	2021-09-30	Nepal 	B.1.617.2	EPI_ISL_9650628
91	Homo sapiens	2021-09-23	Nepal 	B.1.1.216	EPI_ISL_9650587
91	Homo sapiens	2021-09-21	Nepal 	B.1.36	EPI_ISL_9650586
91	Homo sapiens	2021-09-21	Nepal 	B.1.36	EPI_ISL_9650585
89	Homo sapiens	2021-09-08	Nepal 	AY.55	EPI_ISL_9650601
89	Homo sapiens	2021-09-08	Nepal 	B.1.617.2	EPI_ISL_9650600
88	Homo sapiens	2021-09-03	Nepal 	B.1.617.2	EPI_ISL_9650603
78	Homo sapiens	2021-06-27	Nepal 	B.1.617.2	EPI_ISL_9970316
78	Homo sapiens	2021-06-26	Nepal 	AY.34	EPI_ISL_9970319
81	Homo sapiens	2021-07-12	Nepal 	AY.75	EPI_ISL_9970331
78	Homo sapiens	2021-06-23	Nepal 	AY.64	EPI_ISL_9970332
81	Homo sapiens	2021-07-14	Nepal 	B.1.617.2	EPI_ISL_9970335
81	Homo sapiens	2021-07-12	Nepal 	B.1.617.2	EPI_ISL_9970347
80	Homo sapiens	2021-07-08	Nepal 	B.1.617.2	EPI_ISL_9970351
83	Homo sapiens	2021-07-29	Nepal 	B.1.617.2	EPI_ISL_9970352
84	Homo sapiens	2021-08-05	Nepal 	AY.34	EPI_ISL_9970358
84	Homo sapiens	2021-08-05	Nepal 	B.1.617.2	EPI_ISL_9970363
73	Homo sapiens	2021-05-18	Nepal 	B.1.617.2	EPI_ISL_9970417
75	Homo sapiens	2021-06-03	Nepal 	B.1.617.2	EPI_ISL_9970420
75	Homo sapiens	2021-06-06	Nepal 	AY.126	EPI_ISL_9970423
77	Homo sapiens	2021-06-20	Nepal 	AY.75	EPI_ISL_9970440
79	Homo sapiens	2021-07-01	Nepal 	B.1.617.2	EPI_ISL_9970441
78	Homo sapiens	2021-06-27	Nepal 	AY.34	EPI_ISL_9970315
73	Homo sapiens	2021-05-18	Nepal 	B.1.617.2	EPI_ISL_9970436
73	Homo sapiens	2021-05-19	Nepal 	AY.122	EPI_ISL_9970437
78	Homo sapiens	2021-06-27	Nepal 	B.1.617.2	EPI_ISL_9970317
77	Homo sapiens	2021-06-19	Nepal 	B.1.617.2	EPI_ISL_9970318
73	Homo sapiens	2021-05-18	Nepal 	B.1.617.2	EPI_ISL_9970439
78	Homo sapiens	2021-06-27	Nepal 	B.1.617.2	EPI_ISL_9970320
78	Homo sapiens	2021-06-27	Nepal 	AY.34	EPI_ISL_9970321
78	Homo sapiens	2021-06-27	Nepal 	B.1.617.2	EPI_ISL_9970325
73	Homo sapiens	2021-05-19	Nepal 	B.1.617.2	EPI_ISL_9970418
78	Homo sapiens	2021-06-27	Nepal 	B.1.617.2	EPI_ISL_9970322
79	Homo sapiens	2021-06-28	Nepal 	B.1.617.2	EPI_ISL_9970349
84	Homo sapiens	2021-08-05	Nepal 	B.1.617.2	EPI_ISL_9970356
86	Homo sapiens	2021-08-16	Nepal 	B.1.617.2	EPI_ISL_9970357
81	Homo sapiens	2021-07-12	Nepal 	B.1.617.2	EPI_ISL_9970350
83	Homo sapiens	2021-07-31	Nepal 	B.1.617.2	EPI_ISL_9970362
79	Homo sapiens	2021-06-28	Nepal 	AY.34	EPI_ISL_9970340
80	Homo sapiens	2021-07-08	Nepal 	B.1.617.2	EPI_ISL_9970342
76	Homo sapiens	2021-06-08	Nepal 	B.1.617.2	EPI_ISL_9970426
76	Homo sapiens	2021-06-08	Nepal 	AY.1	EPI_ISL_9970427
77	Homo sapiens	2021-06-16	Nepal 	B.1.617.2	EPI_ISL_9970428
77	Homo sapiens	2021-06-15	Nepal 	B.1.617.2	EPI_ISL_9970429
77	Homo sapiens	2021-06-16	Nepal 	AY.75	EPI_ISL_9970430
77	Homo sapiens	2021-06-19	Nepal 	B.1.617.2	EPI_ISL_9970314
78	Homo sapiens	2021-06-23	Nepal 	B.1.617.2	EPI_ISL_9970431
78	Homo sapiens	2021-06-27	Nepal 	B.1.617.2	EPI_ISL_9970313
73	Homo sapiens	2021-05-18	Nepal 	B.1.617.2	EPI_ISL_9970416
77	Homo sapiens	2021-06-14	Nepal 	B.1.617.2	EPI_ISL_9970424
84	Homo sapiens	2021-08-05	Nepal 	B.1.617.2	EPI_ISL_9970355
84	Homo sapiens	2021-08-05	Nepal 	B.1.617.2	EPI_ISL_9970353
84	Homo sapiens	2021-08-03	Nepal 	AY.34	EPI_ISL_9970354
87	Homo sapiens	2021-08-26	Nepal 	B.1.617.2	EPI_ISL_9970365
84	Homo sapiens	2021-08-05	Nepal 	B.1.617.2	EPI_ISL_9970359
81	Homo sapiens	2021-07-12	Nepal 	AY.34	EPI_ISL_9970361
82	Homo sapiens	2021-07-19	Nepal 	B.1.617.2	EPI_ISL_9970360
77	Homo sapiens	2021-06-20	Nepal 	AY.106	EPI_ISL_9970326
78	Homo sapiens	2021-06-27	Nepal 	AY.34	EPI_ISL_9970327
78	Homo sapiens	2021-06-27	Nepal 	B.1.617.2	EPI_ISL_9970328
80	Homo sapiens	2021-07-05	Nepal 	B.1.617.2	EPI_ISL_9970329
80	Homo sapiens	2021-07-05	Nepal 	B.1.617.2	EPI_ISL_9970330
80	Homo sapiens	2021-07-08	Nepal 	B.1.617.2	EPI_ISL_9970333
80	Homo sapiens	2021-07-08	Nepal 	B.1.617.2	EPI_ISL_9970334
81	Homo sapiens	2021-07-14	Nepal 	B.1.617.2	EPI_ISL_9970336
81	Homo sapiens	2021-07-12	Nepal 	B.1.617.2	EPI_ISL_9970338
81	Homo sapiens	2021-07-12	Nepal 	B.1.617.2	EPI_ISL_9970339
81	Homo sapiens	2021-07-12	Nepal 	B.1.617.2	EPI_ISL_9970341
83	Homo sapiens	2021-07-29	Nepal 	B.1.617.2	EPI_ISL_9970343
78	Homo sapiens	2021-06-24	Nepal 	AY.1	EPI_ISL_9970344
78	Homo sapiens	2021-06-21	Nepal 	B.1.617.2	EPI_ISL_9970346
86	Homo sapiens	2021-08-19	Nepal 	B.1.617.2	EPI_ISL_10065233
95	Homo sapiens	2021-10-21	Nepal 	B.1.617.2	EPI_ISL_10065163
89	Homo sapiens	2021-09-08	Nepal 	B.1.617.2	EPI_ISL_10065158
95	Homo sapiens	2021-10-21	Nepal 	B.1.617.2	EPI_ISL_10065159
95	Homo sapiens	2021-10-19	Nepal 	AY.100	EPI_ISL_10065160
95	Homo sapiens	2021-10-19	Nepal 	AY.100	EPI_ISL_10065161
91	Homo sapiens	2021-09-23	Nepal 	B.1.617.2	EPI_ISL_10065166
89	Homo sapiens	2021-09-12	Nepal 	B.1.617.2	EPI_ISL_10065170
93	Homo sapiens	2021-10-06	Nepal 	B.1.617.2	EPI_ISL_10065173
94	Homo sapiens	2021-10-13	Nepal 	B.1.617.2	EPI_ISL_10065174
91	Homo sapiens	2021-09-26	Nepal 	B.1.617.2	EPI_ISL_10065175
93	Homo sapiens	2021-10-05	Nepal 	AY.5	EPI_ISL_10065178
95	Homo sapiens	2021-10-19	Nepal 	B.1.617.2	EPI_ISL_10065180
98	Homo sapiens	2021-11-10	Nepal 	B.1.617.2	EPI_ISL_10065181
95	Homo sapiens	2021-10-19	Nepal 	B.1.617.2	EPI_ISL_10065190
93	Homo sapiens	2021-10-05	Nepal 	B.1.617.2	EPI_ISL_10065188
98	Homo sapiens	2021-11-14	Nepal 	AY.122	EPI_ISL_10065193
95	Homo sapiens	2021-10-20	Nepal 	AY.34	EPI_ISL_10065195
95	Homo sapiens	2021-10-21	Nepal 	B.1.617.2	EPI_ISL_10065196
99	Homo sapiens	2021-11-16	Nepal 	B.1.617.2	EPI_ISL_10065202
97	Homo sapiens	2021-11-04	Nepal 	B.1.617.2	EPI_ISL_10065200
89	Homo sapiens	2021-09-12	Nepal 	B.1.617.2	EPI_ISL_10065204
89	Homo sapiens	2021-09-12	Nepal 	B.1.617.2	EPI_ISL_10065203
93	Homo sapiens	2021-10-09	Nepal 	B.1.617.2	EPI_ISL_10065206
89	Homo sapiens	2021-09-12	Nepal 	B.1.617.2	EPI_ISL_10065207
89	Homo sapiens	2021-09-12	Nepal 	B.1.617.2	EPI_ISL_10065212
89	Homo sapiens	2021-09-12	Nepal 	B.1.617.2	EPI_ISL_10065215
89	Homo sapiens	2021-09-06	Nepal 	B.1.617.2	EPI_ISL_10065219
88	Homo sapiens	2021-09-01	Nepal 	B.1.617.2	EPI_ISL_10065217
90	Homo sapiens	2021-09-15	Nepal 	B.1.617.2	EPI_ISL_10065242
89	Homo sapiens	2021-09-07	Nepal 	B.1.617.2	EPI_ISL_10065216
91	Homo sapiens	2021-09-26	Nepal 	B.1.617.2	EPI_ISL_10065249
95	Homo sapiens	2021-10-22	Nepal 	AY.39.1	EPI_ISL_10065259
90	Homo sapiens	2021-09-14	Nepal 	B.1.617.2	EPI_ISL_10065257
96	Homo sapiens	2021-10-31	Nepal 	B.1.617.2	EPI_ISL_10065255
96	Homo sapiens	2021-10-31	Nepal 	B.1.617.2	EPI_ISL_10065254
95	Homo sapiens	2021-10-24	Nepal 	B.1.617.2	EPI_ISL_10065253
89	Homo sapiens	2021-09-10	Nepal 	B.1.617.2	EPI_ISL_10065252
89	Homo sapiens	2021-09-10	Nepal 	B.1.617.2	EPI_ISL_10065251
90	Homo sapiens	2021-09-17	Nepal 	B.1.617.2	EPI_ISL_10065250
89	Homo sapiens	2021-09-08	Nepal 	AY.106	EPI_ISL_10065246
99	Homo sapiens	2021-11-16	Nepal 	B.1.617.2	EPI_ISL_10065201
96	Homo sapiens	2021-10-29	Nepal 	B.1.617.2	EPI_ISL_10065194
90	Homo sapiens	2021-09-15	Nepal 	AY.122	EPI_ISL_10065240
88	Homo sapiens	2021-09-05	Nepal 	B.1.617.2	EPI_ISL_10065239
90	Homo sapiens	2021-09-14	Nepal 	B.1.617.2	EPI_ISL_10065238
88	Homo sapiens	2021-09-02	Nepal 	B.1.617.2	EPI_ISL_10065237
84	Homo sapiens	2021-08-08	Nepal 	B.1.617.2	EPI_ISL_10065235
89	Homo sapiens	2021-09-06	Nepal 	AY.77	EPI_ISL_10065227
89	Homo sapiens	2021-09-08	Nepal 	B.1.617.2	EPI_ISL_10065234
88	Homo sapiens	2021-09-03	Nepal 	B.1.617.2	EPI_ISL_10065231
89	Homo sapiens	2021-09-12	Nepal 	B.1.617.2	EPI_ISL_10065232
88	Homo sapiens	2021-09-05	Nepal 	AY.77	EPI_ISL_10065226
88	Homo sapiens	2021-09-02	Nepal 	B.1.617.2	EPI_ISL_10065223
87	Homo sapiens	2021-08-29	Nepal 	AY.5	EPI_ISL_10065221
95	Homo sapiens	2021-10-24	Nepal 	B.1.617.2	EPI_ISL_10065192
95	Homo sapiens	2021-10-21	Nepal 	B.1.617.2	EPI_ISL_10065199
97	Homo sapiens	2021-11-02	Nepal 	AY.122	EPI_ISL_10065183
98	Homo sapiens	2021-11-12	Nepal 	B.1.617.2	EPI_ISL_10065197
90	Homo sapiens	2021-09-14	Nepal 	B.1.617.2	EPI_ISL_10065155
96	Homo sapiens	2021-10-27	Nepal 	B.1.617.2	EPI_ISL_10065186
92	Homo sapiens	2021-09-29	Nepal 	AY.43	EPI_ISL_10065187
96	Homo sapiens	2021-10-27	Nepal 	B.1.617.2	EPI_ISL_10065185
92	Homo sapiens	2021-09-29	Nepal 	AY.106	EPI_ISL_10065184
95	Homo sapiens	2021-10-24	Nepal 	B.1.617.2	EPI_ISL_10065162
90	Homo sapiens	2021-09-14	Nepal 	B.1.617.2	EPI_ISL_10065172
91	Homo sapiens	2021-09-23	Nepal 	B.1.617.2	EPI_ISL_10065176
89	Homo sapiens	2021-09-06	Nepal 	AY.75	EPI_ISL_10065169
95	Homo sapiens	2021-10-19	Nepal 	B.1.617.2	EPI_ISL_10065165
95	Homo sapiens	2021-10-22	Nepal 	B.1.617.2	EPI_ISL_10065164
89	Homo sapiens	2021-09-06	Nepal 	B.1.617.2	EPI_ISL_10065157
90	Homo sapiens	2021-09-14	Nepal 	B.1.617.2	EPI_ISL_10065156
93	Homo sapiens	2021-10-07	Nepal 	B.1.617.2	EPI_ISL_10065145
110	Homo sapiens	2022-02-06	Nepal 	BA.2	EPI_ISL_10879907
110	Homo sapiens	2022-01-31	Nepal 	BA.2.10	EPI_ISL_10879904
109	Homo sapiens	2022-01-27	Nepal 	BA.2	EPI_ISL_10879902
112	Homo sapiens	2022-02-15	Nepal 	BA.2	EPI_ISL_10879903
112	Homo sapiens	2022-02-16	Nepal 	BA.2	EPI_ISL_10879895
110	Homo sapiens	2022-01-31	Nepal 	BA.2.10	EPI_ISL_10879890
111	Homo sapiens	2022-02-13	Nepal 	BA.2.10	EPI_ISL_10879896
112	Homo sapiens	2022-02-17	Nepal 	BA.2	EPI_ISL_10879897
108	Homo sapiens	2022-01-21	Nepal 	BA.2.10	EPI_ISL_10879888
108	Homo sapiens	2022-01-21	Nepal 	BA.2.10	EPI_ISL_10879886
114	Homo sapiens	2022-03-02	Nepal 	BA.2.10	EPI_ISL_12140453
116	Homo sapiens	2022-03-15	Nepal 	BA.2	EPI_ISL_12140478
115	Homo sapiens	2022-03-08	Nepal 	BA.1.1	EPI_ISL_12140473
115	Homo sapiens	2022-03-13	Nepal 	BD.1	EPI_ISL_12140474
114	Homo sapiens	2022-03-04	Nepal 	BA.2.37	EPI_ISL_12140481
112	Homo sapiens	2022-02-17	Nepal 	BA.2	EPI_ISL_12140467
115	Homo sapiens	2022-03-07	Nepal 	BA.2	EPI_ISL_12728825
121	Homo sapiens	2022-04-19	Nepal 	BA.2	EPI_ISL_12728823
121	Homo sapiens	2022-04-22	Nepal 	BA.2	EPI_ISL_12728821
121	Homo sapiens	2022-04-21	Nepal 	BA.2	EPI_ISL_12728829
122	Homo sapiens	2022-04-29	Nepal 	BA.2	EPI_ISL_12728830
112	Homo sapiens	2022-02-20	Nepal 	BA.2	EPI_ISL_12728834
118	Homo sapiens	2022-03-29	Nepal 	BA.2	EPI_ISL_12728831
121	Homo sapiens	2022-04-20	Nepal 	BA.2	EPI_ISL_12728828
114	Homo sapiens	2022-03-02	Nepal 	BA.2.10	EPI_ISL_12728824
123	Homo sapiens	2022-05-04	Nepal 	BA.2	EPI_ISL_12728837
114	Homo sapiens	2022-03-06	Nepal 	BA.2	EPI_ISL_12728826
122	Homo sapiens	2022-05-01	Nepal 	BA.2	EPI_ISL_12728841
120	Homo sapiens	2022-04-17	Nepal 	BA.2	EPI_ISL_12728818
121	Homo sapiens	2022-04-19	Nepal 	BA.2	EPI_ISL_12728822
121	Homo sapiens	2022-04-24	Nepal 	BA.2	EPI_ISL_12728814
119	Homo sapiens	2022-04-07	Nepal 	BA.1.1.2	EPI_ISL_12728811
122	Homo sapiens	2022-04-28	Nepal 	BA.2	EPI_ISL_12728827
120	Homo sapiens	2022-04-11	Nepal 	BA.2	EPI_ISL_12728812
123	Homo sapiens	2022-05-04	Nepal 	BA.2	EPI_ISL_12728838
120	Homo sapiens	2022-04-16	Nepal 	BA.2	EPI_ISL_12812603
122	Homo sapiens	2022-05-01	Nepal 	BA.2	EPI_ISL_12812602
123	Homo sapiens	2022-05-04	Nepal 	BA.2.38	EPI_ISL_12812597
123	Homo sapiens	2022-05-05	Nepal 	BA.2.38	EPI_ISL_12812595
123	Homo sapiens	2022-05-05	Nepal 	BA.2	EPI_ISL_12812601
123	Homo sapiens	2022-05-07	Nepal 	BA.2.38	EPI_ISL_12812596
122	Homo sapiens	2022-04-25	Nepal 	BA.2	EPI_ISL_12812605
123	Homo sapiens	2022-05-04	Nepal 	BA.2	EPI_ISL_12812604
97	Homo sapiens	2021-11-02	Nepal 	B.1.617.2	EPI_ISL_12956342
88	Homo sapiens	2021-09-02	Nepal 	AY.75	EPI_ISL_12956355
98	Homo sapiens	2021-11-12	Nepal 	AY.125	EPI_ISL_12956346
90	Homo sapiens	2021-09-19	Nepal 	B.1.617.2	EPI_ISL_12956340
98	Homo sapiens	2021-11-08	Nepal 	B.1.617.2	EPI_ISL_12956324
87	Homo sapiens	2021-08-26	Nepal 	B.1.617.2	EPI_ISL_12956358
73	Homo sapiens	2021-05-17	Nepal 	B.1.617.2	EPI_ISL_12956282
73	Homo sapiens	2021-05-17	Nepal 	B.1.617.2	EPI_ISL_12956283
93	Homo sapiens	2021-10-08	Nepal 	B.1.617.2	EPI_ISL_12956335
95	Homo sapiens	2021-10-24	Nepal 	B.1.617.2	EPI_ISL_12956325
90	Homo sapiens	2021-09-14	Nepal 	AY.34	EPI_ISL_12956249
73	Homo sapiens	2021-05-18	Nepal 	B.1.617.2	EPI_ISL_12956280
73	Homo sapiens	2021-05-19	Nepal 	B.1.617.2	EPI_ISL_12956289
98	Homo sapiens	2021-11-12	Nepal 	B.1.617.2	EPI_ISL_12956329
98	Homo sapiens	2021-11-08	Nepal 	B.1.617.2	EPI_ISL_12956323
98	Homo sapiens	2021-11-12	Nepal 	B.1.617.2	EPI_ISL_12956326
98	Homo sapiens	2021-11-12	Nepal 	B.1.617.2	EPI_ISL_12956327
97	Homo sapiens	2021-11-01	Nepal 	B.1.617.2	EPI_ISL_12956333
73	Homo sapiens	2021-05-20	Nepal 	B.1.617.2	EPI_ISL_12956284
73	Homo sapiens	2021-05-17	Nepal 	B.1.617.2	EPI_ISL_12956281
73	Homo sapiens	2021-05-17	Nepal 	B.1.617.2	EPI_ISL_12956287
95	Homo sapiens	2021-10-19	Nepal 	B.1.617.2	EPI_ISL_12956321
73	Homo sapiens	2021-05-17	Nepal 	B.1.617.2	EPI_ISL_12956288
73	Homo sapiens	2021-05-17	Nepal 	B.1.617.2	EPI_ISL_12956286
73	Homo sapiens	2021-05-20	Nepal 	B.1.617.2	EPI_ISL_12956285
93	Homo sapiens	2021-10-04	Nepal 	B.1.617.2	EPI_ISL_12956336
98	Homo sapiens	2021-11-12	Nepal 	AY.122	EPI_ISL_12956319
95	Homo sapiens	2021-10-20	Nepal 	B.1.617.2	EPI_ISL_12956334
91	Homo sapiens	2021-09-24	Nepal 	B.1.617.2	EPI_ISL_12956332
86	Homo sapiens	2021-08-18	Nepal 	B.1.617.2	EPI_ISL_12956253
73	Homo sapiens	2021-05-20	Nepal 	AY.122	EPI_ISL_12956296
91	Homo sapiens	2021-09-24	Nepal 	B.1.617.2	EPI_ISL_12956339
92	Homo sapiens	2021-09-29	Nepal 	B.1.617.2	EPI_ISL_12956337
98	Homo sapiens	2021-11-12	Nepal 	B.1.617.2	EPI_ISL_12956338
73	Homo sapiens	2021-05-20	Nepal 	B.1.617.2	EPI_ISL_12956294
73	Homo sapiens	2021-05-20	Nepal 	B.1.617.2	EPI_ISL_12956295
89	Homo sapiens	2021-09-08	Nepal 	AY.122	EPI_ISL_12956250
100	Homo sapiens	2021-11-25	Nepal 	B.1.617.2	EPI_ISL_12956252
90	Homo sapiens	2021-09-16	Nepal 	B.1.617.2	EPI_ISL_12956315
87	Homo sapiens	2021-08-26	Nepal 	B.1.617.2	EPI_ISL_12956251
73	Homo sapiens	2021-05-17	Nepal 	B.1.617.2	EPI_ISL_12956292
73	Homo sapiens	2021-05-17	Nepal 	B.1.617.2	EPI_ISL_12956291
78	Homo sapiens	2021-06-25	Nepal 	B.1.617.2	EPI_ISL_12956298
73	Homo sapiens	2021-05-18	Nepal 	AY.122	EPI_ISL_12956299
78	Homo sapiens	2021-06-25	Nepal 	B.1.617.2	EPI_ISL_12956297
78	Homo sapiens	2021-06-23	Nepal 	B.1.617.2	EPI_ISL_12956301
90	Homo sapiens	2021-09-15	Nepal 	AY.122	EPI_ISL_12956260
98	Homo sapiens	2021-11-08	Nepal 	B.1.617.2	EPI_ISL_12956330
78	Homo sapiens	2021-06-21	Nepal 	B.1.617.2	EPI_ISL_12956302
78	Homo sapiens	2021-06-21	Nepal 	B.1.617.2	EPI_ISL_12956303
88	Homo sapiens	2021-09-05	Nepal 	B.1.617.2	EPI_ISL_12956269
78	Homo sapiens	2021-06-22	Nepal 	B.1.617.2	EPI_ISL_12956304
93	Homo sapiens	2021-10-05	Nepal 	B.1.617.2	EPI_ISL_12956310
78	Homo sapiens	2021-06-24	Nepal 	B.1.617.2	EPI_ISL_12956300
90	Homo sapiens	2021-09-19	Nepal 	B.1.617.2	EPI_ISL_12956268
93	Homo sapiens	2021-10-05	Nepal 	B.1.617.2	EPI_ISL_12956307
77	Homo sapiens	2021-06-17	Nepal 	B.1.617.2	EPI_ISL_12956305
93	Homo sapiens	2021-10-09	Nepal 	B.1.617.2	EPI_ISL_12956262
86	Homo sapiens	2021-08-19	Nepal 	B.1.617.2	EPI_ISL_12956264
73	Homo sapiens	2021-05-17	Nepal 	B.1.617.2	EPI_ISL_12956279
87	Homo sapiens	2021-08-26	Nepal 	B.1.617.2	EPI_ISL_12956362
91	Homo sapiens	2021-09-23	Nepal 	B.1.617.2	EPI_ISL_12956314
91	Homo sapiens	2021-09-20	Nepal 	B.1.617.2	EPI_ISL_12956311
91	Homo sapiens	2021-09-20	Nepal 	B.1.617.2	EPI_ISL_12956312
98	Homo sapiens	2021-11-12	Nepal 	AY.122	EPI_ISL_12956318
73	Homo sapiens	2021-05-17	Nepal 	B.1.617.2	EPI_ISL_12956275
95	Homo sapiens	2021-10-24	Nepal 	B.1.617.2	EPI_ISL_12956317
73	Homo sapiens	2021-05-18	Nepal 	B.1.617.2	EPI_ISL_12956272
73	Homo sapiens	2021-05-19	Nepal 	B.1.617.2	EPI_ISL_12956273
73	Homo sapiens	2021-05-19	Nepal 	B.1.617.2	EPI_ISL_12956270
73	Homo sapiens	2021-05-17	Nepal 	B.1.617.2	EPI_ISL_12956271
73	Homo sapiens	2021-05-18	Nepal 	B.1.617.2	EPI_ISL_12956276
73	Homo sapiens	2021-05-19	Nepal 	B.1.617.2	EPI_ISL_12956277
73	Homo sapiens	2021-05-17	Nepal 	AY.122	EPI_ISL_12956274
91	Homo sapiens	2021-09-20	Nepal 	B.1.617.2	EPI_ISL_12956309
97	Homo sapiens	2021-11-02	Nepal 	B.1.617.2	EPI_ISL_12956349
98	Homo sapiens	2021-11-11	Nepal 	B.1.617.2	EPI_ISL_12956344
98	Homo sapiens	2021-11-11	Nepal 	B.1.617.2	EPI_ISL_12956345
87	Homo sapiens	2021-08-24	Nepal 	B.1.617.2	EPI_ISL_12956361
98	Homo sapiens	2021-11-08	Nepal 	AY.125	EPI_ISL_12956347
97	Homo sapiens	2021-11-03	Nepal 	B.1.617.2	EPI_ISL_12956341
86	Homo sapiens	2021-08-18	Nepal 	AY.59	EPI_ISL_12956363
88	Homo sapiens	2021-09-01	Nepal 	B.1.617.2	EPI_ISL_12956353
86	Homo sapiens	2021-08-20	Nepal 	B.1.617.2	EPI_ISL_12956359
88	Homo sapiens	2021-09-02	Nepal 	B.1.617.2	EPI_ISL_12956350
88	Homo sapiens	2021-09-02	Nepal 	AY.75	EPI_ISL_12956354
86	Homo sapiens	2021-08-20	Nepal 	AY.75	EPI_ISL_12956351
87	Homo sapiens	2021-08-25	Nepal 	AY.75	EPI_ISL_12956352
73	Homo sapiens	2021-05-20	Nepal 	B.1.617.2	EPI_ISL_12957630
83	Homo sapiens	2021-07-29	Nepal 	B.1.617.2	EPI_ISL_12957651
84	Homo sapiens	2021-08-06	Nepal 	B.1.617.2	EPI_ISL_12957660
83	Homo sapiens	2021-07-26	Nepal 	B.1.617.2	EPI_ISL_12957641
84	Homo sapiens	2021-08-03	Nepal 	AY.75	EPI_ISL_12957644
82	Homo sapiens	2021-07-25	Nepal 	B.1.617.2	EPI_ISL_12957648
102	Homo sapiens	2021-12-06	Nepal 	B.1.617.2	EPI_ISL_12957622
84	Homo sapiens	2021-08-04	Nepal 	B.1.617.2	EPI_ISL_12957657
77	Homo sapiens	2021-06-18	Nepal 	B.1.617.2	EPI_ISL_12957636
82	Homo sapiens	2021-07-19	Nepal 	B.1.617.2	EPI_ISL_12957649
85	Homo sapiens	2021-08-13	Nepal 	B.1.617.2	EPI_ISL_12957659
85	Homo sapiens	2021-08-15	Nepal 	B.1.617.2	EPI_ISL_12957666
102	Homo sapiens	2021-12-07	Nepal 	B.1.617.2	EPI_ISL_12957624
90	Homo sapiens	2021-09-13	Nepal 	B.1.617.2	EPI_ISL_12957682
87	Homo sapiens	2021-08-29	Nepal 	B.1.617.2	EPI_ISL_12957695
88	Homo sapiens	2021-09-03	Nepal 	AY.100	EPI_ISL_12957698
87	Homo sapiens	2021-08-24	Nepal 	B.1.617.2	EPI_ISL_12957600
102	Homo sapiens	2021-12-09	Nepal 	B.1.617.2	EPI_ISL_12957615
90	Homo sapiens	2021-09-17	Nepal 	AY.75	EPI_ISL_12957616
100	Homo sapiens	2021-11-22	Nepal 	B.1.617.2	EPI_ISL_12957614
87	Homo sapiens	2021-08-29	Nepal 	B.1.617.2	EPI_ISL_12957605
102	Homo sapiens	2021-12-10	Nepal 	AY.75	EPI_ISL_12957611
102	Homo sapiens	2021-12-08	Nepal 	AY.44	EPI_ISL_12957613
77	Homo sapiens	2021-06-15	Nepal 	B.1.617.2	EPI_ISL_12957635
79	Homo sapiens	2021-06-30	Nepal 	AY.100	EPI_ISL_12957632
100	Homo sapiens	2021-11-26	Nepal 	AY.122	EPI_ISL_12957606
101	Homo sapiens	2021-12-03	Nepal 	B.1.617.2	EPI_ISL_12957625
91	Homo sapiens	2021-09-22	Nepal 	B.1.617.2	EPI_ISL_12957619
86	Homo sapiens	2021-08-19	Nepal 	B.1.617.2	EPI_ISL_12957618
79	Homo sapiens	2021-06-30	Nepal 	B.1.617.2	EPI_ISL_12957633
73	Homo sapiens	2021-05-20	Nepal 	B.1.617.2	EPI_ISL_12957631
81	Homo sapiens	2021-07-18	Nepal 	AY.122	EPI_ISL_12957643
83	Homo sapiens	2021-08-01	Nepal 	AY.120	EPI_ISL_12957637
92	Homo sapiens	2021-09-27	Nepal 	AY.122	EPI_ISL_12957628
87	Homo sapiens	2021-08-25	Nepal 	AY.124	EPI_ISL_12957629
80	Homo sapiens	2021-07-05	Nepal 	B.1.617.2	EPI_ISL_12957645
90	Homo sapiens	2021-09-15	Nepal 	B.1.617.2	EPI_ISL_12957701
92	Homo sapiens	2021-10-01	Nepal 	B.1.617.2	EPI_ISL_12957715
92	Homo sapiens	2021-09-27	Nepal 	B.1.617.2	EPI_ISL_12957714
81	Homo sapiens	2021-07-16	Nepal 	B.1.617.2	EPI_ISL_12957646
84	Homo sapiens	2021-08-02	Nepal 	B.1.617.2	EPI_ISL_12957640
90	Homo sapiens	2021-09-16	Nepal 	AY.122	EPI_ISL_12957707
89	Homo sapiens	2021-09-07	Nepal 	B.1.617.2	EPI_ISL_12957710
90	Homo sapiens	2021-09-15	Nepal 	B.1.617.2	EPI_ISL_12957711
86	Homo sapiens	2021-08-17	Nepal 	B.1.617.2	EPI_ISL_12957717
86	Homo sapiens	2021-08-17	Nepal 	B.1.617.2	EPI_ISL_12957703
90	Homo sapiens	2021-09-15	Nepal 	B.1.617.2	EPI_ISL_12957702
92	Homo sapiens	2021-09-30	Nepal 	B.1.617.2	EPI_ISL_12957712
79	Homo sapiens	2021-06-28	Nepal 	B.1.617.2	EPI_ISL_12957718
92	Homo sapiens	2021-09-30	Nepal 	B.1.617.2	EPI_ISL_12957713
90	Homo sapiens	2021-09-14	Nepal 	AY.122	EPI_ISL_12957708
88	Homo sapiens	2021-09-03	Nepal 	B.1.617.2	EPI_ISL_12957705
84	Homo sapiens	2021-08-08	Nepal 	B.1.617.2	EPI_ISL_12957725
88	Homo sapiens	2021-09-02	Nepal 	B.1.617.2	EPI_ISL_12957706
84	Homo sapiens	2021-08-05	Nepal 	B.1.617.2	EPI_ISL_12957720
90	Homo sapiens	2021-09-13	Nepal 	B.1.617.2	EPI_ISL_12957709
86	Homo sapiens	2021-08-16	Nepal 	B.1.617.2	EPI_ISL_12957719
84	Homo sapiens	2021-08-08	Nepal 	B.1.617.2	EPI_ISL_12957726
89	Homo sapiens	2021-09-07	Nepal 	B.1.617.2	EPI_ISL_12957723
85	Homo sapiens	2021-08-13	Nepal 	B.1.617.2	EPI_ISL_12957724
87	Homo sapiens	2021-08-23	Nepal 	B.1.617.2	EPI_ISL_12957716
84	Homo sapiens	2021-08-02	Nepal 	B.1.617.2	EPI_ISL_12957656
84	Homo sapiens	2021-08-04	Nepal 	B.1.617.2	EPI_ISL_12957654
85	Homo sapiens	2021-08-13	Nepal 	B.1.617.2	EPI_ISL_12957658
84	Homo sapiens	2021-08-05	Nepal 	AY.75	EPI_ISL_12957669
85	Homo sapiens	2021-08-09	Nepal 	B.1.617.2	EPI_ISL_12957652
85	Homo sapiens	2021-08-09	Nepal 	AY.75	EPI_ISL_12957667
82	Homo sapiens	2021-07-23	Nepal 	B.1.617.2	EPI_ISL_12957650
86	Homo sapiens	2021-08-16	Nepal 	B.1.617.2	EPI_ISL_12957665
85	Homo sapiens	2021-08-13	Nepal 	B.1.617.2	EPI_ISL_12957668
84	Homo sapiens	2021-08-05	Nepal 	B.1.617.2	EPI_ISL_12957662
89	Homo sapiens	2021-09-06	Nepal 	B.1.617.2	EPI_ISL_12957684
89	Homo sapiens	2021-09-09	Nepal 	B.1.617.2	EPI_ISL_12957683
86	Homo sapiens	2021-08-16	Nepal 	B.1.617.2	EPI_ISL_12957663
88	Homo sapiens	2021-09-01	Nepal 	B.1.617.2	EPI_ISL_12957679
85	Homo sapiens	2021-08-13	Nepal 	B.1.617.2	EPI_ISL_12957661
90	Homo sapiens	2021-09-13	Nepal 	AY.122	EPI_ISL_12957677
87	Homo sapiens	2021-08-29	Nepal 	B.1.617.2	EPI_ISL_12957675
85	Homo sapiens	2021-08-15	Nepal 	B.1.617.2	EPI_ISL_12957670
87	Homo sapiens	2021-08-27	Nepal 	B.1.617.2	EPI_ISL_12957687
86	Homo sapiens	2021-08-20	Nepal 	B.1.617.2	EPI_ISL_12957674
88	Homo sapiens	2021-09-05	Nepal 	B.1.617.2	EPI_ISL_12957696
85	Homo sapiens	2021-08-13	Nepal 	B.1.617.2	EPI_ISL_12957671
89	Homo sapiens	2021-09-08	Nepal 	B.1.617.2	EPI_ISL_12957699
88	Homo sapiens	2021-09-03	Nepal 	B.1.617.2	EPI_ISL_12957686
77	Homo sapiens	2021-06-15	Nepal 	B.1.617.2	EPI_ISL_12957693
90	Homo sapiens	2021-09-14	Nepal 	B.1.617.2	EPI_ISL_12957680
90	Homo sapiens	2021-09-14	Nepal 	B.1.617.2	EPI_ISL_12957681
88	Homo sapiens	2021-09-01	Nepal 	B.1.617.2	EPI_ISL_12957691
89	Homo sapiens	2021-09-08	Nepal 	B.1.617.2	EPI_ISL_12957685
93	Homo sapiens	2021-10-09	Nepal 	B.1.617.2	EPI_ISL_12957692
90	Homo sapiens	2021-09-14	Nepal 	B.1.617.2	EPI_ISL_12957694
91	Homo sapiens	2021-09-22	Nepal 	B.1.617.2	EPI_ISL_12972989
95	Homo sapiens	2021-10-21	Nepal 	B.1.617.2	EPI_ISL_12972991
73	Homo sapiens	2021-05-19	Nepal 	B.1.617.2	EPI_ISL_12972988
73	Homo sapiens	2021-05-18	Nepal 	B.1.617.2	EPI_ISL_12972987
81	Homo sapiens	2021-07-18	Nepal 	B.1.617.2	EPI_ISL_12972996
79	Homo sapiens	2021-07-01	Nepal 	B.1.617.2	EPI_ISL_12972997
88	Homo sapiens	2021-09-01	Nepal 	B.1.617.2	EPI_ISL_13329994
80	Homo sapiens	2021-07-08	Nepal 	B.1.617.2	EPI_ISL_13330007
81	Homo sapiens	2021-07-12	Nepal 	B.1.617.2	EPI_ISL_13329997
84	Homo sapiens	2021-08-04	Nepal 	AY.75	EPI_ISL_13329985
90	Homo sapiens	2021-09-18	Nepal 	B.1.617.2	EPI_ISL_13329993
90	Homo sapiens	2021-09-15	Nepal 	B.1.617.2	EPI_ISL_13329992
88	Homo sapiens	2021-09-05	Nepal 	B.1.617.2	EPI_ISL_13329998
81	Homo sapiens	2021-07-13	Nepal 	B.1.617.2	EPI_ISL_13329996
84	Homo sapiens	2021-08-04	Nepal 	B.1.617.2	EPI_ISL_13329983
86	Homo sapiens	2021-08-16	Nepal 	AY.75	EPI_ISL_13329995
86	Homo sapiens	2021-08-19	Nepal 	B.1.617.2	EPI_ISL_13330000
90	Homo sapiens	2021-09-16	Nepal 	B.1.617.2	EPI_ISL_13329999
91	Homo sapiens	2021-09-20	Nepal 	B.1.617.2	EPI_ISL_13329989
84	Homo sapiens	2021-08-04	Nepal 	B.1.617.2	EPI_ISL_13329982
83	Homo sapiens	2021-07-29	Nepal 	B.1.617.2	EPI_ISL_13330003
90	Homo sapiens	2021-09-15	Nepal 	B.1.617.2	EPI_ISL_13329991
74	Homo sapiens	2021-05-30	Nepal 	B.1.617.2	EPI_ISL_13330011
107	Homo sapiens	2022-01-11	Nepal 	B.1.617.2	EPI_ISL_13330012
80	Homo sapiens	2021-07-09	Nepal 	B.1.617.2	EPI_ISL_13330008
107	Homo sapiens	2022-01-14	Nepal 	BA.2	EPI_ISL_13330045
107	Homo sapiens	2022-01-13	Nepal 	BA.2	EPI_ISL_13330050
74	Homo sapiens	2021-05-30	Nepal 	B.1.617.2	EPI_ISL_13330010
107	Homo sapiens	2022-01-14	Nepal 	BA.2	EPI_ISL_13330037
108	Homo sapiens	2022-01-23	Nepal 	BA.2	EPI_ISL_13330038
107	Homo sapiens	2022-01-13	Nepal 	BA.2	EPI_ISL_13330039
101	Homo sapiens	2021-12-05	Nepal 	AY.112	EPI_ISL_13330824
100	Homo sapiens	2021-11-28	Nepal 	B.1.617.2	EPI_ISL_13330822
78	Homo sapiens	2021-06-22	Nepal 	B.1.617.2	EPI_ISL_13330832
81	Homo sapiens	2021-07-16	Nepal 	B.1.617.2	EPI_ISL_13330823
104	Homo sapiens	2021-12-26	Nepal 	AY.76	EPI_ISL_13330828
100	Homo sapiens	2021-11-28	Nepal 	B.1.617.2	EPI_ISL_13330821
103	Homo sapiens	2021-12-15	Nepal 	B.1.617.2	EPI_ISL_13330826
105	Homo sapiens	2021-12-30	Nepal 	B.1.617.2	EPI_ISL_13330827
78	Homo sapiens	2021-06-24	Nepal 	B.1.617.2	EPI_ISL_13330838
103	Homo sapiens	2021-12-15	Nepal 	B.1.617.2	EPI_ISL_13330825
88	Homo sapiens	2021-09-03	Nepal 	B.1.617.2	EPI_ISL_13330874
82	Homo sapiens	2021-07-22	Nepal 	AY.100	EPI_ISL_13330854
100	Homo sapiens	2021-11-25	Nepal 	B.1.617.2	EPI_ISL_13330891
104	Homo sapiens	2021-12-26	Nepal 	AY.122	EPI_ISL_13330893
101	Homo sapiens	2021-12-02	Nepal 	B.1.617.2	EPI_ISL_13330885
102	Homo sapiens	2021-12-07	Nepal 	B.1.617.2	EPI_ISL_13330887
101	Homo sapiens	2021-12-02	Nepal 	AY.122	EPI_ISL_13330886
79	Homo sapiens	2021-07-04	Nepal 	B.1.617.2	EPI_ISL_13330843
83	Homo sapiens	2021-08-01	Nepal 	B.1.617.2	EPI_ISL_13330848
83	Homo sapiens	2021-08-01	Nepal 	B.1.617.2	EPI_ISL_13330850
82	Homo sapiens	2021-07-23	Nepal 	B.1.617.2	EPI_ISL_13330859
82	Homo sapiens	2021-07-22	Nepal 	B.1.617.2	EPI_ISL_13330855
82	Homo sapiens	2021-07-22	Nepal 	B.1.617.2	EPI_ISL_13330857
82	Homo sapiens	2021-07-22	Nepal 	B.1.617.2	EPI_ISL_13330858
83	Homo sapiens	2021-07-26	Nepal 	B.1.617.2	EPI_ISL_13330849
77	Homo sapiens	2021-06-15	Nepal 	B.1.617.2	EPI_ISL_13330840
102	Homo sapiens	2021-12-08	Nepal 	B.1.617.2	EPI_ISL_13330914
81	Homo sapiens	2021-07-18	Nepal 	B.1.617.2	EPI_ISL_13330862
79	Homo sapiens	2021-06-29	Nepal 	B.1.617.2	EPI_ISL_13330860
82	Homo sapiens	2021-07-22	Nepal 	B.1.617.2	EPI_ISL_13330864
81	Homo sapiens	2021-07-18	Nepal 	B.1.617.2	EPI_ISL_13330863
86	Homo sapiens	2021-08-16	Nepal 	B.1.617.2	EPI_ISL_13330865
79	Homo sapiens	2021-06-28	Nepal 	B.1.617.2	EPI_ISL_13330861
85	Homo sapiens	2021-08-12	Nepal 	B.1.617.2	EPI_ISL_13330866
84	Homo sapiens	2021-08-05	Nepal 	B.1.617.2	EPI_ISL_13330867
83	Homo sapiens	2021-08-01	Nepal 	B.1.617.2	EPI_ISL_13330851
77	Homo sapiens	2021-06-16	Nepal 	B.1.617.2	EPI_ISL_13330845
83	Homo sapiens	2021-08-01	Nepal 	B.1.617.2	EPI_ISL_13330852
83	Homo sapiens	2021-07-30	Nepal 	B.1.617.2	EPI_ISL_13330853
88	Homo sapiens	2021-09-01	Nepal 	B.1.617.2	EPI_ISL_13330880
88	Homo sapiens	2021-09-03	Nepal 	AY.100	EPI_ISL_13330881
99	Homo sapiens	2021-11-18	Nepal 	B.1.617.2	EPI_ISL_13330882
100	Homo sapiens	2021-11-24	Nepal 	B.1.617.2	EPI_ISL_13330883
77	Homo sapiens	2021-06-17	Nepal 	B.1.617.2	EPI_ISL_13330844
103	Homo sapiens	2021-12-14	Nepal 	AY.122	EPI_ISL_13330889
90	Homo sapiens	2021-09-16	Nepal 	B.1.617.2	EPI_ISL_13330877
99	Homo sapiens	2021-11-21	Nepal 	B.1.617.2	EPI_ISL_13330890
89	Homo sapiens	2021-09-10	Nepal 	B.1.617.2	EPI_ISL_13330873
89	Homo sapiens	2021-09-12	Nepal 	B.1.617.2	EPI_ISL_13330876
89	Homo sapiens	2021-09-06	Nepal 	B.1.617.2	EPI_ISL_13330870
87	Homo sapiens	2021-08-24	Nepal 	B.1.617.2	EPI_ISL_13330872
86	Homo sapiens	2021-08-19	Nepal 	B.1.617.2	EPI_ISL_13330878
87	Homo sapiens	2021-08-25	Nepal 	B.1.617.2	EPI_ISL_13330879
84	Homo sapiens	2021-08-08	Nepal 	B.1.617.2	EPI_ISL_13330904
82	Homo sapiens	2021-07-25	Nepal 	B.1.617.2	EPI_ISL_13330908
84	Homo sapiens	2021-08-08	Nepal 	B.1.617.2	EPI_ISL_13330905
85	Homo sapiens	2021-08-13	Nepal 	B.1.617.2	EPI_ISL_13330902
85	Homo sapiens	2021-08-15	Nepal 	B.1.617.2	EPI_ISL_13330903
82	Homo sapiens	2021-07-25	Nepal 	B.1.617.2	EPI_ISL_13330906
85	Homo sapiens	2021-08-13	Nepal 	B.1.617.2	EPI_ISL_13330901
83	Homo sapiens	2021-07-27	Nepal 	B.1.617.2	EPI_ISL_13330909
78	Homo sapiens	2021-06-27	Nepal 	B.1.617.2	EPI_ISL_13330970
102	Homo sapiens	2021-12-12	Nepal 	B.1.617.2	EPI_ISL_13330971
81	Homo sapiens	2021-07-18	Nepal 	B.1.617.2	EPI_ISL_13330926
106	Homo sapiens	2022-01-07	Nepal 	BA.2	EPI_ISL_13330928
104	Homo sapiens	2021-12-24	Nepal 	B.1.617.2	EPI_ISL_13330920
103	Homo sapiens	2021-12-14	Nepal 	AY.122	EPI_ISL_13330924
101	Homo sapiens	2021-11-29	Nepal 	B.1.617.2	EPI_ISL_13330916
100	Homo sapiens	2021-11-22	Nepal 	B.1.617.2	EPI_ISL_13330923
106	Homo sapiens	2022-01-07	Nepal 	BA.2	EPI_ISL_13330929
103	Homo sapiens	2021-12-17	Nepal 	B.1.617.2	EPI_ISL_13330915
101	Homo sapiens	2021-12-05	Nepal 	B.1.617.2	EPI_ISL_13330913
83	Homo sapiens	2021-07-27	Nepal 	B.1.617.2	EPI_ISL_13330910
83	Homo sapiens	2021-07-27	Nepal 	B.1.617.2	EPI_ISL_13330911
106	Homo sapiens	2022-01-06	Nepal 	B.1.617.2	EPI_ISL_13330917
85	Homo sapiens	2021-08-13	Nepal 	B.1.617.2	EPI_ISL_13330912
86	Homo sapiens	2021-08-16	Nepal 	B.1.617.2	EPI_ISL_13330895
107	Homo sapiens	2022-01-10	Nepal 	BA.2.10.1	EPI_ISL_13330932
107	Homo sapiens	2022-01-14	Nepal 	BA.2.10	EPI_ISL_13330937
77	Homo sapiens	2021-06-18	Nepal 	B.1.617.2	EPI_ISL_13330957
83	Homo sapiens	2021-07-26	Nepal 	B.1.617.2	EPI_ISL_13330958
108	Homo sapiens	2022-01-18	Nepal 	BA.2.10	EPI_ISL_13330956
88	Homo sapiens	2021-09-05	Nepal 	AY.125	EPI_ISL_13331057
92	Homo sapiens	2021-09-30	Nepal 	B.1.617.2	EPI_ISL_13331006
87	Homo sapiens	2021-08-27	Nepal 	B.1.617.2	EPI_ISL_13331086
91	Homo sapiens	2021-09-26	Nepal 	B.1.617.2	EPI_ISL_13331039
84	Homo sapiens	2021-08-04	Nepal 	AY.75.3	EPI_ISL_13331035
90	Homo sapiens	2021-09-17	Nepal 	B.1.617.2	EPI_ISL_13331034
87	Homo sapiens	2021-08-24	Nepal 	B.1.617.2	EPI_ISL_13331027
87	Homo sapiens	2021-08-29	Nepal 	B.1.617.2	EPI_ISL_13331029
86	Homo sapiens	2021-08-20	Nepal 	B.1.617.2	EPI_ISL_13331024
92	Homo sapiens	2021-09-30	Nepal 	B.1.617.2	EPI_ISL_13331036
85	Homo sapiens	2021-08-15	Nepal 	B.1.617.2	EPI_ISL_13331023
95	Homo sapiens	2021-10-24	Nepal 	B.1.617.2	EPI_ISL_13331044
98	Homo sapiens	2021-11-08	Nepal 	B.1.617.2	EPI_ISL_13331043
95	Homo sapiens	2021-10-24	Nepal 	B.1.617.2	EPI_ISL_13331040
87	Homo sapiens	2021-08-25	Nepal 	B.1.617.2	EPI_ISL_13331028
84	Homo sapiens	2021-08-04	Nepal 	AY.75	EPI_ISL_13331026
90	Homo sapiens	2021-09-16	Nepal 	B.1.617.2	EPI_ISL_13331033
77	Homo sapiens	2021-06-20	Nepal 	B.1.617.2	EPI_ISL_13331017
79	Homo sapiens	2021-06-29	Nepal 	B.1.617.2	EPI_ISL_13331019
73	Homo sapiens	2021-05-17	Nepal 	B.1.617.2	EPI_ISL_13331015
88	Homo sapiens	2021-09-05	Nepal 	B.1.617.2	EPI_ISL_13331056
93	Homo sapiens	2021-10-04	Nepal 	B.1.617.2	EPI_ISL_13331046
86	Homo sapiens	2021-08-18	Nepal 	B.1.617.2	EPI_ISL_13331014
79	Homo sapiens	2021-07-04	Nepal 	B.1.617.2	EPI_ISL_13331020
78	Homo sapiens	2021-06-21	Nepal 	B.1.617.2	EPI_ISL_13331021
91	Homo sapiens	2021-09-23	Nepal 	B.1.617.2	EPI_ISL_13331005
93	Homo sapiens	2021-10-07	Nepal 	B.1.617.2	EPI_ISL_13331007
84	Homo sapiens	2021-08-05	Nepal 	B.1.617.2	EPI_ISL_13331048
97	Homo sapiens	2021-11-03	Nepal 	B.1.617.2	EPI_ISL_13331045
97	Homo sapiens	2021-11-02	Nepal 	AY.122	EPI_ISL_13331047
93	Homo sapiens	2021-10-04	Nepal 	B.1.617.2	EPI_ISL_13331009
93	Homo sapiens	2021-10-08	Nepal 	B.1.617.2	EPI_ISL_13331010
89	Homo sapiens	2021-09-06	Nepal 	AY.106	EPI_ISL_13331054
92	Homo sapiens	2021-10-03	Nepal 	B.1.617.2	EPI_ISL_13331061
89	Homo sapiens	2021-09-09	Nepal 	B.1.617.2	EPI_ISL_13331058
90	Homo sapiens	2021-09-16	Nepal 	B.1.617.2	EPI_ISL_13331066
96	Homo sapiens	2021-10-26	Nepal 	B.1.617.2	EPI_ISL_13331064
92	Homo sapiens	2021-10-01	Nepal 	B.1.617.2	EPI_ISL_13331063
93	Homo sapiens	2021-10-05	Nepal 	AY.106	EPI_ISL_13331065
88	Homo sapiens	2021-09-03	Nepal 	AY.75.2	EPI_ISL_13331079
87	Homo sapiens	2021-08-24	Nepal 	B.1.617.2	EPI_ISL_13331085
95	Homo sapiens	2021-10-22	Nepal 	B.1.617.2	EPI_ISL_13331068
83	Homo sapiens	2021-07-29	Nepal 	B.1.617.2	EPI_ISL_13331087
87	Homo sapiens	2021-08-24	Nepal 	B.1.617.2	EPI_ISL_13331081
87	Homo sapiens	2021-08-23	Nepal 	AY.122	EPI_ISL_13331084
109	Homo sapiens	2022-01-27	Nepal 	BA.2	EPI_ISL_13331102
77	Homo sapiens	2021-06-18	Nepal 	B.1.617.2	EPI_ISL_13331104
88	Homo sapiens	2021-09-02	Nepal 	B.1.617.2	EPI_ISL_13331077
96	Homo sapiens	2021-10-31	Nepal 	AY.59	EPI_ISL_13331071
90	Homo sapiens	2021-09-19	Nepal 	B.1.617.2	EPI_ISL_13331067
88	Homo sapiens	2021-09-02	Nepal 	B.1.617.2	EPI_ISL_13331074
88	Homo sapiens	2021-09-02	Nepal 	B.1.617.2	EPI_ISL_13331076
88	Homo sapiens	2021-09-03	Nepal 	B.1.617.2	EPI_ISL_13331073
95	Homo sapiens	2021-10-22	Nepal 	AY.119	EPI_ISL_13331070
110	Homo sapiens	2022-02-06	Nepal 	BA.2	EPI_ISL_13331095
109	Homo sapiens	2022-01-26	Nepal 	BA.2	EPI_ISL_13331096
92	Homo sapiens	2021-09-28	Nepal 	B.1.617.2	EPI_ISL_13331092
87	Homo sapiens	2021-08-23	Nepal 	AY.75	EPI_ISL_13331089
90	Homo sapiens	2021-09-14	Nepal 	B.1.617.2	EPI_ISL_13331091
95	Homo sapiens	2021-10-24	Nepal 	B.1.617.2	EPI_ISL_13331090
109	Homo sapiens	2022-01-27	Nepal 	BA.2	EPI_ISL_13331098
109	Homo sapiens	2022-01-26	Nepal 	BA.2	EPI_ISL_13331099
87	Homo sapiens	2021-08-25	Nepal 	AY.122	EPI_ISL_13331093
78	Homo sapiens	2021-06-21	Nepal 	B.1.617.2	EPI_ISL_13331237
79	Homo sapiens	2021-06-28	Nepal 	B.1.617.2	EPI_ISL_13331239
78	Homo sapiens	2021-06-21	Nepal 	B.1.617.2	EPI_ISL_13331238
77	Homo sapiens	2021-06-18	Nepal 	B.1.617.2	EPI_ISL_13331233
81	Homo sapiens	2021-07-16	Nepal 	B.1.617.2	EPI_ISL_13331255
78	Homo sapiens	2021-06-23	Nepal 	B.1.617.2	EPI_ISL_13331232
82	Homo sapiens	2021-07-19	Nepal 	B.1.617.2	EPI_ISL_13331247
80	Homo sapiens	2021-07-08	Nepal 	B.1.617.2	EPI_ISL_13331254
78	Homo sapiens	2021-06-27	Nepal 	B.1.617.2	EPI_ISL_13331235
78	Homo sapiens	2021-06-22	Nepal 	B.1.617.2	EPI_ISL_13331234
79	Homo sapiens	2021-06-28	Nepal 	B.1.617.2	EPI_ISL_13331240
90	Homo sapiens	2021-09-14	Nepal 	B.1.617.2	EPI_ISL_13331226
89	Homo sapiens	2021-09-06	Nepal 	B.1.617.2	EPI_ISL_13331220
83	Homo sapiens	2021-08-01	Nepal 	B.1.617.2	EPI_ISL_13331242
81	Homo sapiens	2021-07-18	Nepal 	B.1.617.2	EPI_ISL_13331241
85	Homo sapiens	2021-08-15	Nepal 	AY.75	EPI_ISL_13331248
81	Homo sapiens	2021-07-16	Nepal 	B.1.617.2	EPI_ISL_13331225
85	Homo sapiens	2021-08-10	Nepal 	B.1.617.2	EPI_ISL_13331249
89	Homo sapiens	2021-09-12	Nepal 	AY.122	EPI_ISL_13331222
99	Homo sapiens	2021-11-18	Nepal 	B.1.617.2	EPI_ISL_13331244
85	Homo sapiens	2021-08-15	Nepal 	B.1.617.2	EPI_ISL_13331221
83	Homo sapiens	2021-07-29	Nepal 	B.1.617.2	EPI_ISL_13331243
103	Homo sapiens	2021-12-17	Nepal 	B.1.617.2	EPI_ISL_13331253
82	Homo sapiens	2021-07-25	Nepal 	B.1.617.2	EPI_ISL_13331251
79	Homo sapiens	2021-07-02	Nepal 	B.1.617.2	EPI_ISL_13331231
80	Homo sapiens	2021-07-05	Nepal 	B.1.617.2	EPI_ISL_13331230
108	Homo sapiens	2022-01-17	Nepal 	BA.2.10.1	EPI_ISL_13331303
107	Homo sapiens	2022-01-16	Nepal 	BA.2.10.1	EPI_ISL_13331302
107	Homo sapiens	2022-01-16	Nepal 	BA.2.10	EPI_ISL_13331301
84	Homo sapiens	2021-08-02	Nepal 	B.1.617.2	EPI_ISL_13331324
79	Homo sapiens	2021-06-29	Nepal 	B.1.617.2	EPI_ISL_13331323
108	Homo sapiens	2022-01-19	Nepal 	BA.2.10	EPI_ISL_13331289
78	Homo sapiens	2021-06-27	Nepal 	B.1.617.2	EPI_ISL_13331261
91	Homo sapiens	2021-09-23	Nepal 	B.1.617.2	EPI_ISL_13331452
90	Homo sapiens	2021-09-15	Nepal 	AY.1	EPI_ISL_13331460
87	Homo sapiens	2021-08-26	Nepal 	B.1.617.2	EPI_ISL_13331431
87	Homo sapiens	2021-08-29	Nepal 	B.1.617.2	EPI_ISL_13331441
88	Homo sapiens	2021-09-05	Nepal 	B.1.617.2	EPI_ISL_13331440
93	Homo sapiens	2021-10-05	Nepal 	B.1.617.2	EPI_ISL_13331451
85	Homo sapiens	2021-08-09	Nepal 	B.1.617.2	EPI_ISL_13331511
86	Homo sapiens	2021-08-18	Nepal 	AY.122	EPI_ISL_13331410
89	Homo sapiens	2021-09-12	Nepal 	B.1.617.2	EPI_ISL_13331523
90	Homo sapiens	2021-09-17	Nepal 	B.1.617.2	EPI_ISL_13331454
91	Homo sapiens	2021-09-22	Nepal 	B.1.617.2	EPI_ISL_13331459
93	Homo sapiens	2021-10-06	Nepal 	B.1.617.2	EPI_ISL_13331477
83	Homo sapiens	2021-07-30	Nepal 	AY.122	EPI_ISL_13331500
84	Homo sapiens	2021-08-03	Nepal 	B.1.617.2	EPI_ISL_13331509
86	Homo sapiens	2021-08-16	Nepal 	B.1.617.2	EPI_ISL_13331412
86	Homo sapiens	2021-08-20	Nepal 	B.1.617.2	EPI_ISL_13331436
88	Homo sapiens	2021-09-01	Nepal 	B.1.617.2	EPI_ISL_13331433
85	Homo sapiens	2021-08-10	Nepal 	B.1.617.2	EPI_ISL_13331425
84	Homo sapiens	2021-08-05	Nepal 	B.1.617.2	EPI_ISL_13331423
86	Homo sapiens	2021-08-19	Nepal 	B.1.617.2	EPI_ISL_13331428
95	Homo sapiens	2021-10-22	Nepal 	B.1.617.2	EPI_ISL_13331398
96	Homo sapiens	2021-10-31	Nepal 	B.1.617.2	EPI_ISL_13331397
87	Homo sapiens	2021-08-24	Nepal 	B.1.617.2	EPI_ISL_13331429
96	Homo sapiens	2021-10-27	Nepal 	B.1.617.2	EPI_ISL_13331414
91	Homo sapiens	2021-09-20	Nepal 	B.1.617.2	EPI_ISL_13331457
85	Homo sapiens	2021-08-11	Nepal 	B.1.617.2	EPI_ISL_13331421
84	Homo sapiens	2021-08-04	Nepal 	B.1.617.2	EPI_ISL_13331420
91	Homo sapiens	2021-09-22	Nepal 	B.1.617.2	EPI_ISL_13331413
96	Homo sapiens	2021-10-27	Nepal 	B.1.617.2	EPI_ISL_13331415
88	Homo sapiens	2021-09-05	Nepal 	B.1.617.2	EPI_ISL_13331411
84	Homo sapiens	2021-08-05	Nepal 	B.1.617.2	EPI_ISL_13331416
84	Homo sapiens	2021-08-05	Nepal 	B.1.617.2	EPI_ISL_13331417
84	Homo sapiens	2021-08-05	Nepal 	B.1.617.2	EPI_ISL_13331418
89	Homo sapiens	2021-09-12	Nepal 	B.1.617.2	EPI_ISL_13331402
95	Homo sapiens	2021-10-19	Nepal 	B.1.617.2	EPI_ISL_13331409
92	Homo sapiens	2021-09-28	Nepal 	B.1.617.2	EPI_ISL_13331404
88	Homo sapiens	2021-08-30	Nepal 	B.1.617.2	EPI_ISL_13331403
90	Homo sapiens	2021-09-19	Nepal 	B.1.617.2	EPI_ISL_13331400
93	Homo sapiens	2021-10-08	Nepal 	B.1.617.2	EPI_ISL_13331405
86	Homo sapiens	2021-08-16	Nepal 	B.1.617.2	EPI_ISL_13331408
84	Homo sapiens	2021-08-03	Nepal 	B.1.617.2	EPI_ISL_13331407
91	Homo sapiens	2021-09-20	Nepal 	B.1.617.2	EPI_ISL_13331456
92	Homo sapiens	2021-09-30	Nepal 	B.1.617.2	EPI_ISL_13331470
95	Homo sapiens	2021-10-18	Nepal 	B.1.617.2	EPI_ISL_13331529
83	Homo sapiens	2021-07-28	Nepal 	AY.75	EPI_ISL_13331487
85	Homo sapiens	2021-08-10	Nepal 	B.1.617.2	EPI_ISL_13331432
86	Homo sapiens	2021-08-20	Nepal 	B.1.617.2	EPI_ISL_13331439
91	Homo sapiens	2021-09-26	Nepal 	B.1.617.2	EPI_ISL_13331474
84	Homo sapiens	2021-08-08	Nepal 	B.1.617.2	EPI_ISL_13331479
87	Homo sapiens	2021-08-28	Nepal 	B.1.617.2	EPI_ISL_13331430
92	Homo sapiens	2021-10-03	Nepal 	B.1.617.2	EPI_ISL_13331476
90	Homo sapiens	2021-09-16	Nepal 	AY.126	EPI_ISL_13331475
84	Homo sapiens	2021-08-04	Nepal 	B.1.617.2	EPI_ISL_13331481
92	Homo sapiens	2021-09-30	Nepal 	B.1.617.2	EPI_ISL_13331466
82	Homo sapiens	2021-07-19	Nepal 	B.1.617.2	EPI_ISL_13331482
84	Homo sapiens	2021-08-03	Nepal 	B.1.617.2	EPI_ISL_13331480
84	Homo sapiens	2021-08-05	Nepal 	B.1.617.2	EPI_ISL_13331484
91	Homo sapiens	2021-09-26	Nepal 	B.1.617.2	EPI_ISL_13331468
92	Homo sapiens	2021-09-27	Nepal 	B.1.617.2	EPI_ISL_13331467
91	Homo sapiens	2021-09-23	Nepal 	B.1.617.2	EPI_ISL_13331464
91	Homo sapiens	2021-09-21	Nepal 	B.1.617.2	EPI_ISL_13331463
92	Homo sapiens	2021-09-28	Nepal 	B.1.617.2	EPI_ISL_13331472
92	Homo sapiens	2021-09-27	Nepal 	B.1.617.2	EPI_ISL_13331469
86	Homo sapiens	2021-08-17	Nepal 	AY.122	EPI_ISL_13331438
84	Homo sapiens	2021-08-08	Nepal 	B.1.617.2	EPI_ISL_13331426
91	Homo sapiens	2021-09-23	Nepal 	B.1.617.2	EPI_ISL_13331465
93	Homo sapiens	2021-10-10	Nepal 	B.1.617.2	EPI_ISL_13331471
92	Homo sapiens	2021-09-28	Nepal 	B.1.617.2	EPI_ISL_13331473
82	Homo sapiens	2021-07-23	Nepal 	B.1.617.2	EPI_ISL_13331497
84	Homo sapiens	2021-08-02	Nepal 	B.1.617.2	EPI_ISL_13331496
84	Homo sapiens	2021-08-02	Nepal 	B.1.617.2	EPI_ISL_13331498
86	Homo sapiens	2021-08-16	Nepal 	B.1.617.2	EPI_ISL_13331485
83	Homo sapiens	2021-07-26	Nepal 	B.1.617.2	EPI_ISL_13331486
85	Homo sapiens	2021-08-13	Nepal 	B.1.617.2	EPI_ISL_13331488
91	Homo sapiens	2021-09-20	Nepal 	B.1.617.2	EPI_ISL_13331458
84	Homo sapiens	2021-08-03	Nepal 	AY.75.2	EPI_ISL_13331493
84	Homo sapiens	2021-08-06	Nepal 	B.1.617.2	EPI_ISL_13331492
84	Homo sapiens	2021-08-02	Nepal 	AY.75	EPI_ISL_13331495
82	Homo sapiens	2021-07-23	Nepal 	AY.75	EPI_ISL_13331491
87	Homo sapiens	2021-08-27	Nepal 	B.1.617.2	EPI_ISL_13331435
86	Homo sapiens	2021-08-19	Nepal 	B.1.617.2	EPI_ISL_13331434
87	Homo sapiens	2021-08-29	Nepal 	B.1.617.2	EPI_ISL_13331437
85	Homo sapiens	2021-08-13	Nepal 	B.1.617.2	EPI_ISL_13331427
90	Homo sapiens	2021-09-17	Nepal 	B.1.617.2	EPI_ISL_13331453
92	Homo sapiens	2021-10-01	Nepal 	AY.109	EPI_ISL_13331455
91	Homo sapiens	2021-09-24	Nepal 	B.1.617.2	EPI_ISL_13331461
88	Homo sapiens	2021-09-01	Nepal 	B.1.617.2	EPI_ISL_13331446
87	Homo sapiens	2021-08-25	Nepal 	B.1.617.2	EPI_ISL_13331445
87	Homo sapiens	2021-08-27	Nepal 	B.1.617.2	EPI_ISL_13331448
87	Homo sapiens	2021-08-26	Nepal 	B.1.617.2	EPI_ISL_13331447
87	Homo sapiens	2021-08-26	Nepal 	B.1.617.2	EPI_ISL_13331443
87	Homo sapiens	2021-08-23	Nepal 	B.1.617.2	EPI_ISL_13331442
91	Homo sapiens	2021-09-21	Nepal 	B.1.617.2	EPI_ISL_13331449
91	Homo sapiens	2021-09-20	Nepal 	AY.33	EPI_ISL_13331450
85	Homo sapiens	2021-08-09	Nepal 	B.1.617.2	EPI_ISL_13331510
91	Homo sapiens	2021-09-22	Nepal 	B.1.617.2	EPI_ISL_13331519
96	Homo sapiens	2021-10-31	Nepal 	AY.126	EPI_ISL_13331515
84	Homo sapiens	2021-08-08	Nepal 	B.1.617.2	EPI_ISL_13331517
84	Homo sapiens	2021-08-05	Nepal 	AY.122	EPI_ISL_13331503
83	Homo sapiens	2021-08-01	Nepal 	AY.122	EPI_ISL_13331501
84	Homo sapiens	2021-08-05	Nepal 	AY.75	EPI_ISL_13331502
84	Homo sapiens	2021-08-02	Nepal 	AY.122	EPI_ISL_13331504
85	Homo sapiens	2021-08-15	Nepal 	B.1.617.2	EPI_ISL_13331508
84	Homo sapiens	2021-08-05	Nepal 	AY.75	EPI_ISL_13331507
96	Homo sapiens	2021-10-25	Nepal 	B.1.617.2	EPI_ISL_13331531
82	Homo sapiens	2021-07-22	Nepal 	AY.100	EPI_ISL_13331506
95	Homo sapiens	2021-10-18	Nepal 	B.1.617.2	EPI_ISL_13331530
92	Homo sapiens	2021-09-30	Nepal 	B.1.617.2	EPI_ISL_13331532
87	Homo sapiens	2021-08-25	Nepal 	B.1.617.2	EPI_ISL_13331525
85	Homo sapiens	2021-08-12	Nepal 	B.1.617.2	EPI_ISL_13331524
86	Homo sapiens	2021-08-19	Nepal 	B.1.617.2	EPI_ISL_13331520
126	Homo sapiens	2022-05-24	Nepal 	BA.2.38	EPI_ISL_13388889
124	Homo sapiens	2022-05-10	Nepal 	BA.2	EPI_ISL_13388865
123	Homo sapiens	2022-05-02	Nepal 	BA.2	EPI_ISL_13388862
123	Homo sapiens	2022-05-02	Nepal 	BA.2	EPI_ISL_13388871
123	Homo sapiens	2022-05-05	Nepal 	BA.2.12.1	EPI_ISL_13388872
127	Homo sapiens	2022-06-02	Nepal 	BA.2.38	EPI_ISL_13388904
127	Homo sapiens	2022-06-02	Nepal 	BA.2	EPI_ISL_13388905
126	Homo sapiens	2022-05-25	Nepal 	BA.2.78	EPI_ISL_13388896
127	Homo sapiens	2022-06-02	Nepal 	BA.2.38	EPI_ISL_13388906
126	Homo sapiens	2022-05-26	Nepal 	BA.2.38	EPI_ISL_13388897
126	Homo sapiens	2022-05-23	Nepal 	BA.2.38.2	EPI_ISL_13388894
125	Homo sapiens	2022-05-22	Nepal 	BA.2	EPI_ISL_13388895
123	Homo sapiens	2022-05-02	Nepal 	BA.2	EPI_ISL_13388886
126	Homo sapiens	2022-05-24	Nepal 	BA.2.38	EPI_ISL_13388890
126	Homo sapiens	2022-05-23	Nepal 	BA.2.38	EPI_ISL_13388892
126	Homo sapiens	2022-05-23	Nepal 	BA.2.38.2	EPI_ISL_13388893
125	Homo sapiens	2022-05-21	Nepal 	BA.2.38	EPI_ISL_13388891
123	Homo sapiens	2022-05-06	Nepal 	BA.2	EPI_ISL_13388878
127	Homo sapiens	2022-06-04	Nepal 	BA.2.38	EPI_ISL_13388914
127	Homo sapiens	2022-06-03	Nepal 	BA.2.38	EPI_ISL_13388921
127	Homo sapiens	2022-06-04	Nepal 	BA.2.38	EPI_ISL_13388916
127	Homo sapiens	2022-06-04	Nepal 	BA.2.38	EPI_ISL_13388913
127	Homo sapiens	2022-06-04	Nepal 	BA.2.38	EPI_ISL_13388911
127	Homo sapiens	2022-06-05	Nepal 	BA.2.38	EPI_ISL_13388907
130	Homo sapiens	2022-06-24	Nepal 	BA.2	EPI_ISL_13692506
128	Homo sapiens	2022-06-12	Nepal 	BA.2.38	EPI_ISL_13692483
129	Homo sapiens	2022-06-14	Nepal 	BA.2.76	EPI_ISL_13692485
128	Homo sapiens	2022-06-07	Nepal 	BA.2	EPI_ISL_13692487
128	Homo sapiens	2022-06-06	Nepal 	BA.2.38	EPI_ISL_13692489
131	Homo sapiens	2022-06-27	Nepal 	BA.2.76	EPI_ISL_13692494
129	Homo sapiens	2022-06-17	Nepal 	BA.2.38	EPI_ISL_13692503
128	Homo sapiens	2022-06-06	Nepal 	BA.2.74	EPI_ISL_13692490
130	Homo sapiens	2022-06-21	Nepal 	BA.2	EPI_ISL_13692493
128	Homo sapiens	2022-06-11	Nepal 	BA.5.1	EPI_ISL_13692484
128	Homo sapiens	2022-06-12	Nepal 	BA.2.38	EPI_ISL_13692481
129	Homo sapiens	2022-06-15	Nepal 	BF.3	EPI_ISL_13692502
128	Homo sapiens	2022-06-06	Nepal 	BA.2.76	EPI_ISL_13692491
129	Homo sapiens	2022-06-14	Nepal 	BA.2	EPI_ISL_13692486
127	Homo sapiens	2022-06-02	Nepal 	BA.2.38	EPI_ISL_13692480
130	Homo sapiens	2022-06-20	Nepal 	BA.2.76	EPI_ISL_13692492
125	Homo sapiens	2022-05-20	Nepal 	BA.2.12.1	EPI_ISL_13692477
131	Homo sapiens	2022-06-27	Nepal 	BA.2.75.10	EPI_ISL_13692495
128	Homo sapiens	2022-06-06	Nepal 	BA.2.38	EPI_ISL_13692488
129	Homo sapiens	2022-06-19	Nepal 	BA.2.38	EPI_ISL_13692479
130	Homo sapiens	2022-06-21	Nepal 	BA.2.38	EPI_ISL_13692507
129	Homo sapiens	2022-06-16	Nepal 	BA.2	EPI_ISL_13692504
130	Homo sapiens	2022-06-22	Nepal 	BA.2.74	EPI_ISL_13692499
131	Homo sapiens	2022-06-28	Nepal 	BA.2.38	EPI_ISL_13692496
129	Homo sapiens	2022-06-16	Nepal 	BA.2	EPI_ISL_13692497
129	Homo sapiens	2022-06-15	Nepal 	BA.2.38	EPI_ISL_13692498
130	Homo sapiens	2022-06-22	Nepal 	BA.2.75	EPI_ISL_13692500
131	Homo sapiens	2022-06-28	Nepal 	BA.2.76	EPI_ISL_13766722
131	Homo sapiens	2022-06-30	Nepal 	BA.2.76	EPI_ISL_13766720
132	Homo sapiens	2022-07-10	Nepal 	BF.5	EPI_ISL_14175131
133	Homo sapiens	2022-07-11	Nepal 	BA.2.38.1	EPI_ISL_14175134
133	Homo sapiens	2022-07-15	Nepal 	BA.2.76	EPI_ISL_14175147
132	Homo sapiens	2022-07-10	Nepal 	BA.2.38	EPI_ISL_14175132
132	Homo sapiens	2022-07-10	Nepal 	BA.2.74	EPI_ISL_14175130
133	Homo sapiens	2022-07-12	Nepal 	BA.5.2.1	EPI_ISL_14175140
132	Homo sapiens	2022-07-09	Nepal 	BA.2.76	EPI_ISL_14175128
132	Homo sapiens	2022-07-06	Nepal 	BA.2.76	EPI_ISL_14175125
134	Homo sapiens	2022-07-19	Nepal 	BA.2.75.3	EPI_ISL_14175122
134	Homo sapiens	2022-07-19	Nepal 	BA.2.75.1	EPI_ISL_14175121
134	Homo sapiens	2022-07-18	Nepal 	BA.2.38.3	EPI_ISL_14175154
133	Homo sapiens	2022-07-17	Nepal 	BA.5.2	EPI_ISL_14175149
133	Homo sapiens	2022-07-17	Nepal 	BE.4	EPI_ISL_14175150
133	Homo sapiens	2022-07-12	Nepal 	BA.5.2.1	EPI_ISL_14175138
133	Homo sapiens	2022-07-11	Nepal 	BA.2.76	EPI_ISL_14175165
134	Homo sapiens	2022-07-19	Nepal 	BA.2.38.3	EPI_ISL_14175167
133	Homo sapiens	2022-07-11	Nepal 	BA.2.76	EPI_ISL_14175135
133	Homo sapiens	2022-07-15	Nepal 	BA.5.2.1	EPI_ISL_14175146
133	Homo sapiens	2022-07-14	Nepal 	BA.2.76	EPI_ISL_14175145
132	Homo sapiens	2022-07-10	Nepal 	BA.2.12.1	EPI_ISL_14175129
132	Homo sapiens	2022-07-08	Nepal 	BA.2.38	EPI_ISL_14175127
133	Homo sapiens	2022-07-11	Nepal 	BM.3	EPI_ISL_14175136
131	Homo sapiens	2022-07-03	Nepal 	BA.2.74	EPI_ISL_14175159
133	Homo sapiens	2022-07-11	Nepal 	BE.4	EPI_ISL_14175163
132	Homo sapiens	2022-07-07	Nepal 	BA.2.76	EPI_ISL_14175126
133	Homo sapiens	2022-07-11	Nepal 	BM.3	EPI_ISL_14175133
133	Homo sapiens	2022-07-17	Nepal 	BA.2.76	EPI_ISL_14175148
132	Homo sapiens	2022-07-05	Nepal 	BA.2.76	EPI_ISL_14175124
131	Homo sapiens	2022-07-03	Nepal 	BA.2.76	EPI_ISL_14175158
133	Homo sapiens	2022-07-12	Nepal 	BA.2.75.3	EPI_ISL_14175141
131	Homo sapiens	2022-07-03	Nepal 	BA.2.38.2	EPI_ISL_14175157
134	Homo sapiens	2022-07-18	Nepal 	BA.5.2.1	EPI_ISL_14175151
134	Homo sapiens	2022-07-18	Nepal 	BA.2.74	EPI_ISL_14175153
134	Homo sapiens	2022-07-18	Nepal 	BA.2	EPI_ISL_14175152
134	Homo sapiens	2022-07-18	Nepal 	BA.2.75.10	EPI_ISL_14175156
132	Homo sapiens	2022-07-09	Nepal 	BA.2	EPI_ISL_14175164
131	Homo sapiens	2022-07-03	Nepal 	BA.2	EPI_ISL_14175161
131	Homo sapiens	2022-07-03	Nepal 	BA.5.2	EPI_ISL_14175160
133	Homo sapiens	2022-07-12	Nepal 	BA.5.2.1	EPI_ISL_14175137
134	Homo sapiens	2022-07-19	Nepal 	BA.2.76	EPI_ISL_14175168
133	Homo sapiens	2022-07-16	Nepal 	BM.3	EPI_ISL_14569469
134	Homo sapiens	2022-07-20	Nepal 	BA.2.76	EPI_ISL_14569485
132	Homo sapiens	2022-07-09	Nepal 	BM.3	EPI_ISL_14569461
133	Homo sapiens	2022-07-15	Nepal 	BA.2.76	EPI_ISL_14569462
133	Homo sapiens	2022-07-16	Nepal 	BA.2.76	EPI_ISL_14569465
136	Homo sapiens	2022-08-01	Nepal 	BA.2.76	EPI_ISL_14569458
136	Homo sapiens	2022-08-02	Nepal 	BL.3	EPI_ISL_14569459
133	Homo sapiens	2022-07-11	Nepal 	BA.2.75	EPI_ISL_14569481
136	Homo sapiens	2022-08-02	Nepal 	BM.3	EPI_ISL_14569460
133	Homo sapiens	2022-07-16	Nepal 	BA.2.75.3	EPI_ISL_14569467
133	Homo sapiens	2022-07-16	Nepal 	BA.2.76	EPI_ISL_14569463
133	Homo sapiens	2022-07-16	Nepal 	BA.2	EPI_ISL_14569464
134	Homo sapiens	2022-07-20	Nepal 	BM.3	EPI_ISL_14569489
133	Homo sapiens	2022-07-17	Nepal 	BA.5.2	EPI_ISL_14569466
133	Homo sapiens	2022-07-16	Nepal 	BA.2.75	EPI_ISL_14569468
134	Homo sapiens	2022-07-20	Nepal 	BA.2.75	EPI_ISL_14569487
134	Homo sapiens	2022-07-24	Nepal 	BA.2.76	EPI_ISL_14569449
134	Homo sapiens	2022-07-24	Nepal 	BA.2.76	EPI_ISL_14569453
135	Homo sapiens	2022-07-29	Nepal 	BA.2.75.3	EPI_ISL_14569492
134	Homo sapiens	2022-07-21	Nepal 	BA.2.75	EPI_ISL_14569490
135	Homo sapiens	2022-07-29	Nepal 	BM.3	EPI_ISL_14569493
133	Homo sapiens	2022-07-15	Nepal 	BA.2.74	EPI_ISL_14569474
135	Homo sapiens	2022-07-28	Nepal 	BA.2.76	EPI_ISL_14569456
133	Homo sapiens	2022-07-15	Nepal 	BA.2.75	EPI_ISL_14569472
134	Homo sapiens	2022-07-24	Nepal 	BM.3	EPI_ISL_14569451
133	Homo sapiens	2022-07-15	Nepal 	BA.2.75.1	EPI_ISL_14569473
136	Homo sapiens	2022-08-01	Nepal 	BA.2.75	EPI_ISL_14569457
135	Homo sapiens	2022-07-28	Nepal 	BA.2.76	EPI_ISL_14569454
135	Homo sapiens	2022-07-28	Nepal 	BL.3	EPI_ISL_14569455
137	Homo sapiens	2022-08-11	Nepal 	BA.2.38.1	EPI_ISL_14807708
139	Homo sapiens	2022-08-22	Nepal 	BA.2.75.1	EPI_ISL_14807714
137	Homo sapiens	2022-08-11	Nepal 	BA.2.38.1	EPI_ISL_14807707
136	Homo sapiens	2022-08-05	Nepal 	BH.1	EPI_ISL_14807696
138	Homo sapiens	2022-08-16	Nepal 	BA.5.2	EPI_ISL_14807711
138	Homo sapiens	2022-08-19	Nepal 	BA.5.2	EPI_ISL_14807720
136	Homo sapiens	2022-08-04	Nepal 	BA.2.75	EPI_ISL_14807694
138	Homo sapiens	2022-08-18	Nepal 	BA.5.2.1	EPI_ISL_14807726
138	Homo sapiens	2022-08-19	Nepal 	BN.3	EPI_ISL_14807718
135	Homo sapiens	2022-07-26	Nepal 	BA.2.75.5	EPI_ISL_14807690
138	Homo sapiens	2022-08-16	Nepal 	BA.2.38.1	EPI_ISL_14807699
138	Homo sapiens	2022-08-16	Nepal 	BA.2.76	EPI_ISL_14807697
138	Homo sapiens	2022-08-18	Nepal 	BA.5.2.16	EPI_ISL_14807721
136	Homo sapiens	2022-08-01	Nepal 	BH.1	EPI_ISL_14807693
135	Homo sapiens	2022-07-29	Nepal 	BA.2.76	EPI_ISL_14807691
135	Homo sapiens	2022-07-29	Nepal 	BA.2.75	EPI_ISL_14807692
139	Homo sapiens	2022-08-22	Nepal 	BL.3	EPI_ISL_14807727
138	Homo sapiens	2022-08-19	Nepal 	BA.2.75.1	EPI_ISL_14807719
135	Homo sapiens	2022-07-29	Nepal 	BA.2.75.1	EPI_ISL_14807685
134	Homo sapiens	2022-07-24	Nepal 	BA.2.75.10	EPI_ISL_14807688
137	Homo sapiens	2022-08-14	Nepal 	BA.2.76	EPI_ISL_14807710
134	Homo sapiens	2022-07-23	Nepal 	BA.2.75.1	EPI_ISL_14807689
135	Homo sapiens	2022-07-29	Nepal 	BA.2.75.4	EPI_ISL_14807684
135	Homo sapiens	2022-07-27	Nepal 	BH.1	EPI_ISL_14807681
138	Homo sapiens	2022-08-18	Nepal 	BA.2.75	EPI_ISL_14807722
135	Homo sapiens	2022-07-27	Nepal 	XBH	EPI_ISL_14807682
138	Homo sapiens	2022-08-18	Nepal 	BA.2.75.1	EPI_ISL_14807724
138	Homo sapiens	2022-08-18	Nepal 	BM.1.1.3	EPI_ISL_14807716
138	Homo sapiens	2022-08-16	Nepal 	BA.2.38.1	EPI_ISL_14807702
134	Homo sapiens	2022-07-22	Nepal 	BA.2.75.1	EPI_ISL_14807686
138	Homo sapiens	2022-08-21	Nepal 	BY.1	EPI_ISL_14807712
138	Homo sapiens	2022-08-15	Nepal 	BA.2.75.3	EPI_ISL_14807709
138	Homo sapiens	2022-08-18	Nepal 	BA.2.75.1	EPI_ISL_14807713
138	Homo sapiens	2022-08-16	Nepal 	BA.2.38.1	EPI_ISL_14807703
138	Homo sapiens	2022-08-16	Nepal 	BA.2.38.1	EPI_ISL_14807704
138	Homo sapiens	2022-08-16	Nepal 	BA.2.38.1	EPI_ISL_14807701
138	Homo sapiens	2022-08-16	Nepal 	BA.2.38.1	EPI_ISL_14807705
138	Homo sapiens	2022-08-16	Nepal 	BA.2.38.1	EPI_ISL_14807706
138	Homo sapiens	2022-08-16	Nepal 	BA.2.38.1	EPI_ISL_14807700
138	Homo sapiens	2022-08-18	Nepal 	BA.2.75	EPI_ISL_14807723
138	Homo sapiens	2022-08-18	Nepal 	CP.1	EPI_ISL_14807725
137	Homo sapiens	2022-08-09	Nepal 	BA.5.2	EPI_ISL_15313021
138	Homo sapiens	2022-08-18	Nepal 	BA.5.2	EPI_ISL_15313033
136	Homo sapiens	2022-08-02	Nepal 	BA.2.75.3	EPI_ISL_15313019
141	Homo sapiens	2022-09-07	Nepal 	BM.1.1.3	EPI_ISL_15313056
138	Homo sapiens	2022-08-15	Nepal 	BA.2.75.6	EPI_ISL_15313025
137	Homo sapiens	2022-08-14	Nepal 	BA.5.2	EPI_ISL_15313048
141	Homo sapiens	2022-09-06	Nepal 	BM.5	EPI_ISL_15313063
136	Homo sapiens	2022-08-05	Nepal 	BA.2	EPI_ISL_15313035
136	Homo sapiens	2022-08-05	Nepal 	BA.5.2	EPI_ISL_15313052
139	Homo sapiens	2022-08-23	Nepal 	BM.1.1.1	EPI_ISL_15313032
137	Homo sapiens	2022-08-14	Nepal 	BM.1.1.1	EPI_ISL_15313028
142	Homo sapiens	2022-09-15	Nepal 	BA.2.75.1	EPI_ISL_15313058
137	Homo sapiens	2022-08-11	Nepal 	BA.5.2	EPI_ISL_15313034
137	Homo sapiens	2022-08-14	Nepal 	BA.2	EPI_ISL_15313047
137	Homo sapiens	2022-08-14	Nepal 	BA.2.75.6	EPI_ISL_15313049
136	Homo sapiens	2022-08-04	Nepal 	BA.2.75.3	EPI_ISL_15313026
137	Homo sapiens	2022-08-14	Nepal 	BA.2.75	EPI_ISL_15313022
137	Homo sapiens	2022-08-14	Nepal 	BA.2.75.1	EPI_ISL_15313042
139	Homo sapiens	2022-08-24	Nepal 	BA.2	EPI_ISL_15313031
139	Homo sapiens	2022-08-26	Nepal 	BA.2	EPI_ISL_15313029
137	Homo sapiens	2022-08-08	Nepal 	BA.2.75	EPI_ISL_15313027
136	Homo sapiens	2022-08-04	Nepal 	BA.2.75	EPI_ISL_15313053
136	Homo sapiens	2022-08-07	Nepal 	BA.5.2.20	EPI_ISL_15313020
138	Homo sapiens	2022-08-15	Nepal 	BA.2.75.7	EPI_ISL_15313050
137	Homo sapiens	2022-08-09	Nepal 	BA.2	EPI_ISL_15313051
138	Homo sapiens	2022-08-15	Nepal 	BA.2.75	EPI_ISL_15313023
137	Homo sapiens	2022-08-14	Nepal 	BA.2.75.3	EPI_ISL_15313040
137	Homo sapiens	2022-08-14	Nepal 	BA.2.75	EPI_ISL_15313046
138	Homo sapiens	2022-08-15	Nepal 	BA.2.75.1	EPI_ISL_15313024
138	Homo sapiens	2022-08-16	Nepal 	BA.5.2.1	EPI_ISL_15313038
138	Homo sapiens	2022-08-15	Nepal 	BM.2	EPI_ISL_15313043
137	Homo sapiens	2022-08-14	Nepal 	BM.3	EPI_ISL_15313041
141	Homo sapiens	2022-09-11	Nepal 	BL.1	EPI_ISL_15313061
141	Homo sapiens	2022-09-11	Nepal 	BM.1.1.3	EPI_ISL_15313062
135	Homo sapiens	2022-07-30	Nepal 	BA.2.76	EPI_ISL_15313018
137	Homo sapiens	2022-08-14	Nepal 	BA.2.75.1	EPI_ISL_15313039
141	Homo sapiens	2022-09-11	Nepal 	BA.2.75	EPI_ISL_15313017
141	Homo sapiens	2022-09-08	Nepal 	BA.2.75.5	EPI_ISL_15313016
136	Homo sapiens	2022-08-03	Nepal 	BA.2	EPI_ISL_15313036
136	Homo sapiens	2022-08-05	Nepal 	BA.2.75	EPI_ISL_15313037
140	Homo sapiens	2022-09-04	Nepal 	BA.2.75.1	EPI_ISL_15313059
135	Homo sapiens	2022-07-29	Nepal 	BA.2.75.3	EPI_ISL_15430083
142	Homo sapiens	2022-09-17	Nepal 	BA.2.75.1	EPI_ISL_15430100
143	Homo sapiens	2022-09-25	Nepal 	BM.1.1.3	EPI_ISL_15430075
144	Homo sapiens	2022-09-28	Nepal 	BM.1.1.3	EPI_ISL_15430079
142	Homo sapiens	2022-09-15	Nepal 	CA.3	EPI_ISL_15430098
145	Homo sapiens	2022-10-09	Nepal 	XBB.1	EPI_ISL_15430077
142	Homo sapiens	2022-09-15	Nepal 	BA.2.75.1	EPI_ISL_15430099
144	Homo sapiens	2022-09-30	Nepal 	BM.1.1.3	EPI_ISL_15430076
141	Homo sapiens	2022-09-05	Nepal 	BA.2.75.7	EPI_ISL_15430111
143	Homo sapiens	2022-09-25	Nepal 	BM.1.1.1	EPI_ISL_15430074
141	Homo sapiens	2022-09-10	Nepal 	BM.1.1.3	EPI_ISL_15430090
142	Homo sapiens	2022-09-18	Nepal 	CA.3	EPI_ISL_15430117
142	Homo sapiens	2022-09-18	Nepal 	CA.3	EPI_ISL_15430101
143	Homo sapiens	2022-09-20	Nepal 	BA.2	EPI_ISL_15430095
145	Homo sapiens	2022-10-09	Nepal 	XBB.3	EPI_ISL_15430078
137	Homo sapiens	2022-08-14	Nepal 	BL.3	EPI_ISL_15430087
141	Homo sapiens	2022-09-10	Nepal 	BF.3	EPI_ISL_15430112
142	Homo sapiens	2022-09-12	Nepal 	BL.1	EPI_ISL_15430092
137	Homo sapiens	2022-08-14	Nepal 	BA.2.75.1	EPI_ISL_15430088
134	Homo sapiens	2022-07-20	Nepal 	BA.5.2	EPI_ISL_15430080
143	Homo sapiens	2022-09-20	Nepal 	BM.4.1.1	EPI_ISL_15430094
143	Homo sapiens	2022-09-22	Nepal 	BM.5	EPI_ISL_15430096
137	Homo sapiens	2022-08-13	Nepal 	BL.3	EPI_ISL_15430086
140	Homo sapiens	2022-09-03	Nepal 	BA.2.75.1	EPI_ISL_15430110
142	Homo sapiens	2022-09-18	Nepal 	BA.2.75.2	EPI_ISL_15430103
140	Homo sapiens	2022-09-02	Nepal 	BA.2.75.1	EPI_ISL_15430107
134	Homo sapiens	2022-07-20	Nepal 	BA.2.76	EPI_ISL_15430106
136	Homo sapiens	2022-08-06	Nepal 	BA.2.75.3	EPI_ISL_15430084
135	Homo sapiens	2022-07-28	Nepal 	BA.2.75.3	EPI_ISL_15430082
140	Homo sapiens	2022-09-03	Nepal 	BA.2.75.1	EPI_ISL_15430109
144	Homo sapiens	2022-09-30	Nepal 	BM.1.1.3	EPI_ISL_15920404
145	Homo sapiens	2022-10-09	Nepal 	BM.1.1.3	EPI_ISL_15920392
142	Homo sapiens	2022-09-15	Nepal 	BL.3	EPI_ISL_15920394
142	Homo sapiens	2022-09-13	Nepal 	BM.1.1.3	EPI_ISL_15920396
141	Homo sapiens	2022-09-11	Nepal 	CA.3	EPI_ISL_15920398
141	Homo sapiens	2022-09-07	Nepal 	CA.3	EPI_ISL_15920399
135	Homo sapiens	2022-07-27	Nepal 	BL.4	EPI_ISL_15920381
143	Homo sapiens	2022-09-19	Nepal 	CA.3	EPI_ISL_15920385
143	Homo sapiens	2022-09-20	Nepal 	BL.1	EPI_ISL_15920386
143	Homo sapiens	2022-09-20	Nepal 	CA.3	EPI_ISL_15920387
143	Homo sapiens	2022-09-21	Nepal 	BY.1	EPI_ISL_15920388
143	Homo sapiens	2022-09-21	Nepal 	BM.1.1.1	EPI_ISL_15920401
147	Homo sapiens	2022-10-22	Nepal 	BN.1.2	EPI_ISL_15920402
149	Homo sapiens	2022-11-06	Nepal 	BM.1.1.3	EPI_ISL_15920406
143	Homo sapiens	2022-09-25	Nepal 	BM.4.1.1	EPI_ISL_15920407
142	Homo sapiens	2022-09-17	Nepal 	BM.1.1.3	EPI_ISL_15920409
143	Homo sapiens	2022-09-25	Nepal 	BM.1.1.3	EPI_ISL_15920400
145	Homo sapiens	2022-10-03	Nepal 	BA.2	EPI_ISL_15920403
144	Homo sapiens	2022-10-02	Nepal 	BM.1.1.3	EPI_ISL_15920405
144	Homo sapiens	2022-09-27	Nepal 	BY.1	EPI_ISL_15920390
144	Homo sapiens	2022-09-29	Nepal 	BM.1.1.3	EPI_ISL_15920391
146	Homo sapiens	2022-10-13	Nepal 	BM.1.1.3	EPI_ISL_15920380
137	Homo sapiens	2022-08-12	Nepal 	BA.2.38.3	EPI_ISL_15920383
143	Homo sapiens	2022-09-22	Nepal 	BM.1.1.3	EPI_ISL_15920393
137	Homo sapiens	2022-08-12	Nepal 	BA.2.38.3	EPI_ISL_15920382
142	Homo sapiens	2022-09-13	Nepal 	XBH	EPI_ISL_15920395
142	Homo sapiens	2022-09-12	Nepal 	BL.2	EPI_ISL_15920397
143	Homo sapiens	2022-09-23	Nepal 	BA.2.75.3	EPI_ISL_15920389
100	Homo sapiens	2021-11-24	Nepal 	B.1.617.2	OQ788177.1
99	Homo sapiens	2021-11-21	Nepal 	B.1.617.2	OQ788178.1
