87	Homo sapiens	2021-08-25	Nicaragua	AY.113	EPI_ISL_9159784
87	Homo sapiens	2021-08-25	Nicaragua	AY.113	EPI_ISL_9159785
87	Homo sapiens	2021-08-25	Nicaragua	AY.75	EPI_ISL_9159787
87	Homo sapiens	2021-08-23	Nicaragua	P.1	EPI_ISL_9159773
86	Homo sapiens	2021-08-22	Nicaragua	AY.113	EPI_ISL_9159802
86	Homo sapiens	2021-08-22	Nicaragua	AY.113	EPI_ISL_9159800
86	Homo sapiens	2021-08-22	Nicaragua	AY.113	EPI_ISL_9159826
86	Homo sapiens	2021-08-22	Nicaragua	AY.113	EPI_ISL_9159803
86	Homo sapiens	2021-08-22	Nicaragua	A.2.5.2	EPI_ISL_9159815
86	Homo sapiens	2021-08-22	Nicaragua	AY.113	EPI_ISL_9159816
86	Homo sapiens	2021-08-22	Nicaragua	AY.113	EPI_ISL_9159817
86	Homo sapiens	2021-08-22	Nicaragua	AY.113	EPI_ISL_9159827
86	Homo sapiens	2021-08-22	Nicaragua	P.1.2	EPI_ISL_9159818
86	Homo sapiens	2021-08-22	Nicaragua	AY.113	EPI_ISL_9159829
86	Homo sapiens	2021-08-22	Nicaragua	AY.113	EPI_ISL_9159825
86	Homo sapiens	2021-08-22	Nicaragua	AY.113	EPI_ISL_9159824
86	Homo sapiens	2021-08-22	Nicaragua	AY.113	EPI_ISL_9159794
86	Homo sapiens	2021-08-22	Nicaragua	A.2.5.2	EPI_ISL_9159791
86	Homo sapiens	2021-08-22	Nicaragua	AY.113	EPI_ISL_9159792
86	Homo sapiens	2021-08-22	Nicaragua	AY.113	EPI_ISL_9159805
86	Homo sapiens	2021-08-21	Nicaragua	AY.113	EPI_ISL_9159797
86	Homo sapiens	2021-08-21	Nicaragua	P.1	EPI_ISL_9159795
86	Homo sapiens	2021-08-21	Nicaragua	AY.113	EPI_ISL_9159801
86	Homo sapiens	2021-08-21	Nicaragua	AY.113	EPI_ISL_9159804
86	Homo sapiens	2021-08-21	Nicaragua	AY.113	EPI_ISL_9159812
86	Homo sapiens	2021-08-21	Nicaragua	AY.113	EPI_ISL_9159808
86	Homo sapiens	2021-08-21	Nicaragua	A.2.5.2	EPI_ISL_9159810
86	Homo sapiens	2021-08-21	Nicaragua	AY.113	EPI_ISL_9159819
86	Homo sapiens	2021-08-21	Nicaragua	AY.113	EPI_ISL_9159822
86	Homo sapiens	2021-08-21	Nicaragua	AY.113	EPI_ISL_9159814
86	Homo sapiens	2021-08-21	Nicaragua	AY.75	EPI_ISL_9159813
86	Homo sapiens	2021-08-21	Nicaragua	AY.113	EPI_ISL_9159820
86	Homo sapiens	2021-08-21	Nicaragua	A.2.5	EPI_ISL_9159823
86	Homo sapiens	2021-08-21	Nicaragua	B.1.1.7	EPI_ISL_9159806
86	Homo sapiens	2021-08-21	Nicaragua	AY.113	EPI_ISL_9159807
86	Homo sapiens	2021-08-19	Nicaragua	AY.113	EPI_ISL_9159831
86	Homo sapiens	2021-08-19	Nicaragua	P.1	EPI_ISL_9159830
86	Homo sapiens	2021-08-19	Nicaragua	AY.113	EPI_ISL_9159832
86	Homo sapiens	2021-08-17	Nicaragua	AY.113	EPI_ISL_9159777
86	Homo sapiens	2021-08-17	Nicaragua	P.1	EPI_ISL_9159772
86	Homo sapiens	2021-08-16	Nicaragua	AY.113	EPI_ISL_9159774
86	Homo sapiens	2021-08-16	Nicaragua	AY.113	EPI_ISL_9159761
86	Homo sapiens	2021-08-16	Nicaragua	AY.113	EPI_ISL_9159771
85	Homo sapiens	2021-08-15	Nicaragua	AY.113	EPI_ISL_9159828
85	Homo sapiens	2021-08-15	Nicaragua	AY.113	EPI_ISL_9159760
85	Homo sapiens	2021-08-13	Nicaragua	AY.113	EPI_ISL_9159766
85	Homo sapiens	2021-08-13	Nicaragua	AY.113	EPI_ISL_9159752
85	Homo sapiens	2021-08-13	Nicaragua	AY.113	EPI_ISL_9159754
85	Homo sapiens	2021-08-13	Nicaragua	AY.113	EPI_ISL_9159762
85	Homo sapiens	2021-08-12	Nicaragua	AY.113	EPI_ISL_9159765
85	Homo sapiens	2021-08-12	Nicaragua	AY.113	EPI_ISL_9159672
85	Homo sapiens	2021-08-12	Nicaragua	AY.113	EPI_ISL_9159751
85	Homo sapiens	2021-08-12	Nicaragua	AY.113	EPI_ISL_9159756
85	Homo sapiens	2021-08-12	Nicaragua	A.2.5	EPI_ISL_9159764
85	Homo sapiens	2021-08-11	Nicaragua	AY.113	EPI_ISL_9159744
85	Homo sapiens	2021-08-11	Nicaragua	AY.113	EPI_ISL_9159743
85	Homo sapiens	2021-08-11	Nicaragua	AY.122	EPI_ISL_9159738
85	Homo sapiens	2021-08-11	Nicaragua	AY.113	EPI_ISL_9159739
85	Homo sapiens	2021-08-11	Nicaragua	AY.113	EPI_ISL_9159742
85	Homo sapiens	2021-08-11	Nicaragua	AY.113	EPI_ISL_9159658
85	Homo sapiens	2021-08-10	Nicaragua	AY.113	EPI_ISL_9159757
85	Homo sapiens	2021-08-10	Nicaragua	A.2.5.2	EPI_ISL_9159746
85	Homo sapiens	2021-08-10	Nicaragua	AY.113	EPI_ISL_9159745
84	Homo sapiens	2021-08-08	Nicaragua	P.1	EPI_ISL_9159749
84	Homo sapiens	2021-08-08	Nicaragua	AY.113	EPI_ISL_9159750
84	Homo sapiens	2021-08-07	Nicaragua	AY.113	EPI_ISL_9159955
84	Homo sapiens	2021-08-07	Nicaragua	P.1	EPI_ISL_9159748
84	Homo sapiens	2021-08-06	Nicaragua	AY.113	EPI_ISL_9159735
84	Homo sapiens	2021-08-05	Nicaragua	AY.75	EPI_ISL_9159736
84	Homo sapiens	2021-08-05	Nicaragua	AY.113	EPI_ISL_9159725
84	Homo sapiens	2021-08-05	Nicaragua	AY.113	EPI_ISL_9159778
84	Homo sapiens	2021-08-04	Nicaragua	A.2.5	EPI_ISL_9159628
84	Homo sapiens	2021-08-04	Nicaragua	P.1.7	EPI_ISL_9159723
84	Homo sapiens	2021-08-04	Nicaragua	AY.113	EPI_ISL_9159728
84	Homo sapiens	2021-08-04	Nicaragua	AY.75	EPI_ISL_9159781
84	Homo sapiens	2021-08-03	Nicaragua	AY.113	EPI_ISL_9159724
84	Homo sapiens	2021-08-03	Nicaragua	AY.113	EPI_ISL_9159753
84	Homo sapiens	2021-08-03	Nicaragua	P.1	EPI_ISL_9159631
84	Homo sapiens	2021-08-03	Nicaragua	AY.103	EPI_ISL_9159758
84	Homo sapiens	2021-08-02	Nicaragua	AY.113	EPI_ISL_9159729
84	Homo sapiens	2021-08-02	Nicaragua	AY.113	EPI_ISL_9159799
84	Homo sapiens	2021-08-02	Nicaragua	P.1	EPI_ISL_9159726
83	Homo sapiens	2021-08-01	Nicaragua	AY.39	EPI_ISL_9159719
83	Homo sapiens	2021-08-01	Nicaragua	AY.113	EPI_ISL_9159732
83	Homo sapiens	2021-08-01	Nicaragua	AY.113	EPI_ISL_9159715
83	Homo sapiens	2021-08-01	Nicaragua	AY.113	EPI_ISL_9159737
83	Homo sapiens	2021-08-01	Nicaragua	AY.113	EPI_ISL_9159747
83	Homo sapiens	2021-08-01	Nicaragua	P.1	EPI_ISL_9159717
83	Homo sapiens	2021-08-01	Nicaragua	AY.113	EPI_ISL_9159718
83	Homo sapiens	2021-07-31	Nicaragua	AY.113	EPI_ISL_9159730
83	Homo sapiens	2021-07-31	Nicaragua	A.2.5	EPI_ISL_9159844
83	Homo sapiens	2021-07-30	Nicaragua	A.2.5	EPI_ISL_9159691
83	Homo sapiens	2021-07-29	Nicaragua	P.1	EPI_ISL_9159674
83	Homo sapiens	2021-07-28	Nicaragua	AY.113	EPI_ISL_9159706
83	Homo sapiens	2021-07-28	Nicaragua	AY.113	EPI_ISL_9159711
83	Homo sapiens	2021-07-28	Nicaragua	A.2.5.2	EPI_ISL_9159689
83	Homo sapiens	2021-07-28	Nicaragua	A.2.5	EPI_ISL_9159694
83	Homo sapiens	2021-07-28	Nicaragua	A.2.5.2	EPI_ISL_9159710
83	Homo sapiens	2021-07-27	Nicaragua	P.1	EPI_ISL_9159714
83	Homo sapiens	2021-07-27	Nicaragua	A.2.5	EPI_ISL_9159708
83	Homo sapiens	2021-07-27	Nicaragua	A.2.5	EPI_ISL_9159677
83	Homo sapiens	2021-07-27	Nicaragua	AY.113	EPI_ISL_9159680
83	Homo sapiens	2021-07-27	Nicaragua	A.2.5	EPI_ISL_9159696
83	Homo sapiens	2021-07-27	Nicaragua	P.1.10	EPI_ISL_9159692
83	Homo sapiens	2021-07-27	Nicaragua	A.2.5.2	EPI_ISL_9159727
83	Homo sapiens	2021-07-27	Nicaragua	P.1	EPI_ISL_9160077
83	Homo sapiens	2021-07-26	Nicaragua	AY.113	EPI_ISL_9159707
83	Homo sapiens	2021-07-26	Nicaragua	A.2.5.2	EPI_ISL_9159687
83	Homo sapiens	2021-07-26	Nicaragua	A.2.5.2	EPI_ISL_9159701
83	Homo sapiens	2021-07-26	Nicaragua	AY.75	EPI_ISL_9159693
83	Homo sapiens	2021-07-26	Nicaragua	P.1.10	EPI_ISL_9159705
82	Homo sapiens	2021-07-25	Nicaragua	P.1	EPI_ISL_9159686
82	Homo sapiens	2021-07-25	Nicaragua	A.2.5.2	EPI_ISL_9159713
82	Homo sapiens	2021-07-24	Nicaragua	A.2.5.2	EPI_ISL_9159675
82	Homo sapiens	2021-07-24	Nicaragua	AY.113	EPI_ISL_9159673
82	Homo sapiens	2021-07-24	Nicaragua	AY.75	EPI_ISL_9159678
82	Homo sapiens	2021-07-24	Nicaragua	A.2.5	EPI_ISL_9159704
82	Homo sapiens	2021-07-23	Nicaragua	P.1	EPI_ISL_9159685
82	Homo sapiens	2021-07-23	Nicaragua	C.37	EPI_ISL_9159698
82	Homo sapiens	2021-07-23	Nicaragua	A.2.5.2	EPI_ISL_9159585
82	Homo sapiens	2021-07-21	Nicaragua	A.2.5.2	EPI_ISL_9159690
82	Homo sapiens	2021-07-21	Nicaragua	A.2.5.2	EPI_ISL_9159700
82	Homo sapiens	2021-07-19	Nicaragua	A.2.5.2	EPI_ISL_9159664
81	Homo sapiens	2021-07-18	Nicaragua	P.1	EPI_ISL_9159683
81	Homo sapiens	2021-07-16	Nicaragua	P.1	EPI_ISL_9159663
81	Homo sapiens	2021-07-16	Nicaragua	AY.113	EPI_ISL_9159662
81	Homo sapiens	2021-07-16	Nicaragua	A.2.5	EPI_ISL_9159928
81	Homo sapiens	2021-07-15	Nicaragua	A.2.5.2	EPI_ISL_9159665
81	Homo sapiens	2021-07-14	Nicaragua	A.2.5.2	EPI_ISL_9159661
81	Homo sapiens	2021-07-13	Nicaragua	A.2.5	EPI_ISL_9159657
81	Homo sapiens	2021-07-13	Nicaragua	A.2.5	EPI_ISL_9159656
81	Homo sapiens	2021-07-13	Nicaragua	P.1	EPI_ISL_9159587
81	Homo sapiens	2021-07-12	Nicaragua	A.2.5	EPI_ISL_9159965
81	Homo sapiens	2021-07-12	Nicaragua	P.1	EPI_ISL_9159930
81	Homo sapiens	2021-07-12	Nicaragua	A.2.5	EPI_ISL_9159613
80	Homo sapiens	2021-07-11	Nicaragua	A.2.5.2	EPI_ISL_9159592
80	Homo sapiens	2021-07-10	Nicaragua	A.2.5	EPI_ISL_9159591
80	Homo sapiens	2021-07-08	Nicaragua	A.2.5	EPI_ISL_9159731
80	Homo sapiens	2021-07-08	Nicaragua	AY.113	EPI_ISL_9159643
80	Homo sapiens	2021-07-08	Nicaragua	A.2.5	EPI_ISL_9160100
80	Homo sapiens	2021-07-08	Nicaragua	AY.113	EPI_ISL_9159767
80	Homo sapiens	2021-07-08	Nicaragua	A.2.5	EPI_ISL_9159589
80	Homo sapiens	2021-07-07	Nicaragua	A.2.5	EPI_ISL_9159666
80	Homo sapiens	2021-07-07	Nicaragua	AY.113	EPI_ISL_9159639
80	Homo sapiens	2021-07-06	Nicaragua	P.1	EPI_ISL_9159641
80	Homo sapiens	2021-07-06	Nicaragua	A.2.5.2	EPI_ISL_9159650
80	Homo sapiens	2021-07-06	Nicaragua	A.2.5.2	EPI_ISL_9159644
80	Homo sapiens	2021-07-06	Nicaragua	P.1.15	EPI_ISL_9159647
80	Homo sapiens	2021-07-06	Nicaragua	A.2.5.2	EPI_ISL_9160106
80	Homo sapiens	2021-07-05	Nicaragua	AY.113	EPI_ISL_9159651
80	Homo sapiens	2021-07-05	Nicaragua	P.1	EPI_ISL_9159668
80	Homo sapiens	2021-07-05	Nicaragua	P.1	EPI_ISL_9159649
80	Homo sapiens	2021-07-05	Nicaragua	A.2.5	EPI_ISL_9160094
80	Homo sapiens	2021-07-05	Nicaragua	P.1	EPI_ISL_9159638
79	Homo sapiens	2021-07-04	Nicaragua	AY.113	EPI_ISL_9159645
79	Homo sapiens	2021-07-04	Nicaragua	A.2.5	EPI_ISL_9159996
79	Homo sapiens	2021-07-02	Nicaragua	A.2.5	EPI_ISL_9160099
79	Homo sapiens	2021-06-30	Nicaragua	AY.75	EPI_ISL_9159648
79	Homo sapiens	2021-06-30	Nicaragua	AY.75	EPI_ISL_9159640
79	Homo sapiens	2021-06-29	Nicaragua	AY.113	EPI_ISL_9159646
79	Homo sapiens	2021-06-28	Nicaragua	AY.113	EPI_ISL_9159642
78	Homo sapiens	2021-06-26	Nicaragua	P.1.10	EPI_ISL_9159616
78	Homo sapiens	2021-06-26	Nicaragua	P.1.10	EPI_ISL_9159967
78	Homo sapiens	2021-06-25	Nicaragua	P.1	EPI_ISL_9160091
78	Homo sapiens	2021-06-24	Nicaragua	P.1	EPI_ISL_9159629
78	Homo sapiens	2021-06-24	Nicaragua	P.1	EPI_ISL_9159995
78	Homo sapiens	2021-06-24	Nicaragua	P.1	EPI_ISL_9159599
78	Homo sapiens	2021-06-23	Nicaragua	AY.113	EPI_ISL_9159618
78	Homo sapiens	2021-06-23	Nicaragua	P.1.10	EPI_ISL_9159606
78	Homo sapiens	2021-06-23	Nicaragua	A.2.5.2	EPI_ISL_9159608
78	Homo sapiens	2021-06-22	Nicaragua	P.1	EPI_ISL_9159594
78	Homo sapiens	2021-06-22	Nicaragua	A.2.5	EPI_ISL_9160075
78	Homo sapiens	2021-06-22	Nicaragua	P.1	EPI_ISL_9159600
78	Homo sapiens	2021-06-22	Nicaragua	A.2.5.2	EPI_ISL_9159611
78	Homo sapiens	2021-06-21	Nicaragua	A.2.5.2	EPI_ISL_9159596
78	Homo sapiens	2021-06-21	Nicaragua	A.2.5	EPI_ISL_9159602
78	Homo sapiens	2021-06-21	Nicaragua	P.1	EPI_ISL_9159720
78	Homo sapiens	2021-06-21	Nicaragua	A.2.5	EPI_ISL_9160090
78	Homo sapiens	2021-06-21	Nicaragua	A.2.5	EPI_ISL_9159622
78	Homo sapiens	2021-06-21	Nicaragua	A.2.5	EPI_ISL_9159609
77	Homo sapiens	2021-06-20	Nicaragua	A.2.5.2	EPI_ISL_9159615
77	Homo sapiens	2021-06-20	Nicaragua	P.1	EPI_ISL_9159652
77	Homo sapiens	2021-06-20	Nicaragua	A.2.5	EPI_ISL_9159619
77	Homo sapiens	2021-06-20	Nicaragua	A.2.5	EPI_ISL_9159610
77	Homo sapiens	2021-06-19	Nicaragua	A.2.5	EPI_ISL_9159604
77	Homo sapiens	2021-06-19	Nicaragua	A.2.5.2	EPI_ISL_9159617
77	Homo sapiens	2021-06-18	Nicaragua	A.2.5	EPI_ISL_9159603
77	Homo sapiens	2021-06-18	Nicaragua	A.2.5	EPI_ISL_9159595
77	Homo sapiens	2021-06-16	Nicaragua	A.2.5	EPI_ISL_9159623
77	Homo sapiens	2021-06-16	Nicaragua	A.2.5.2	EPI_ISL_9159598
77	Homo sapiens	2021-06-14	Nicaragua	A.2.5	EPI_ISL_9159659
76	Homo sapiens	2021-06-12	Nicaragua	A.2.5	EPI_ISL_9159621
76	Homo sapiens	2021-06-12	Nicaragua	A.2.5	EPI_ISL_9159601
76	Homo sapiens	2021-06-11	Nicaragua	A.2.5	EPI_ISL_9159655
76	Homo sapiens	2021-06-11	Nicaragua	A.2.5	EPI_ISL_9159866
76	Homo sapiens	2021-06-11	Nicaragua	A.2.5	EPI_ISL_9160078
76	Homo sapiens	2021-06-10	Nicaragua	A.2.5	EPI_ISL_9160097
76	Homo sapiens	2021-06-09	Nicaragua	A.2.5	EPI_ISL_9159632
76	Homo sapiens	2021-06-07	Nicaragua	P.1	EPI_ISL_9160015
75	Homo sapiens	2021-06-03	Nicaragua	A.2.5.2	EPI_ISL_9159946
75	Homo sapiens	2021-06-01	Nicaragua	A.2.5	EPI_ISL_9159635
74	Homo sapiens	2021-05-30	Nicaragua	A.2.5	EPI_ISL_9159987
74	Homo sapiens	2021-05-28	Nicaragua	C.37	EPI_ISL_9159997
74	Homo sapiens	2021-05-27	Nicaragua	A.2.5	EPI_ISL_9160014
74	Homo sapiens	2021-05-26	Nicaragua	A.2.5	EPI_ISL_9159660
74	Homo sapiens	2021-05-26	Nicaragua	A.2.5	EPI_ISL_9159634
74	Homo sapiens	2021-05-24	Nicaragua	A.2.5	EPI_ISL_9159654
73	Homo sapiens	2021-05-23	Nicaragua	A.2.5	EPI_ISL_9159630
73	Homo sapiens	2021-05-22	Nicaragua	A.2.5	EPI_ISL_9159653
73	Homo sapiens	2021-05-20	Nicaragua	A.2.5	EPI_ISL_9159697
73	Homo sapiens	2021-05-20	Nicaragua	A.2.5	EPI_ISL_9159959
73	Homo sapiens	2021-05-18	Nicaragua	A.2.5	EPI_ISL_9160016
72	Homo sapiens	2021-05-14	Nicaragua	A.2.5	EPI_ISL_9159986
72	Homo sapiens	2021-05-10	Nicaragua	C.37	EPI_ISL_9159612
71	Homo sapiens	2021-05-08	Nicaragua	A.2.5	EPI_ISL_9160071
71	Homo sapiens	2021-05-08	Nicaragua	A.2.5.2	EPI_ISL_9160070
71	Homo sapiens	2021-05-08	Nicaragua	A.2.5	EPI_ISL_9160072
71	Homo sapiens	2021-05-08	Nicaragua	A.2.5	EPI_ISL_9160074
71	Homo sapiens	2021-05-08	Nicaragua	A.2.5	EPI_ISL_9160069
71	Homo sapiens	2021-05-08	Nicaragua	A.2.5	EPI_ISL_9160068
71	Homo sapiens	2021-05-08	Nicaragua	A.2.5	EPI_ISL_9160067
71	Homo sapiens	2021-05-07	Nicaragua	A.2.5	EPI_ISL_9160058
71	Homo sapiens	2021-05-07	Nicaragua	A.2.5.2	EPI_ISL_9160057
71	Homo sapiens	2021-05-07	Nicaragua	A.2.5	EPI_ISL_9160059
71	Homo sapiens	2021-05-07	Nicaragua	A.2.5	EPI_ISL_9160060
71	Homo sapiens	2021-05-07	Nicaragua	A.2.5	EPI_ISL_9160061
71	Homo sapiens	2021-05-07	Nicaragua	A.2.5	EPI_ISL_9160062
71	Homo sapiens	2021-05-06	Nicaragua	A.2.5	EPI_ISL_9160051
71	Homo sapiens	2021-05-06	Nicaragua	A.2.5.2	EPI_ISL_9160050
71	Homo sapiens	2021-05-05	Nicaragua	A.2.5.2	EPI_ISL_9160046
71	Homo sapiens	2021-05-05	Nicaragua	A.2.5	EPI_ISL_9160047
71	Homo sapiens	2021-05-05	Nicaragua	A.2.5	EPI_ISL_9160048
71	Homo sapiens	2021-05-05	Nicaragua	A.2.5.2	EPI_ISL_9160045
71	Homo sapiens	2021-05-03	Nicaragua	A.2.5	EPI_ISL_9159972
71	Homo sapiens	2021-05-03	Nicaragua	A.2.5	EPI_ISL_9160049
70	Homo sapiens	2021-04-30	Nicaragua	A.2.5.2	EPI_ISL_9160042
70	Homo sapiens	2021-04-30	Nicaragua	A.2.5	EPI_ISL_9160052
70	Homo sapiens	2021-04-29	Nicaragua	A.2.5	EPI_ISL_9160025
70	Homo sapiens	2021-04-27	Nicaragua	A.2.5	EPI_ISL_9160033
69	Homo sapiens	2021-04-25	Nicaragua	A.2.5	EPI_ISL_9160082
69	Homo sapiens	2021-04-24	Nicaragua	P.1	EPI_ISL_9160012
69	Homo sapiens	2021-04-24	Nicaragua	P.1	EPI_ISL_9160013
69	Homo sapiens	2021-04-24	Nicaragua	A.2.5	EPI_ISL_9160030
69	Homo sapiens	2021-04-23	Nicaragua	A.2.5	EPI_ISL_9160032
69	Homo sapiens	2021-04-22	Nicaragua	A.2.5	EPI_ISL_9159593
69	Homo sapiens	2021-04-20	Nicaragua	P.1	EPI_ISL_9160005
69	Homo sapiens	2021-04-19	Nicaragua	A.2.5	EPI_ISL_9160007
69	Homo sapiens	2021-04-19	Nicaragua	A.2.5.2	EPI_ISL_9160010
69	Homo sapiens	2021-04-19	Nicaragua	A.2.5.2	EPI_ISL_9160006
68	Homo sapiens	2021-04-17	Nicaragua	A.2.5.2	EPI_ISL_9160009
68	Homo sapiens	2021-04-16	Nicaragua	A.2.5.2	EPI_ISL_9160003
68	Homo sapiens	2021-04-16	Nicaragua	A.2.5	EPI_ISL_9160008
68	Homo sapiens	2021-04-14	Nicaragua	A.2.5	EPI_ISL_9160004
67	Homo sapiens	2021-04-11	Nicaragua	A.2.5	EPI_ISL_9160101
67	Homo sapiens	2021-04-10	Nicaragua	A.2.5	EPI_ISL_9159990
67	Homo sapiens	2021-04-10	Nicaragua	A.2.5	EPI_ISL_9160000
67	Homo sapiens	2021-04-10	Nicaragua	A.2.5	EPI_ISL_9159999
67	Homo sapiens	2021-04-10	Nicaragua	A.2.5.2	EPI_ISL_9159998
67	Homo sapiens	2021-04-09	Nicaragua	A.2.5	EPI_ISL_9160087
67	Homo sapiens	2021-04-05	Nicaragua	A.2.5	EPI_ISL_9160001
66	Homo sapiens	2021-03-29	Nicaragua	A.2.5.2	EPI_ISL_9159994
65	Homo sapiens	2021-03-27	Nicaragua	A.2.5.2	EPI_ISL_9159993
65	Homo sapiens	2021-03-27	Nicaragua	A.2.5.2	EPI_ISL_9159992
65	Homo sapiens	2021-03-24	Nicaragua	A.2.5.2	EPI_ISL_9159991
65	Homo sapiens	2021-03-23	Nicaragua	B.1.1.328	EPI_ISL_9159982
65	Homo sapiens	2021-03-23	Nicaragua	A.2.5.2	EPI_ISL_9160017
65	Homo sapiens	2021-03-22	Nicaragua	B.1.1.328	EPI_ISL_9159989
64	Homo sapiens	2021-03-21	Nicaragua	B.1.1.328	EPI_ISL_9159985
64	Homo sapiens	2021-03-20	Nicaragua	A.2.5.2	EPI_ISL_9159988
64	Homo sapiens	2021-03-20	Nicaragua	A.2.5	EPI_ISL_9159983
64	Homo sapiens	2021-03-18	Nicaragua	B.1.1.328	EPI_ISL_9159979
64	Homo sapiens	2021-03-15	Nicaragua	B.1.1.328	EPI_ISL_9159978
64	Homo sapiens	2021-03-15	Nicaragua	A.2.5.2	EPI_ISL_9159980
63	Homo sapiens	2021-03-13	Nicaragua	B.1.1.328	EPI_ISL_9159981
63	Homo sapiens	2021-03-12	Nicaragua	B.1.1.328	EPI_ISL_9159977
63	Homo sapiens	2021-03-10	Nicaragua	B.1.1.328	EPI_ISL_9159973
63	Homo sapiens	2021-03-08	Nicaragua	A.2.5.2	EPI_ISL_9159733
62	Homo sapiens	2021-03-06	Nicaragua	B.1.1.328	EPI_ISL_9159974
61	Homo sapiens	2021-02-28	Nicaragua	A.2.5.2	EPI_ISL_9159968
61	Homo sapiens	2021-02-27	Nicaragua	B.1.1.328	EPI_ISL_9159963
61	Homo sapiens	2021-02-26	Nicaragua	B.1.1.328	EPI_ISL_9159971
61	Homo sapiens	2021-02-24	Nicaragua	B.1.1.328	EPI_ISL_9159964
61	Homo sapiens	2021-02-23	Nicaragua	B.1.1	EPI_ISL_9159962
60	Homo sapiens	2021-02-15	Nicaragua	B.1.1.328	EPI_ISL_9159953
60	Homo sapiens	2021-02-15	Nicaragua	A.2.5	EPI_ISL_9159956
59	Homo sapiens	2021-02-14	Nicaragua	B.1.1.328	EPI_ISL_9159954
59	Homo sapiens	2021-02-13	Nicaragua	A.2.5	EPI_ISL_9159949
59	Homo sapiens	2021-02-13	Nicaragua	A.2.5	EPI_ISL_9159957
59	Homo sapiens	2021-02-13	Nicaragua	B.1.429	EPI_ISL_9159948
59	Homo sapiens	2021-02-13	Nicaragua	B.1.429	EPI_ISL_9159952
59	Homo sapiens	2021-02-12	Nicaragua	A.2.5	EPI_ISL_9159958
59	Homo sapiens	2021-02-10	Nicaragua	B.1.1.328	EPI_ISL_9159944
59	Homo sapiens	2021-02-10	Nicaragua	A.2.5	EPI_ISL_9159950
59	Homo sapiens	2021-02-10	Nicaragua	B.1.1.328	EPI_ISL_9159943
59	Homo sapiens	2021-02-10	Nicaragua	B.1.1.328	EPI_ISL_9159947
59	Homo sapiens	2021-02-10	Nicaragua	B.1.1.328	EPI_ISL_9159951
59	Homo sapiens	2021-02-08	Nicaragua	B.1.1.328	EPI_ISL_9159945
58	Homo sapiens	2021-02-07	Nicaragua	B.1.1.328	EPI_ISL_9159941
58	Homo sapiens	2021-02-05	Nicaragua	B.1.1.328	EPI_ISL_9159942
58	Homo sapiens	2021-02-02	Nicaragua	B.1.1.328	EPI_ISL_9159940
58	Homo sapiens	2021-02-01	Nicaragua	B.1.1.328	EPI_ISL_9159969
57	Homo sapiens	2021-01-30	Nicaragua	B.1.1	EPI_ISL_9159939
57	Homo sapiens	2021-01-29	Nicaragua	B.1.1.328	EPI_ISL_9159938
57	Homo sapiens	2021-01-28	Nicaragua	B.1.429	EPI_ISL_9159931
57	Homo sapiens	2021-01-27	Nicaragua	B.1.1.328	EPI_ISL_9159935
57	Homo sapiens	2021-01-27	Nicaragua	B.1.1.328	EPI_ISL_9159936
57	Homo sapiens	2021-01-26	Nicaragua	A.2.5	EPI_ISL_9159934
57	Homo sapiens	2021-01-26	Nicaragua	B.1.1.328	EPI_ISL_9159937
57	Homo sapiens	2021-01-25	Nicaragua	B.1.1.328	EPI_ISL_9159932
57	Homo sapiens	2021-01-25	Nicaragua	B.1.1.328	EPI_ISL_9159933
56	Homo sapiens	2021-01-19	Nicaragua	B.1.1.328	EPI_ISL_9159627
55	Homo sapiens	2021-01-17	Nicaragua	A.2.5.2	EPI_ISL_9159926
55	Homo sapiens	2021-01-17	Nicaragua	B.1.1.328	EPI_ISL_9159925
55	Homo sapiens	2021-01-15	Nicaragua	B.1.1.328	EPI_ISL_9159923
55	Homo sapiens	2021-01-15	Nicaragua	B.1.1.328	EPI_ISL_9159924
55	Homo sapiens	2021-01-12	Nicaragua	B.1.1.328	EPI_ISL_9159919
55	Homo sapiens	2021-01-12	Nicaragua	B.1.1.328	EPI_ISL_9159922
55	Homo sapiens	2021-01-12	Nicaragua	B.1.1.328	EPI_ISL_9159920
55	Homo sapiens	2021-01-12	Nicaragua	B.1.1.328	EPI_ISL_9159921
55	Homo sapiens	2021-01-11	Nicaragua	B.1.1.328	EPI_ISL_9159917
54	Homo sapiens	2021-01-10	Nicaragua	B.1	EPI_ISL_9159916
54	Homo sapiens	2021-01-09	Nicaragua	B.1.1.328	EPI_ISL_9159911
54	Homo sapiens	2021-01-09	Nicaragua	B.1.1.328	EPI_ISL_9159914
54	Homo sapiens	2021-01-09	Nicaragua	B.1	EPI_ISL_9159913
54	Homo sapiens	2021-01-08	Nicaragua	AY.113	EPI_ISL_9159734
54	Homo sapiens	2021-01-04	Nicaragua	B.1.1.328	EPI_ISL_9159909
54	Homo sapiens	2021-01-04	Nicaragua	B.1.1.328	EPI_ISL_9159910
54	Homo sapiens	2021-01-04	Nicaragua	B.1.1.328	EPI_ISL_9159908
53	Homo sapiens	2020-12-30	Nicaragua	B.1.1.328	EPI_ISL_9159904
53	Homo sapiens	2020-12-30	Nicaragua	A.2.5.2	EPI_ISL_9159905
53	Homo sapiens	2020-12-29	Nicaragua	B.1.1.328	EPI_ISL_9159900
53	Homo sapiens	2020-12-29	Nicaragua	B.1.429	EPI_ISL_9159903
53	Homo sapiens	2020-12-28	Nicaragua	B.1.1.328	EPI_ISL_9159897
53	Homo sapiens	2020-12-28	Nicaragua	B.1.1.328	EPI_ISL_9159899
53	Homo sapiens	2020-12-28	Nicaragua	B.1.1.328	EPI_ISL_9159898
51	Homo sapiens	2020-12-16	Nicaragua	B.1.1.328	EPI_ISL_9159891
51	Homo sapiens	2020-12-16	Nicaragua	B.1.1.328	EPI_ISL_9159894
51	Homo sapiens	2020-12-16	Nicaragua	B.1.1.328	EPI_ISL_9159893
51	Homo sapiens	2020-12-16	Nicaragua	B.1.1.328	EPI_ISL_9159896
51	Homo sapiens	2020-12-16	Nicaragua	B.1.1.328	EPI_ISL_9159895
51	Homo sapiens	2020-12-16	Nicaragua	B.1.1.328	EPI_ISL_9159892
51	Homo sapiens	2020-12-15	Nicaragua	B.1.1.328	EPI_ISL_9159890
50	Homo sapiens	2020-12-09	Nicaragua	B.1.1.328	EPI_ISL_9159888
50	Homo sapiens	2020-12-09	Nicaragua	B.1.1.328	EPI_ISL_9159889
49	Homo sapiens	2020-11-30	Nicaragua	B.1.1.328	EPI_ISL_9159887
49	Homo sapiens	2020-11-30	Nicaragua	B.1.1.328	EPI_ISL_9159886
49	Homo sapiens	2020-11-30	Nicaragua	B.1.291	EPI_ISL_9159885
48	Homo sapiens	2020-11-29	Nicaragua	B.1.1	EPI_ISL_9159884
48	Homo sapiens	2020-11-24	Nicaragua	B.1	EPI_ISL_9159883
48	Homo sapiens	2020-11-23	Nicaragua	B.1.1.328	EPI_ISL_9159721
45	Homo sapiens	2020-11-07	Nicaragua	B.1.1.328	EPI_ISL_9159881
45	Homo sapiens	2020-11-07	Nicaragua	B.1.1.328	EPI_ISL_9159882
43	Homo sapiens	2020-10-23	Nicaragua	B.1.1.328	EPI_ISL_9159927
43	Homo sapiens	2020-10-23	Nicaragua	B.1.1.328	EPI_ISL_9159633
40	Homo sapiens	2020-10-02	Nicaragua	B.1.1.328	EPI_ISL_9159873
40	Homo sapiens	2020-09-29	Nicaragua	B.1.1.328	EPI_ISL_9159872
38	Homo sapiens	2020-09-18	Nicaragua	B.1.1.516	EPI_ISL_9159871
38	Homo sapiens	2020-09-18	Nicaragua	B.1.1.328	EPI_ISL_9159867
38	Homo sapiens	2020-09-18	Nicaragua	B.1.1.328	EPI_ISL_9159868
38	Homo sapiens	2020-09-18	Nicaragua	B.1.1.328	EPI_ISL_9159869
37	Homo sapiens	2020-09-09	Nicaragua	B.1.1	EPI_ISL_9160105
35	Homo sapiens	2020-08-27	Nicaragua	B.1.1.328	EPI_ISL_9159864
35	Homo sapiens	2020-08-27	Nicaragua	B.1	EPI_ISL_9159863
34	Homo sapiens	2020-08-17	Nicaragua	B.1.1.516	EPI_ISL_9159850
31	Homo sapiens	2020-08-02	Nicaragua	B.1.1.516	EPI_ISL_9159590
31	Homo sapiens	2020-07-31	Nicaragua	B.1.439	EPI_ISL_9159846
29	Homo sapiens	2020-07-15	Nicaragua	B.1.1	EPI_ISL_9159838
28	Homo sapiens	2020-07-07	Nicaragua	B.1.1.328	EPI_ISL_9159837
27	Homo sapiens	2020-07-03	Nicaragua	B.1.1	EPI_ISL_9159834
27	Homo sapiens	2020-07-03	Nicaragua	B.1	EPI_ISL_9159833
27	Homo sapiens	2020-07-03	Nicaragua	B.1.1.328	EPI_ISL_9159835
27	Homo sapiens	2020-07-01	Nicaragua	B.1.1.516	EPI_ISL_9159783
27	Homo sapiens	2020-06-29	Nicaragua	B.1.291	EPI_ISL_9160002
26	Homo sapiens	2020-06-23	Nicaragua	B.1.291	EPI_ISL_9159671
26	Homo sapiens	2020-06-23	Nicaragua	B.1.291	EPI_ISL_9159669
26	Homo sapiens	2020-06-23	Nicaragua	B.1.1	EPI_ISL_9159670
25	Homo sapiens	2020-06-21	Nicaragua	B.1.291	EPI_ISL_9159667
25	Homo sapiens	2020-06-20	Nicaragua	B.1.1	EPI_ISL_9159929
25	Homo sapiens	2020-06-19	Nicaragua	B.1.291	EPI_ISL_9159636
25	Homo sapiens	2020-06-17	Nicaragua	B.1.1.516	EPI_ISL_9159626
25	Homo sapiens	2020-06-17	Nicaragua	B.1.1	EPI_ISL_9159624
25	Homo sapiens	2020-06-15	Nicaragua	B.1.291	EPI_ISL_9160103
24	Homo sapiens	2020-06-11	Nicaragua	B.1.291	EPI_ISL_9160095
24	Homo sapiens	2020-06-11	Nicaragua	B.1.439	EPI_ISL_9160096
24	Homo sapiens	2020-06-10	Nicaragua	B.1.1	EPI_ISL_9160092
24	Homo sapiens	2020-06-10	Nicaragua	B.1.439	EPI_ISL_9160093
24	Homo sapiens	2020-06-09	Nicaragua	B.1.291	EPI_ISL_9159637
23	Homo sapiens	2020-06-05	Nicaragua	B.1	EPI_ISL_9160080
23	Homo sapiens	2020-06-04	Nicaragua	B.1.1.516	EPI_ISL_9160079
23	Homo sapiens	2020-06-02	Nicaragua	B.1	EPI_ISL_9160063
23	Homo sapiens	2020-06-02	Nicaragua	B.1.1	EPI_ISL_9160066
19	Homo sapiens	2020-05-07	Nicaragua	B.1.1	EPI_ISL_9159875
19	Homo sapiens	2020-05-07	Nicaragua	B.1.291	EPI_ISL_9159876
19	Homo sapiens	2020-05-07	Nicaragua	B.1	EPI_ISL_9159878
19	Homo sapiens	2020-05-04	Nicaragua	B.1	EPI_ISL_9159858
19	Homo sapiens	2020-05-04	Nicaragua	B.1	EPI_ISL_9159856
19	Homo sapiens	2020-05-04	Nicaragua	B.1	EPI_ISL_9159852
19	Homo sapiens	2020-05-04	Nicaragua	B.1.1	EPI_ISL_9159851
19	Homo sapiens	2020-05-04	Nicaragua	B.1	EPI_ISL_9159853
19	Homo sapiens	2020-05-04	Nicaragua	B.1	EPI_ISL_9159855
19	Homo sapiens	2020-05-04	Nicaragua	B.1	EPI_ISL_9159859
19	Homo sapiens	2020-05-04	Nicaragua	B.1.1	EPI_ISL_9159860
19	Homo sapiens	2020-05-04	Nicaragua	B.1	EPI_ISL_9159861
19	Homo sapiens	2020-05-04	Nicaragua	B.1.439	EPI_ISL_9159862
18	Homo sapiens	2020-04-27	Nicaragua	B.1	EPI_ISL_9159843
18	Homo sapiens	2020-04-27	Nicaragua	B.1.291	EPI_ISL_9159842
18	Homo sapiens	2020-04-27	Nicaragua	B.1	EPI_ISL_9159841
17	Homo sapiens	2020-04-21	Nicaragua	B.1.1	EPI_ISL_9159768
17	Homo sapiens	2020-04-21	Nicaragua	B.1	EPI_ISL_9159798
17	Homo sapiens	2020-04-21	Nicaragua	B.1	EPI_ISL_9159779
16	Homo sapiens	2020-04-15	Nicaragua	B.1.439	EPI_ISL_9160089
16	Homo sapiens	2020-04-14	Nicaragua	B.1.1.516	EPI_ISL_9160085
16	Homo sapiens	2020-04-14	Nicaragua	B.1.1.516	EPI_ISL_9160086
16	Homo sapiens	2020-04-14	Nicaragua	B.1.439	EPI_ISL_9160083
15	Homo sapiens	2020-04-11	Nicaragua	B.1.439	EPI_ISL_9159966
15	Homo sapiens	2020-04-08	Nicaragua	B.1.439	EPI_ISL_9159879
14	Homo sapiens	2020-04-03	Nicaragua	B.1	EPI_ISL_9159865
14	Homo sapiens	2020-03-31	Nicaragua	B.1	EPI_ISL_9159849
14	Homo sapiens	2020-03-31	Nicaragua	A.3	EPI_ISL_9159848
14	Homo sapiens	2020-03-30	Nicaragua	A.3	EPI_ISL_9159847
14	Homo sapiens	2020-03-30	Nicaragua	B.1	EPI_ISL_9159845
13	Homo sapiens	2020-03-27	Nicaragua	B.1	EPI_ISL_9159840
13	Homo sapiens	2020-03-26	Nicaragua	B.1	EPI_ISL_9159839
13	Homo sapiens	2020-03-25	Nicaragua	B.1	EPI_ISL_9159586
13	Homo sapiens	2020-03-25	Nicaragua	B.1	EPI_ISL_9159836
13	Homo sapiens	2020-03-25	Nicaragua	B.1	EPI_ISL_9160088
13	Homo sapiens	2020-03-25	Nicaragua	B.1	EPI_ISL_9160084
13	Homo sapiens	2020-03-24	Nicaragua	A.2.4	EPI_ISL_9159790
13	Homo sapiens	2020-03-24	Nicaragua	A.2.4	EPI_ISL_9159809
13	Homo sapiens	2020-03-23	Nicaragua	B.1.1.10	EPI_ISL_9159722
85	Homo sapiens	2021-08-13	Nicaragua	AY.113	EPI_ISL_10281001
83	Homo sapiens	2021-07-28	Nicaragua	B.1.621	EPI_ISL_10280997
84	Homo sapiens	2021-08-03	Nicaragua	AY.113	EPI_ISL_10280998
86	Homo sapiens	2021-08-21	Nicaragua	A.2.5	EPI_ISL_10281007
66	Homo sapiens	2021-04-01	Nicaragua	A.2.5	EPI_ISL_10281020
64	Homo sapiens	2021-03-19	Nicaragua	A.2.5	EPI_ISL_10281017
65	Homo sapiens	2021-03-24	Nicaragua	A.2.5	EPI_ISL_10281019
19	Homo sapiens	2020-05-04	Nicaragua	B.1.1	EPI_ISL_10281011
87	Homo sapiens	2021-08-25	Nicaragua	A.2.5.2	EPI_ISL_10281010
64	Homo sapiens	2021-03-19	Nicaragua	A.2.5	EPI_ISL_10281016
70	Homo sapiens	2021-04-27	Nicaragua	A.2.5	EPI_ISL_10281014
61	Homo sapiens	2021-02-23	Nicaragua	A.2.5	EPI_ISL_10281015
59	Homo sapiens	2021-02-11	Nicaragua	A.2.5	EPI_ISL_10281013
64	Homo sapiens	2021-03-15	Nicaragua	A.2.5	EPI_ISL_10281018
68	Homo sapiens	2021-04-17	Nicaragua	A.2.5	EPI_ISL_10281022
69	Homo sapiens	2021-04-25	Nicaragua	A.2.5	EPI_ISL_10281027
68	Homo sapiens	2021-04-15	Nicaragua	A.2.5	EPI_ISL_10281024
69	Homo sapiens	2021-04-24	Nicaragua	A.2.5	EPI_ISL_10281026
65	Homo sapiens	2021-03-26	Nicaragua	A.2.5	EPI_ISL_10281031
69	Homo sapiens	2021-04-21	Nicaragua	A.2.5	EPI_ISL_10281025
78	Homo sapiens	2021-06-25	Nicaragua	A.2.5	EPI_ISL_10281032
85	Homo sapiens	2021-08-11	Nicaragua	B.1.110.3	EPI_ISL_10280988
77	Homo sapiens	2021-06-20	Nicaragua	A.2.5	EPI_ISL_10280987
77	Homo sapiens	2021-06-17	Nicaragua	A.2.5	EPI_ISL_10280986
78	Homo sapiens	2021-06-25	Nicaragua	A.2.5	EPI_ISL_10280985
70	Homo sapiens	2021-04-27	Nicaragua	A.2.5	EPI_ISL_10280991
84	Homo sapiens	2021-08-05	Nicaragua	AY.113	EPI_ISL_10280999
83	Homo sapiens	2021-07-26	Nicaragua	B.1.621	EPI_ISL_10280996
82	Homo sapiens	2021-07-19	Nicaragua	A.2.5	EPI_ISL_10280994
79	Homo sapiens	2021-07-04	Nicaragua	A.2.5.2	EPI_ISL_10280990
86	Homo sapiens	2021-08-22	Nicaragua	AY.113	EPI_ISL_10281008
84	Homo sapiens	2021-08-05	Nicaragua	AY.113	EPI_ISL_10281000
87	Homo sapiens	2021-08-25	Nicaragua	B.1.621	EPI_ISL_10281005
86	Homo sapiens	2021-08-22	Nicaragua	AY.113	EPI_ISL_10281004
85	Homo sapiens	2021-08-13	Nicaragua	XB	EPI_ISL_10281003
86	Homo sapiens	2021-08-22	Nicaragua	AY.113	EPI_ISL_10281006
136	Homo sapiens	2022-08-02	Nicaragua	BA.5.2.1	EPI_ISL_15238449
154	Homo sapiens	2022-12-05	Nicaragua	XBB.1	EPI_ISL_17062298
153	Homo sapiens	2022-12-04	Nicaragua	XBB.1	EPI_ISL_17062295
154	Homo sapiens	2022-12-06	Nicaragua	XBB.1	EPI_ISL_17062309
154	Homo sapiens	2022-12-06	Nicaragua	BA.5.2.23	EPI_ISL_17062310
154	Homo sapiens	2022-12-08	Nicaragua	XBB.1	EPI_ISL_17062342
154	Homo sapiens	2022-12-07	Nicaragua	XBB.1	EPI_ISL_17062328
154	Homo sapiens	2022-12-08	Nicaragua	XBB.1	EPI_ISL_17062336
153	Homo sapiens	2022-12-04	Nicaragua	XBB.1	EPI_ISL_17062294
