66	Homo sapiens	2021-04-01	Niger 	B.1.525	EPI_ISL_2188484
66	Homo sapiens	2021-04-01	Niger 	B.1.525	EPI_ISL_2188485
66	Homo sapiens	2021-04-01	Niger 	B.1.525	EPI_ISL_2188486
66	Homo sapiens	2021-04-01	Niger 	B.1.525	EPI_ISL_2188488
66	Homo sapiens	2021-04-01	Niger 	B.1.525	EPI_ISL_2188489
56	Homo sapiens	2021-01-22	Niger 	B.1.1.359	EPI_ISL_2835625
56	Homo sapiens	2021-01-19	Niger 	B.1.1.1	EPI_ISL_2835629
56	Homo sapiens	2021-01-19	Niger 	B.1.1.1	EPI_ISL_2835630
56	Homo sapiens	2021-01-19	Niger 	B.1.597	EPI_ISL_2835631
56	Homo sapiens	2021-01-19	Niger 	B.1.597	EPI_ISL_2835627
56	Homo sapiens	2021-01-19	Niger 	B.1.597	EPI_ISL_2835628
54	Homo sapiens	2021-01-09	Niger 	B.1.1	EPI_ISL_2835632
54	Homo sapiens	2021-01-09	Niger 	B.1.1.7	EPI_ISL_2835624
52	Homo sapiens	2020-12-26	Niger 	B.1.160	EPI_ISL_2835633
52	Homo sapiens	2020-12-24	Niger 	A	EPI_ISL_2835638
49	Homo sapiens	2020-12-04	Niger 	B.1.1.1	EPI_ISL_2835634
49	Homo sapiens	2020-12-04	Niger 	A	EPI_ISL_2835636
49	Homo sapiens	2020-12-04	Niger 	A	EPI_ISL_2835637
48	Homo sapiens	2020-11-27	Niger 	A	EPI_ISL_2835635
19	Homo sapiens	2020-05-08	Niger 	A	EPI_ISL_2835640
19	Homo sapiens	2020-05-05	Niger 	B.1.1.1	EPI_ISL_2835639
13	Homo sapiens	2020-03-25	Niger 	A	EPI_ISL_2835623
13	Homo sapiens	2020-03-25	Niger 	A	EPI_ISL_2835622
56	Homo sapiens	2021-01-22	Niger 	B.1.1.359	EPI_ISL_3804264
56	Homo sapiens	2021-01-19	Niger 	B.1.597	EPI_ISL_3804268
56	Homo sapiens	2021-01-19	Niger 	B.1.1.1	EPI_ISL_3804274
56	Homo sapiens	2021-01-19	Niger 	B.1.597	EPI_ISL_3804276
56	Homo sapiens	2021-01-19	Niger 	B.1.597	EPI_ISL_3804270
56	Homo sapiens	2021-01-19	Niger 	B.1.1.1	EPI_ISL_3804272
54	Homo sapiens	2021-01-09	Niger 	B.1.1	EPI_ISL_3804278
54	Homo sapiens	2021-01-09	Niger 	B.1.1.7	EPI_ISL_3804262
52	Homo sapiens	2020-12-26	Niger 	B.1.160	EPI_ISL_3804280
52	Homo sapiens	2020-12-24	Niger 	A	EPI_ISL_3804289
49	Homo sapiens	2020-12-04	Niger 	A	EPI_ISL_3804286
49	Homo sapiens	2020-12-04	Niger 	A	EPI_ISL_3804288
49	Homo sapiens	2020-12-04	Niger 	B.1.1.1	EPI_ISL_3804282
48	Homo sapiens	2020-11-27	Niger 	A	EPI_ISL_3804284
19	Homo sapiens	2020-05-08	Niger 	A	EPI_ISL_3804293
19	Homo sapiens	2020-05-05	Niger 	B.1.1.1	EPI_ISL_3804291
13	Homo sapiens	2020-03-25	Niger 	A	EPI_ISL_3804258
13	Homo sapiens	2020-03-25	Niger 	A	EPI_ISL_3804260
58	Homo sapiens	2021-02-01	Niger 	A.27	EPI_ISL_3804035
56	Homo sapiens	2021-01-21	Niger 	A.27	EPI_ISL_3804057
56	Homo sapiens	2021-01-19	Niger 	A.27	EPI_ISL_3804056
54	Homo sapiens	2021-01-06	Niger 	A.27	EPI_ISL_3804064
53	Homo sapiens	2020-12-31	Niger 	A.27	EPI_ISL_3804063
52	Homo sapiens	2020-12-26	Niger 	A.27	EPI_ISL_3804020
52	Homo sapiens	2020-12-26	Niger 	A.27	EPI_ISL_3804021
52	Homo sapiens	2020-12-26	Niger 	A.27	EPI_ISL_3804022
52	Homo sapiens	2020-12-26	Niger 	A.27	EPI_ISL_3804059
52	Homo sapiens	2020-12-26	Niger 	A.27	EPI_ISL_3804060
52	Homo sapiens	2020-12-26	Niger 	A.27	EPI_ISL_3804062
52	Homo sapiens	2020-12-24	Niger 	A.27	EPI_ISL_3804033
52	Homo sapiens	2020-12-22	Niger 	A.27	EPI_ISL_3804032
51	Homo sapiens	2020-12-17	Niger 	A.27	EPI_ISL_3804068
51	Homo sapiens	2020-12-16	Niger 	A.27	EPI_ISL_3804031
51	Homo sapiens	2020-12-16	Niger 	A.27	EPI_ISL_3804030
49	Homo sapiens	2020-12-05	Niger 	A.27	EPI_ISL_3804019
49	Homo sapiens	2020-12-04	Niger 	A	EPI_ISL_3804067
49	Homo sapiens	2020-12-01	Niger 	A.27	EPI_ISL_3804025
49	Homo sapiens	2020-12-01	Niger 	A.27	EPI_ISL_3804026
49	Homo sapiens	2020-11-30	Niger 	A.27	EPI_ISL_3804023
48	Homo sapiens	2020-11-27	Niger 	A.27	EPI_ISL_3804066
12	Homo sapiens	2020-03-22	Niger 	A	EPI_ISL_2281794
01	Homo sapiens	2020-01-01	Niger 	B.1	EPI_ISL_3804266
79	Homo sapiens	2021-07-01	Niger 	AY.70	EPI_ISL_6101930
