63	Homo sapiens	2021-03-14	Northern Mariana Islands	B.1.2	EPI_ISL_1516188
63	Homo sapiens	2021-03-14	Northern Mariana Islands	B.1.2	EPI_ISL_1516189
63	Homo sapiens	2021-03-13	Northern Mariana Islands	B.1.2	EPI_ISL_1516192
63	Homo sapiens	2021-03-13	Northern Mariana Islands	B.1.2	EPI_ISL_1516193
63	Homo sapiens	2021-03-13	Northern Mariana Islands	B.1.2	EPI_ISL_1516191
63	Homo sapiens	2021-03-13	Northern Mariana Islands	B.1.2	EPI_ISL_1516194
63	Homo sapiens	2021-03-13	Northern Mariana Islands	B.1.2	EPI_ISL_1516196
63	Homo sapiens	2021-03-13	Northern Mariana Islands	B.1.2	EPI_ISL_1516195
63	Homo sapiens	2021-03-13	Northern Mariana Islands	B.1.2	EPI_ISL_1516190
97	Homo sapiens	2021-11-02	Northern Mariana Islands	AY.25	EPI_ISL_6811159
97	Homo sapiens	2021-11-01	Northern Mariana Islands	AY.25	EPI_ISL_6811132
97	Homo sapiens	2021-11-01	Northern Mariana Islands	AY.25	EPI_ISL_6811135
97	Homo sapiens	2021-11-01	Northern Mariana Islands	AY.25	EPI_ISL_6811151
97	Homo sapiens	2021-11-01	Northern Mariana Islands	AY.25	EPI_ISL_6811120
97	Homo sapiens	2021-11-01	Northern Mariana Islands	AY.25	EPI_ISL_6811129
97	Homo sapiens	2021-11-01	Northern Mariana Islands	AY.25	EPI_ISL_6811128
96	Homo sapiens	2021-10-31	Northern Mariana Islands	AY.25	EPI_ISL_6811103
96	Homo sapiens	2021-10-31	Northern Mariana Islands	AY.25	EPI_ISL_6811100
96	Homo sapiens	2021-10-31	Northern Mariana Islands	AY.25	EPI_ISL_6811101
96	Homo sapiens	2021-10-29	Northern Mariana Islands	AY.25	EPI_ISL_6811084
96	Homo sapiens	2021-10-29	Northern Mariana Islands	AY.100	EPI_ISL_6811086
96	Homo sapiens	2021-10-29	Northern Mariana Islands	AY.25	EPI_ISL_6811087
96	Homo sapiens	2021-10-29	Northern Mariana Islands	AY.25	EPI_ISL_6811081
96	Homo sapiens	2021-10-29	Northern Mariana Islands	AY.25	EPI_ISL_6811083
96	Homo sapiens	2021-10-28	Northern Mariana Islands	AY.25	EPI_ISL_6811059
96	Homo sapiens	2021-10-28	Northern Mariana Islands	AY.25	EPI_ISL_6811058
96	Homo sapiens	2021-10-28	Northern Mariana Islands	AY.25	EPI_ISL_6811062
96	Homo sapiens	2021-10-28	Northern Mariana Islands	AY.25	EPI_ISL_6811063
96	Homo sapiens	2021-10-28	Northern Mariana Islands	AY.25	EPI_ISL_6811061
96	Homo sapiens	2021-10-28	Northern Mariana Islands	AY.25	EPI_ISL_6811068
96	Homo sapiens	2021-10-28	Northern Mariana Islands	AY.25	EPI_ISL_6811076
96	Homo sapiens	2021-10-28	Northern Mariana Islands	AY.25	EPI_ISL_6811071
96	Homo sapiens	2021-10-28	Northern Mariana Islands	AY.25	EPI_ISL_6811072
96	Homo sapiens	2021-10-28	Northern Mariana Islands	AY.25	EPI_ISL_6811078
55	Homo sapiens	2021-01-16	Northern Mariana Islands	B.1.429	EPI_ISL_3353788
53	Homo sapiens	2021-01-02	Northern Mariana Islands	B.1.369	EPI_ISL_3353664
50	Homo sapiens	2020-12-08	Northern Mariana Islands	B.1.2	EPI_ISL_3353715
49	Homo sapiens	2020-12-05	Northern Mariana Islands	B.1	EPI_ISL_3353702
49	Homo sapiens	2020-12-05	Northern Mariana Islands	B.1.2	EPI_ISL_3353712
46	Homo sapiens	2020-11-14	Northern Mariana Islands	B.1.243	EPI_ISL_3353694
46	Homo sapiens	2020-11-09	Northern Mariana Islands	B.1.361	EPI_ISL_3353668
46	Homo sapiens	2020-11-09	Northern Mariana Islands	B.1.243	EPI_ISL_3353711
45	Homo sapiens	2020-11-05	Northern Mariana Islands	B.1.1.207	EPI_ISL_3353703
44	Homo sapiens	2020-10-26	Northern Mariana Islands	B.1.243	EPI_ISL_3353669
44	Homo sapiens	2020-10-26	Northern Mariana Islands	B.1	EPI_ISL_3353680
44	Homo sapiens	2020-10-26	Northern Mariana Islands	B.1.243	EPI_ISL_3353700
43	Homo sapiens	2020-10-20	Northern Mariana Islands	B.1.2	EPI_ISL_3353683
42	Homo sapiens	2020-10-17	Northern Mariana Islands	B.1.243	EPI_ISL_3353709
42	Homo sapiens	2020-10-15	Northern Mariana Islands	B.1	EPI_ISL_3353666
41	Homo sapiens	2020-10-10	Northern Mariana Islands	B.1	EPI_ISL_3353698
41	Homo sapiens	2020-10-05	Northern Mariana Islands	B.1	EPI_ISL_3353674
41	Homo sapiens	2020-10-05	Northern Mariana Islands	B.1.243	EPI_ISL_3353679
39	Homo sapiens	2020-09-26	Northern Mariana Islands	B.1	EPI_ISL_3353706
36	Homo sapiens	2020-09-05	Northern Mariana Islands	B.1.243	EPI_ISL_3353671
34	Homo sapiens	2020-08-17	Northern Mariana Islands	B.1	EPI_ISL_3353670
32	Homo sapiens	2020-08-03	Northern Mariana Islands	B.1.426	EPI_ISL_3353691
29	Homo sapiens	2020-07-14	Northern Mariana Islands	B.1	EPI_ISL_3353686
29	Homo sapiens	2020-07-14	Northern Mariana Islands	B.1	EPI_ISL_3353695
29	Homo sapiens	2020-07-14	Northern Mariana Islands	B.1	EPI_ISL_3353705
28	Homo sapiens	2020-07-11	Northern Mariana Islands	B.1	EPI_ISL_3353667
28	Homo sapiens	2020-07-11	Northern Mariana Islands	B.1.385	EPI_ISL_3353713
27	Homo sapiens	2020-07-02	Northern Mariana Islands	B.1.1.440	EPI_ISL_3353697
115	Homo sapiens	2022-03-12	Northern Mariana Islands	BA.2.3	EPI_ISL_12507541
115	Homo sapiens	2022-03-11	Northern Mariana Islands	BA.2.3	EPI_ISL_12507538
115	Homo sapiens	2022-03-12	Northern Mariana Islands	BA.2.3	EPI_ISL_12507544
115	Homo sapiens	2022-03-12	Northern Mariana Islands	BA.2.3.17	EPI_ISL_12507542
115	Homo sapiens	2022-03-13	Northern Mariana Islands	BA.2.3.17	EPI_ISL_12507551
116	Homo sapiens	2022-03-14	Northern Mariana Islands	BA.2.3.17	EPI_ISL_12507567
116	Homo sapiens	2022-03-14	Northern Mariana Islands	BA.2.3.17	EPI_ISL_12507563
116	Homo sapiens	2022-03-14	Northern Mariana Islands	BA.2.3.17	EPI_ISL_12507573
116	Homo sapiens	2022-03-14	Northern Mariana Islands	BA.2.3.17	EPI_ISL_12507557
116	Homo sapiens	2022-03-14	Northern Mariana Islands	BA.2.3.17	EPI_ISL_12507574
116	Homo sapiens	2022-03-14	Northern Mariana Islands	BA.2.3	EPI_ISL_12507564
116	Homo sapiens	2022-03-14	Northern Mariana Islands	BA.2.3	EPI_ISL_12507565
116	Homo sapiens	2022-03-14	Northern Mariana Islands	BA.2.3	EPI_ISL_12507566
116	Homo sapiens	2022-03-14	Northern Mariana Islands	BA.2.3.17	EPI_ISL_12507588
116	Homo sapiens	2022-03-14	Northern Mariana Islands	BA.2.3	EPI_ISL_12507569
116	Homo sapiens	2022-03-14	Northern Mariana Islands	BA.2.3.17	EPI_ISL_12507572
116	Homo sapiens	2022-03-14	Northern Mariana Islands	BA.2.3.17	EPI_ISL_12507576
116	Homo sapiens	2022-03-14	Northern Mariana Islands	BA.2.3	EPI_ISL_12507577
116	Homo sapiens	2022-03-14	Northern Mariana Islands	BA.2.3	EPI_ISL_12507579
116	Homo sapiens	2022-03-14	Northern Mariana Islands	BA.2.3	EPI_ISL_12507587
116	Homo sapiens	2022-03-15	Northern Mariana Islands	BA.2	EPI_ISL_12507595
116	Homo sapiens	2022-03-14	Northern Mariana Islands	BA.2.3	EPI_ISL_12507590
116	Homo sapiens	2022-03-15	Northern Mariana Islands	BA.2.3	EPI_ISL_12507601
116	Homo sapiens	2022-03-15	Northern Mariana Islands	BA.2.3	EPI_ISL_12507604
116	Homo sapiens	2022-03-15	Northern Mariana Islands	BA.2.3.17	EPI_ISL_12507603
115	Homo sapiens	2022-03-11	Northern Mariana Islands	BA.2.3	EPI_ISL_12507522
115	Homo sapiens	2022-03-11	Northern Mariana Islands	BA.2.3.17	EPI_ISL_12507525
115	Homo sapiens	2022-03-11	Northern Mariana Islands	BA.2.3.17	EPI_ISL_12507528
115	Homo sapiens	2022-03-13	Northern Mariana Islands	BA.2.3.17	EPI_ISL_12507549
115	Homo sapiens	2022-03-11	Northern Mariana Islands	BA.2.3	EPI_ISL_12507535
116	Homo sapiens	2022-03-14	Northern Mariana Islands	BA.2.3	EPI_ISL_12507581
116	Homo sapiens	2022-03-14	Northern Mariana Islands	BA.2.3	EPI_ISL_12507580
116	Homo sapiens	2022-03-14	Northern Mariana Islands	BA.2.3.17	EPI_ISL_12507585
115	Homo sapiens	2022-03-12	Northern Mariana Islands	BA.2.3.17	EPI_ISL_12507539
115	Homo sapiens	2022-03-13	Northern Mariana Islands	BA.2.3.17	EPI_ISL_12507547
116	Homo sapiens	2022-03-14	Northern Mariana Islands	BA.2.3	EPI_ISL_12507586
115	Homo sapiens	2022-03-13	Northern Mariana Islands	BA.2.3.17	EPI_ISL_12507550
115	Homo sapiens	2022-03-13	Northern Mariana Islands	BA.2.3	EPI_ISL_12507554
116	Homo sapiens	2022-03-14	Northern Mariana Islands	BA.2.3.17	EPI_ISL_12507578
116	Homo sapiens	2022-03-14	Northern Mariana Islands	BA.2.3	EPI_ISL_12507583
116	Homo sapiens	2022-03-15	Northern Mariana Islands	BA.2.3	EPI_ISL_12507596
116	Homo sapiens	2022-03-15	Northern Mariana Islands	BA.2.3	EPI_ISL_12507602
116	Homo sapiens	2022-03-14	Northern Mariana Islands	BA.2.3	EPI_ISL_12507589
116	Homo sapiens	2022-03-14	Northern Mariana Islands	BA.2.3.17	EPI_ISL_12507592
116	Homo sapiens	2022-03-15	Northern Mariana Islands	BA.2.3	EPI_ISL_12507597
116	Homo sapiens	2022-03-14	Northern Mariana Islands	BA.2.3	EPI_ISL_12507591
116	Homo sapiens	2022-03-15	Northern Mariana Islands	BA.2.3	EPI_ISL_12507605
115	Homo sapiens	2022-03-11	Northern Mariana Islands	BA.2.3.17	EPI_ISL_12507524
115	Homo sapiens	2022-03-11	Northern Mariana Islands	BA.2.3	EPI_ISL_12507530
115	Homo sapiens	2022-03-13	Northern Mariana Islands	BA.2.3	EPI_ISL_12507552
115	Homo sapiens	2022-03-11	Northern Mariana Islands	BA.2.3.17	EPI_ISL_12507537
115	Homo sapiens	2022-03-11	Northern Mariana Islands	BA.2.3	EPI_ISL_12507533
115	Homo sapiens	2022-03-11	Northern Mariana Islands	BA.2.3.17	EPI_ISL_12507531
115	Homo sapiens	2022-03-12	Northern Mariana Islands	BA.2.3.17	EPI_ISL_12507545
116	Homo sapiens	2022-03-14	Northern Mariana Islands	BA.2.3	EPI_ISL_12507570
116	Homo sapiens	2022-03-14	Northern Mariana Islands	BA.2.3.12	EPI_ISL_12507562
115	Homo sapiens	2022-03-13	Northern Mariana Islands	BA.2.3.17	EPI_ISL_12507553
115	Homo sapiens	2022-03-11	Northern Mariana Islands	BA.2.3	EPI_ISL_12507536
115	Homo sapiens	2022-03-11	Northern Mariana Islands	BA.2.3	EPI_ISL_12507529
115	Homo sapiens	2022-03-13	Northern Mariana Islands	BA.2.3.17	EPI_ISL_12507546
115	Homo sapiens	2022-03-11	Northern Mariana Islands	BA.2.3	EPI_ISL_12507532
115	Homo sapiens	2022-03-13	Northern Mariana Islands	BA.2.3.17	EPI_ISL_12507556
116	Homo sapiens	2022-03-14	Northern Mariana Islands	BA.2.3	EPI_ISL_12507559
115	Homo sapiens	2022-03-11	Northern Mariana Islands	BA.2.3.17	EPI_ISL_12507527
115	Homo sapiens	2022-03-12	Northern Mariana Islands	BA.2.3	EPI_ISL_12507540
116	Homo sapiens	2022-03-14	Northern Mariana Islands	BA.2.3.17	EPI_ISL_12507561
115	Homo sapiens	2022-03-13	Northern Mariana Islands	BA.2.3.17	EPI_ISL_12507548
116	Homo sapiens	2022-03-14	Northern Mariana Islands	BA.2.3.17	EPI_ISL_12507558
116	Homo sapiens	2022-03-14	Northern Mariana Islands	BA.2.3	EPI_ISL_12507584
115	Homo sapiens	2022-03-11	Northern Mariana Islands	BA.2.3.17	EPI_ISL_12507534
115	Homo sapiens	2022-03-11	Northern Mariana Islands	BA.2.3	EPI_ISL_12507523
115	Homo sapiens	2022-03-11	Northern Mariana Islands	BA.2.3.17	EPI_ISL_12507526
115	Homo sapiens	2022-03-12	Northern Mariana Islands	BA.2.3	EPI_ISL_12507543
116	Homo sapiens	2022-03-15	Northern Mariana Islands	BA.2.3.17	EPI_ISL_12507606
116	Homo sapiens	2022-03-14	Northern Mariana Islands	BA.2.3.17	EPI_ISL_12507568
148	Homo sapiens	2022-10-25	Northern Mariana Islands	BE.1.1	EPI_ISL_15916502
149	Homo sapiens	2022-11-06	Northern Mariana Islands	BN.1.3	EPI_ISL_16183965
156	Homo sapiens	2022-12-19	Northern Mariana Islands	BQ.1.1	EPI_ISL_16650489
155	Homo sapiens	2022-12-17	Northern Mariana Islands	CM.8.1	EPI_ISL_16650487
154	Homo sapiens	2022-12-08	Northern Mariana Islands	BQ.1	EPI_ISL_16650433
150	Homo sapiens	2022-11-09	Northern Mariana Islands	BE.1.1	EPI_ISL_16736162
156	Homo sapiens	2022-12-23	Northern Mariana Islands	BQ.1.1	EPI_ISL_16736262
156	Homo sapiens	2022-12-22	Northern Mariana Islands	CM.8.1	EPI_ISL_16736251
157	Homo sapiens	2023-01-01	Northern Mariana Islands	BQ.1.1.13	EPI_ISL_16757225
162	Homo sapiens	2023-01-31	Northern Mariana Islands	CM.8.1	EPI_ISL_17062055
162	Homo sapiens	2023-02-01	Northern Mariana Islands	CM.8.1	EPI_ISL_17127229
163	Homo sapiens	2023-02-07	Northern Mariana Islands	BQ.1.1.24	EPI_ISL_17127257
163	Homo sapiens	2023-02-09	Northern Mariana Islands	BQ.1.1	EPI_ISL_17186182
165	Homo sapiens	2023-02-21	Northern Mariana Islands	BN.1.2	EPI_ISL_17305548
165	Homo sapiens	2023-02-21	Northern Mariana Islands	CM.8.1	EPI_ISL_17305530
166	Homo sapiens	2023-02-28	Northern Mariana Islands	XBB.1.5	EPI_ISL_17342733
168	Homo sapiens	2023-03-14	Northern Mariana Islands	XBB.1.5	EPI_ISL_17472915
