26	Homo sapiens	2020-06-26	North Macedonia	B.1.1	EPI_ISL_492075
26	Homo sapiens	2020-06-25	North Macedonia	B.1.9.5	EPI_ISL_492076
26	Homo sapiens	2020-06-27	North Macedonia	B.1.1	EPI_ISL_492077
26	Homo sapiens	2020-06-27	North Macedonia	B.1.1.430	EPI_ISL_492078
26	Homo sapiens	2020-06-26	North Macedonia	B.1.1	EPI_ISL_492079
26	Homo sapiens	2020-06-26	North Macedonia	B.1.1	EPI_ISL_492080
26	Homo sapiens	2020-06-27	North Macedonia	B.1.1	EPI_ISL_492081
26	Homo sapiens	2020-06-25	North Macedonia	B.1.1	EPI_ISL_492082
26	Homo sapiens	2020-06-25	North Macedonia	B.1.1	EPI_ISL_492083
26	Homo sapiens	2020-06-25	North Macedonia	B.1.1	EPI_ISL_492084
26	Homo sapiens	2020-06-25	North Macedonia	B.1.1	EPI_ISL_492085
26	Homo sapiens	2020-06-25	North Macedonia	B.1	EPI_ISL_492086
23	Homo sapiens	2020-06-06	North Macedonia	B.1	EPI_ISL_516413
23	Homo sapiens	2020-06-06	North Macedonia	B.1.1.70	EPI_ISL_516414
24	Homo sapiens	2020-06-09	North Macedonia	B.1.1	EPI_ISL_516415
24	Homo sapiens	2020-06-09	North Macedonia	B.1.1.70	EPI_ISL_516416
24	Homo sapiens	2020-06-09	North Macedonia	B.1.1	EPI_ISL_516417
24	Homo sapiens	2020-06-10	North Macedonia	B.1.9.5	EPI_ISL_516418
24	Homo sapiens	2020-06-10	North Macedonia	B.1.1	EPI_ISL_516419
24	Homo sapiens	2020-06-10	North Macedonia	B.1.1	EPI_ISL_516420
24	Homo sapiens	2020-06-11	North Macedonia	B.1.1.430	EPI_ISL_516421
24	Homo sapiens	2020-06-12	North Macedonia	B.1.1	EPI_ISL_516422
24	Homo sapiens	2020-06-13	North Macedonia	B.1.1.430	EPI_ISL_516423
25	Homo sapiens	2020-06-17	North Macedonia	B.1.1	EPI_ISL_516424
25	Homo sapiens	2020-06-18	North Macedonia	B.1.1	EPI_ISL_516425
26	Homo sapiens	2020-06-25	North Macedonia	B.1	EPI_ISL_516426
26	Homo sapiens	2020-06-27	North Macedonia	B.1.1	EPI_ISL_516427
28	Homo sapiens	2020-07-08	North Macedonia	B.1	EPI_ISL_516428
29	Homo sapiens	2020-07-14	North Macedonia	B.1	EPI_ISL_516429
29	Homo sapiens	2020-07-14	North Macedonia	B.1.1	EPI_ISL_516430
30	Homo sapiens	2020-07-20	North Macedonia	B.1.1.70	EPI_ISL_516431
21	Homo sapiens	2020-05-20	North Macedonia	B.1.1	EPI_ISL_677674
23	Homo sapiens	2020-06-01	North Macedonia	B.1.1	EPI_ISL_677675
23	Homo sapiens	2020-06-03	North Macedonia	B.1	EPI_ISL_677676
23	Homo sapiens	2020-06-04	North Macedonia	B.1	EPI_ISL_677677
23	Homo sapiens	2020-06-04	North Macedonia	B.1.1	EPI_ISL_677700
23	Homo sapiens	2020-06-06	North Macedonia	B.1.1	EPI_ISL_677701
24	Homo sapiens	2020-06-10	North Macedonia	B.1.1	EPI_ISL_677702
24	Homo sapiens	2020-06-11	North Macedonia	B.1.1.70	EPI_ISL_677703
24	Homo sapiens	2020-06-11	North Macedonia	B.1.1.70	EPI_ISL_677704
24	Homo sapiens	2020-06-11	North Macedonia	B.1.1.70	EPI_ISL_677705
24	Homo sapiens	2020-06-11	North Macedonia	B.1.1	EPI_ISL_677706
25	Homo sapiens	2020-06-15	North Macedonia	B.1.1.70	EPI_ISL_677707
25	Homo sapiens	2020-06-18	North Macedonia	B.1.9.5	EPI_ISL_677708
26	Homo sapiens	2020-06-22	North Macedonia	B.1.1.70	EPI_ISL_677709
26	Homo sapiens	2020-06-22	North Macedonia	B.1.1	EPI_ISL_677710
26	Homo sapiens	2020-06-25	North Macedonia	B.1.1	EPI_ISL_677711
26	Homo sapiens	2020-06-25	North Macedonia	B.1.1.430	EPI_ISL_677712
26	Homo sapiens	2020-06-28	North Macedonia	B.1.1.430	EPI_ISL_677713
26	Homo sapiens	2020-06-28	North Macedonia	B.1.1.430	EPI_ISL_677714
28	Homo sapiens	2020-07-10	North Macedonia	B.1.1.70	EPI_ISL_677715
28	Homo sapiens	2020-07-10	North Macedonia	B.1	EPI_ISL_677716
30	Homo sapiens	2020-07-20	North Macedonia	B.1.1	EPI_ISL_677717
30	Homo sapiens	2020-07-21	North Macedonia	B.1.1.430	EPI_ISL_677718
31	Homo sapiens	2020-07-29	North Macedonia	B.1.1.70	EPI_ISL_677719
31	Homo sapiens	2020-07-29	North Macedonia	B.1.1.70	EPI_ISL_677720
31	Homo sapiens	2020-07-30	North Macedonia	B.1.1.70	EPI_ISL_677721
32	Homo sapiens	2020-08-04	North Macedonia	B.1.1	EPI_ISL_677722
32	Homo sapiens	2020-08-04	North Macedonia	B.1.1	EPI_ISL_677723
32	Homo sapiens	2020-08-05	North Macedonia	B.1.1	EPI_ISL_677724
32	Homo sapiens	2020-08-05	North Macedonia	C.35	EPI_ISL_677725
32	Homo sapiens	2020-08-05	North Macedonia	B.1.1	EPI_ISL_677726
32	Homo sapiens	2020-08-06	North Macedonia	B.1.1.70	EPI_ISL_678248
32	Homo sapiens	2020-08-06	North Macedonia	B.1.1.70	EPI_ISL_678249
33	Homo sapiens	2020-08-10	North Macedonia	B.1	EPI_ISL_678250
34	Homo sapiens	2020-08-18	North Macedonia	B.1.1.433	EPI_ISL_678251
34	Homo sapiens	2020-08-18	North Macedonia	B.1.1.70	EPI_ISL_678252
37	Homo sapiens	2020-09-07	North Macedonia	B.1.1	EPI_ISL_678253
37	Homo sapiens	2020-09-07	North Macedonia	B.1.1	EPI_ISL_678254
37	Homo sapiens	2020-09-07	North Macedonia	B.1.1	EPI_ISL_678255
37	Homo sapiens	2020-09-07	North Macedonia	B.1.1	EPI_ISL_678256
37	Homo sapiens	2020-09-09	North Macedonia	B.1.1.70	EPI_ISL_678257
37	Homo sapiens	2020-09-09	North Macedonia	B.1.1.430	EPI_ISL_678258
37	Homo sapiens	2020-09-09	North Macedonia	B.1.1.70	EPI_ISL_678259
37	Homo sapiens	2020-09-11	North Macedonia	B.1.1	EPI_ISL_678260
23	Homo sapiens	2020-06-05	North Macedonia	B.1	EPI_ISL_735395
40	Homo sapiens	2020-10-02	North Macedonia	B.1	EPI_ISL_909654
40	Homo sapiens	2020-10-02	North Macedonia	B.1.1.39	EPI_ISL_909736
41	Homo sapiens	2020-10-05	North Macedonia	B.1.1	EPI_ISL_909738
41	Homo sapiens	2020-10-05	North Macedonia	B.1.1.430	EPI_ISL_909739
41	Homo sapiens	2020-10-05	North Macedonia	B.1.1.39	EPI_ISL_909740
41	Homo sapiens	2020-10-06	North Macedonia	B.1.1.70	EPI_ISL_909742
41	Homo sapiens	2020-10-09	North Macedonia	B.1.1.39	EPI_ISL_909744
42	Homo sapiens	2020-10-13	North Macedonia	B.1.1.70	EPI_ISL_910326
42	Homo sapiens	2020-10-14	North Macedonia	B.1.1.70	EPI_ISL_910327
42	Homo sapiens	2020-10-15	North Macedonia	B.1.1.39	EPI_ISL_910328
43	Homo sapiens	2020-10-19	North Macedonia	B.1.1.430	EPI_ISL_910330
43	Homo sapiens	2020-10-19	North Macedonia	B.1.1.317	EPI_ISL_910333
23	Homo sapiens	2020-06-05	North Macedonia	B.1.1.70	EPI_ISL_735392
23	Homo sapiens	2020-06-05	North Macedonia	B.1.1	EPI_ISL_735393
23	Homo sapiens	2020-06-05	North Macedonia	B.1	EPI_ISL_735394
43	Homo sapiens	2020-10-21	North Macedonia	B.1.1	EPI_ISL_918486
43	Homo sapiens	2020-10-22	North Macedonia	B.1.236	EPI_ISL_918492
49	Homo sapiens	2020-12-04	North Macedonia	B.1.1.70	EPI_ISL_942961
49	Homo sapiens	2020-12-06	North Macedonia	B.1.1.58	EPI_ISL_942962
50	Homo sapiens	2020-12-08	North Macedonia	B.1.1.70	EPI_ISL_942963
50	Homo sapiens	2020-12-08	North Macedonia	B.1.1.70	EPI_ISL_942964
50	Homo sapiens	2020-12-09	North Macedonia	B.1.1.70	EPI_ISL_942965
50	Homo sapiens	2020-12-12	North Macedonia	B.1.1.70	EPI_ISL_942967
51	Homo sapiens	2020-12-14	North Macedonia	B.1.1.70	EPI_ISL_942968
51	Homo sapiens	2020-12-14	North Macedonia	B.1.1.70	EPI_ISL_942969
52	Homo sapiens	2020-12-21	North Macedonia	B.1.1.428	EPI_ISL_944777
52	Homo sapiens	2020-12-22	North Macedonia	B.1.1.70	EPI_ISL_944779
52	Homo sapiens	2020-12-22	North Macedonia	B.1.1.70	EPI_ISL_944786
54	Homo sapiens	2021-01-10	North Macedonia	B.1	EPI_ISL_944787
54	Homo sapiens	2021-01-09	North Macedonia	B.1.1.70	EPI_ISL_945547
54	Homo sapiens	2021-01-09	North Macedonia	B.1.1.70	EPI_ISL_946913
52	Homo sapiens	2020-12-23	North Macedonia	B.1.1.428	EPI_ISL_953939
52	Homo sapiens	2020-12-23	North Macedonia	B.1.1.428	EPI_ISL_954139
52	Homo sapiens	2020-12-23	North Macedonia	B.1.1.428	EPI_ISL_954141
52	Homo sapiens	2020-12-24	North Macedonia	B.1.1.70	EPI_ISL_954301
52	Homo sapiens	2020-12-24	North Macedonia	B.1.1.58	EPI_ISL_954745
55	Homo sapiens	2021-01-12	North Macedonia	B.1.258	EPI_ISL_954943
52	Homo sapiens	2020-12-24	North Macedonia	B.1.1.39	EPI_ISL_954746
52	Homo sapiens	2020-12-26	North Macedonia	B.1.1.70	EPI_ISL_956382
52	Homo sapiens	2020-12-26	North Macedonia	B.1.1.70	EPI_ISL_956383
53	Homo sapiens	2020-12-28	North Macedonia	B.1.1.39	EPI_ISL_956402
53	Homo sapiens	2020-12-28	North Macedonia	B.1.1.70	EPI_ISL_956403
37	Homo sapiens	2020-09-11	North Macedonia	B.1.1.70	EPI_ISL_956404
53	Homo sapiens	2021-01-02	North Macedonia	B.1.1.70	EPI_ISL_956405
55	Homo sapiens	2021-01-12	North Macedonia	B.1	EPI_ISL_956413
55	Homo sapiens	2021-01-12	North Macedonia	B.1.1.70	EPI_ISL_956416
53	Homo sapiens	2021-01-02	North Macedonia	B.1.1.70	EPI_ISL_956419
55	Homo sapiens	2021-01-12	North Macedonia	B.1	EPI_ISL_956420
54	Homo sapiens	2021-01-05	North Macedonia	B.1.1.70	EPI_ISL_956421
54	Homo sapiens	2021-01-06	North Macedonia	B.1.1.70	EPI_ISL_956668
54	Homo sapiens	2021-01-06	North Macedonia	B.1.1.70	EPI_ISL_957423
54	Homo sapiens	2021-01-07	North Macedonia	B.1.36	EPI_ISL_957966
54	Homo sapiens	2021-01-07	North Macedonia	B.1.1.70	EPI_ISL_958751
54	Homo sapiens	2021-01-10	North Macedonia	B.1.258	EPI_ISL_959285
55	Homo sapiens	2021-01-11	North Macedonia	B.1	EPI_ISL_959286
55	Homo sapiens	2021-01-13	North Macedonia	B.1.258	EPI_ISL_959287
55	Homo sapiens	2021-01-11	North Macedonia	B.1.1.70	EPI_ISL_959288
55	Homo sapiens	2021-01-11	North Macedonia	B.1.160	EPI_ISL_959289
55	Homo sapiens	2021-01-13	North Macedonia	B.1.177	EPI_ISL_959290
55	Homo sapiens	2021-01-11	North Macedonia	B.1.1.70	EPI_ISL_959291
55	Homo sapiens	2021-01-13	North Macedonia	B.1.258.17	EPI_ISL_959375
55	Homo sapiens	2021-01-13	North Macedonia	B.1.258.17	EPI_ISL_959376
55	Homo sapiens	2021-01-14	North Macedonia	B.1.1.39	EPI_ISL_959544
55	Homo sapiens	2021-01-15	North Macedonia	C.16	EPI_ISL_959546
55	Homo sapiens	2021-01-15	North Macedonia	B.1.258.17	EPI_ISL_962887
54	Homo sapiens	2021-01-09	North Macedonia	B.1.258.17	EPI_ISL_962889
55	Homo sapiens	2021-01-15	North Macedonia	B.1.1.70	EPI_ISL_962890
55	Homo sapiens	2021-01-15	North Macedonia	C.35	EPI_ISL_962893
55	Homo sapiens	2021-01-16	North Macedonia	B.1.1.428	EPI_ISL_962894
55	Homo sapiens	2021-01-17	North Macedonia	B.1.1.70	EPI_ISL_964881
55	Homo sapiens	2021-01-17	North Macedonia	B.1.1.58	EPI_ISL_964883
56	Homo sapiens	2021-01-18	North Macedonia	B.1.1.70	EPI_ISL_964950
56	Homo sapiens	2021-01-23	North Macedonia	B.1.1.70	EPI_ISL_965142
56	Homo sapiens	2021-01-23	North Macedonia	B.1.36	EPI_ISL_965147
55	Homo sapiens	2021-01-11	North Macedonia	B.1.1.7	EPI_ISL_940146
55	Homo sapiens	2021-01-14	North Macedonia	B.1.1.7	EPI_ISL_940157
55	Homo sapiens	2021-01-12	North Macedonia	B.1.177	EPI_ISL_1011754
55	Homo sapiens	2021-01-12	North Macedonia	B.1.1.70	EPI_ISL_1011755
55	Homo sapiens	2021-01-13	North Macedonia	B.1.1.70	EPI_ISL_1013097
55	Homo sapiens	2021-01-13	North Macedonia	B.1.236	EPI_ISL_1013098
55	Homo sapiens	2021-01-14	North Macedonia	B.1.177	EPI_ISL_1013450
55	Homo sapiens	2021-01-14	North Macedonia	B.1.1.70	EPI_ISL_1013451
55	Homo sapiens	2021-01-16	North Macedonia	B.1.1.58	EPI_ISL_1013521
55	Homo sapiens	2021-01-16	North Macedonia	B.1.1.428	EPI_ISL_1013522
55	Homo sapiens	2021-01-16	North Macedonia	B.1.1.70	EPI_ISL_1013583
56	Homo sapiens	2021-01-18	North Macedonia	B.1.1.70	EPI_ISL_1014762
56	Homo sapiens	2021-01-21	North Macedonia	B.1.1.70	EPI_ISL_1014763
56	Homo sapiens	2021-01-21	North Macedonia	B.1.1.70	EPI_ISL_1014765
56	Homo sapiens	2021-01-21	North Macedonia	B.1.1.70	EPI_ISL_1014766
56	Homo sapiens	2021-01-22	North Macedonia	B.1	EPI_ISL_1014912
56	Homo sapiens	2021-01-22	North Macedonia	B.1.258.17	EPI_ISL_1014933
56	Homo sapiens	2021-01-22	North Macedonia	B.1.1.7	EPI_ISL_1014934
57	Homo sapiens	2021-01-25	North Macedonia	B.1.406	EPI_ISL_1014938
57	Homo sapiens	2021-01-25	North Macedonia	B.1.258.17	EPI_ISL_1014939
56	Homo sapiens	2021-01-21	North Macedonia	B.1.1.70	EPI_ISL_1014764
57	Homo sapiens	2021-01-26	North Macedonia	B.1.429	EPI_ISL_1018102
57	Homo sapiens	2021-01-26	North Macedonia	B.1.177.44	EPI_ISL_1018103
57	Homo sapiens	2021-01-26	North Macedonia	B.1.1.70	EPI_ISL_1018104
57	Homo sapiens	2021-01-27	North Macedonia	B.1.1.70	EPI_ISL_1018105
57	Homo sapiens	2021-01-27	North Macedonia	B.1.1.7	EPI_ISL_1018106
57	Homo sapiens	2021-01-28	North Macedonia	B.1.1.7	EPI_ISL_1018107
57	Homo sapiens	2021-01-29	North Macedonia	B.1.258.17	EPI_ISL_1018109
57	Homo sapiens	2021-01-29	North Macedonia	B.1.1.39	EPI_ISL_1018111
57	Homo sapiens	2021-01-30	North Macedonia	B.1.1.7	EPI_ISL_1018113
57	Homo sapiens	2021-01-31	North Macedonia	B.1.1.70	EPI_ISL_1018117
58	Homo sapiens	2021-02-01	North Macedonia	B.1.1.70	EPI_ISL_1018218
58	Homo sapiens	2021-02-01	North Macedonia	B.1.1.58	EPI_ISL_1018219
57	Homo sapiens	2021-01-29	North Macedonia	B.1.1	EPI_ISL_1020131
57	Homo sapiens	2021-01-29	North Macedonia	B.1.1	EPI_ISL_1020134
57	Homo sapiens	2021-01-29	North Macedonia	B.1.1	EPI_ISL_1020138
57	Homo sapiens	2021-01-30	North Macedonia	B.1.1	EPI_ISL_1020141
57	Homo sapiens	2021-01-30	North Macedonia	B.1.1	EPI_ISL_1020143
57	Homo sapiens	2021-01-30	North Macedonia	B.1.1	EPI_ISL_1020146
54	Homo sapiens	2021-01-04	North Macedonia	B.1.1.7	EPI_ISL_1081837
53	Homo sapiens	2021-01-01	North Macedonia	B.1.258	EPI_ISL_1096335
53	Homo sapiens	2021-01-01	North Macedonia	B.1.258	EPI_ISL_1096336
54	Homo sapiens	2021-01-04	North Macedonia	B.1.258	EPI_ISL_1096337
54	Homo sapiens	2021-01-04	North Macedonia	B.1.1.7	EPI_ISL_1096338
56	Homo sapiens	2021-01-18	North Macedonia	B.1.1.7	EPI_ISL_1096339
49	Homo sapiens	2020-12-06	North Macedonia	B.1.1.39	EPI_ISL_1096340
47	Homo sapiens	2020-11-18	North Macedonia	B.1.258	EPI_ISL_1096341
53	Homo sapiens	2021-01-03	North Macedonia	B.1.1.70	EPI_ISL_1137611
53	Homo sapiens	2021-01-03	North Macedonia	B.1.1.70	EPI_ISL_1137612
54	Homo sapiens	2021-01-07	North Macedonia	B.1.36	EPI_ISL_1137614
54	Homo sapiens	2021-01-10	North Macedonia	B.1.146	EPI_ISL_1137620
55	Homo sapiens	2021-01-11	North Macedonia	B.1.258	EPI_ISL_1137622
55	Homo sapiens	2021-01-11	North Macedonia	B.1.221	EPI_ISL_1137623
55	Homo sapiens	2021-01-14	North Macedonia	B.1.258	EPI_ISL_1138222
55	Homo sapiens	2021-01-16	North Macedonia	B.1.258.17	EPI_ISL_1138406
56	Homo sapiens	2021-01-20	North Macedonia	B.1.1.7	EPI_ISL_1138410
57	Homo sapiens	2021-01-25	North Macedonia	B.1.258.17	EPI_ISL_1138412
57	Homo sapiens	2021-01-26	North Macedonia	B.1.258.17	EPI_ISL_1138423
57	Homo sapiens	2021-01-27	North Macedonia	B.1.258.17	EPI_ISL_1138424
58	Homo sapiens	2021-02-01	North Macedonia	B.1.1.7	EPI_ISL_1138743
58	Homo sapiens	2021-02-01	North Macedonia	B.1.258.17	EPI_ISL_1138744
58	Homo sapiens	2021-02-01	North Macedonia	B.1.1.428	EPI_ISL_1138748
58	Homo sapiens	2021-02-02	North Macedonia	B.1.1.7	EPI_ISL_1138751
58	Homo sapiens	2021-02-03	North Macedonia	B.1.258.17	EPI_ISL_1138752
58	Homo sapiens	2021-02-04	North Macedonia	B.1.1.58	EPI_ISL_1138753
58	Homo sapiens	2021-02-04	North Macedonia	B.1.258.17	EPI_ISL_1138754
58	Homo sapiens	2021-02-05	North Macedonia	B.1.258.17	EPI_ISL_1138756
58	Homo sapiens	2021-02-05	North Macedonia	B.1.258.17	EPI_ISL_1138757
58	Homo sapiens	2021-02-05	North Macedonia	AA.1	EPI_ISL_1138758
58	Homo sapiens	2021-02-05	North Macedonia	B.1.177	EPI_ISL_1138759
58	Homo sapiens	2021-02-05	North Macedonia	B.1.258.17	EPI_ISL_1138760
58	Homo sapiens	2021-02-07	North Macedonia	B.1.1.7	EPI_ISL_1140070
59	Homo sapiens	2021-02-08	North Macedonia	B.1.1.70	EPI_ISL_1140098
59	Homo sapiens	2021-02-08	North Macedonia	B.1.1.70	EPI_ISL_1140099
59	Homo sapiens	2021-02-08	North Macedonia	B.1.1.70	EPI_ISL_1140100
59	Homo sapiens	2021-02-08	North Macedonia	B.1.1.70	EPI_ISL_1140101
59	Homo sapiens	2021-02-08	North Macedonia	B.1.258.17	EPI_ISL_1140120
59	Homo sapiens	2021-02-09	North Macedonia	B.1.1	EPI_ISL_1140122
59	Homo sapiens	2021-02-09	North Macedonia	B.1.177	EPI_ISL_1140123
59	Homo sapiens	2021-02-10	North Macedonia	B.1.1.70	EPI_ISL_1140124
59	Homo sapiens	2021-02-11	North Macedonia	B.1.1.70	EPI_ISL_1140424
59	Homo sapiens	2021-02-11	North Macedonia	B.1.1.7	EPI_ISL_1140512
59	Homo sapiens	2021-02-11	North Macedonia	B.1.236	EPI_ISL_1140936
59	Homo sapiens	2021-02-12	North Macedonia	B.1	EPI_ISL_1141320
59	Homo sapiens	2021-02-12	North Macedonia	B.1.1.7	EPI_ISL_1141754
59	Homo sapiens	2021-02-12	North Macedonia	B.1.1.7	EPI_ISL_1142172
59	Homo sapiens	2021-02-12	North Macedonia	B.1.1.70	EPI_ISL_1142575
59	Homo sapiens	2021-02-13	North Macedonia	AA.1	EPI_ISL_1142968
59	Homo sapiens	2021-02-13	North Macedonia	B.1.1.7	EPI_ISL_1143347
59	Homo sapiens	2021-02-13	North Macedonia	B.1.160.16	EPI_ISL_1143746
59	Homo sapiens	2021-02-13	North Macedonia	B.1.258.17	EPI_ISL_1144121
60	Homo sapiens	2021-02-16	North Macedonia	B.1	EPI_ISL_1191740
60	Homo sapiens	2021-02-15	North Macedonia	B.1.177	EPI_ISL_1191741
58	Homo sapiens	2021-02-06	North Macedonia	B.1.1.70	EPI_ISL_1191742
58	Homo sapiens	2021-02-06	North Macedonia	B.1.1.70	EPI_ISL_1191744
58	Homo sapiens	2021-02-06	North Macedonia	B.1	EPI_ISL_1191745
58	Homo sapiens	2021-02-04	North Macedonia	B.1.1.70	EPI_ISL_1191746
59	Homo sapiens	2021-02-08	North Macedonia	B.1.1.7	EPI_ISL_1191747
58	Homo sapiens	2021-02-04	North Macedonia	B.1.1.7	EPI_ISL_1191748
58	Homo sapiens	2021-02-04	North Macedonia	B.1.1.7	EPI_ISL_1191749
58	Homo sapiens	2021-02-04	North Macedonia	B.1.1.7	EPI_ISL_1191750
58	Homo sapiens	2021-02-05	North Macedonia	B.1.1.7	EPI_ISL_1191751
58	Homo sapiens	2021-02-06	North Macedonia	B.1.1.7	EPI_ISL_1191752
58	Homo sapiens	2021-02-06	North Macedonia	B.1.1.7	EPI_ISL_1191753
59	Homo sapiens	2021-02-10	North Macedonia	B.1.1.7	EPI_ISL_1191754
59	Homo sapiens	2021-02-11	North Macedonia	B.1.1.7	EPI_ISL_1191755
59	Homo sapiens	2021-02-12	North Macedonia	B.1.1.7	EPI_ISL_1191756
59	Homo sapiens	2021-02-12	North Macedonia	B.1.1.7	EPI_ISL_1191757
59	Homo sapiens	2021-02-13	North Macedonia	B.1.1.7	EPI_ISL_1191758
59	Homo sapiens	2021-02-14	North Macedonia	B.1.1.7	EPI_ISL_1191760
59	Homo sapiens	2021-02-14	North Macedonia	B.1.1.7	EPI_ISL_1191761
59	Homo sapiens	2021-02-14	North Macedonia	B.1.1.7	EPI_ISL_1191762
60	Homo sapiens	2021-02-15	North Macedonia	B.1.1.7	EPI_ISL_1191763
60	Homo sapiens	2021-02-19	North Macedonia	B.1.1.7	EPI_ISL_1191764
61	Homo sapiens	2021-02-23	North Macedonia	B.1.1.7	EPI_ISL_1191765
61	Homo sapiens	2021-02-24	North Macedonia	B.1.1.7	EPI_ISL_1191766
61	Homo sapiens	2021-02-24	North Macedonia	B.1.1.7	EPI_ISL_1191767
61	Homo sapiens	2021-02-25	North Macedonia	B.1.1.7	EPI_ISL_1191768
60	Homo sapiens	2021-02-20	North Macedonia	B.1.258.17	EPI_ISL_1191769
58	Homo sapiens	2021-02-04	North Macedonia	B.1.258.17	EPI_ISL_1191770
58	Homo sapiens	2021-02-04	North Macedonia	B.1.1	EPI_ISL_1191771
58	Homo sapiens	2021-02-06	North Macedonia	B.1.258.17	EPI_ISL_1191772
58	Homo sapiens	2021-02-06	North Macedonia	B.1.258.17	EPI_ISL_1191773
59	Homo sapiens	2021-02-08	North Macedonia	B.1.258.17	EPI_ISL_1191774
59	Homo sapiens	2021-02-08	North Macedonia	B.1.258.17	EPI_ISL_1191775
59	Homo sapiens	2021-02-10	North Macedonia	B.1.258.17	EPI_ISL_1191776
59	Homo sapiens	2021-02-11	North Macedonia	B.1.258.17	EPI_ISL_1191777
60	Homo sapiens	2021-02-15	North Macedonia	B.1.258	EPI_ISL_1191778
60	Homo sapiens	2021-02-15	North Macedonia	B.1.1.7	EPI_ISL_1191779
61	Homo sapiens	2021-02-24	North Macedonia	B.1.1.7	EPI_ISL_1191780
60	Homo sapiens	2021-02-18	North Macedonia	B.1.1.7	EPI_ISL_1198644
54	Homo sapiens	2021-01-09	North Macedonia	B.1.177.81	EPI_ISL_1201427
56	Homo sapiens	2021-01-19	North Macedonia	B.1.1.70	EPI_ISL_1201432
56	Homo sapiens	2021-01-24	North Macedonia	B.1.1.70	EPI_ISL_1201434
57	Homo sapiens	2021-01-25	North Macedonia	B.1.1.70	EPI_ISL_1201435
57	Homo sapiens	2021-01-27	North Macedonia	B.1.1.70	EPI_ISL_1201436
58	Homo sapiens	2021-02-03	North Macedonia	B.1.1.7	EPI_ISL_1249449
60	Homo sapiens	2021-02-15	North Macedonia	B.1.1.7	EPI_ISL_1249452
59	Homo sapiens	2021-02-14	North Macedonia	B.1.1.7	EPI_ISL_1249463
62	Homo sapiens	2021-03-02	North Macedonia	B.1.1.7	EPI_ISL_1669954
62	Homo sapiens	2021-03-02	North Macedonia	B.1.1.7	EPI_ISL_1669955
62	Homo sapiens	2021-03-02	North Macedonia	B.1.1.7	EPI_ISL_1669956
66	Homo sapiens	2021-03-31	North Macedonia	B.1.1.7	EPI_ISL_1669957
63	Homo sapiens	2021-03-10	North Macedonia	B.1.351	EPI_ISL_1669958
63	Homo sapiens	2021-03-10	North Macedonia	B.1.1.7	EPI_ISL_1669959
63	Homo sapiens	2021-03-13	North Macedonia	B.1.1.7	EPI_ISL_1669960
63	Homo sapiens	2021-03-08	North Macedonia	B.1.1.7	EPI_ISL_1669961
62	Homo sapiens	2021-03-01	North Macedonia	B.1.1.7	EPI_ISL_1669962
63	Homo sapiens	2021-03-12	North Macedonia	B.1.177.44	EPI_ISL_1669963
63	Homo sapiens	2021-03-12	North Macedonia	B.1.1.7	EPI_ISL_1669964
64	Homo sapiens	2021-03-15	North Macedonia	B.1.1.7	EPI_ISL_1669965
64	Homo sapiens	2021-03-16	North Macedonia	B.1.1.7	EPI_ISL_1669966
64	Homo sapiens	2021-03-16	North Macedonia	B.1.1.7	EPI_ISL_1669967
64	Homo sapiens	2021-03-15	North Macedonia	B.1.1.7	EPI_ISL_1669968
62	Homo sapiens	2021-03-05	North Macedonia	B.1.1.7	EPI_ISL_1669969
62	Homo sapiens	2021-03-06	North Macedonia	B.1.1.7	EPI_ISL_1669970
62	Homo sapiens	2021-03-04	North Macedonia	B.1.1.7	EPI_ISL_1669971
62	Homo sapiens	2021-03-04	North Macedonia	B.1.1.7	EPI_ISL_1669972
63	Homo sapiens	2021-03-09	North Macedonia	B.1.1.7	EPI_ISL_1669973
63	Homo sapiens	2021-03-08	North Macedonia	B.1.1.7	EPI_ISL_1669974
66	Homo sapiens	2021-03-31	North Macedonia	B.1.1.7	EPI_ISL_1669975
63	Homo sapiens	2021-03-10	North Macedonia	B.1.1.7	EPI_ISL_1669976
63	Homo sapiens	2021-03-11	North Macedonia	B.1.1.7	EPI_ISL_1669977
63	Homo sapiens	2021-03-11	North Macedonia	B.1.1.7	EPI_ISL_1669978
63	Homo sapiens	2021-03-11	North Macedonia	B.1.1.7	EPI_ISL_1669979
63	Homo sapiens	2021-03-11	North Macedonia	B.1.1.7	EPI_ISL_1669980
66	Homo sapiens	2021-03-31	North Macedonia	B.1.1.7	EPI_ISL_1669981
63	Homo sapiens	2021-03-11	North Macedonia	B.1.1.7	EPI_ISL_1669982
63	Homo sapiens	2021-03-13	North Macedonia	B.1.1.7	EPI_ISL_1669983
63	Homo sapiens	2021-03-13	North Macedonia	B.1.1.7	EPI_ISL_1669984
62	Homo sapiens	2021-03-04	North Macedonia	B.1.1.7	EPI_ISL_1669985
62	Homo sapiens	2021-03-04	North Macedonia	B.1.1.7	EPI_ISL_1669986
64	Homo sapiens	2021-03-17	North Macedonia	B.1.1.7	EPI_ISL_1669987
64	Homo sapiens	2021-03-17	North Macedonia	B.1.1.7	EPI_ISL_1669988
64	Homo sapiens	2021-03-16	North Macedonia	B.1.1.7	EPI_ISL_1669989
65	Homo sapiens	2021-03-22	North Macedonia	B.1.1.7	EPI_ISL_1669990
64	Homo sapiens	2021-03-18	North Macedonia	B.1.1.7	EPI_ISL_1669991
66	Homo sapiens	2021-03-31	North Macedonia	B.1.1.7	EPI_ISL_1669992
66	Homo sapiens	2021-03-31	North Macedonia	B.1.1.7	EPI_ISL_1669993
66	Homo sapiens	2021-03-31	North Macedonia	B.1.1.7	EPI_ISL_1669994
66	Homo sapiens	2021-03-29	North Macedonia	B.1.1.7	EPI_ISL_1669995
66	Homo sapiens	2021-03-31	North Macedonia	B.1.1.7	EPI_ISL_1669996
66	Homo sapiens	2021-03-31	North Macedonia	B.1.1.7	EPI_ISL_1669997
66	Homo sapiens	2021-03-29	North Macedonia	B.1.1.7	EPI_ISL_1669998
66	Homo sapiens	2021-03-31	North Macedonia	B.1.1.7	EPI_ISL_1669999
66	Homo sapiens	2021-03-31	North Macedonia	B.1.1.7	EPI_ISL_1670000
66	Homo sapiens	2021-03-31	North Macedonia	B.1.1.7	EPI_ISL_1670001
67	Homo sapiens	2021-04-11	North Macedonia	B.1.1.7	EPI_ISL_1972225
67	Homo sapiens	2021-04-11	North Macedonia	B.1.1.7	EPI_ISL_2001056
67	Homo sapiens	2021-04-11	North Macedonia	B.1.1.7	EPI_ISL_2001057
67	Homo sapiens	2021-04-11	North Macedonia	B.1.1.7	EPI_ISL_2001055
67	Homo sapiens	2021-04-10	North Macedonia	B.1.1.7	EPI_ISL_2001041
67	Homo sapiens	2021-04-10	North Macedonia	B.1.1.7	EPI_ISL_1972221
67	Homo sapiens	2021-04-10	North Macedonia	B.1.1.70	EPI_ISL_2001043
67	Homo sapiens	2021-04-10	North Macedonia	B.1.1.7	EPI_ISL_2001044
67	Homo sapiens	2021-04-10	North Macedonia	B.1.1.7	EPI_ISL_2001046
67	Homo sapiens	2021-04-10	North Macedonia	B.1.1.7	EPI_ISL_2001047
67	Homo sapiens	2021-04-10	North Macedonia	B.1.1.7	EPI_ISL_1972223
67	Homo sapiens	2021-04-10	North Macedonia	B.1.1.7	EPI_ISL_1972222
67	Homo sapiens	2021-04-10	North Macedonia	B.1.1.7	EPI_ISL_2001048
67	Homo sapiens	2021-04-10	North Macedonia	B.1.1.7	EPI_ISL_2001049
67	Homo sapiens	2021-04-10	North Macedonia	B.1.1.7	EPI_ISL_2001053
67	Homo sapiens	2021-04-10	North Macedonia	B.1.1.7	EPI_ISL_2001042
67	Homo sapiens	2021-04-09	North Macedonia	B.1.1.7	EPI_ISL_1972215
67	Homo sapiens	2021-04-09	North Macedonia	B.1.1.7	EPI_ISL_2001035
67	Homo sapiens	2021-04-09	North Macedonia	B.1.1.7	EPI_ISL_2001038
67	Homo sapiens	2021-04-09	North Macedonia	B.1.1.7	EPI_ISL_2001033
67	Homo sapiens	2021-04-09	North Macedonia	B.1.1.7	EPI_ISL_1972216
67	Homo sapiens	2021-04-09	North Macedonia	B.1.1.7	EPI_ISL_2001037
67	Homo sapiens	2021-04-09	North Macedonia	B.1.1.7	EPI_ISL_1972214
67	Homo sapiens	2021-04-08	North Macedonia	B.1.1.7	EPI_ISL_1972078
67	Homo sapiens	2021-04-08	North Macedonia	B.1.1.7	EPI_ISL_1972212
67	Homo sapiens	2021-04-08	North Macedonia	B.1.1.7	EPI_ISL_1972102
67	Homo sapiens	2021-04-08	North Macedonia	B.1.1.7	EPI_ISL_1972213
67	Homo sapiens	2021-04-08	North Macedonia	B.1.1.7	EPI_ISL_2001031
67	Homo sapiens	2021-04-08	North Macedonia	B.1.1.7	EPI_ISL_2001028
67	Homo sapiens	2021-04-08	North Macedonia	B.1.1.7	EPI_ISL_1971087
67	Homo sapiens	2021-04-08	North Macedonia	B.1.1.7	EPI_ISL_2000905
67	Homo sapiens	2021-04-08	North Macedonia	B.1.1.7	EPI_ISL_2001027
67	Homo sapiens	2021-04-07	North Macedonia	B.1.1.7	EPI_ISL_2000842
67	Homo sapiens	2021-04-07	North Macedonia	B.1.1.7	EPI_ISL_1971037
67	Homo sapiens	2021-04-07	North Macedonia	B.1.1.7	EPI_ISL_1971070
67	Homo sapiens	2021-04-07	North Macedonia	B.1.1.7	EPI_ISL_1971078
67	Homo sapiens	2021-04-07	North Macedonia	B.1.1.7	EPI_ISL_2000860
67	Homo sapiens	2021-04-07	North Macedonia	B.1.1.7	EPI_ISL_2000863
67	Homo sapiens	2021-04-07	North Macedonia	B.1.1.7	EPI_ISL_2000864
67	Homo sapiens	2021-04-07	North Macedonia	B.1.1.7	EPI_ISL_2000765
67	Homo sapiens	2021-04-06	North Macedonia	B.1.1.7	EPI_ISL_1971035
67	Homo sapiens	2021-04-06	North Macedonia	B.1.1.7	EPI_ISL_2000764
67	Homo sapiens	2021-04-05	North Macedonia	B.1.1.7	EPI_ISL_1970995
67	Homo sapiens	2021-04-05	North Macedonia	B.1.1.7	EPI_ISL_1970999
67	Homo sapiens	2021-04-05	North Macedonia	B.1.1.7	EPI_ISL_1970998
67	Homo sapiens	2021-04-05	North Macedonia	B.1.1.7	EPI_ISL_2000684
67	Homo sapiens	2021-04-05	North Macedonia	B.1.1.7	EPI_ISL_2000685
67	Homo sapiens	2021-04-05	North Macedonia	B.1.111	EPI_ISL_1970996
67	Homo sapiens	2021-04-05	North Macedonia	B.1.1.7	EPI_ISL_2000683
67	Homo sapiens	2021-04-05	North Macedonia	B.1.1.7	EPI_ISL_1971034
66	Homo sapiens	2021-04-04	North Macedonia	B.1.1.7	EPI_ISL_1970994
66	Homo sapiens	2021-04-04	North Macedonia	B.1.1.7	EPI_ISL_1970992
66	Homo sapiens	2021-04-04	North Macedonia	B.1.1.7	EPI_ISL_1970993
66	Homo sapiens	2021-04-03	North Macedonia	B.1.1.7	EPI_ISL_2000681
66	Homo sapiens	2021-04-03	North Macedonia	B.1.1.7	EPI_ISL_2000682
66	Homo sapiens	2021-04-02	North Macedonia	B.1.1.7	EPI_ISL_1970990
66	Homo sapiens	2021-04-02	North Macedonia	B.1.1.7	EPI_ISL_2000680
66	Homo sapiens	2021-04-02	North Macedonia	B.1.1.7	EPI_ISL_1970991
66	Homo sapiens	2021-04-01	North Macedonia	B.1.1.7	EPI_ISL_1970989
66	Homo sapiens	2021-04-01	North Macedonia	B.1.1.7	EPI_ISL_2000673
66	Homo sapiens	2021-03-31	North Macedonia	B.1.1.7	EPI_ISL_2000672
66	Homo sapiens	2021-03-31	North Macedonia	B.1.1.7	EPI_ISL_1970987
66	Homo sapiens	2021-03-31	North Macedonia	B.1.111	EPI_ISL_1970988
64	Homo sapiens	2021-03-19	North Macedonia	B.1.258.17	EPI_ISL_1970986
64	Homo sapiens	2021-03-18	North Macedonia	B.1.1.7	EPI_ISL_1970985
67	Homo sapiens	2021-04-08	North Macedonia	B.1.1.7	EPI_ISL_2400087
67	Homo sapiens	2021-04-07	North Macedonia	B.1.1.7	EPI_ISL_2400088
67	Homo sapiens	2021-04-07	North Macedonia	B.1.1.7	EPI_ISL_1971077
67	Homo sapiens	2021-04-06	North Macedonia	B.1.1.7	EPI_ISL_2400089
67	Homo sapiens	2021-04-05	North Macedonia	B.1.1.7	EPI_ISL_2392165
66	Homo sapiens	2021-04-03	North Macedonia	B.1.1.7	EPI_ISL_2400090
66	Homo sapiens	2021-04-03	North Macedonia	B.1.1.7	EPI_ISL_2392166
50	Homo sapiens	2020-12-12	North Macedonia	B.1.1.70	EPI_ISL_942966
43	Homo sapiens	2020-10-23	North Macedonia	B.1.1	EPI_ISL_918497
42	Homo sapiens	2020-10-15	North Macedonia	B.1.406	EPI_ISL_918488
15	Homo sapiens	2020-04-10	North Macedonia	B.1	EPI_ISL_2392163
15	Homo sapiens	2020-04-08	North Macedonia	B.1.1	EPI_ISL_2392162
11	Homo sapiens	2020-03-10	North Macedonia	B.1.1	EPI_ISL_2392161
74	Homo sapiens	2021-05-25	North Macedonia	B.1.1.7	EPI_ISL_2839551
73	Homo sapiens	2021-05-21	North Macedonia	B.1.1.7	EPI_ISL_2839550
73	Homo sapiens	2021-05-17	North Macedonia	B.1.1.7	EPI_ISL_2839549
72	Homo sapiens	2021-05-11	North Macedonia	B.1.1.7	EPI_ISL_2839506
72	Homo sapiens	2021-05-11	North Macedonia	B.1.1.7	EPI_ISL_2839505
71	Homo sapiens	2021-05-07	North Macedonia	B.1.1.7	EPI_ISL_2839460
71	Homo sapiens	2021-05-06	North Macedonia	B.1.1.7	EPI_ISL_2839459
70	Homo sapiens	2021-04-29	North Macedonia	B.1.1.7	EPI_ISL_2839458
70	Homo sapiens	2021-04-28	North Macedonia	B.1.1.7	EPI_ISL_2839168
70	Homo sapiens	2021-04-28	North Macedonia	B.1.1.7	EPI_ISL_2839169
70	Homo sapiens	2021-04-27	North Macedonia	B.1.1.7	EPI_ISL_2839167
70	Homo sapiens	2021-04-26	North Macedonia	B.1.1.7	EPI_ISL_2839166
70	Homo sapiens	2021-04-26	North Macedonia	B.1.258	EPI_ISL_2839165
69	Homo sapiens	2021-04-24	North Macedonia	B.1.1.7	EPI_ISL_2839164
69	Homo sapiens	2021-04-23	North Macedonia	B.1.1.7	EPI_ISL_2839163
70	Homo sapiens	2021-04-29	North Macedonia	B.1.1.7	EPI_ISL_2839426
68	Homo sapiens	2021-04-13	North Macedonia	B.1.1.7	EPI_ISL_2839125
68	Homo sapiens	2021-04-12	North Macedonia	B.1.1.7	EPI_ISL_2392164
67	Homo sapiens	2021-04-09	North Macedonia	B.1.1.7	EPI_ISL_2001040
81	Homo sapiens	2021-07-13	North Macedonia	B.1.1.7	EPI_ISL_3545673
81	Homo sapiens	2021-07-13	North Macedonia	B.1.1.7	EPI_ISL_3545675
81	Homo sapiens	2021-07-15	North Macedonia	AY.129	EPI_ISL_3545709
82	Homo sapiens	2021-07-25	North Macedonia	AY.129	EPI_ISL_3545718
82	Homo sapiens	2021-07-19	North Macedonia	AY.129	EPI_ISL_3545712
81	Homo sapiens	2021-07-12	North Macedonia	B.1.1.7	EPI_ISL_3545676
83	Homo sapiens	2021-07-30	North Macedonia	AY.122	EPI_ISL_3545699
82	Homo sapiens	2021-07-23	North Macedonia	AY.129	EPI_ISL_3545706
83	Homo sapiens	2021-07-30	North Macedonia	AY.129	EPI_ISL_3545705
83	Homo sapiens	2021-07-30	North Macedonia	AY.129	EPI_ISL_3545698
82	Homo sapiens	2021-07-22	North Macedonia	AY.129	EPI_ISL_3545714
82	Homo sapiens	2021-07-25	North Macedonia	AY.129	EPI_ISL_3545719
81	Homo sapiens	2021-07-17	North Macedonia	AY.129	EPI_ISL_3545711
82	Homo sapiens	2021-07-23	North Macedonia	AY.129	EPI_ISL_3545715
75	Homo sapiens	2021-05-31	North Macedonia	B.1.1.7	EPI_ISL_3545677
75	Homo sapiens	2021-05-31	North Macedonia	B.1.1.7	EPI_ISL_3545678
75	Homo sapiens	2021-06-02	North Macedonia	B.1.1.7	EPI_ISL_3545679
75	Homo sapiens	2021-06-02	North Macedonia	B.1.1.7	EPI_ISL_3545680
75	Homo sapiens	2021-06-02	North Macedonia	B.1.1.7	EPI_ISL_3545681
75	Homo sapiens	2021-06-05	North Macedonia	B.1.1.7	EPI_ISL_3545682
76	Homo sapiens	2021-06-07	North Macedonia	B.1.1.7	EPI_ISL_3545683
76	Homo sapiens	2021-06-09	North Macedonia	B.1.1.7	EPI_ISL_3545684
75	Homo sapiens	2021-05-31	North Macedonia	B.1.1.7	EPI_ISL_3545686
76	Homo sapiens	2021-06-13	North Macedonia	B.1.1.7	EPI_ISL_3545687
77	Homo sapiens	2021-06-14	North Macedonia	AY.46	EPI_ISL_3545716
81	Homo sapiens	2021-07-16	North Macedonia	AY.120	EPI_ISL_3545708
81	Homo sapiens	2021-07-17	North Macedonia	AY.14	EPI_ISL_3545713
82	Homo sapiens	2021-07-22	North Macedonia	AY.14	EPI_ISL_3545697
82	Homo sapiens	2021-07-22	North Macedonia	AY.122	EPI_ISL_3545704
82	Homo sapiens	2021-07-22	North Macedonia	AY.70	EPI_ISL_3545717
82	Homo sapiens	2021-07-20	North Macedonia	AY.122	EPI_ISL_3545690
82	Homo sapiens	2021-07-23	North Macedonia	AY.43	EPI_ISL_3545691
82	Homo sapiens	2021-07-22	North Macedonia	AY.122	EPI_ISL_3545701
82	Homo sapiens	2021-07-24	North Macedonia	AY.122	EPI_ISL_3545700
83	Homo sapiens	2021-07-28	North Macedonia	AY.122	EPI_ISL_3545696
83	Homo sapiens	2021-07-30	North Macedonia	AY.122	EPI_ISL_3545707
83	Homo sapiens	2021-07-30	North Macedonia	B.1.617.2	EPI_ISL_3545689
83	Homo sapiens	2021-07-30	North Macedonia	AY.122	EPI_ISL_3545692
83	Homo sapiens	2021-07-30	North Macedonia	AY.122	EPI_ISL_3545702
83	Homo sapiens	2021-07-31	North Macedonia	AY.122	EPI_ISL_3545694
80	Homo sapiens	2021-07-05	North Macedonia	B.1.1.7	EPI_ISL_3545688
83	Homo sapiens	2021-07-30	North Macedonia	AY.70	EPI_ISL_3545695
83	Homo sapiens	2021-07-30	North Macedonia	AY.9.2	EPI_ISL_3545703
81	Homo sapiens	2021-07-13	North Macedonia	B.1.1.7	EPI_ISL_3545674
57	Homo sapiens	2021-01-25	North Macedonia	B.1.1.70	EPI_ISL_953426
57	Homo sapiens	2021-01-25	North Macedonia	B.1.1.70	EPI_ISL_949181
56	Homo sapiens	2021-01-24	North Macedonia	B.1.258.17	EPI_ISL_949180
56	Homo sapiens	2021-01-24	North Macedonia	B.1.1.70	EPI_ISL_949178
56	Homo sapiens	2021-01-23	North Macedonia	B.1.1.7	EPI_ISL_939643
56	Homo sapiens	2021-01-23	North Macedonia	B.1	EPI_ISL_949176
56	Homo sapiens	2021-01-23	North Macedonia	B.1.1.70	EPI_ISL_949177
56	Homo sapiens	2021-01-23	North Macedonia	B.1.1.70	EPI_ISL_965145
56	Homo sapiens	2021-01-22	North Macedonia	B.1.1.7	EPI_ISL_939629
55	Homo sapiens	2021-01-16	North Macedonia	B.1	EPI_ISL_962891
54	Homo sapiens	2021-01-10	North Macedonia	B.1.1.70	EPI_ISL_939649
54	Homo sapiens	2021-01-09	North Macedonia	B.1	EPI_ISL_939644
54	Homo sapiens	2021-01-09	North Macedonia	B.1.258.17	EPI_ISL_939650
54	Homo sapiens	2021-01-08	North Macedonia	B.1.1	EPI_ISL_940766
52	Homo sapiens	2020-12-21	North Macedonia	B.1.1.70	EPI_ISL_944107
52	Homo sapiens	2020-12-21	North Macedonia	B.1.1.70	EPI_ISL_944108
52	Homo sapiens	2020-12-21	North Macedonia	B.1.1.70	EPI_ISL_944109
51	Homo sapiens	2020-12-18	North Macedonia	B.1.1.70	EPI_ISL_943996
51	Homo sapiens	2020-12-18	North Macedonia	B.1.1.70	EPI_ISL_944105
51	Homo sapiens	2020-12-18	North Macedonia	B.1.1.70	EPI_ISL_943997
51	Homo sapiens	2020-12-18	North Macedonia	B.1.1.70	EPI_ISL_943998
51	Homo sapiens	2020-12-18	North Macedonia	B.1.406	EPI_ISL_944106
51	Homo sapiens	2020-12-17	North Macedonia	B.1.177	EPI_ISL_943995
51	Homo sapiens	2020-12-15	North Macedonia	B.1.1.70	EPI_ISL_943993
51	Homo sapiens	2020-12-15	North Macedonia	B.1.1.70	EPI_ISL_943994
49	Homo sapiens	2020-12-04	North Macedonia	B.1.1.70	EPI_ISL_934418
46	Homo sapiens	2020-11-12	North Macedonia	B.1.1.70	EPI_ISL_934416
46	Homo sapiens	2020-11-11	North Macedonia	B.1.1.70	EPI_ISL_934415
46	Homo sapiens	2020-11-10	North Macedonia	B.1.1.70	EPI_ISL_934092
46	Homo sapiens	2020-11-10	North Macedonia	B.1.1.58	EPI_ISL_934314
46	Homo sapiens	2020-11-10	North Macedonia	B.1.1.58	EPI_ISL_934413
46	Homo sapiens	2020-11-09	North Macedonia	B.1.1.430	EPI_ISL_933804
46	Homo sapiens	2020-11-09	North Macedonia	B.1.1.70	EPI_ISL_933803
45	Homo sapiens	2020-11-06	North Macedonia	B.1.1.70	EPI_ISL_933786
45	Homo sapiens	2020-11-06	North Macedonia	B.1.1.70	EPI_ISL_933797
45	Homo sapiens	2020-11-06	North Macedonia	B.1.1.70	EPI_ISL_933776
45	Homo sapiens	2020-11-05	North Macedonia	B.1.1.70	EPI_ISL_933772
45	Homo sapiens	2020-11-05	North Macedonia	B.1.1.58	EPI_ISL_933769
45	Homo sapiens	2020-11-05	North Macedonia	B.1.1.70	EPI_ISL_933775
45	Homo sapiens	2020-11-04	North Macedonia	B.1.1.70	EPI_ISL_933732
45	Homo sapiens	2020-11-03	North Macedonia	B.1.1.70	EPI_ISL_933726
45	Homo sapiens	2020-11-03	North Macedonia	B.1.1.70	EPI_ISL_933720
45	Homo sapiens	2020-11-03	North Macedonia	B.1.1.58	EPI_ISL_933722
45	Homo sapiens	2020-11-02	North Macedonia	B.1.1.70	EPI_ISL_933660
45	Homo sapiens	2020-11-02	North Macedonia	B.1.1.70	EPI_ISL_933713
45	Homo sapiens	2020-11-02	North Macedonia	B.1.1.70	EPI_ISL_933717
44	Homo sapiens	2020-10-28	North Macedonia	B.1.406	EPI_ISL_933579
44	Homo sapiens	2020-10-28	North Macedonia	B.1.1.70	EPI_ISL_933578
44	Homo sapiens	2020-10-28	North Macedonia	B.1.1.70	EPI_ISL_933602
44	Homo sapiens	2020-10-27	North Macedonia	B.1.1.70	EPI_ISL_933577
44	Homo sapiens	2020-10-27	North Macedonia	B.1.1.70	EPI_ISL_933574
44	Homo sapiens	2020-10-26	North Macedonia	B.1.1.70	EPI_ISL_933573
43	Homo sapiens	2020-10-25	North Macedonia	B.1.1.70	EPI_ISL_933571
43	Homo sapiens	2020-10-24	North Macedonia	B.1.1.70	EPI_ISL_933568
43	Homo sapiens	2020-10-23	North Macedonia	B.1.1.70	EPI_ISL_933566
43	Homo sapiens	2020-10-20	North Macedonia	B.1.1.70	EPI_ISL_918484
98	Homo sapiens	2021-11-10	North Macedonia	AY.42	EPI_ISL_6643695
98	Homo sapiens	2021-11-10	North Macedonia	AY.42	EPI_ISL_6643896
98	Homo sapiens	2021-11-10	North Macedonia	AY.125	EPI_ISL_6643897
98	Homo sapiens	2021-11-10	North Macedonia	AY.43	EPI_ISL_6643900
98	Homo sapiens	2021-11-10	North Macedonia	B.1.617.2	EPI_ISL_6643904
98	Homo sapiens	2021-11-09	North Macedonia	AY.43	EPI_ISL_6643688
98	Homo sapiens	2021-11-09	North Macedonia	AY.43	EPI_ISL_6643890
98	Homo sapiens	2021-11-09	North Macedonia	AY.43	EPI_ISL_6643891
98	Homo sapiens	2021-11-09	North Macedonia	AY.42	EPI_ISL_6643892
98	Homo sapiens	2021-11-09	North Macedonia	AY.42	EPI_ISL_6643893
98	Homo sapiens	2021-11-09	North Macedonia	AY.42	EPI_ISL_6643894
98	Homo sapiens	2021-11-09	North Macedonia	AY.42	EPI_ISL_6643895
98	Homo sapiens	2021-11-08	North Macedonia	AY.46.6	EPI_ISL_6643675
98	Homo sapiens	2021-11-08	North Macedonia	AY.122	EPI_ISL_6643683
98	Homo sapiens	2021-11-08	North Macedonia	AY.122	EPI_ISL_6643850
98	Homo sapiens	2021-11-08	North Macedonia	AY.120	EPI_ISL_6643858
98	Homo sapiens	2021-11-08	North Macedonia	AY.46.6	EPI_ISL_6643864
98	Homo sapiens	2021-11-08	North Macedonia	AY.122	EPI_ISL_6643876
98	Homo sapiens	2021-11-08	North Macedonia	AY.43	EPI_ISL_6643884
98	Homo sapiens	2021-11-08	North Macedonia	AY.9.2	EPI_ISL_6643887
98	Homo sapiens	2021-11-08	North Macedonia	AY.9.2	EPI_ISL_6643888
98	Homo sapiens	2021-11-08	North Macedonia	AY.121	EPI_ISL_6643889
97	Homo sapiens	2021-11-06	North Macedonia	AY.4.3	EPI_ISL_6643841
97	Homo sapiens	2021-11-06	North Macedonia	AY.129	EPI_ISL_6643844
97	Homo sapiens	2021-11-05	North Macedonia	AY.33	EPI_ISL_6643750
97	Homo sapiens	2021-11-05	North Macedonia	AY.33	EPI_ISL_6643759
97	Homo sapiens	2021-11-05	North Macedonia	AY.122	EPI_ISL_6643763
97	Homo sapiens	2021-11-05	North Macedonia	AY.129	EPI_ISL_6643770
97	Homo sapiens	2021-11-05	North Macedonia	AY.42	EPI_ISL_6643776
97	Homo sapiens	2021-11-05	North Macedonia	AY.42	EPI_ISL_6643789
97	Homo sapiens	2021-11-05	North Macedonia	AY.42	EPI_ISL_6643793
97	Homo sapiens	2021-11-05	North Macedonia	AY.122	EPI_ISL_6643796
97	Homo sapiens	2021-11-05	North Macedonia	AY.121	EPI_ISL_6643804
97	Homo sapiens	2021-11-05	North Macedonia	AY.6	EPI_ISL_6643811
97	Homo sapiens	2021-11-05	North Macedonia	AY.122	EPI_ISL_6643818
97	Homo sapiens	2021-11-05	North Macedonia	AY.46.6	EPI_ISL_6643823
97	Homo sapiens	2021-11-05	North Macedonia	AY.129	EPI_ISL_6643834
96	Homo sapiens	2021-10-30	North Macedonia	AY.98.1	EPI_ISL_6643741
96	Homo sapiens	2021-10-29	North Macedonia	AY.46.6	EPI_ISL_6643664
96	Homo sapiens	2021-10-26	North Macedonia	AY.125	EPI_ISL_6643657
95	Homo sapiens	2021-10-23	North Macedonia	AY.42	EPI_ISL_6643646
95	Homo sapiens	2021-10-22	North Macedonia	AY.122	EPI_ISL_6643638
95	Homo sapiens	2021-10-21	North Macedonia	AY.122	EPI_ISL_6643733
95	Homo sapiens	2021-10-20	North Macedonia	AY.46.6	EPI_ISL_6643730
95	Homo sapiens	2021-10-19	North Macedonia	AY.46.6	EPI_ISL_6643709
95	Homo sapiens	2021-10-19	North Macedonia	B.1.617.2	EPI_ISL_6643715
95	Homo sapiens	2021-10-19	North Macedonia	AY.42	EPI_ISL_6643722
95	Homo sapiens	2021-10-18	North Macedonia	AY.122	EPI_ISL_6643705
105	Homo sapiens	2021-12-29	North Macedonia	AY.43	EPI_ISL_9522411
105	Homo sapiens	2021-12-29	North Macedonia	AY.39	EPI_ISL_9522412
105	Homo sapiens	2021-12-28	North Macedonia	AY.43	EPI_ISL_9522403
105	Homo sapiens	2021-12-28	North Macedonia	AY.43	EPI_ISL_9522404
105	Homo sapiens	2021-12-28	North Macedonia	AY.43	EPI_ISL_9522400
105	Homo sapiens	2021-12-28	North Macedonia	BA.1.1.11	EPI_ISL_9522401
105	Homo sapiens	2021-12-28	North Macedonia	AY.7.1	EPI_ISL_9522402
105	Homo sapiens	2021-12-28	North Macedonia	AY.43	EPI_ISL_9522405
105	Homo sapiens	2021-12-28	North Macedonia	AY.122	EPI_ISL_9522406
105	Homo sapiens	2021-12-28	North Macedonia	AY.39	EPI_ISL_9522407
105	Homo sapiens	2021-12-28	North Macedonia	AY.4.3	EPI_ISL_9522408
105	Homo sapiens	2021-12-28	North Macedonia	AY.43	EPI_ISL_9522409
105	Homo sapiens	2021-12-28	North Macedonia	AY.4.3	EPI_ISL_9522410
105	Homo sapiens	2021-12-27	North Macedonia	AY.4	EPI_ISL_9522398
105	Homo sapiens	2021-12-27	North Macedonia	AY.7.1	EPI_ISL_9522397
105	Homo sapiens	2021-12-27	North Macedonia	AY.43	EPI_ISL_9522399
104	Homo sapiens	2021-12-25	North Macedonia	AY.43	EPI_ISL_9522395
104	Homo sapiens	2021-12-25	North Macedonia	AY.4.3	EPI_ISL_9522396
104	Homo sapiens	2021-12-24	North Macedonia	AY.4	EPI_ISL_9522392
104	Homo sapiens	2021-12-24	North Macedonia	AY.4.3	EPI_ISL_9522393
104	Homo sapiens	2021-12-24	North Macedonia	AY.43	EPI_ISL_9522394
104	Homo sapiens	2021-12-23	North Macedonia	AY.122	EPI_ISL_9522414
104	Homo sapiens	2021-12-23	North Macedonia	AY.122	EPI_ISL_9522413
104	Homo sapiens	2021-12-22	North Macedonia	AY.122	EPI_ISL_9522390
104	Homo sapiens	2021-12-22	North Macedonia	AY.4.3	EPI_ISL_9522391
104	Homo sapiens	2021-12-20	North Macedonia	AY.4.3	EPI_ISL_9522386
104	Homo sapiens	2021-12-20	North Macedonia	AY.43	EPI_ISL_9522387
104	Homo sapiens	2021-12-20	North Macedonia	AY.4.3	EPI_ISL_9522388
104	Homo sapiens	2021-12-20	North Macedonia	AY.39	EPI_ISL_9522389
103	Homo sapiens	2021-12-15	North Macedonia	AY.39	EPI_ISL_9522384
103	Homo sapiens	2021-12-14	North Macedonia	AY.4.2.3	EPI_ISL_9522383
102	Homo sapiens	2021-12-10	North Macedonia	AY.129	EPI_ISL_9522381
102	Homo sapiens	2021-12-10	North Macedonia	AY.122	EPI_ISL_9522382
102	Homo sapiens	2021-12-09	North Macedonia	AY.43	EPI_ISL_9522378
102	Homo sapiens	2021-12-09	North Macedonia	AY.122	EPI_ISL_9522379
102	Homo sapiens	2021-12-09	North Macedonia	AY.122	EPI_ISL_9522380
110	Homo sapiens	2022-01-31	North Macedonia	BA.1.1	EPI_ISL_10259050
110	Homo sapiens	2022-01-31	North Macedonia	BA.1.1	EPI_ISL_10259055
110	Homo sapiens	2022-02-01	North Macedonia	BA.1.1	EPI_ISL_10259056
110	Homo sapiens	2022-02-01	North Macedonia	BA.1.1	EPI_ISL_10259057
110	Homo sapiens	2022-02-01	North Macedonia	BA.1.1	EPI_ISL_10259058
109	Homo sapiens	2022-01-29	North Macedonia	BA.1.1	EPI_ISL_10259060
110	Homo sapiens	2022-01-31	North Macedonia	BA.1	EPI_ISL_10259051
110	Homo sapiens	2022-01-31	North Macedonia	BA.1	EPI_ISL_10259052
110	Homo sapiens	2022-01-31	North Macedonia	BA.2	EPI_ISL_10259053
110	Homo sapiens	2022-01-31	North Macedonia	BA.1.1	EPI_ISL_10259054
110	Homo sapiens	2022-02-01	North Macedonia	BA.1	EPI_ISL_10259059
109	Homo sapiens	2022-01-29	North Macedonia	AY.43	EPI_ISL_10259061
109	Homo sapiens	2022-01-29	North Macedonia	BA.1.1	EPI_ISL_10259062
109	Homo sapiens	2022-01-29	North Macedonia	AY.43	EPI_ISL_10259063
110	Homo sapiens	2022-01-31	North Macedonia	BA.1.1	EPI_ISL_10259066
110	Homo sapiens	2022-01-31	North Macedonia	BA.1	EPI_ISL_10259067
110	Homo sapiens	2022-01-31	North Macedonia	BA.1.1	EPI_ISL_10259068
110	Homo sapiens	2022-01-31	North Macedonia	BA.1.1	EPI_ISL_10259071
107	Homo sapiens	2022-01-11	North Macedonia	BA.1.1.11	EPI_ISL_10259072
109	Homo sapiens	2022-01-29	North Macedonia	BA.1	EPI_ISL_10259079
110	Homo sapiens	2022-01-31	North Macedonia	BA.1.1	EPI_ISL_10259074
107	Homo sapiens	2022-01-10	North Macedonia	BA.1.1	EPI_ISL_10259073
110	Homo sapiens	2022-02-01	North Macedonia	BA.1.1	EPI_ISL_10259081
110	Homo sapiens	2022-02-01	North Macedonia	BA.1	EPI_ISL_10259082
110	Homo sapiens	2022-02-06	North Macedonia	BA.1.17.2	EPI_ISL_10259075
109	Homo sapiens	2022-01-29	North Macedonia	BA.1.1	EPI_ISL_10259076
109	Homo sapiens	2022-01-29	North Macedonia	BA.1.1	EPI_ISL_10259080
109	Homo sapiens	2022-01-29	North Macedonia	BA.1.1	EPI_ISL_10259077
109	Homo sapiens	2022-01-29	North Macedonia	BA.1.1	EPI_ISL_10259078
110	Homo sapiens	2022-02-01	North Macedonia	BA.1.1	EPI_ISL_10259083
110	Homo sapiens	2022-02-01	North Macedonia	BA.1.1.11	EPI_ISL_10259085
110	Homo sapiens	2022-01-31	North Macedonia	BA.1.1	EPI_ISL_10259088
110	Homo sapiens	2022-01-31	North Macedonia	BA.2	EPI_ISL_10259086
110	Homo sapiens	2022-01-31	North Macedonia	BA.2	EPI_ISL_10259087
110	Homo sapiens	2022-02-01	North Macedonia	BA.1.1	EPI_ISL_10354988
110	Homo sapiens	2022-02-01	North Macedonia	BA.1.1.11	EPI_ISL_10354989
120	Homo sapiens	2022-04-11	North Macedonia	BA.2.7	EPI_ISL_13032659
120	Homo sapiens	2022-04-12	North Macedonia	BA.2	EPI_ISL_13032660
119	Homo sapiens	2022-04-07	North Macedonia	BA.1	EPI_ISL_13032661
115	Homo sapiens	2022-03-09	North Macedonia	BA.2.9	EPI_ISL_13032692
115	Homo sapiens	2022-03-12	North Macedonia	BA.2.9	EPI_ISL_13032693
117	Homo sapiens	2022-03-22	North Macedonia	BA.2	EPI_ISL_13032695
117	Homo sapiens	2022-03-24	North Macedonia	BA.2	EPI_ISL_13032696
118	Homo sapiens	2022-04-01	North Macedonia	BA.2	EPI_ISL_13032690
118	Homo sapiens	2022-04-02	North Macedonia	BA.1.1	EPI_ISL_13032662
119	Homo sapiens	2022-04-04	North Macedonia	BA.2	EPI_ISL_13032663
119	Homo sapiens	2022-04-05	North Macedonia	BA.2	EPI_ISL_13032664
118	Homo sapiens	2022-04-01	North Macedonia	BA.2	EPI_ISL_13032685
118	Homo sapiens	2022-04-02	North Macedonia	BA.1.1	EPI_ISL_13032688
118	Homo sapiens	2022-04-02	North Macedonia	BA.2	EPI_ISL_13032686
118	Homo sapiens	2022-04-02	North Macedonia	BA.2	EPI_ISL_13032687
118	Homo sapiens	2022-04-02	North Macedonia	BA.2	EPI_ISL_13032689
119	Homo sapiens	2022-04-05	North Macedonia	BA.2.1	EPI_ISL_13032673
119	Homo sapiens	2022-04-05	North Macedonia	BA.2	EPI_ISL_13032674
119	Homo sapiens	2022-04-05	North Macedonia	BA.2	EPI_ISL_13032682
119	Homo sapiens	2022-04-05	North Macedonia	BA.2	EPI_ISL_13032683
119	Homo sapiens	2022-04-06	North Macedonia	BA.2.9	EPI_ISL_13032684
119	Homo sapiens	2022-04-06	North Macedonia	BA.2	EPI_ISL_13032697
119	Homo sapiens	2022-04-06	North Macedonia	BA.2	EPI_ISL_13032679
119	Homo sapiens	2022-04-06	North Macedonia	BA.2	EPI_ISL_13032680
119	Homo sapiens	2022-04-06	North Macedonia	BA.2	EPI_ISL_13032681
119	Homo sapiens	2022-04-07	North Macedonia	BA.2	EPI_ISL_13032671
119	Homo sapiens	2022-04-07	North Macedonia	BA.2.9	EPI_ISL_13032667
119	Homo sapiens	2022-04-07	North Macedonia	BA.2	EPI_ISL_13032668
119	Homo sapiens	2022-04-07	North Macedonia	BA.2	EPI_ISL_13032669
119	Homo sapiens	2022-04-07	North Macedonia	BA.2	EPI_ISL_13032670
119	Homo sapiens	2022-04-08	North Macedonia	BA.2	EPI_ISL_13032672
119	Homo sapiens	2022-04-08	North Macedonia	BA.2	EPI_ISL_13032665
119	Homo sapiens	2022-04-09	North Macedonia	BA.2.9	EPI_ISL_13032666
119	Homo sapiens	2022-04-09	North Macedonia	BA.2	EPI_ISL_13032675
119	Homo sapiens	2022-04-09	North Macedonia	BA.2	EPI_ISL_13032676
120	Homo sapiens	2022-04-13	North Macedonia	BA.2	EPI_ISL_13032677
119	Homo sapiens	2022-04-08	North Macedonia	BA.2	EPI_ISL_13032656
119	Homo sapiens	2022-04-09	North Macedonia	BA.2	EPI_ISL_13032657
119	Homo sapiens	2022-04-09	North Macedonia	BA.2	EPI_ISL_13032658
119	Homo sapiens	2022-04-07	North Macedonia	BA.2	EPI_ISL_13058999
132	Homo sapiens	2022-07-07	North Macedonia	BF.28	EPI_ISL_13866694
132	Homo sapiens	2022-07-04	North Macedonia	BA.5.1	EPI_ISL_13866699
132	Homo sapiens	2022-07-04	North Macedonia	BA.5.2.1	EPI_ISL_13866697
132	Homo sapiens	2022-07-08	North Macedonia	BA.5.1	EPI_ISL_13866731
132	Homo sapiens	2022-07-06	North Macedonia	BA.5.1	EPI_ISL_13866692
132	Homo sapiens	2022-07-05	North Macedonia	BA.2.44	EPI_ISL_13866706
131	Homo sapiens	2022-07-02	North Macedonia	BA.5.2	EPI_ISL_13866695
132	Homo sapiens	2022-07-04	North Macedonia	BA.5.1	EPI_ISL_13866702
132	Homo sapiens	2022-07-05	North Macedonia	BA.5.1	EPI_ISL_13866704
132	Homo sapiens	2022-07-07	North Macedonia	BA.5.2	EPI_ISL_13866722
132	Homo sapiens	2022-07-05	North Macedonia	BA.5.1.22	EPI_ISL_13866705
132	Homo sapiens	2022-07-06	North Macedonia	BE.1.1	EPI_ISL_13866710
132	Homo sapiens	2022-07-06	North Macedonia	BA.2.12.1	EPI_ISL_13866713
132	Homo sapiens	2022-07-06	North Macedonia	BA.2.44	EPI_ISL_13866709
132	Homo sapiens	2022-07-05	North Macedonia	BA.5.1	EPI_ISL_13866707
126	Homo sapiens	2022-05-25	North Macedonia	BA.1.15.1	EPI_ISL_13866688
125	Homo sapiens	2022-05-16	North Macedonia	BA.1.15.1	EPI_ISL_13866687
132	Homo sapiens	2022-07-06	North Macedonia	BA.5.2.1	EPI_ISL_13866712
132	Homo sapiens	2022-07-07	North Macedonia	BA.5.1	EPI_ISL_13866719
132	Homo sapiens	2022-07-07	North Macedonia	BA.5.1.23	EPI_ISL_13866717
132	Homo sapiens	2022-07-07	North Macedonia	BA.2	EPI_ISL_13866716
132	Homo sapiens	2022-07-04	North Macedonia	BA.5.1	EPI_ISL_13866703
132	Homo sapiens	2022-07-04	North Macedonia	BA.5.5	EPI_ISL_13866701
132	Homo sapiens	2022-07-04	North Macedonia	BF.5	EPI_ISL_13866698
132	Homo sapiens	2022-07-08	North Macedonia	BF.28	EPI_ISL_13866733
132	Homo sapiens	2022-07-04	North Macedonia	BE.1.1	EPI_ISL_13866696
132	Homo sapiens	2022-07-08	North Macedonia	BE.1.1	EPI_ISL_13866730
132	Homo sapiens	2022-07-08	North Macedonia	BF.5	EPI_ISL_13866732
132	Homo sapiens	2022-07-06	North Macedonia	BA.2.9	EPI_ISL_13866693
132	Homo sapiens	2022-07-08	North Macedonia	BA.5.1.23	EPI_ISL_13866727
132	Homo sapiens	2022-07-08	North Macedonia	BE.1.1	EPI_ISL_13866729
132	Homo sapiens	2022-07-07	North Macedonia	BA.5.2	EPI_ISL_13866718
132	Homo sapiens	2022-07-04	North Macedonia	BE.1.1	EPI_ISL_13866690
132	Homo sapiens	2022-07-07	North Macedonia	BA.5.1	EPI_ISL_13866723
132	Homo sapiens	2022-07-04	North Macedonia	BA.5.1	EPI_ISL_13866700
132	Homo sapiens	2022-07-04	North Macedonia	BA.1.15.1	EPI_ISL_13866691
132	Homo sapiens	2022-07-07	North Macedonia	BA.2.12.1	EPI_ISL_13866726
132	Homo sapiens	2022-07-07	North Macedonia	BA.5.2.1	EPI_ISL_13866724
132	Homo sapiens	2022-07-08	North Macedonia	BA.5.9	EPI_ISL_13866728
132	Homo sapiens	2022-07-07	North Macedonia	BA.5.1.22	EPI_ISL_13866725
132	Homo sapiens	2022-07-08	North Macedonia	BA.5.1.23	EPI_ISL_13866734
132	Homo sapiens	2022-07-06	North Macedonia	BA.5.1.23	EPI_ISL_13866711
132	Homo sapiens	2022-07-07	North Macedonia	BF.28	EPI_ISL_13866720
132	Homo sapiens	2022-07-05	North Macedonia	BA.5.1	EPI_ISL_13866708
132	Homo sapiens	2022-07-04	North Macedonia	BA.5.2.1	EPI_ISL_13866689
132	Homo sapiens	2022-07-07	North Macedonia	BA.5.1.24	EPI_ISL_13866715
132	Homo sapiens	2022-07-06	North Macedonia	BA.5.1.24	EPI_ISL_13866714
132	Homo sapiens	2022-07-07	North Macedonia	BA.5.1	EPI_ISL_13866721
145	Homo sapiens	2022-10-05	North Macedonia	BA.5.2.3	EPI_ISL_15603334
147	Homo sapiens	2022-10-18	North Macedonia	BE.1.1	EPI_ISL_15603322
146	Homo sapiens	2022-10-11	North Macedonia	BE.1.1	EPI_ISL_15603329
146	Homo sapiens	2022-10-15	North Macedonia	BE.1.1	EPI_ISL_15603326
143	Homo sapiens	2022-09-23	North Macedonia	BA.5.2	EPI_ISL_15603335
143	Homo sapiens	2022-09-22	North Macedonia	BA.5.1	EPI_ISL_15603336
145	Homo sapiens	2022-10-05	North Macedonia	BA.5.1.10	EPI_ISL_15603349
145	Homo sapiens	2022-10-06	North Macedonia	BA.5.2	EPI_ISL_15603333
144	Homo sapiens	2022-09-29	North Macedonia	BA.5.2.3	EPI_ISL_15603315
146	Homo sapiens	2022-10-11	North Macedonia	BF.7	EPI_ISL_15603331
145	Homo sapiens	2022-10-07	North Macedonia	BA.5.2	EPI_ISL_15603332
147	Homo sapiens	2022-10-20	North Macedonia	BA.5.2	EPI_ISL_15603319
146	Homo sapiens	2022-10-11	North Macedonia	BA.5.2	EPI_ISL_15603330
143	Homo sapiens	2022-09-23	North Macedonia	BA.5.2.1	EPI_ISL_15603317
147	Homo sapiens	2022-10-21	North Macedonia	BA.5.2	EPI_ISL_15603318
143	Homo sapiens	2022-09-23	North Macedonia	BE.1	EPI_ISL_15603316
147	Homo sapiens	2022-10-17	North Macedonia	BA.5.2	EPI_ISL_15603324
144	Homo sapiens	2022-09-28	North Macedonia	BA.5.2.31	EPI_ISL_15603350
147	Homo sapiens	2022-10-17	North Macedonia	BA.5.2	EPI_ISL_15603325
147	Homo sapiens	2022-10-17	North Macedonia	BA.5.2	EPI_ISL_15603323
147	Homo sapiens	2022-10-19	North Macedonia	BA.5.1.23	EPI_ISL_15603320
144	Homo sapiens	2022-09-29	North Macedonia	BA.5.2.1	EPI_ISL_15603314
147	Homo sapiens	2022-10-19	North Macedonia	BA.5.2	EPI_ISL_15603321
146	Homo sapiens	2022-10-12	North Macedonia	BA.5.2	EPI_ISL_15603342
147	Homo sapiens	2022-10-17	North Macedonia	BA.5.2	EPI_ISL_15603340
145	Homo sapiens	2022-10-03	North Macedonia	BA.5.2	EPI_ISL_15603312
143	Homo sapiens	2022-09-20	North Macedonia	BE.1	EPI_ISL_15603338
145	Homo sapiens	2022-10-05	North Macedonia	BA.5.2	EPI_ISL_15603348
145	Homo sapiens	2022-10-03	North Macedonia	BA.5.1.10	EPI_ISL_15603351
148	Homo sapiens	2022-10-25	North Macedonia	BA.5.2	EPI_ISL_15603339
143	Homo sapiens	2022-09-20	North Macedonia	BA.5.2.22	EPI_ISL_15603337
146	Homo sapiens	2022-10-16	North Macedonia	BV.2	EPI_ISL_15603341
145	Homo sapiens	2022-10-04	North Macedonia	BE.1.1	EPI_ISL_15603346
145	Homo sapiens	2022-10-05	North Macedonia	BE.1.1	EPI_ISL_15603347
144	Homo sapiens	2022-09-29	North Macedonia	BA.5.2	EPI_ISL_15603344
145	Homo sapiens	2022-10-03	North Macedonia	BA.5.1	EPI_ISL_15603345
146	Homo sapiens	2022-10-12	North Macedonia	BA.5.2	EPI_ISL_15603343
143	Homo sapiens	2022-09-23	North Macedonia	BA.5.9	EPI_ISL_15911890
148	Homo sapiens	2022-10-25	North Macedonia	BA.5.1	EPI_ISL_15911889
150	Homo sapiens	2022-11-10	North Macedonia	BN.1	EPI_ISL_16006890
152	Homo sapiens	2022-11-25	North Macedonia	CM.10	EPI_ISL_16006901
152	Homo sapiens	2022-11-21	North Macedonia	BN.1	EPI_ISL_16006897
152	Homo sapiens	2022-11-23	North Macedonia	BA.5.2	EPI_ISL_16006899
151	Homo sapiens	2022-11-17	North Macedonia	BF.7	EPI_ISL_16006893
148	Homo sapiens	2022-10-26	North Macedonia	BA.5.2	EPI_ISL_16006882
152	Homo sapiens	2022-11-24	North Macedonia	BA.5.2	EPI_ISL_16006880
150	Homo sapiens	2022-11-10	North Macedonia	BQ.1.1.18	EPI_ISL_16006877
148	Homo sapiens	2022-10-26	North Macedonia	BA.5.2.6	EPI_ISL_16006881
150	Homo sapiens	2022-11-07	North Macedonia	CK.2.1.1	EPI_ISL_16006872
150	Homo sapiens	2022-11-11	North Macedonia	BF.7	EPI_ISL_16006891
148	Homo sapiens	2022-10-28	North Macedonia	BA.5.2.20	EPI_ISL_16006875
148	Homo sapiens	2022-10-26	North Macedonia	BA.5.2.1	EPI_ISL_16006874
150	Homo sapiens	2022-11-07	North Macedonia	BQ.1.1.1	EPI_ISL_16006876
152	Homo sapiens	2022-11-23	North Macedonia	BQ.1.1.7	EPI_ISL_16006879
150	Homo sapiens	2022-11-10	North Macedonia	BA.5.2	EPI_ISL_16006878
151	Homo sapiens	2022-11-15	North Macedonia	BF.7	EPI_ISL_16006892
151	Homo sapiens	2022-11-17	North Macedonia	BF.7	EPI_ISL_16006894
149	Homo sapiens	2022-11-02	North Macedonia	BF.5	EPI_ISL_16006884
148	Homo sapiens	2022-10-26	North Macedonia	BA.5.2	EPI_ISL_16006883
150	Homo sapiens	2022-11-08	North Macedonia	BQ.1.1	EPI_ISL_16006886
150	Homo sapiens	2022-11-08	North Macedonia	BF.29	EPI_ISL_16006888
150	Homo sapiens	2022-11-08	North Macedonia	BF.7	EPI_ISL_16006887
150	Homo sapiens	2022-11-10	North Macedonia	CK.2.1.1	EPI_ISL_16006889
151	Homo sapiens	2022-11-20	North Macedonia	BF.7	EPI_ISL_16006895
152	Homo sapiens	2022-11-21	North Macedonia	BF.7	EPI_ISL_16006896
152	Homo sapiens	2022-11-23	North Macedonia	BE.1.1.2	EPI_ISL_16006898
152	Homo sapiens	2022-11-24	North Macedonia	BA.5.9	EPI_ISL_16006900
150	Homo sapiens	2022-11-07	North Macedonia	BN.1	EPI_ISL_16006885
158	Homo sapiens	2023-01-05	North Macedonia	BQ.1.1	EPI_ISL_16649024
158	Homo sapiens	2023-01-05	North Macedonia	BF.14	EPI_ISL_16649026
157	Homo sapiens	2022-12-29	North Macedonia	BQ.1.1	EPI_ISL_16649021
155	Homo sapiens	2022-12-13	North Macedonia	BF.7.4.1	EPI_ISL_16649006
159	Homo sapiens	2023-01-11	North Macedonia	BF.7	EPI_ISL_16649019
157	Homo sapiens	2022-12-28	North Macedonia	BQ.1.1.18	EPI_ISL_16649020
155	Homo sapiens	2022-12-15	North Macedonia	BN.1.5	EPI_ISL_16649007
159	Homo sapiens	2023-01-09	North Macedonia	CR.1	EPI_ISL_16649028
152	Homo sapiens	2022-11-25	North Macedonia	BQ.1.1	EPI_ISL_16649005
156	Homo sapiens	2022-12-21	North Macedonia	BN.1.5	EPI_ISL_16649002
152	Homo sapiens	2022-11-22	North Macedonia	BA.5.1	EPI_ISL_16649004
155	Homo sapiens	2022-12-13	North Macedonia	BF.14	EPI_ISL_16649003
155	Homo sapiens	2022-12-12	North Macedonia	BQ.1.1.10	EPI_ISL_16649010
158	Homo sapiens	2023-01-05	North Macedonia	BQ.1.1	EPI_ISL_16649025
158	Homo sapiens	2023-01-03	North Macedonia	BQ.1.1	EPI_ISL_16649023
154	Homo sapiens	2022-12-06	North Macedonia	BQ.1.1	EPI_ISL_16649009
154	Homo sapiens	2022-12-06	North Macedonia	BQ.1.1	EPI_ISL_16649008
156	Homo sapiens	2022-12-24	North Macedonia	BQ.1.1.7	EPI_ISL_16649013
160	Homo sapiens	2023-01-16	North Macedonia	CH.1.1.3	EPI_ISL_16649031
160	Homo sapiens	2023-01-16	North Macedonia	BQ.1.1.7	EPI_ISL_16649030
159	Homo sapiens	2023-01-09	North Macedonia	BA.5.2.6	EPI_ISL_16649018
158	Homo sapiens	2023-01-05	North Macedonia	BQ.1	EPI_ISL_16649017
158	Homo sapiens	2023-01-04	North Macedonia	BA.5.2.6	EPI_ISL_16649016
157	Homo sapiens	2022-12-29	North Macedonia	BQ.1.1	EPI_ISL_16649015
157	Homo sapiens	2022-12-28	North Macedonia	BA.5.2	EPI_ISL_16649014
156	Homo sapiens	2022-12-21	North Macedonia	XBK	EPI_ISL_16649012
155	Homo sapiens	2022-12-13	North Macedonia	CH.1.1.3	EPI_ISL_16649011
156	Homo sapiens	2022-12-19	North Macedonia	BN.1.3	EPI_ISL_16679623
156	Homo sapiens	2022-12-21	North Macedonia	BN.1.3	EPI_ISL_16679622
