08	Homo sapiens	2020-02-23	Oman 	B.4	EPI_ISL_457701
15	Homo sapiens	2020-04-12	Oman 	B.1.1	EPI_ISL_457702
13	Homo sapiens	2020-03-25	Oman 	B.1.1	EPI_ISL_457703
09	Homo sapiens	2020-02-24	Oman 	B.4	EPI_ISL_457704
19	Homo sapiens	2020-05-08	Oman 	B.1.1.27	EPI_ISL_457705
10	Homo sapiens	2020-03-02	Oman 	B.4	EPI_ISL_457706
13	Homo sapiens	2020-03-24	Oman 	B.1	EPI_ISL_457707
11	Homo sapiens	2020-03-15	Oman 	B.4	EPI_ISL_457937
11	Homo sapiens	2020-03-15	Oman 	A.22	EPI_ISL_457938
12	Homo sapiens	2020-03-17	Oman 	B.4	EPI_ISL_457939
11	Homo sapiens	2020-03-14	Oman 	B.1.220	EPI_ISL_457974
12	Homo sapiens	2020-03-17	Oman 	B.1	EPI_ISL_457975
12	Homo sapiens	2020-03-17	Oman 	A	EPI_ISL_457976
12	Homo sapiens	2020-03-18	Oman 	B.6	EPI_ISL_457977
12	Homo sapiens	2020-03-18	Oman 	B	EPI_ISL_457978
12	Homo sapiens	2020-03-18	Oman 	B.1.1	EPI_ISL_457979
12	Homo sapiens	2020-03-18	Oman 	B.1.1.10	EPI_ISL_457980
14	Homo sapiens	2020-04-03	Oman 	B.1.1.27	EPI_ISL_457981
12	Homo sapiens	2020-03-18	Oman 	B.1.195	EPI_ISL_457985
12	Homo sapiens	2020-03-20	Oman 	B	EPI_ISL_457986
12	Homo sapiens	2020-03-20	Oman 	B	EPI_ISL_457987
12	Homo sapiens	2020-03-21	Oman 	B.1.1.27	EPI_ISL_457988
12	Homo sapiens	2020-03-21	Oman 	B.1.1.279	EPI_ISL_457989
12	Homo sapiens	2020-03-21	Oman 	B	EPI_ISL_457990
12	Homo sapiens	2020-03-22	Oman 	A	EPI_ISL_457991
12	Homo sapiens	2020-03-22	Oman 	B.1.1.27	EPI_ISL_457992
13	Homo sapiens	2020-03-24	Oman 	A	EPI_ISL_457993
13	Homo sapiens	2020-03-25	Oman 	B.1	EPI_ISL_457994
13	Homo sapiens	2020-03-26	Oman 	B	EPI_ISL_457995
13	Homo sapiens	2020-03-29	Oman 	B.1	EPI_ISL_457996
13	Homo sapiens	2020-03-28	Oman 	B	EPI_ISL_457997
13	Homo sapiens	2020-03-28	Oman 	B.1	EPI_ISL_457998
18	Homo sapiens	2020-05-01	Oman 	B.1.1.27	EPI_ISL_458116
19	Homo sapiens	2020-05-09	Oman 	B.1.1.27	EPI_ISL_458117
18	Homo sapiens	2020-05-01	Oman 	B.1.1.27	EPI_ISL_458118
15	Homo sapiens	2020-04-11	Oman 	B.1.1.27	EPI_ISL_458119
16	Homo sapiens	2020-04-13	Oman 	B.1.1.27	EPI_ISL_458120
17	Homo sapiens	2020-04-20	Oman 	B.1.1.27	EPI_ISL_458121
15	Homo sapiens	2020-04-07	Oman 	B.1.1.27	EPI_ISL_458122
15	Homo sapiens	2020-04-06	Oman 	B.1.1.27	EPI_ISL_458123
18	Homo sapiens	2020-05-03	Oman 	B.1.1.27	EPI_ISL_458124
13	Homo sapiens	2020-03-26	Oman 	B.1.1.27	EPI_ISL_491116
14	Homo sapiens	2020-04-02	Oman 	B.1.1.27	EPI_ISL_491121
18	Homo sapiens	2020-04-28	Oman 	B.1.1.27	EPI_ISL_491122
16	Homo sapiens	2020-04-13	Oman 	B.1.1.27	EPI_ISL_491123
18	Homo sapiens	2020-04-28	Oman 	B.1.1.27	EPI_ISL_491124
17	Homo sapiens	2020-04-25	Oman 	B.1.1	EPI_ISL_491125
17	Homo sapiens	2020-04-25	Oman 	B.1.1.27	EPI_ISL_491126
17	Homo sapiens	2020-04-26	Oman 	B.1.1.27	EPI_ISL_491127
14	Homo sapiens	2020-04-03	Oman 	B.1.1.27	EPI_ISL_491128
16	Homo sapiens	2020-04-17	Oman 	B.1.1.27	EPI_ISL_491129
17	Homo sapiens	2020-04-21	Oman 	B.1.1.27	EPI_ISL_491130
17	Homo sapiens	2020-04-25	Oman 	B.1.1.27	EPI_ISL_491131
17	Homo sapiens	2020-04-26	Oman 	B.1.1.27	EPI_ISL_491132
18	Homo sapiens	2020-04-28	Oman 	B.1.1.27	EPI_ISL_491133
14	Homo sapiens	2020-03-30	Oman 	B.1	EPI_ISL_491134
14	Homo sapiens	2020-04-02	Oman 	B.1.1.27	EPI_ISL_491135
18	Homo sapiens	2020-04-27	Oman 	B.1.1	EPI_ISL_491136
16	Homo sapiens	2020-04-15	Oman 	B.1.1.27	EPI_ISL_491137
20	Homo sapiens	2020-05-15	Oman 	B.1.1.27	EPI_ISL_491138
16	Homo sapiens	2020-04-18	Oman 	B.1.1	EPI_ISL_491139
17	Homo sapiens	2020-04-25	Oman 	B.1.1	EPI_ISL_491140
19	Homo sapiens	2020-05-07	Oman 	B.1.1.27	EPI_ISL_491141
17	Homo sapiens	2020-04-25	Oman 	B.1.1	EPI_ISL_491142
17	Homo sapiens	2020-04-22	Oman 	B.1.1.27	EPI_ISL_491143
16	Homo sapiens	2020-04-13	Oman 	B.1.1.27	EPI_ISL_491144
19	Homo sapiens	2020-05-06	Oman 	B.1.1.27	EPI_ISL_491145
17	Homo sapiens	2020-04-26	Oman 	B.1.1.27	EPI_ISL_491146
15	Homo sapiens	2020-04-08	Oman 	B.1.1.27	EPI_ISL_491147
16	Homo sapiens	2020-04-13	Oman 	B.1.1.27	EPI_ISL_491148
15	Homo sapiens	2020-04-10	Oman 	B.1.36	EPI_ISL_491149
15	Homo sapiens	2020-04-10	Oman 	B.1.36	EPI_ISL_491150
16	Homo sapiens	2020-04-17	Oman 	B.1.36	EPI_ISL_491151
15	Homo sapiens	2020-04-12	Oman 	B.1.36	EPI_ISL_491152
19	Homo sapiens	2020-05-09	Oman 	B.1.1	EPI_ISL_491153
13	Homo sapiens	2020-03-29	Oman 	B.1	EPI_ISL_491154
15	Homo sapiens	2020-04-07	Oman 	B.1.36	EPI_ISL_491155
15	Homo sapiens	2020-04-10	Oman 	B.1.36	EPI_ISL_491156
15	Homo sapiens	2020-04-10	Oman 	B.1.36	EPI_ISL_491157
16	Homo sapiens	2020-04-15	Oman 	B.1.36	EPI_ISL_491158
15	Homo sapiens	2020-04-12	Oman 	B.1.36	EPI_ISL_491159
15	Homo sapiens	2020-04-10	Oman 	B.1.36	EPI_ISL_491160
15	Homo sapiens	2020-04-06	Oman 	B.1.1.27	EPI_ISL_491161
17	Homo sapiens	2020-04-22	Oman 	B.1.1	EPI_ISL_491162
17	Homo sapiens	2020-04-22	Oman 	B.1.1	EPI_ISL_491163
17	Homo sapiens	2020-04-24	Oman 	B.1.1	EPI_ISL_491164
17	Homo sapiens	2020-04-24	Oman 	B.1.1.27	EPI_ISL_491165
17	Homo sapiens	2020-04-26	Oman 	B.1.1.27	EPI_ISL_491166
16	Homo sapiens	2020-04-15	Oman 	B.1.1.27	EPI_ISL_491167
17	Homo sapiens	2020-04-21	Oman 	B.1.1	EPI_ISL_491168
18	Homo sapiens	2020-05-03	Oman 	B.1.1	EPI_ISL_491169
18	Homo sapiens	2020-05-01	Oman 	B.1.1	EPI_ISL_491170
17	Homo sapiens	2020-04-22	Oman 	B.1.1.27	EPI_ISL_491171
19	Homo sapiens	2020-05-10	Oman 	B.1.1.27	EPI_ISL_491968
20	Homo sapiens	2020-05-12	Oman 	B.1.1.27	EPI_ISL_491969
20	Homo sapiens	2020-05-12	Oman 	B.1.1.27	EPI_ISL_491970
20	Homo sapiens	2020-05-15	Oman 	B.1.1.27	EPI_ISL_491973
20	Homo sapiens	2020-05-15	Oman 	B.1.1	EPI_ISL_491974
20	Homo sapiens	2020-05-16	Oman 	B.1.1.27	EPI_ISL_491976
20	Homo sapiens	2020-05-17	Oman 	B.1.1.27	EPI_ISL_491978
20	Homo sapiens	2020-05-17	Oman 	B.1.1.27	EPI_ISL_491979
20	Homo sapiens	2020-05-17	Oman 	B.1.1.27	EPI_ISL_491980
20	Homo sapiens	2020-05-17	Oman 	B.1.1.27	EPI_ISL_491981
20	Homo sapiens	2020-05-17	Oman 	B.1.1.27	EPI_ISL_491982
20	Homo sapiens	2020-05-17	Oman 	B.1.1.27	EPI_ISL_491983
20	Homo sapiens	2020-05-17	Oman 	B.1.1.27	EPI_ISL_491984
21	Homo sapiens	2020-05-19	Oman 	B.6	EPI_ISL_491985
21	Homo sapiens	2020-05-19	Oman 	B.6	EPI_ISL_491986
21	Homo sapiens	2020-05-21	Oman 	B.1.1.27	EPI_ISL_491988
21	Homo sapiens	2020-05-21	Oman 	B.1.1.366	EPI_ISL_491989
21	Homo sapiens	2020-05-21	Oman 	B.1.1.27	EPI_ISL_491990
21	Homo sapiens	2020-05-21	Oman 	B.1.1.27	EPI_ISL_491991
21	Homo sapiens	2020-05-21	Oman 	B.1.1.27	EPI_ISL_491992
21	Homo sapiens	2020-05-22	Oman 	B.1.1.27	EPI_ISL_491993
21	Homo sapiens	2020-05-21	Oman 	B.1.1.27	EPI_ISL_491994
21	Homo sapiens	2020-05-22	Oman 	B.1.1.27	EPI_ISL_491995
21	Homo sapiens	2020-05-22	Oman 	B.1.1.27	EPI_ISL_491996
21	Homo sapiens	2020-05-24	Oman 	B.1.1.27	EPI_ISL_491997
22	Homo sapiens	2020-05-25	Oman 	B.1.1.27	EPI_ISL_491998
22	Homo sapiens	2020-05-26	Oman 	B.1.1.27	EPI_ISL_491999
22	Homo sapiens	2020-05-26	Oman 	B.1.1.27	EPI_ISL_492000
22	Homo sapiens	2020-05-26	Oman 	B.1.1.27	EPI_ISL_492001
22	Homo sapiens	2020-05-27	Oman 	B.1.1.27	EPI_ISL_492002
22	Homo sapiens	2020-05-27	Oman 	B.1.1.27	EPI_ISL_492003
22	Homo sapiens	2020-05-28	Oman 	B.1.1.27	EPI_ISL_492005
22	Homo sapiens	2020-05-28	Oman 	B.1.1.27	EPI_ISL_492006
22	Homo sapiens	2020-05-29	Oman 	B.1.1.27	EPI_ISL_492007
22	Homo sapiens	2020-05-29	Oman 	B.1.1	EPI_ISL_492008
22	Homo sapiens	2020-05-30	Oman 	B.1.1.27	EPI_ISL_492009
22	Homo sapiens	2020-05-31	Oman 	B.1.1.27	EPI_ISL_492010
22	Homo sapiens	2020-05-31	Oman 	B.1.1.27	EPI_ISL_492011
22	Homo sapiens	2020-05-31	Oman 	B.1.1.27	EPI_ISL_492012
23	Homo sapiens	2020-06-03	Oman 	B.1.1.27	EPI_ISL_492014
23	Homo sapiens	2020-06-04	Oman 	B.1.1.27	EPI_ISL_492016
23	Homo sapiens	2020-06-05	Oman 	B.1.1.27	EPI_ISL_492017
24	Homo sapiens	2020-06-08	Oman 	B.1.1.27	EPI_ISL_492019
24	Homo sapiens	2020-06-09	Oman 	B.1.1.27	EPI_ISL_492020
24	Homo sapiens	2020-06-09	Oman 	B.1.1.27	EPI_ISL_492021
24	Homo sapiens	2020-06-09	Oman 	B.1.1.27	EPI_ISL_492022
24	Homo sapiens	2020-06-09	Oman 	B.1.1.27	EPI_ISL_492023
24	Homo sapiens	2020-06-09	Oman 	B.1.1.27	EPI_ISL_492024
24	Homo sapiens	2020-06-10	Oman 	B.1.1.27	EPI_ISL_492025
24	Homo sapiens	2020-06-11	Oman 	B.1.1.27	EPI_ISL_492026
25	Homo sapiens	2020-06-20	Oman 	B.1.1.27	EPI_ISL_492065
16	Homo sapiens	2020-04-13	Oman 	B.1.1.27	EPI_ISL_518821
12	Homo sapiens	2020-03-21	Oman 	B.1.195	EPI_ISL_518822
13	Homo sapiens	2020-03-23	Oman 	B.1.1.27	EPI_ISL_518823
21	Homo sapiens	2020-05-20	Oman 	B.1.1.27	EPI_ISL_518824
21	Homo sapiens	2020-05-21	Oman 	B.1.1.27	EPI_ISL_518825
21	Homo sapiens	2020-05-21	Oman 	B.1.1.27	EPI_ISL_518826
21	Homo sapiens	2020-05-21	Oman 	B.1.1.27	EPI_ISL_518827
21	Homo sapiens	2020-05-21	Oman 	B.1.1.27	EPI_ISL_518828
21	Homo sapiens	2020-05-21	Oman 	B.1.1.27	EPI_ISL_518829
21	Homo sapiens	2020-05-21	Oman 	B.1.1.27	EPI_ISL_518830
21	Homo sapiens	2020-05-21	Oman 	B.1.1.27	EPI_ISL_518831
21	Homo sapiens	2020-05-22	Oman 	B.1.1	EPI_ISL_518832
21	Homo sapiens	2020-05-22	Oman 	B.1.1.27	EPI_ISL_518833
21	Homo sapiens	2020-05-22	Oman 	B.1.1.27	EPI_ISL_518834
21	Homo sapiens	2020-05-22	Oman 	B.1.1.27	EPI_ISL_518835
21	Homo sapiens	2020-05-22	Oman 	B.1.1.27	EPI_ISL_518836
21	Homo sapiens	2020-05-22	Oman 	B.1.1.27	EPI_ISL_518837
21	Homo sapiens	2020-05-22	Oman 	B.1.1.27	EPI_ISL_518838
21	Homo sapiens	2020-05-22	Oman 	B.1.1.27	EPI_ISL_518839
21	Homo sapiens	2020-05-22	Oman 	B.1.1.27	EPI_ISL_518840
21	Homo sapiens	2020-05-22	Oman 	B.1.1.27	EPI_ISL_518841
21	Homo sapiens	2020-05-22	Oman 	B.1.1.27	EPI_ISL_518842
17	Homo sapiens	2020-04-24	Oman 	B.1.1.27	EPI_ISL_518843
17	Homo sapiens	2020-04-24	Oman 	B.1.1.27	EPI_ISL_518844
17	Homo sapiens	2020-04-24	Oman 	B.1.1.27	EPI_ISL_518845
17	Homo sapiens	2020-04-24	Oman 	B.1.1.27	EPI_ISL_518846
17	Homo sapiens	2020-04-24	Oman 	B.1.1.27	EPI_ISL_518847
17	Homo sapiens	2020-04-24	Oman 	B.6	EPI_ISL_518848
17	Homo sapiens	2020-04-24	Oman 	B.1.1.27	EPI_ISL_518849
17	Homo sapiens	2020-04-24	Oman 	B.1.1.27	EPI_ISL_518850
18	Homo sapiens	2020-04-27	Oman 	B.1.1.27	EPI_ISL_518851
18	Homo sapiens	2020-04-27	Oman 	B.1.1.27	EPI_ISL_518852
18	Homo sapiens	2020-04-27	Oman 	B.1.1.27	EPI_ISL_518853
18	Homo sapiens	2020-04-27	Oman 	B.1.1.27	EPI_ISL_518854
15	Homo sapiens	2020-04-12	Oman 	B.1	EPI_ISL_525423
17	Homo sapiens	2020-04-21	Oman 	B	EPI_ISL_525424
13	Homo sapiens	2020-03-23	Oman 	B.1	EPI_ISL_525425
21	Homo sapiens	2020-05-21	Oman 	B.1.1.27	EPI_ISL_525427
23	Homo sapiens	2020-06-05	Oman 	B	EPI_ISL_525429
52	Homo sapiens	2020-12-22	Oman 	B.1.1.7	EPI_ISL_766569
21	Homo sapiens	2020-05-21	Oman 	B	EPI_ISL_525426
21	Homo sapiens	2020-05-22	Oman 	B	EPI_ISL_525428
29	Homo sapiens	2020-07-15	Oman 	B.1.1	EPI_ISL_1532282
28	Homo sapiens	2020-07-11	Oman 	B.1.1	EPI_ISL_1532283
28	Homo sapiens	2020-07-12	Oman 	B.1	EPI_ISL_1532284
29	Homo sapiens	2020-07-13	Oman 	B.1.1.27	EPI_ISL_1532285
33	Homo sapiens	2020-08-12	Oman 	B.1.1.27	EPI_ISL_1532286
33	Homo sapiens	2020-08-12	Oman 	B.1.1.27	EPI_ISL_1532287
33	Homo sapiens	2020-08-12	Oman 	B.1.1	EPI_ISL_1532288
33	Homo sapiens	2020-08-12	Oman 	B.1.1.27	EPI_ISL_1532289
36	Homo sapiens	2020-08-31	Oman 	B.1.1.27	EPI_ISL_1532290
36	Homo sapiens	2020-09-01	Oman 	B.1.1.27	EPI_ISL_1532291
36	Homo sapiens	2020-09-03	Oman 	B.1.1.27	EPI_ISL_1532292
36	Homo sapiens	2020-09-04	Oman 	B.1.1.27	EPI_ISL_1532293
36	Homo sapiens	2020-09-04	Oman 	B.1.1	EPI_ISL_1532294
38	Homo sapiens	2020-09-14	Oman 	B.1.1.27	EPI_ISL_1532295
38	Homo sapiens	2020-09-15	Oman 	B.1.1.27	EPI_ISL_1532296
38	Homo sapiens	2020-09-17	Oman 	B.1.1	EPI_ISL_1532297
38	Homo sapiens	2020-09-20	Oman 	B.1.1.27	EPI_ISL_1532298
39	Homo sapiens	2020-09-26	Oman 	B.1.1.27	EPI_ISL_1532299
39	Homo sapiens	2020-09-27	Oman 	B.1.1.27	EPI_ISL_1532300
40	Homo sapiens	2020-09-28	Oman 	B	EPI_ISL_1532301
27	Homo sapiens	2020-07-01	Oman 	B.1.1.27	EPI_ISL_1532302
29	Homo sapiens	2020-07-15	Oman 	B.1.1.27	EPI_ISL_1532303
37	Homo sapiens	2020-09-07	Oman 	B.1.1	EPI_ISL_1532304
27	Homo sapiens	2020-07-05	Oman 	B.1.1.27	EPI_ISL_1532305
21	Homo sapiens	2020-05-22	Oman 	B.1.1.27	EPI_ISL_1795043
22	Homo sapiens	2020-05-28	Oman 	B.1.1.27	EPI_ISL_1795044
21	Homo sapiens	2020-05-21	Oman 	B.1.1.27	EPI_ISL_1795045
22	Homo sapiens	2020-05-31	Oman 	B.1.1.305	EPI_ISL_1795047
26	Homo sapiens	2020-06-25	Oman 	B.1.1.27	EPI_ISL_1795048
26	Homo sapiens	2020-06-28	Oman 	B.1.1.27	EPI_ISL_1795049
27	Homo sapiens	2020-07-01	Oman 	B.1.1.27	EPI_ISL_1795050
27	Homo sapiens	2020-07-05	Oman 	B.1.1.27	EPI_ISL_1795051
28	Homo sapiens	2020-07-06	Oman 	B.1.1.27	EPI_ISL_1795052
28	Homo sapiens	2020-07-07	Oman 	B.1.1.27	EPI_ISL_1819072
24	Homo sapiens	2020-06-09	Oman 	B.1.1.27	EPI_ISL_1819073
23	Homo sapiens	2020-06-01	Oman 	B.1.1.27	EPI_ISL_1819074
27	Homo sapiens	2020-07-03	Oman 	B.1.1	EPI_ISL_1819075
30	Homo sapiens	2020-07-23	Oman 	B.1.1.27	EPI_ISL_1819076
26	Homo sapiens	2020-06-23	Oman 	B.1.1.27	EPI_ISL_1819077
33	Homo sapiens	2020-08-13	Oman 	B.1.1.27	EPI_ISL_2603841
33	Homo sapiens	2020-08-12	Oman 	B.1.1.27	EPI_ISL_2603816
33	Homo sapiens	2020-08-10	Oman 	B.1.1.27	EPI_ISL_2603855
73	Homo sapiens	2021-05-17	Oman 	B.1.617.2	EPI_ISL_2921200
72	Homo sapiens	2021-05-13	Oman 	B.1.1.7	EPI_ISL_2921201
69	Homo sapiens	2021-04-20	Oman 	B.1.617.2	EPI_ISL_2921181
69	Homo sapiens	2021-04-20	Oman 	B.1.1.7	EPI_ISL_2921182
69	Homo sapiens	2021-04-20	Oman 	B.1.617.2	EPI_ISL_2921183
69	Homo sapiens	2021-04-20	Oman 	B.1.617.2	EPI_ISL_2921184
69	Homo sapiens	2021-04-20	Oman 	B.1.617.2	EPI_ISL_2921185
69	Homo sapiens	2021-04-20	Oman 	B.1.1.7	EPI_ISL_2921186
69	Homo sapiens	2021-04-20	Oman 	AY.120	EPI_ISL_2925621
68	Homo sapiens	2021-04-18	Oman 	AY.106	EPI_ISL_2925624
68	Homo sapiens	2021-04-18	Oman 	AY.120	EPI_ISL_2925625
68	Homo sapiens	2021-04-13	Oman 	B.1.351	EPI_ISL_2925622
68	Homo sapiens	2021-04-13	Oman 	B.1.1.7	EPI_ISL_2925623
67	Homo sapiens	2021-04-11	Oman 	B.1.1.7	EPI_ISL_2921187
67	Homo sapiens	2021-04-08	Oman 	C.36	EPI_ISL_2921174
67	Homo sapiens	2021-04-07	Oman 	B.1.1.7	EPI_ISL_2921188
67	Homo sapiens	2021-04-05	Oman 	B.1.1.7	EPI_ISL_2921177
66	Homo sapiens	2021-04-04	Oman 	B.1.1.7	EPI_ISL_2921176
66	Homo sapiens	2021-03-31	Oman 	B.1.1.7	EPI_ISL_2921191
65	Homo sapiens	2021-03-28	Oman 	B.1.1.7	EPI_ISL_2921179
65	Homo sapiens	2021-03-28	Oman 	B.1.470	EPI_ISL_2921190
65	Homo sapiens	2021-03-25	Oman 	B.1.1.7	EPI_ISL_2921175
65	Homo sapiens	2021-03-24	Oman 	B.1.1.7	EPI_ISL_2925620
65	Homo sapiens	2021-03-24	Oman 	B.1.1.7	EPI_ISL_2921180
62	Homo sapiens	2021-03-07	Oman 	B.1.1.7	EPI_ISL_2921189
62	Homo sapiens	2021-03-07	Oman 	B.1.351	EPI_ISL_2921178
62	Homo sapiens	2021-03-04	Oman 	B.1.1.7	EPI_ISL_2921173
62	Homo sapiens	2021-03-02	Oman 	B.1.1.7	EPI_ISL_2921170
62	Homo sapiens	2021-03-01	Oman 	A.28	EPI_ISL_2925610
61	Homo sapiens	2021-02-28	Oman 	B.1.1.7	EPI_ISL_2925628
60	Homo sapiens	2021-02-21	Oman 	A.28	EPI_ISL_2921171
60	Homo sapiens	2021-02-21	Oman 	B.1.1.7	EPI_ISL_2921172
60	Homo sapiens	2021-02-19	Oman 	B.1.1.27	EPI_ISL_2921192
60	Homo sapiens	2021-02-17	Oman 	B.1.1.7	EPI_ISL_2925627
60	Homo sapiens	2021-02-17	Oman 	B.1.1.7	EPI_ISL_2925626
59	Homo sapiens	2021-02-09	Oman 	B.1.1.7	EPI_ISL_2925607
59	Homo sapiens	2021-02-08	Oman 	B.1.1.354	EPI_ISL_2921193
59	Homo sapiens	2021-02-08	Oman 	B.1.1.7	EPI_ISL_2925629
59	Homo sapiens	2021-02-08	Oman 	B.1.351	EPI_ISL_2921198
58	Homo sapiens	2021-02-04	Oman 	B.1.1.391	EPI_ISL_2921197
58	Homo sapiens	2021-02-03	Oman 	B.1.1.7	EPI_ISL_2925615
58	Homo sapiens	2021-02-02	Oman 	B.1.1.7	EPI_ISL_2925616
58	Homo sapiens	2021-02-02	Oman 	B.1.36.24	EPI_ISL_2921194
57	Homo sapiens	2021-01-31	Oman 	B.1.1.27	EPI_ISL_2921196
57	Homo sapiens	2021-01-30	Oman 	B.1.1.397	EPI_ISL_2925609
57	Homo sapiens	2021-01-30	Oman 	B.1.1.27	EPI_ISL_2925608
57	Homo sapiens	2021-01-27	Oman 	B.1.351	EPI_ISL_2921195
57	Homo sapiens	2021-01-25	Oman 	B.1.1.174	EPI_ISL_2921199
56	Homo sapiens	2021-01-24	Oman 	B.1.1.7	EPI_ISL_2925630
56	Homo sapiens	2021-01-20	Oman 	B.1.1.7	EPI_ISL_2925614
56	Homo sapiens	2021-01-19	Oman 	B.1.1.7	EPI_ISL_2925619
54	Homo sapiens	2021-01-04	Oman 	B.1.1.7	EPI_ISL_2925611
54	Homo sapiens	2021-01-04	Oman 	A.28	EPI_ISL_2925613
53	Homo sapiens	2020-12-29	Oman 	B.1.1.25	EPI_ISL_2925617
52	Homo sapiens	2020-12-26	Oman 	B.1.1.7	EPI_ISL_2925618
47	Homo sapiens	2020-11-19	Oman 	B.1.1.391	EPI_ISL_2925612
88	Homo sapiens	2021-09-05	Oman 	B.1.617.2	EPI_ISL_4062646
80	Homo sapiens	2021-07-06	Oman 	B.1.617.2	EPI_ISL_4063059
80	Homo sapiens	2021-07-06	Oman 	B.1.1.7	EPI_ISL_4063060
80	Homo sapiens	2021-07-06	Oman 	B.1.525	EPI_ISL_4063058
80	Homo sapiens	2021-07-06	Oman 	B.1.1.7	EPI_ISL_4063063
80	Homo sapiens	2021-07-06	Oman 	B.1.1.7	EPI_ISL_4063062
80	Homo sapiens	2021-07-06	Oman 	B.1.1.7	EPI_ISL_4063061
78	Homo sapiens	2021-06-27	Oman 	B.1.617.2	EPI_ISL_4062909
78	Homo sapiens	2021-06-23	Oman 	B.1.617.2	EPI_ISL_4062917
78	Homo sapiens	2021-06-23	Oman 	B.1.617.2	EPI_ISL_4062920
76	Homo sapiens	2021-06-12	Oman 	B.1.617.2	EPI_ISL_4063027
76	Homo sapiens	2021-06-11	Oman 	B.1.617.2	EPI_ISL_4063026
76	Homo sapiens	2021-06-11	Oman 	B.1.617.2	EPI_ISL_4063025
76	Homo sapiens	2021-06-10	Oman 	B.1.617.2	EPI_ISL_4063028
76	Homo sapiens	2021-06-10	Oman 	B.1.617.2	EPI_ISL_4063034
76	Homo sapiens	2021-06-10	Oman 	B.1.617.2	EPI_ISL_4063035
76	Homo sapiens	2021-06-10	Oman 	B.1.617.2	EPI_ISL_4063031
76	Homo sapiens	2021-06-10	Oman 	B.1.617.2	EPI_ISL_4063029
76	Homo sapiens	2021-06-10	Oman 	B.1.1.7	EPI_ISL_4063032
76	Homo sapiens	2021-06-10	Oman 	B.1.617.2	EPI_ISL_4063030
76	Homo sapiens	2021-06-09	Oman 	B.1.617.2	EPI_ISL_4063045
76	Homo sapiens	2021-06-09	Oman 	B.1.617.2	EPI_ISL_4063047
76	Homo sapiens	2021-06-09	Oman 	AY.112	EPI_ISL_4063040
76	Homo sapiens	2021-06-09	Oman 	B.1.1.7	EPI_ISL_4063038
76	Homo sapiens	2021-06-09	Oman 	B.1.1.7	EPI_ISL_4063046
76	Homo sapiens	2021-06-09	Oman 	B.1.617.2	EPI_ISL_4063036
76	Homo sapiens	2021-06-09	Oman 	B.1.617.2	EPI_ISL_4063042
76	Homo sapiens	2021-06-09	Oman 	B.1.1.7	EPI_ISL_4063037
76	Homo sapiens	2021-06-09	Oman 	B.1.617.2	EPI_ISL_4063048
76	Homo sapiens	2021-06-09	Oman 	B.1.617.2	EPI_ISL_4063043
76	Homo sapiens	2021-06-09	Oman 	AY.112	EPI_ISL_4063044
76	Homo sapiens	2021-06-09	Oman 	B.1.617.2	EPI_ISL_4063039
76	Homo sapiens	2021-06-09	Oman 	B.1.617.2	EPI_ISL_4063041
76	Homo sapiens	2021-06-08	Oman 	AY.122	EPI_ISL_4063055
76	Homo sapiens	2021-06-08	Oman 	B.1.1.7	EPI_ISL_4063053
76	Homo sapiens	2021-06-08	Oman 	B.1.617.2	EPI_ISL_4063057
76	Homo sapiens	2021-06-08	Oman 	B.1.1.7	EPI_ISL_4063054
76	Homo sapiens	2021-06-08	Oman 	B.1.617.2	EPI_ISL_4063052
76	Homo sapiens	2021-06-08	Oman 	AY.112	EPI_ISL_4063051
76	Homo sapiens	2021-06-08	Oman 	B.1.617.2	EPI_ISL_4063056
75	Homo sapiens	2021-06-06	Oman 	B.1.617.2	EPI_ISL_4063068
75	Homo sapiens	2021-06-06	Oman 	B.1.1.7	EPI_ISL_4063069
75	Homo sapiens	2021-06-06	Oman 	AY.5	EPI_ISL_4063064
75	Homo sapiens	2021-06-06	Oman 	B.1.1.7	EPI_ISL_4063067
75	Homo sapiens	2021-06-05	Oman 	B.1.1.7	EPI_ISL_4062643
75	Homo sapiens	2021-06-05	Oman 	B.1.1.7	EPI_ISL_4062644
75	Homo sapiens	2021-06-05	Oman 	B.1.1.7	EPI_ISL_4062642
75	Homo sapiens	2021-06-05	Oman 	B.1.1.7	EPI_ISL_4062641
74	Homo sapiens	2021-05-30	Oman 	B.1.617.2	EPI_ISL_4062651
74	Homo sapiens	2021-05-26	Oman 	C.36	EPI_ISL_4063065
74	Homo sapiens	2021-05-26	Oman 	AY.112	EPI_ISL_4062652
73	Homo sapiens	2021-05-20	Oman 	B.1.1.7	EPI_ISL_4062896
72	Homo sapiens	2021-05-16	Oman 	B.1.1.7	EPI_ISL_4062900
72	Homo sapiens	2021-05-16	Oman 	B.1.1.7	EPI_ISL_4063033
72	Homo sapiens	2021-05-12	Oman 	B.1.1.7	EPI_ISL_4062653
72	Homo sapiens	2021-05-11	Oman 	B.1.617.2	EPI_ISL_4062655
71	Homo sapiens	2021-05-05	Oman 	B.1.1.7	EPI_ISL_4062635
71	Homo sapiens	2021-05-05	Oman 	B.1.1.7	EPI_ISL_4062639
71	Homo sapiens	2021-05-05	Oman 	B.1.1.7	EPI_ISL_4062638
71	Homo sapiens	2021-05-05	Oman 	B.1.1.7	EPI_ISL_4062637
71	Homo sapiens	2021-05-05	Oman 	C.36	EPI_ISL_4062640
71	Homo sapiens	2021-05-05	Oman 	B.1.1.7	EPI_ISL_4062636
70	Homo sapiens	2021-04-28	Oman 	B.1.1.7	EPI_ISL_4062612
70	Homo sapiens	2021-04-28	Oman 	B.1.1.7	EPI_ISL_4062611
70	Homo sapiens	2021-04-28	Oman 	B.1.1.7	EPI_ISL_4062613
69	Homo sapiens	2021-04-23	Oman 	B.1.351	EPI_ISL_4062610
69	Homo sapiens	2021-04-22	Oman 	B.1.1.7	EPI_ISL_4062609
69	Homo sapiens	2021-04-22	Oman 	B.1.1.7	EPI_ISL_4062622
69	Homo sapiens	2021-04-22	Oman 	B.1.1.7	EPI_ISL_4062623
69	Homo sapiens	2021-04-22	Oman 	B.1.1.7	EPI_ISL_4062624
69	Homo sapiens	2021-04-20	Oman 	B.1.1.7	EPI_ISL_4062616
69	Homo sapiens	2021-04-20	Oman 	B.1.1.7	EPI_ISL_4062619
69	Homo sapiens	2021-04-19	Oman 	B.1.617.1	EPI_ISL_4062618
69	Homo sapiens	2021-04-19	Oman 	B.1.1.7	EPI_ISL_4062620
69	Homo sapiens	2021-04-19	Oman 	B.1.1.7	EPI_ISL_4062617
67	Homo sapiens	2021-04-05	Oman 	B.1.1.7	EPI_ISL_4062633
67	Homo sapiens	2021-04-05	Oman 	B.1.1.7	EPI_ISL_4063050
67	Homo sapiens	2021-04-05	Oman 	B.1.1.7	EPI_ISL_4062634
67	Homo sapiens	2021-04-05	Oman 	B.1.617.2	EPI_ISL_4062632
67	Homo sapiens	2021-04-05	Oman 	B.1.1.7	EPI_ISL_4062615
62	Homo sapiens	2021-03-05	Oman 	B.1.617.2	EPI_ISL_4062630
62	Homo sapiens	2021-03-05	Oman 	B.1.1.7	EPI_ISL_4062629
58	Homo sapiens	2021-02-06	Oman 	B.1.617.2	EPI_ISL_4063070
58	Homo sapiens	2021-02-05	Oman 	B.1.1.7	EPI_ISL_4062626
58	Homo sapiens	2021-02-05	Oman 	B.1.1.7	EPI_ISL_4062628
54	Homo sapiens	2021-01-06	Oman 	B.1.617.2	EPI_ISL_4062649
54	Homo sapiens	2021-01-06	Oman 	B.1.617.2	EPI_ISL_4062647
54	Homo sapiens	2021-01-06	Oman 	AY.75	EPI_ISL_4062648
54	Homo sapiens	2021-01-05	Oman 	B.1.1.7	EPI_ISL_4062625
101	Homo sapiens	2021-12-01	Oman 	BA.1.17.2	EPI_ISL_7952626
102	Homo sapiens	2021-12-06	Oman 	BA.1.17.2	EPI_ISL_7952627
102	Homo sapiens	2021-12-11	Oman 	BA.1.1	EPI_ISL_7952631
102	Homo sapiens	2021-12-06	Oman 	BA.1.17.2	EPI_ISL_7986261
53	Homo sapiens	2021-01-02	Oman 	BA.1.1	EPI_ISL_10104936
53	Homo sapiens	2021-01-03	Oman 	BA.1.1	EPI_ISL_10104934
106	Homo sapiens	2022-01-03	Oman 	BA.2	EPI_ISL_10104947
105	Homo sapiens	2021-12-29	Oman 	BA.1	EPI_ISL_10116456
108	Homo sapiens	2022-01-22	Oman 	BA.2.10	EPI_ISL_11701711
109	Homo sapiens	2022-01-24	Oman 	BA.2.10	EPI_ISL_11989151
108	Homo sapiens	2022-01-23	Oman 	BA.2	EPI_ISL_12011500
108	Homo sapiens	2022-01-23	Oman 	BA.1	EPI_ISL_12011501
109	Homo sapiens	2022-01-24	Oman 	BA.1.1	EPI_ISL_12011496
109	Homo sapiens	2022-01-24	Oman 	BA.2	EPI_ISL_12011497
117	Homo sapiens	2022-03-23	Oman 	BA.2	EPI_ISL_14241486
128	Homo sapiens	2022-06-07	Oman 	BA.2.76	EPI_ISL_14241494
127	Homo sapiens	2022-06-02	Oman 	BA.2	EPI_ISL_14241493
131	Homo sapiens	2022-06-27	Oman 	BA.5.2	EPI_ISL_14241497
