29	Homo sapiens	2020-07-16	Palestine 	B.1.1.50	EPI_ISL_596500
29	Homo sapiens	2020-07-16	Palestine 	B.1.1.50	EPI_ISL_596501
10	Homo sapiens	2020-03-04	Palestine 	B.1	EPI_ISL_596502
11	Homo sapiens	2020-03-10	Palestine 	B.1	EPI_ISL_596503
12	Homo sapiens	2020-03-16	Palestine 	B.1	EPI_ISL_596506
29	Homo sapiens	2020-07-15	Palestine 	B.1.1.50	EPI_ISL_596507
12	Homo sapiens	2020-03-19	Palestine 	B.1.1	EPI_ISL_596508
12	Homo sapiens	2020-03-21	Palestine 	B.35	EPI_ISL_596509
12	Homo sapiens	2020-03-22	Palestine 	B.1.9	EPI_ISL_596510
12	Homo sapiens	2020-03-22	Palestine 	B.1.9	EPI_ISL_596511
13	Homo sapiens	2020-03-29	Palestine 	B.1	EPI_ISL_596512
14	Homo sapiens	2020-03-31	Palestine 	B.1	EPI_ISL_596513
29	Homo sapiens	2020-07-15	Palestine 	B.1.1.50	EPI_ISL_596514
14	Homo sapiens	2020-03-31	Palestine 	B.1	EPI_ISL_596515
14	Homo sapiens	2020-03-31	Palestine 	B.1	EPI_ISL_596516
14	Homo sapiens	2020-03-31	Palestine 	B	EPI_ISL_596517
14	Homo sapiens	2020-03-31	Palestine 	B.1	EPI_ISL_596518
31	Homo sapiens	2020-07-27	Palestine 	B.1.1.50	EPI_ISL_596520
31	Homo sapiens	2020-07-27	Palestine 	B.1.1.50	EPI_ISL_596521
33	Homo sapiens	2020-08-15	Palestine 	B.1.1.50	EPI_ISL_596523
34	Homo sapiens	2020-08-17	Palestine 	B.1.1.50	EPI_ISL_596525
34	Homo sapiens	2020-08-17	Palestine 	B.1.1.50	EPI_ISL_596526
34	Homo sapiens	2020-08-17	Palestine 	B.1.1.50	EPI_ISL_596527
34	Homo sapiens	2020-08-17	Palestine 	B.1.1.50	EPI_ISL_596528
34	Homo sapiens	2020-08-17	Palestine 	B.1.1.50	EPI_ISL_596529
34	Homo sapiens	2020-08-17	Palestine 	B.1.1.50	EPI_ISL_596530
34	Homo sapiens	2020-08-18	Palestine 	B.1.1.50	EPI_ISL_596531
34	Homo sapiens	2020-08-18	Palestine 	B.1.1.50	EPI_ISL_596532
29	Homo sapiens	2020-07-17	Palestine 	B.1.1.50	EPI_ISL_596533
34	Homo sapiens	2020-08-18	Palestine 	B.1.1.50	EPI_ISL_596534
34	Homo sapiens	2020-08-19	Palestine 	B.1.1.50	EPI_ISL_596535
34	Homo sapiens	2020-08-19	Palestine 	B.1.1.50	EPI_ISL_596536
34	Homo sapiens	2020-08-19	Palestine 	B.1.1.50	EPI_ISL_596537
34	Homo sapiens	2020-08-19	Palestine 	B.1.1.50	EPI_ISL_596538
26	Homo sapiens	2020-06-25	Palestine 	B.1.1.50	EPI_ISL_596542
26	Homo sapiens	2020-06-23	Palestine 	B.1.1.50	EPI_ISL_596543
28	Homo sapiens	2020-07-09	Palestine 	B.1.1.50	EPI_ISL_596544
26	Homo sapiens	2020-06-28	Palestine 	B.1.1.50	EPI_ISL_596545
28	Homo sapiens	2020-07-10	Palestine 	B.1.1.50	EPI_ISL_596547
26	Homo sapiens	2020-06-26	Palestine 	B.1.1.50	EPI_ISL_596548
26	Homo sapiens	2020-06-28	Palestine 	B.1.1.50	EPI_ISL_596549
26	Homo sapiens	2020-06-27	Palestine 	B.1.1.50	EPI_ISL_596550
28	Homo sapiens	2020-07-10	Palestine 	B.1.1.50	EPI_ISL_596551
26	Homo sapiens	2020-06-26	Palestine 	B.1.1.50	EPI_ISL_596552
26	Homo sapiens	2020-06-26	Palestine 	B.1.1.50	EPI_ISL_596553
26	Homo sapiens	2020-06-27	Palestine 	B.1.1.50	EPI_ISL_596554
29	Homo sapiens	2020-07-17	Palestine 	B.1.1.50	EPI_ISL_596555
28	Homo sapiens	2020-07-09	Palestine 	B.1.1.50	EPI_ISL_596556
27	Homo sapiens	2020-07-05	Palestine 	B.1.1.50	EPI_ISL_596557
26	Homo sapiens	2020-06-22	Palestine 	B.1.1.50	EPI_ISL_596558
26	Homo sapiens	2020-06-22	Palestine 	B.1.1.50	EPI_ISL_596559
26	Homo sapiens	2020-06-22	Palestine 	B.1.1.50	EPI_ISL_596560
26	Homo sapiens	2020-06-25	Palestine 	B.1.1.50	EPI_ISL_596562
26	Homo sapiens	2020-06-22	Palestine 	B.1.1.50	EPI_ISL_596563
28	Homo sapiens	2020-07-11	Palestine 	B.1.1.50	EPI_ISL_596564
28	Homo sapiens	2020-07-11	Palestine 	B.1.1.50	EPI_ISL_596565
29	Homo sapiens	2020-07-17	Palestine 	B.1.1.50	EPI_ISL_596567
10	Homo sapiens	2020-03-04	Palestine 	B.1	EPI_ISL_596568
48	Homo sapiens	2020-11-29	Palestine 	B.1.1.50	MW375993.1
48	Homo sapiens	2020-11-29	Palestine 	B.1	MW375994.1
48	Homo sapiens	2020-11-29	Palestine 	B.1.1.50	MW411947.1
48	Homo sapiens	2020-11-29	Palestine 	B.1.1.50	MW411948.1
48	Homo sapiens	2020-11-29	Palestine 	B.1.1.50	MW411949.1
48	Homo sapiens	2020-11-29	Palestine 	B.1.1.50	MW419997.1
54	Homo sapiens	2021-01-04	Palestine 	B.1.1.50	MW513685.1
54	Homo sapiens	2021-01-05	Palestine 	B.1.1.50	MW513686.1
45	Homo sapiens	2020-11-05	Palestine 	B.1.1.50	MW600628.1
45	Homo sapiens	2020-11-05	Palestine 	B.1.1.50	MW600629.1
49	Homo sapiens	2020-11-30	Palestine 	B.1.1.50	MW600630.1
49	Homo sapiens	2020-11-30	Palestine 	B.1.1.50	MW600632.1
49	Homo sapiens	2020-11-30	Palestine 	B.1.1.50	MW737833.1
49	Homo sapiens	2020-11-30	Palestine 	B.1.1.312	MW737834.1
49	Homo sapiens	2020-11-30	Palestine 	B.1.1.50	MW737836.1
49	Homo sapiens	2020-11-30	Palestine 	B.1.1.50	MW737838.1
49	Homo sapiens	2020-11-30	Palestine 	B.1.1.50	MW737840.1
49	Homo sapiens	2020-11-30	Palestine 	B.1.504	MW737841.1
49	Homo sapiens	2020-11-30	Palestine 	B.1.1.50	MW737842.1
49	Homo sapiens	2020-11-30	Palestine 	B.1.1.50	MW737843.1
49	Homo sapiens	2020-11-30	Palestine 	B.1.1.50	MW737844.1
58	Homo sapiens	2021-02-05	Palestine 	B.1.1.7	MW858235.1
58	Homo sapiens	2021-02-05	Palestine 	B.1.1.7	MW858236.1
58	Homo sapiens	2021-02-05	Palestine 	B.1.1.7	MW858237.1
58	Homo sapiens	2021-02-05	Palestine 	B.1.1.7	MW858238.1
58	Homo sapiens	2021-02-05	Palestine 	B.1.1.50	MW858239.1
58	Homo sapiens	2021-02-05	Palestine 	B.1.1.7	MW858240.1
58	Homo sapiens	2021-02-06	Palestine 	B.1.1.7	MW858241.1
58	Homo sapiens	2021-02-06	Palestine 	B.1.1.50	MW858242.1
58	Homo sapiens	2021-02-06	Palestine 	B.1.1.50	MW858243.1
58	Homo sapiens	2021-02-05	Palestine 	B.1.1.7	MW858244.1
58	Homo sapiens	2021-02-05	Palestine 	B.1.1.7	MW858245.1
58	Homo sapiens	2021-02-06	Palestine 	B.1.1.7	MW858246.1
58	Homo sapiens	2021-02-06	Palestine 	B.1.1.50	MW858247.1
58	Homo sapiens	2021-02-06	Palestine 	B.1.1.50	MW858248.1
58	Homo sapiens	2021-02-06	Palestine 	B.1.1.50	MW858249.1
49	Homo sapiens	2020-11-30	Palestine 	B.1.1.50	EPI_ISL_1273091
67	Homo sapiens	2021-04-09	Palestine 	B.1.1.7	MZ207861.1
67	Homo sapiens	2021-04-09	Palestine 	B.1.1.7	MZ207862.1
67	Homo sapiens	2021-04-09	Palestine 	B.1.1.7	MZ207863.1
67	Homo sapiens	2021-04-09	Palestine 	B.1.1.7	MZ207864.1
67	Homo sapiens	2021-04-09	Palestine 	B.1.1.7	MZ207865.1
67	Homo sapiens	2021-04-09	Palestine 	B.1.1.7	MZ207866.1
67	Homo sapiens	2021-04-09	Palestine 	B.1.1.7	MZ207867.1
67	Homo sapiens	2021-04-09	Palestine 	B.1.1.7	MZ207868.1
67	Homo sapiens	2021-04-09	Palestine 	B.1.1.7	MZ207869.1
67	Homo sapiens	2021-04-09	Palestine 	B.1.1	MZ207870.1
67	Homo sapiens	2021-04-09	Palestine 	B.1.1.7	MZ207871.1
67	Homo sapiens	2021-04-09	Palestine 	B.1.1.7	MZ207858.1
67	Homo sapiens	2021-04-09	Palestine 	B.1.1.7	MZ207859.1
67	Homo sapiens	2021-04-09	Palestine 	B.1.1.7	MZ207860.1
67	Homo sapiens	2021-04-09	Palestine 	B.1.1.7	MZ207872.1
67	Homo sapiens	2021-04-09	Palestine 	B.1.1.7	MZ207873.1
67	Homo sapiens	2021-04-09	Palestine 	B.1.1.7	MZ207874.1
67	Homo sapiens	2021-04-09	Palestine 	B.1.1.7	MZ207856.1
67	Homo sapiens	2021-04-09	Palestine 	B.1.1.7	MZ207857.1
45	Homo sapiens	2020-11-07	Palestine 	B.1.1.50	MW281864.1
45	Homo sapiens	2020-11-07	Palestine 	B.1.1.50	EPI_ISL_649153
45	Homo sapiens	2020-11-07	Palestine 	B	EPI_ISL_661272
108	Homo sapiens	2022-01-20	Palestine 	BA.1.1	ON375751.1
108	Homo sapiens	2022-01-18	Palestine 	BA.1.1	ON375752.1
106	Homo sapiens	2022-01-08	Palestine 	BA.1.17.2	ON375755.1
107	Homo sapiens	2022-01-16	Palestine 	BA.1.1	ON375757.1
107	Homo sapiens	2022-01-11	Palestine 	BA.1	ON375759.1
107	Homo sapiens	2022-01-16	Palestine 	BA.1.1	ON375761.1
107	Homo sapiens	2022-01-16	Palestine 	BA.1.1	ON375764.1
107	Homo sapiens	2022-01-15	Palestine 	BA.1.1	ON375765.1
108	Homo sapiens	2022-01-18	Palestine 	BA.1.1	ON375767.1
108	Homo sapiens	2022-01-19	Palestine 	BA.1.1	ON375770.1
107	Homo sapiens	2022-01-10	Palestine 	B.1.617.2	ON375773.1
106	Homo sapiens	2022-01-05	Palestine 	BA.1.1	ON375775.1
106	Homo sapiens	2022-01-06	Palestine 	BA.1.1	ON375777.1
106	Homo sapiens	2022-01-08	Palestine 	BA.1	ON375778.1
108	Homo sapiens	2022-01-17	Palestine 	BA.1	ON375782.1
107	Homo sapiens	2022-01-12	Palestine 	BA.1	ON375784.1
107	Homo sapiens	2022-01-10	Palestine 	BA.1	ON375785.1
107	Homo sapiens	2022-01-12	Palestine 	B.1.1.529	ON375786.1
107	Homo sapiens	2022-01-13	Palestine 	BA.1.1	ON375787.1
108	Homo sapiens	2022-01-17	Palestine 	BA.1	ON375789.1
160	Homo sapiens	2023-01-18	Palestine 	BQ.1.1	EPI_ISL_17485347
