30	Homo sapiens	2020-07-21	Papua New Guinea	B.6.8	EPI_ISL_693471
30	Homo sapiens	2020-07-21	Papua New Guinea	B.6.8	EPI_ISL_693472
34	Homo sapiens	2020-08-21	Papua New Guinea	B.6.8	EPI_ISL_693473
30	Homo sapiens	2020-07-21	Papua New Guinea	B.6.8	EPI_ISL_693474
30	Homo sapiens	2020-07-20	Papua New Guinea	B.6.8	EPI_ISL_693475
30	Homo sapiens	2020-07-20	Papua New Guinea	B.6.8	EPI_ISL_693476
35	Homo sapiens	2020-08-29	Papua New Guinea	B.6.8	EPI_ISL_693477
36	Homo sapiens	2020-09-01	Papua New Guinea	B.6.8	EPI_ISL_693478
38	Homo sapiens	2020-09-14	Papua New Guinea	B.6.8	EPI_ISL_693479
40	Homo sapiens	2020-09-28	Papua New Guinea	B.6.8	EPI_ISL_693480
38	Homo sapiens	2020-09-15	Papua New Guinea	B.6.8	EPI_ISL_693481
41	Homo sapiens	2020-10-06	Papua New Guinea	B.6.8	EPI_ISL_693482
49	Homo sapiens	2020-12-01	Papua New Guinea	B.6.8	EPI_ISL_1307639
49	Homo sapiens	2020-12-01	Papua New Guinea	B.6.8	EPI_ISL_1307640
49	Homo sapiens	2020-12-03	Papua New Guinea	B.6.8	EPI_ISL_1307641
49	Homo sapiens	2020-12-01	Papua New Guinea	B.6.8	EPI_ISL_1307642
49	Homo sapiens	2020-12-06	Papua New Guinea	B.6.8	EPI_ISL_1307644
49	Homo sapiens	2020-12-04	Papua New Guinea	B.6.8	EPI_ISL_1307645
49	Homo sapiens	2020-12-05	Papua New Guinea	B.6.8	EPI_ISL_1307646
49	Homo sapiens	2020-12-04	Papua New Guinea	B.6.8	EPI_ISL_1307647
49	Homo sapiens	2020-12-05	Papua New Guinea	B.6.8	EPI_ISL_1307648
49	Homo sapiens	2020-12-01	Papua New Guinea	B.6.8	EPI_ISL_1307649
49	Homo sapiens	2020-12-06	Papua New Guinea	B.6.8	EPI_ISL_1307650
49	Homo sapiens	2020-12-04	Papua New Guinea	B.6.8	EPI_ISL_1307652
49	Homo sapiens	2020-12-03	Papua New Guinea	B.6.8	EPI_ISL_1307653
49	Homo sapiens	2020-12-01	Papua New Guinea	B.6.8	EPI_ISL_1307656
49	Homo sapiens	2020-12-04	Papua New Guinea	B.6.8	EPI_ISL_1307663
49	Homo sapiens	2020-12-06	Papua New Guinea	B.6.8	EPI_ISL_1307664
51	Homo sapiens	2020-12-16	Papua New Guinea	B.6.8	EPI_ISL_1307665
49	Homo sapiens	2020-12-06	Papua New Guinea	B.6.8	EPI_ISL_1307666
50	Homo sapiens	2020-12-09	Papua New Guinea	B.6.8	EPI_ISL_1307667
51	Homo sapiens	2020-12-17	Papua New Guinea	B.6.8	EPI_ISL_1307670
61	Homo sapiens	2021-02-22	Papua New Guinea	AU.3	EPI_ISL_1307674
62	Homo sapiens	2021-03-05	Papua New Guinea	AU.3	EPI_ISL_1307675
63	Homo sapiens	2021-03-09	Papua New Guinea	B.1.466.2	EPI_ISL_1307676
61	Homo sapiens	2021-02-22	Papua New Guinea	B.6.8	EPI_ISL_1307677
61	Homo sapiens	2021-02-23	Papua New Guinea	AU.3	EPI_ISL_1307679
52	Homo sapiens	2020-12-25	Papua New Guinea	B.6.8	EPI_ISL_1322321
52	Homo sapiens	2020-12-25	Papua New Guinea	B.6.8	EPI_ISL_1322322
52	Homo sapiens	2020-12-25	Papua New Guinea	B.6.8	EPI_ISL_1322323
52	Homo sapiens	2020-12-25	Papua New Guinea	B.6.8	EPI_ISL_1322324
52	Homo sapiens	2020-12-25	Papua New Guinea	B.6.8	EPI_ISL_1322325
52	Homo sapiens	2020-12-25	Papua New Guinea	B.6.8	EPI_ISL_1322326
52	Homo sapiens	2020-12-25	Papua New Guinea	B.6.8	EPI_ISL_1322327
52	Homo sapiens	2020-12-25	Papua New Guinea	B.6.8	EPI_ISL_1322328
56	Homo sapiens	2021-01-22	Papua New Guinea	B.6.8	EPI_ISL_1424519
57	Homo sapiens	2021-01-27	Papua New Guinea	AU.1	EPI_ISL_1424520
56	Homo sapiens	2021-01-22	Papua New Guinea	AU.1	EPI_ISL_1424521
57	Homo sapiens	2021-01-30	Papua New Guinea	AU.1	EPI_ISL_1424522
57	Homo sapiens	2021-01-30	Papua New Guinea	AU.1	EPI_ISL_1424523
58	Homo sapiens	2021-02-05	Papua New Guinea	AU.1	EPI_ISL_1424525
58	Homo sapiens	2021-02-05	Papua New Guinea	AU.1	EPI_ISL_1424527
60	Homo sapiens	2021-02-19	Papua New Guinea	AU.1	EPI_ISL_1424565
60	Homo sapiens	2021-02-19	Papua New Guinea	AU.1	EPI_ISL_1424573
60	Homo sapiens	2021-02-19	Papua New Guinea	AU.1	EPI_ISL_1424577
60	Homo sapiens	2021-02-19	Papua New Guinea	AU.1	EPI_ISL_1424578
60	Homo sapiens	2021-02-19	Papua New Guinea	AU.1	EPI_ISL_1424580
60	Homo sapiens	2021-02-19	Papua New Guinea	AU.1	EPI_ISL_1424583
61	Homo sapiens	2021-02-26	Papua New Guinea	AU.1	EPI_ISL_1424586
61	Homo sapiens	2021-02-26	Papua New Guinea	AU.1	EPI_ISL_1424589
61	Homo sapiens	2021-02-26	Papua New Guinea	AU.1	EPI_ISL_1424593
61	Homo sapiens	2021-02-26	Papua New Guinea	AU.1	EPI_ISL_1424594
61	Homo sapiens	2021-02-26	Papua New Guinea	AU.1	EPI_ISL_1424597
61	Homo sapiens	2021-02-26	Papua New Guinea	AU.1	EPI_ISL_1424603
61	Homo sapiens	2021-02-26	Papua New Guinea	AU.1	EPI_ISL_1424604
61	Homo sapiens	2021-02-26	Papua New Guinea	AU.1	EPI_ISL_1424605
61	Homo sapiens	2021-02-26	Papua New Guinea	AU.1	EPI_ISL_1424606
61	Homo sapiens	2021-02-26	Papua New Guinea	AU.1	EPI_ISL_1424607
59	Homo sapiens	2021-02-12	Papua New Guinea	AU.1	EPI_ISL_1424608
61	Homo sapiens	2021-02-26	Papua New Guinea	AU.1	EPI_ISL_1424611
61	Homo sapiens	2021-02-26	Papua New Guinea	AU.1	EPI_ISL_1424612
62	Homo sapiens	2021-03-04	Papua New Guinea	AU.1	EPI_ISL_1424614
62	Homo sapiens	2021-03-03	Papua New Guinea	B.6.8	EPI_ISL_1424618
62	Homo sapiens	2021-03-03	Papua New Guinea	B.6.8	EPI_ISL_1424619
62	Homo sapiens	2021-03-03	Papua New Guinea	AU.1	EPI_ISL_1424620
62	Homo sapiens	2021-03-03	Papua New Guinea	AU.1	EPI_ISL_1424623
62	Homo sapiens	2021-03-03	Papua New Guinea	AU.1	EPI_ISL_1424627
62	Homo sapiens	2021-03-03	Papua New Guinea	B.6.8	EPI_ISL_1424628
62	Homo sapiens	2021-03-03	Papua New Guinea	AU.1	EPI_ISL_1424629
62	Homo sapiens	2021-03-04	Papua New Guinea	AU.1	EPI_ISL_1424634
62	Homo sapiens	2021-03-03	Papua New Guinea	B.6.8	EPI_ISL_1424635
53	Homo sapiens	2021-01-01	Papua New Guinea	AU.1	EPI_ISL_1424680
63	Homo sapiens	2021-03-09	Papua New Guinea	AU.1	EPI_ISL_1424835
63	Homo sapiens	2021-03-09	Papua New Guinea	AU.1	EPI_ISL_1424837
63	Homo sapiens	2021-03-09	Papua New Guinea	AU.1	EPI_ISL_1424843
66	Homo sapiens	2021-04-01	Papua New Guinea	AU.3	EPI_ISL_2283748
66	Homo sapiens	2021-04-01	Papua New Guinea	AU.3	EPI_ISL_2283749
66	Homo sapiens	2021-04-01	Papua New Guinea	B.1.466.2	EPI_ISL_2283750
66	Homo sapiens	2021-04-01	Papua New Guinea	AU.3	EPI_ISL_2283751
66	Homo sapiens	2021-04-01	Papua New Guinea	AU.3	EPI_ISL_2283752
66	Homo sapiens	2021-04-01	Papua New Guinea	AU.3	EPI_ISL_2283753
66	Homo sapiens	2021-04-01	Papua New Guinea	AU.1	EPI_ISL_2283754
66	Homo sapiens	2021-04-01	Papua New Guinea	AU.3	EPI_ISL_2283756
66	Homo sapiens	2021-04-01	Papua New Guinea	AU.3	EPI_ISL_2283757
66	Homo sapiens	2021-04-01	Papua New Guinea	AU.3	EPI_ISL_2283758
66	Homo sapiens	2021-04-01	Papua New Guinea	AU.3	EPI_ISL_2283761
66	Homo sapiens	2021-04-01	Papua New Guinea	AU.3	EPI_ISL_2283762
66	Homo sapiens	2021-04-01	Papua New Guinea	AU.3	EPI_ISL_2283763
66	Homo sapiens	2021-03-31	Papua New Guinea	AU.1	EPI_ISL_2283735
66	Homo sapiens	2021-03-31	Papua New Guinea	B.1.466.2	EPI_ISL_2283759
66	Homo sapiens	2021-03-31	Papua New Guinea	AU.3	EPI_ISL_2283760
66	Homo sapiens	2021-03-31	Papua New Guinea	AU.3	EPI_ISL_2283764
66	Homo sapiens	2021-03-31	Papua New Guinea	AU.3	EPI_ISL_2283765
66	Homo sapiens	2021-03-31	Papua New Guinea	AU.3	EPI_ISL_2283766
66	Homo sapiens	2021-03-30	Papua New Guinea	AU.1	EPI_ISL_2283739
66	Homo sapiens	2021-03-30	Papua New Guinea	AU.1	EPI_ISL_2283740
66	Homo sapiens	2021-03-29	Papua New Guinea	AU.1	EPI_ISL_2283728
66	Homo sapiens	2021-03-29	Papua New Guinea	AU.3	EPI_ISL_2283741
66	Homo sapiens	2021-03-29	Papua New Guinea	AU.1	EPI_ISL_2283742
65	Homo sapiens	2021-03-24	Papua New Guinea	AU.3	EPI_ISL_2283726
65	Homo sapiens	2021-03-24	Papua New Guinea	AU.3	EPI_ISL_2283727
65	Homo sapiens	2021-03-24	Papua New Guinea	AU.3	EPI_ISL_2283729
65	Homo sapiens	2021-03-24	Papua New Guinea	AU.3	EPI_ISL_2283730
65	Homo sapiens	2021-03-24	Papua New Guinea	AU.3	EPI_ISL_2283731
65	Homo sapiens	2021-03-24	Papua New Guinea	AU.3	EPI_ISL_2283733
65	Homo sapiens	2021-03-24	Papua New Guinea	AU.3	EPI_ISL_2283734
65	Homo sapiens	2021-03-24	Papua New Guinea	AU.3	EPI_ISL_2283736
65	Homo sapiens	2021-03-24	Papua New Guinea	AU.3	EPI_ISL_2283737
65	Homo sapiens	2021-03-24	Papua New Guinea	AU.3	EPI_ISL_2283743
65	Homo sapiens	2021-03-24	Papua New Guinea	AU.3	EPI_ISL_2283744
65	Homo sapiens	2021-03-24	Papua New Guinea	AU.3	EPI_ISL_2283745
65	Homo sapiens	2021-03-24	Papua New Guinea	AU.3	EPI_ISL_2283746
64	Homo sapiens	2021-03-19	Papua New Guinea	AU.3	EPI_ISL_2283767
67	Homo sapiens	2021-04-09	Papua New Guinea	AU.3	EPI_ISL_2993422
67	Homo sapiens	2021-04-09	Papua New Guinea	AU.3	EPI_ISL_2993405
67	Homo sapiens	2021-04-09	Papua New Guinea	AU.3	EPI_ISL_2993425
67	Homo sapiens	2021-04-09	Papua New Guinea	AU.3	EPI_ISL_2993406
67	Homo sapiens	2021-04-09	Papua New Guinea	B.1.466.2	EPI_ISL_2993424
67	Homo sapiens	2021-04-09	Papua New Guinea	AU.3	EPI_ISL_2993415
67	Homo sapiens	2021-04-08	Papua New Guinea	AU.3	EPI_ISL_2993427
67	Homo sapiens	2021-04-08	Papua New Guinea	AU.3	EPI_ISL_2993414
67	Homo sapiens	2021-04-08	Papua New Guinea	AU.3	EPI_ISL_2993411
67	Homo sapiens	2021-04-08	Papua New Guinea	AU.3	EPI_ISL_2993412
67	Homo sapiens	2021-04-08	Papua New Guinea	AU.3	EPI_ISL_2993409
67	Homo sapiens	2021-04-08	Papua New Guinea	AU.3	EPI_ISL_2993413
67	Homo sapiens	2021-04-07	Papua New Guinea	AU.1	EPI_ISL_2993400
67	Homo sapiens	2021-04-07	Papua New Guinea	AU.3	EPI_ISL_2993421
67	Homo sapiens	2021-04-07	Papua New Guinea	AU.1	EPI_ISL_2993397
67	Homo sapiens	2021-04-07	Papua New Guinea	AU.3	EPI_ISL_2993419
67	Homo sapiens	2021-04-07	Papua New Guinea	AU.3	EPI_ISL_2993417
67	Homo sapiens	2021-04-07	Papua New Guinea	AU.3	EPI_ISL_2993402
67	Homo sapiens	2021-04-07	Papua New Guinea	AU.3	EPI_ISL_2993426
67	Homo sapiens	2021-04-07	Papua New Guinea	AU.3	EPI_ISL_2993398
67	Homo sapiens	2021-04-07	Papua New Guinea	AU.3	EPI_ISL_2993420
67	Homo sapiens	2021-04-07	Papua New Guinea	AU.3	EPI_ISL_2993401
67	Homo sapiens	2021-04-06	Papua New Guinea	AU.1	EPI_ISL_2993403
67	Homo sapiens	2021-04-06	Papua New Guinea	AU.3	EPI_ISL_2993418
67	Homo sapiens	2021-04-05	Papua New Guinea	AU.3	EPI_ISL_2993373
67	Homo sapiens	2021-04-05	Papua New Guinea	AU.1	EPI_ISL_2993404
67	Homo sapiens	2021-04-05	Papua New Guinea	AU.1	EPI_ISL_2993371
66	Homo sapiens	2021-04-04	Papua New Guinea	AU.1	EPI_ISL_2993399
66	Homo sapiens	2021-04-02	Papua New Guinea	AU.3	EPI_ISL_2993384
66	Homo sapiens	2021-04-02	Papua New Guinea	AU.3	EPI_ISL_2993386
66	Homo sapiens	2021-04-02	Papua New Guinea	AU.3	EPI_ISL_2993372
66	Homo sapiens	2021-04-02	Papua New Guinea	AU.3	EPI_ISL_2993380
66	Homo sapiens	2021-04-02	Papua New Guinea	B.1.466.2	EPI_ISL_2993388
66	Homo sapiens	2021-04-02	Papua New Guinea	AU.3	EPI_ISL_2993381
66	Homo sapiens	2021-04-02	Papua New Guinea	AU.3	EPI_ISL_2993379
66	Homo sapiens	2021-04-02	Papua New Guinea	AU.3	EPI_ISL_2993367
66	Homo sapiens	2021-04-02	Papua New Guinea	AU.3	EPI_ISL_2993376
66	Homo sapiens	2021-04-02	Papua New Guinea	AU.3	EPI_ISL_2993374
66	Homo sapiens	2021-04-02	Papua New Guinea	AU.3	EPI_ISL_2993368
66	Homo sapiens	2021-04-01	Papua New Guinea	B.1.466.2	EPI_ISL_2993363
66	Homo sapiens	2021-04-01	Papua New Guinea	B.1.466.2	EPI_ISL_2993364
66	Homo sapiens	2021-04-01	Papua New Guinea	AU.3	EPI_ISL_2993361
66	Homo sapiens	2021-04-01	Papua New Guinea	AU.3	EPI_ISL_2993349
66	Homo sapiens	2021-04-01	Papua New Guinea	AU.3	EPI_ISL_2993348
66	Homo sapiens	2021-04-01	Papua New Guinea	AU.3	EPI_ISL_2993358
66	Homo sapiens	2021-04-01	Papua New Guinea	AU.1	EPI_ISL_2993408
66	Homo sapiens	2021-04-01	Papua New Guinea	AU.3	EPI_ISL_2993357
66	Homo sapiens	2021-04-01	Papua New Guinea	B.1.466.2	EPI_ISL_2993423
66	Homo sapiens	2021-04-01	Papua New Guinea	AU.1	EPI_ISL_2993407
66	Homo sapiens	2021-03-31	Papua New Guinea	AU.1	EPI_ISL_2993396
66	Homo sapiens	2021-03-31	Papua New Guinea	AU.3	EPI_ISL_2993362
66	Homo sapiens	2021-03-31	Papua New Guinea	AU.3	EPI_ISL_2993353
66	Homo sapiens	2021-03-30	Papua New Guinea	AU.3	EPI_ISL_2993356
66	Homo sapiens	2021-03-30	Papua New Guinea	B.1.466.2	EPI_ISL_2993355
66	Homo sapiens	2021-03-30	Papua New Guinea	AU.3	EPI_ISL_2993350
66	Homo sapiens	2021-03-30	Papua New Guinea	AU.3	EPI_ISL_2993342
66	Homo sapiens	2021-03-30	Papua New Guinea	AU.3	EPI_ISL_2993366
66	Homo sapiens	2021-03-29	Papua New Guinea	AU.3	EPI_ISL_2993428
65	Homo sapiens	2021-03-27	Papua New Guinea	AU.3	EPI_ISL_2993354
65	Homo sapiens	2021-03-27	Papua New Guinea	AU.3	EPI_ISL_2993394
65	Homo sapiens	2021-03-25	Papua New Guinea	AU.3	EPI_ISL_2993385
65	Homo sapiens	2021-03-25	Papua New Guinea	AU.3	EPI_ISL_2993390
65	Homo sapiens	2021-03-25	Papua New Guinea	B.1.466.2	EPI_ISL_2993359
65	Homo sapiens	2021-03-25	Papua New Guinea	AU.3	EPI_ISL_2993378
65	Homo sapiens	2021-03-25	Papua New Guinea	AU.3	EPI_ISL_2993383
65	Homo sapiens	2021-03-23	Papua New Guinea	AU.3	EPI_ISL_2993393
65	Homo sapiens	2021-03-23	Papua New Guinea	AU.3	EPI_ISL_2993395
65	Homo sapiens	2021-03-22	Papua New Guinea	AU.3	EPI_ISL_2993344
65	Homo sapiens	2021-03-22	Papua New Guinea	AU.3	EPI_ISL_2993377
64	Homo sapiens	2021-03-21	Papua New Guinea	AU.3	EPI_ISL_2993391
64	Homo sapiens	2021-03-21	Papua New Guinea	AU.1	EPI_ISL_2993392
64	Homo sapiens	2021-03-21	Papua New Guinea	B.1.466.2	EPI_ISL_2993382
64	Homo sapiens	2021-03-21	Papua New Guinea	AU.3	EPI_ISL_2993389
64	Homo sapiens	2021-03-20	Papua New Guinea	AU.3	EPI_ISL_2993347
64	Homo sapiens	2021-03-20	Papua New Guinea	AU.3	EPI_ISL_2993346
64	Homo sapiens	2021-03-20	Papua New Guinea	AU.3	EPI_ISL_2993352
64	Homo sapiens	2021-03-19	Papua New Guinea	AU.1	EPI_ISL_2993351
64	Homo sapiens	2021-03-19	Papua New Guinea	AU.3	EPI_ISL_2993345
64	Homo sapiens	2021-03-18	Papua New Guinea	AU.3	EPI_ISL_2993360
64	Homo sapiens	2021-03-18	Papua New Guinea	AU.3	EPI_ISL_2993365
64	Homo sapiens	2021-03-15	Papua New Guinea	AU.3	EPI_ISL_2993370
63	Homo sapiens	2021-03-11	Papua New Guinea	AU.3	EPI_ISL_2993343
88	Homo sapiens	2021-09-04	Papua New Guinea	AY.24	EPI_ISL_4949000
88	Homo sapiens	2021-09-03	Papua New Guinea	AY.24	EPI_ISL_4949001
88	Homo sapiens	2021-09-02	Papua New Guinea	AY.24	EPI_ISL_4948960
88	Homo sapiens	2021-09-02	Papua New Guinea	AY.23	EPI_ISL_4948962
88	Homo sapiens	2021-09-01	Papua New Guinea	AY.23	EPI_ISL_4948971
88	Homo sapiens	2021-09-01	Papua New Guinea	AY.23	EPI_ISL_4948972
88	Homo sapiens	2021-09-01	Papua New Guinea	AY.23	EPI_ISL_4948973
88	Homo sapiens	2021-09-01	Papua New Guinea	AY.23	EPI_ISL_4948927
88	Homo sapiens	2021-09-01	Papua New Guinea	AY.23	EPI_ISL_4948929
88	Homo sapiens	2021-09-01	Papua New Guinea	AY.23	EPI_ISL_4948934
88	Homo sapiens	2021-08-31	Papua New Guinea	AY.24	EPI_ISL_4948908
88	Homo sapiens	2021-08-31	Papua New Guinea	AY.24	EPI_ISL_4948990
88	Homo sapiens	2021-08-31	Papua New Guinea	AY.24	EPI_ISL_4948999
88	Homo sapiens	2021-08-31	Papua New Guinea	AY.23	EPI_ISL_4948928
88	Homo sapiens	2021-08-31	Papua New Guinea	AY.23	EPI_ISL_4948930
88	Homo sapiens	2021-08-31	Papua New Guinea	AY.23	EPI_ISL_4948950
88	Homo sapiens	2021-08-31	Papua New Guinea	AY.23	EPI_ISL_4948951
88	Homo sapiens	2021-08-30	Papua New Guinea	AY.24	EPI_ISL_4948987
88	Homo sapiens	2021-08-30	Papua New Guinea	AY.23	EPI_ISL_4948988
88	Homo sapiens	2021-08-30	Papua New Guinea	AY.24	EPI_ISL_4948989
88	Homo sapiens	2021-08-30	Papua New Guinea	AY.24	EPI_ISL_4948991
88	Homo sapiens	2021-08-30	Papua New Guinea	AY.24	EPI_ISL_4948992
88	Homo sapiens	2021-08-30	Papua New Guinea	AY.24	EPI_ISL_4948993
88	Homo sapiens	2021-08-30	Papua New Guinea	AY.23	EPI_ISL_4948923
87	Homo sapiens	2021-08-29	Papua New Guinea	AY.23	EPI_ISL_4948936
87	Homo sapiens	2021-08-29	Papua New Guinea	AY.23	EPI_ISL_4948948
87	Homo sapiens	2021-08-28	Papua New Guinea	AY.24	EPI_ISL_4948994
87	Homo sapiens	2021-08-28	Papua New Guinea	AY.24	EPI_ISL_4948996
87	Homo sapiens	2021-08-28	Papua New Guinea	AY.23	EPI_ISL_4948919
87	Homo sapiens	2021-08-28	Papua New Guinea	AY.23	EPI_ISL_4948922
87	Homo sapiens	2021-08-28	Papua New Guinea	AY.23	EPI_ISL_4948924
87	Homo sapiens	2021-08-28	Papua New Guinea	AY.23	EPI_ISL_4948940
87	Homo sapiens	2021-08-27	Papua New Guinea	AY.23	EPI_ISL_4948937
87	Homo sapiens	2021-08-27	Papua New Guinea	AY.23	EPI_ISL_4948939
87	Homo sapiens	2021-08-27	Papua New Guinea	AY.23	EPI_ISL_4948952
87	Homo sapiens	2021-08-27	Papua New Guinea	AY.23	EPI_ISL_4948953
87	Homo sapiens	2021-08-27	Papua New Guinea	AY.23	EPI_ISL_4948954
87	Homo sapiens	2021-08-27	Papua New Guinea	AY.23	EPI_ISL_4948801
87	Homo sapiens	2021-08-26	Papua New Guinea	AY.24	EPI_ISL_4948982
87	Homo sapiens	2021-08-26	Papua New Guinea	AY.24	EPI_ISL_4948984
87	Homo sapiens	2021-08-26	Papua New Guinea	AY.23	EPI_ISL_4948931
87	Homo sapiens	2021-08-26	Papua New Guinea	AY.23	EPI_ISL_4948932
87	Homo sapiens	2021-08-26	Papua New Guinea	AY.23	EPI_ISL_4948938
87	Homo sapiens	2021-08-26	Papua New Guinea	AY.23	EPI_ISL_4948941
87	Homo sapiens	2021-08-26	Papua New Guinea	AY.23	EPI_ISL_4948904
87	Homo sapiens	2021-08-26	Papua New Guinea	AY.23	EPI_ISL_4948943
87	Homo sapiens	2021-08-26	Papua New Guinea	AY.23	EPI_ISL_4948944
87	Homo sapiens	2021-08-26	Papua New Guinea	AY.23	EPI_ISL_4948945
87	Homo sapiens	2021-08-26	Papua New Guinea	AY.23	EPI_ISL_4948946
87	Homo sapiens	2021-08-26	Papua New Guinea	AY.23	EPI_ISL_4948947
87	Homo sapiens	2021-08-26	Papua New Guinea	AY.23	EPI_ISL_4948949
87	Homo sapiens	2021-08-26	Papua New Guinea	AY.23	EPI_ISL_4948955
87	Homo sapiens	2021-08-26	Papua New Guinea	AY.23	EPI_ISL_4948956
87	Homo sapiens	2021-08-25	Papua New Guinea	AY.23	EPI_ISL_4948983
87	Homo sapiens	2021-08-25	Papua New Guinea	AY.24	EPI_ISL_4948985
87	Homo sapiens	2021-08-24	Papua New Guinea	AY.24	EPI_ISL_4948905
87	Homo sapiens	2021-08-24	Papua New Guinea	AY.23	EPI_ISL_4948980
87	Homo sapiens	2021-08-24	Papua New Guinea	AY.24	EPI_ISL_4948981
87	Homo sapiens	2021-08-23	Papua New Guinea	AY.23	EPI_ISL_4948974
87	Homo sapiens	2021-08-23	Papua New Guinea	AY.24	EPI_ISL_4948975
87	Homo sapiens	2021-08-23	Papua New Guinea	AY.24	EPI_ISL_4948976
87	Homo sapiens	2021-08-23	Papua New Guinea	AY.24	EPI_ISL_4948977
87	Homo sapiens	2021-08-23	Papua New Guinea	AY.24	EPI_ISL_4948978
87	Homo sapiens	2021-08-23	Papua New Guinea	AY.24	EPI_ISL_4948986
86	Homo sapiens	2021-08-21	Papua New Guinea	AY.23	EPI_ISL_4948935
85	Homo sapiens	2021-08-11	Papua New Guinea	B.1.466.2	EPI_ISL_4948800
85	Homo sapiens	2021-08-10	Papua New Guinea	AY.24	EPI_ISL_4948998
84	Homo sapiens	2021-08-02	Papua New Guinea	AY.23	EPI_ISL_4948901
83	Homo sapiens	2021-07-29	Papua New Guinea	AY.23	EPI_ISL_4948900
83	Homo sapiens	2021-07-28	Papua New Guinea	B.1.466.2	EPI_ISL_4949151
83	Homo sapiens	2021-07-28	Papua New Guinea	AY.23	EPI_ISL_4948899
81	Homo sapiens	2021-07-13	Papua New Guinea	B.1.466.2	EPI_ISL_4949156
80	Homo sapiens	2021-07-07	Papua New Guinea	AU.3	EPI_ISL_4949155
76	Homo sapiens	2021-06-12	Papua New Guinea	B.1.466.2	EPI_ISL_4949142
75	Homo sapiens	2021-05-31	Papua New Guinea	B.1.466.2	EPI_ISL_4949137
74	Homo sapiens	2021-05-24	Papua New Guinea	B.1.466.2	EPI_ISL_4949101
73	Homo sapiens	2021-05-22	Papua New Guinea	B.1.466.2	EPI_ISL_4949109
73	Homo sapiens	2021-05-22	Papua New Guinea	B.1.466.2	EPI_ISL_4949143
73	Homo sapiens	2021-05-22	Papua New Guinea	B.1.466.2	EPI_ISL_4949144
73	Homo sapiens	2021-05-19	Papua New Guinea	B.1.466.2	EPI_ISL_4949108
73	Homo sapiens	2021-05-17	Papua New Guinea	AU.3	EPI_ISL_4948894
73	Homo sapiens	2021-05-17	Papua New Guinea	B.1.466.2	EPI_ISL_4949145
72	Homo sapiens	2021-05-16	Papua New Guinea	B.1.466.2	EPI_ISL_4949150
72	Homo sapiens	2021-05-15	Papua New Guinea	B.1.466.2	EPI_ISL_4949136
72	Homo sapiens	2021-05-14	Papua New Guinea	B.1.466.2	EPI_ISL_4949098
72	Homo sapiens	2021-05-14	Papua New Guinea	B.1.466.2	EPI_ISL_4949147
72	Homo sapiens	2021-05-14	Papua New Guinea	B.1.466.2	EPI_ISL_4949148
72	Homo sapiens	2021-05-14	Papua New Guinea	B.1.466.2	EPI_ISL_4949149
71	Homo sapiens	2021-05-08	Papua New Guinea	AU.1	EPI_ISL_4949072
71	Homo sapiens	2021-05-05	Papua New Guinea	B.1.466.2	EPI_ISL_4949100
71	Homo sapiens	2021-05-04	Papua New Guinea	AU.3	EPI_ISL_4949056
71	Homo sapiens	2021-05-04	Papua New Guinea	AU.3	EPI_ISL_4949057
71	Homo sapiens	2021-05-03	Papua New Guinea	AU.1	EPI_ISL_4948903
70	Homo sapiens	2021-04-30	Papua New Guinea	B.1.466.2	EPI_ISL_4949078
70	Homo sapiens	2021-04-30	Papua New Guinea	B.1.466.2	EPI_ISL_4948897
70	Homo sapiens	2021-04-30	Papua New Guinea	B.1.466.2	EPI_ISL_4949099
70	Homo sapiens	2021-04-29	Papua New Guinea	AU.1	EPI_ISL_4949076
70	Homo sapiens	2021-04-29	Papua New Guinea	B.1.466.2	EPI_ISL_4949091
70	Homo sapiens	2021-04-29	Papua New Guinea	B.1.466.2	EPI_ISL_4949092
70	Homo sapiens	2021-04-29	Papua New Guinea	B.1.466.2	EPI_ISL_4949093
70	Homo sapiens	2021-04-29	Papua New Guinea	AU.3	EPI_ISL_4949071
69	Homo sapiens	2021-04-25	Papua New Guinea	AU.1	EPI_ISL_4949094
69	Homo sapiens	2021-04-25	Papua New Guinea	AU.3	EPI_ISL_4949095
69	Homo sapiens	2021-04-25	Papua New Guinea	AU.3	EPI_ISL_4949096
69	Homo sapiens	2021-04-25	Papua New Guinea	B.1.466.2	EPI_ISL_4949097
69	Homo sapiens	2021-04-24	Papua New Guinea	AU.1	EPI_ISL_4949086
69	Homo sapiens	2021-04-23	Papua New Guinea	AU.3	EPI_ISL_4949106
69	Homo sapiens	2021-04-23	Papua New Guinea	AU.3	EPI_ISL_4949051
69	Homo sapiens	2021-04-22	Papua New Guinea	AU.3	EPI_ISL_4949104
69	Homo sapiens	2021-04-22	Papua New Guinea	AU.3	EPI_ISL_4949105
69	Homo sapiens	2021-04-21	Papua New Guinea	AU.3	EPI_ISL_4948896
69	Homo sapiens	2021-04-21	Papua New Guinea	AU.3	EPI_ISL_4949081
69	Homo sapiens	2021-04-21	Papua New Guinea	AU.3	EPI_ISL_4949082
69	Homo sapiens	2021-04-21	Papua New Guinea	AU.3	EPI_ISL_4948898
69	Homo sapiens	2021-04-21	Papua New Guinea	AU.3	EPI_ISL_4949075
69	Homo sapiens	2021-04-19	Papua New Guinea	AU.3	EPI_ISL_4949083
69	Homo sapiens	2021-04-19	Papua New Guinea	AU.3	EPI_ISL_4949084
69	Homo sapiens	2021-04-19	Papua New Guinea	B.1.466.2	EPI_ISL_4949085
69	Homo sapiens	2021-04-19	Papua New Guinea	AU.3	EPI_ISL_4949087
69	Homo sapiens	2021-04-19	Papua New Guinea	AU.3	EPI_ISL_4949088
69	Homo sapiens	2021-04-19	Papua New Guinea	AU.1	EPI_ISL_4949089
69	Homo sapiens	2021-04-19	Papua New Guinea	AU.3	EPI_ISL_4949090
68	Homo sapiens	2021-04-13	Papua New Guinea	AU.3	EPI_ISL_4949080
68	Homo sapiens	2021-04-12	Papua New Guinea	B.1.466.2	EPI_ISL_4948906
68	Homo sapiens	2021-04-12	Papua New Guinea	B.1.466.2	EPI_ISL_4949122
68	Homo sapiens	2021-04-12	Papua New Guinea	AU.3	EPI_ISL_4949031
68	Homo sapiens	2021-04-12	Papua New Guinea	AU.3	EPI_ISL_4949032
68	Homo sapiens	2021-04-12	Papua New Guinea	AU.3	EPI_ISL_4949034
68	Homo sapiens	2021-04-12	Papua New Guinea	AU.3	EPI_ISL_4949035
67	Homo sapiens	2021-04-11	Papua New Guinea	B.1.466.2	EPI_ISL_4949036
67	Homo sapiens	2021-04-11	Papua New Guinea	AU.3	EPI_ISL_4949037
67	Homo sapiens	2021-04-11	Papua New Guinea	B.1.466.2	EPI_ISL_4949038
67	Homo sapiens	2021-04-10	Papua New Guinea	AU.3	EPI_ISL_4949026
67	Homo sapiens	2021-04-08	Papua New Guinea	AU.3	EPI_ISL_4948799
67	Homo sapiens	2021-04-07	Papua New Guinea	AU.3	EPI_ISL_4949027
67	Homo sapiens	2021-04-07	Papua New Guinea	AU.3	EPI_ISL_4949040
67	Homo sapiens	2021-04-07	Papua New Guinea	AU.1	EPI_ISL_4949041
67	Homo sapiens	2021-04-07	Papua New Guinea	AU.1	EPI_ISL_4949042
67	Homo sapiens	2021-04-07	Papua New Guinea	AU.1	EPI_ISL_4949044
67	Homo sapiens	2021-04-07	Papua New Guinea	AU.1	EPI_ISL_4949045
67	Homo sapiens	2021-04-06	Papua New Guinea	AU.3	EPI_ISL_4949029
67	Homo sapiens	2021-04-06	Papua New Guinea	AU.1	EPI_ISL_4949046
67	Homo sapiens	2021-04-06	Papua New Guinea	B.1.466.2	EPI_ISL_4949047
67	Homo sapiens	2021-04-06	Papua New Guinea	AU.1	EPI_ISL_4948798
67	Homo sapiens	2021-04-06	Papua New Guinea	B.1.466.2	EPI_ISL_4949066
67	Homo sapiens	2021-04-05	Papua New Guinea	AU.3	EPI_ISL_4949139
66	Homo sapiens	2021-04-04	Papua New Guinea	AU.3	EPI_ISL_4949140
66	Homo sapiens	2021-04-03	Papua New Guinea	B.1.466.2	EPI_ISL_4949064
66	Homo sapiens	2021-04-03	Papua New Guinea	B.1.466.2	EPI_ISL_4949065
66	Homo sapiens	2021-04-03	Papua New Guinea	AU.3	EPI_ISL_4949141
66	Homo sapiens	2021-04-02	Papua New Guinea	B.1.466.2	EPI_ISL_4949062
66	Homo sapiens	2021-04-02	Papua New Guinea	AU.1	EPI_ISL_4949063
66	Homo sapiens	2021-04-01	Papua New Guinea	AU.1	EPI_ISL_4949067
66	Homo sapiens	2021-03-30	Papua New Guinea	AU.1	EPI_ISL_4949024
66	Homo sapiens	2021-03-30	Papua New Guinea	B.1.466.2	EPI_ISL_4949111
66	Homo sapiens	2021-03-29	Papua New Guinea	AU.3	EPI_ISL_4949123
66	Homo sapiens	2021-03-29	Papua New Guinea	AU.1	EPI_ISL_4949124
66	Homo sapiens	2021-03-29	Papua New Guinea	AU.3	EPI_ISL_4949125
66	Homo sapiens	2021-03-29	Papua New Guinea	AU.3	EPI_ISL_4949126
66	Homo sapiens	2021-03-29	Papua New Guinea	AU.3	EPI_ISL_4949128
66	Homo sapiens	2021-03-29	Papua New Guinea	B.1.466.2	EPI_ISL_4949131
66	Homo sapiens	2021-03-29	Papua New Guinea	B.1.466.2	EPI_ISL_4949132
66	Homo sapiens	2021-03-29	Papua New Guinea	B.1.466.2	EPI_ISL_4949133
66	Homo sapiens	2021-03-29	Papua New Guinea	B.1.466.2	EPI_ISL_4949134
65	Homo sapiens	2021-03-26	Papua New Guinea	AU.3	EPI_ISL_4949020
65	Homo sapiens	2021-03-26	Papua New Guinea	AU.1	EPI_ISL_4949025
65	Homo sapiens	2021-03-26	Papua New Guinea	AU.3	EPI_ISL_4949043
65	Homo sapiens	2021-03-25	Papua New Guinea	B.1.466.2	EPI_ISL_4949013
65	Homo sapiens	2021-03-25	Papua New Guinea	B.1.466.2	EPI_ISL_4949014
65	Homo sapiens	2021-03-25	Papua New Guinea	B.1.466.2	EPI_ISL_4949015
65	Homo sapiens	2021-03-25	Papua New Guinea	B.1.466.2	EPI_ISL_4949016
65	Homo sapiens	2021-03-25	Papua New Guinea	AU.3	EPI_ISL_4949118
65	Homo sapiens	2021-03-24	Papua New Guinea	AU.3	EPI_ISL_4949017
65	Homo sapiens	2021-03-24	Papua New Guinea	AU.3	EPI_ISL_4949018
65	Homo sapiens	2021-03-24	Papua New Guinea	B.1.466.2	EPI_ISL_4949048
65	Homo sapiens	2021-03-24	Papua New Guinea	B.1.466.2	EPI_ISL_4949049
65	Homo sapiens	2021-03-24	Papua New Guinea	AU.3	EPI_ISL_4949050
65	Homo sapiens	2021-03-24	Papua New Guinea	B.1.466.2	EPI_ISL_4949052
65	Homo sapiens	2021-03-23	Papua New Guinea	AU.3	EPI_ISL_4949019
65	Homo sapiens	2021-03-23	Papua New Guinea	AU.1	EPI_ISL_4949115
65	Homo sapiens	2021-03-23	Papua New Guinea	AU.3	EPI_ISL_4949053
94	Homo sapiens	2021-10-13	Papua New Guinea	AY.24	EPI_ISL_6449863
93	Homo sapiens	2021-10-10	Papua New Guinea	AY.24	EPI_ISL_6450221
93	Homo sapiens	2021-10-09	Papua New Guinea	AY.24	EPI_ISL_6448616
93	Homo sapiens	2021-10-09	Papua New Guinea	AY.24	EPI_ISL_6450234
93	Homo sapiens	2021-10-08	Papua New Guinea	AY.23	EPI_ISL_6448608
93	Homo sapiens	2021-10-07	Papua New Guinea	AY.24	EPI_ISL_6447769
93	Homo sapiens	2021-10-07	Papua New Guinea	AY.24	EPI_ISL_6448249
93	Homo sapiens	2021-10-07	Papua New Guinea	AY.23	EPI_ISL_6449769
93	Homo sapiens	2021-10-07	Papua New Guinea	AY.23	EPI_ISL_6450163
93	Homo sapiens	2021-10-07	Papua New Guinea	AY.24	EPI_ISL_6450174
93	Homo sapiens	2021-10-05	Papua New Guinea	AY.24	EPI_ISL_6448246
93	Homo sapiens	2021-10-04	Papua New Guinea	AY.24	EPI_ISL_6448431
93	Homo sapiens	2021-10-04	Papua New Guinea	AY.24	EPI_ISL_6449919
92	Homo sapiens	2021-10-03	Papua New Guinea	AY.24	EPI_ISL_6448447
92	Homo sapiens	2021-10-03	Papua New Guinea	AY.24	EPI_ISL_6448531
92	Homo sapiens	2021-10-02	Papua New Guinea	AY.23	EPI_ISL_6448508
92	Homo sapiens	2021-10-02	Papua New Guinea	AY.24	EPI_ISL_6450114
92	Homo sapiens	2021-10-01	Papua New Guinea	AY.23	EPI_ISL_6449749
92	Homo sapiens	2021-10-01	Papua New Guinea	AY.24	EPI_ISL_6449897
92	Homo sapiens	2021-09-30	Papua New Guinea	AY.23	EPI_ISL_6448259
92	Homo sapiens	2021-09-29	Papua New Guinea	AY.23	EPI_ISL_6447682
92	Homo sapiens	2021-09-29	Papua New Guinea	AY.24	EPI_ISL_6448486
92	Homo sapiens	2021-09-29	Papua New Guinea	AY.23	EPI_ISL_6449928
92	Homo sapiens	2021-09-29	Papua New Guinea	AY.23	EPI_ISL_6449966
92	Homo sapiens	2021-09-29	Papua New Guinea	AY.24	EPI_ISL_6450018
92	Homo sapiens	2021-09-29	Papua New Guinea	AY.24	EPI_ISL_6450024
92	Homo sapiens	2021-09-28	Papua New Guinea	AY.23	EPI_ISL_6448481
92	Homo sapiens	2021-09-28	Papua New Guinea	AY.23	EPI_ISL_6448582
92	Homo sapiens	2021-09-28	Papua New Guinea	AY.24	EPI_ISL_6448599
92	Homo sapiens	2021-09-28	Papua New Guinea	AY.24	EPI_ISL_6449977
92	Homo sapiens	2021-09-28	Papua New Guinea	AY.23	EPI_ISL_6449998
92	Homo sapiens	2021-09-28	Papua New Guinea	AY.23	EPI_ISL_6450123
92	Homo sapiens	2021-09-27	Papua New Guinea	AY.24	EPI_ISL_6447786
92	Homo sapiens	2021-09-27	Papua New Guinea	AY.23	EPI_ISL_6448463
92	Homo sapiens	2021-09-27	Papua New Guinea	AY.23	EPI_ISL_6448494
92	Homo sapiens	2021-09-27	Papua New Guinea	AY.24	EPI_ISL_6449962
92	Homo sapiens	2021-09-27	Papua New Guinea	AY.23	EPI_ISL_6449988
92	Homo sapiens	2021-09-27	Papua New Guinea	AY.23	EPI_ISL_6450028
92	Homo sapiens	2021-09-27	Papua New Guinea	AY.23	EPI_ISL_6450094
92	Homo sapiens	2021-09-27	Papua New Guinea	AY.23	EPI_ISL_6450106
92	Homo sapiens	2021-09-27	Papua New Guinea	AY.23	EPI_ISL_6450148
92	Homo sapiens	2021-09-27	Papua New Guinea	AY.23	EPI_ISL_6450156
92	Homo sapiens	2021-09-27	Papua New Guinea	AY.24	EPI_ISL_6450213
91	Homo sapiens	2021-09-24	Papua New Guinea	AY.23	EPI_ISL_6447730
91	Homo sapiens	2021-09-24	Papua New Guinea	AY.24	EPI_ISL_6448539
91	Homo sapiens	2021-09-23	Papua New Guinea	AY.23	EPI_ISL_6447776
91	Homo sapiens	2021-09-23	Papua New Guinea	AY.24	EPI_ISL_6447837
91	Homo sapiens	2021-09-23	Papua New Guinea	AY.23	EPI_ISL_6450134
91	Homo sapiens	2021-09-23	Papua New Guinea	AY.23	EPI_ISL_6450142
91	Homo sapiens	2021-09-22	Papua New Guinea	AY.23	EPI_ISL_6447739
91	Homo sapiens	2021-09-22	Papua New Guinea	AY.24	EPI_ISL_6448387
91	Homo sapiens	2021-09-22	Papua New Guinea	AY.23	EPI_ISL_6449668
91	Homo sapiens	2021-09-22	Papua New Guinea	AY.24	EPI_ISL_6449832
91	Homo sapiens	2021-09-21	Papua New Guinea	AY.24	EPI_ISL_6447826
91	Homo sapiens	2021-09-21	Papua New Guinea	AY.23	EPI_ISL_6448212
91	Homo sapiens	2021-09-21	Papua New Guinea	AY.24	EPI_ISL_6449843
91	Homo sapiens	2021-09-20	Papua New Guinea	AY.24	EPI_ISL_6447813
91	Homo sapiens	2021-09-20	Papua New Guinea	AY.24	EPI_ISL_6448276
91	Homo sapiens	2021-09-20	Papua New Guinea	AY.23	EPI_ISL_6448319
91	Homo sapiens	2021-09-20	Papua New Guinea	AY.23	EPI_ISL_6448332
91	Homo sapiens	2021-09-20	Papua New Guinea	AY.23	EPI_ISL_6448358
91	Homo sapiens	2021-09-20	Papua New Guinea	AY.24	EPI_ISL_6448376
90	Homo sapiens	2021-09-18	Papua New Guinea	AY.24	EPI_ISL_6447806
90	Homo sapiens	2021-09-17	Papua New Guinea	AY.23	EPI_ISL_6447798
90	Homo sapiens	2021-09-17	Papua New Guinea	AY.24	EPI_ISL_6448300
90	Homo sapiens	2021-09-16	Papua New Guinea	AY.24	EPI_ISL_6448287
90	Homo sapiens	2021-09-15	Papua New Guinea	AY.24	EPI_ISL_6448124
90	Homo sapiens	2021-09-15	Papua New Guinea	AY.23	EPI_ISL_6449333
90	Homo sapiens	2021-09-15	Papua New Guinea	AY.23	EPI_ISL_6449369
90	Homo sapiens	2021-09-15	Papua New Guinea	AY.23	EPI_ISL_6449378
90	Homo sapiens	2021-09-15	Papua New Guinea	AY.23	EPI_ISL_6449624
90	Homo sapiens	2021-09-15	Papua New Guinea	AY.23	EPI_ISL_6449635
90	Homo sapiens	2021-09-14	Papua New Guinea	AY.24	EPI_ISL_6448264
90	Homo sapiens	2021-09-14	Papua New Guinea	AY.23	EPI_ISL_6449287
90	Homo sapiens	2021-09-14	Papua New Guinea	AY.24	EPI_ISL_6449444
90	Homo sapiens	2021-09-14	Papua New Guinea	AY.24	EPI_ISL_6449450
90	Homo sapiens	2021-09-13	Papua New Guinea	AY.23	EPI_ISL_6447846
90	Homo sapiens	2021-09-13	Papua New Guinea	AY.23	EPI_ISL_6448144
90	Homo sapiens	2021-09-13	Papua New Guinea	AY.24	EPI_ISL_6449393
90	Homo sapiens	2021-09-13	Papua New Guinea	AY.24	EPI_ISL_6449406
89	Homo sapiens	2021-09-12	Papua New Guinea	AY.23	EPI_ISL_6449701
89	Homo sapiens	2021-09-11	Papua New Guinea	AY.23	EPI_ISL_6447661
89	Homo sapiens	2021-09-10	Papua New Guinea	AY.23	EPI_ISL_6449694
89	Homo sapiens	2021-09-09	Papua New Guinea	AY.23	EPI_ISL_6449722
89	Homo sapiens	2021-09-09	Papua New Guinea	AY.23	EPI_ISL_6451686
89	Homo sapiens	2021-09-06	Papua New Guinea	AY.23	EPI_ISL_6449599
88	Homo sapiens	2021-09-03	Papua New Guinea	AY.23	EPI_ISL_6449582
88	Homo sapiens	2021-09-01	Papua New Guinea	AY.23	EPI_ISL_6449119
88	Homo sapiens	2021-09-01	Papua New Guinea	AY.23	EPI_ISL_6449158
88	Homo sapiens	2021-08-31	Papua New Guinea	AY.23	EPI_ISL_6448780
88	Homo sapiens	2021-08-31	Papua New Guinea	AY.23	EPI_ISL_6448805
88	Homo sapiens	2021-08-31	Papua New Guinea	AY.23	EPI_ISL_6448846
88	Homo sapiens	2021-08-30	Papua New Guinea	AY.23	EPI_ISL_6447899
88	Homo sapiens	2021-08-30	Papua New Guinea	AY.23	EPI_ISL_6448793
88	Homo sapiens	2021-08-30	Papua New Guinea	AY.23	EPI_ISL_6448798
88	Homo sapiens	2021-08-30	Papua New Guinea	AY.23	EPI_ISL_6448839
88	Homo sapiens	2021-08-30	Papua New Guinea	AY.23	EPI_ISL_6448955
88	Homo sapiens	2021-08-30	Papua New Guinea	AY.23	EPI_ISL_6449011
88	Homo sapiens	2021-08-30	Papua New Guinea	AY.23	EPI_ISL_6449100
88	Homo sapiens	2021-08-30	Papua New Guinea	AY.23	EPI_ISL_6449132
87	Homo sapiens	2021-08-29	Papua New Guinea	AY.23	EPI_ISL_6448822
87	Homo sapiens	2021-08-29	Papua New Guinea	AY.24	EPI_ISL_6449081
87	Homo sapiens	2021-08-29	Papua New Guinea	AY.23	EPI_ISL_6449088
87	Homo sapiens	2021-08-29	Papua New Guinea	AY.23	EPI_ISL_6449105
87	Homo sapiens	2021-08-29	Papua New Guinea	AY.23	EPI_ISL_6449223
87	Homo sapiens	2021-08-28	Papua New Guinea	AY.23	EPI_ISL_6449187
87	Homo sapiens	2021-08-28	Papua New Guinea	AY.23	EPI_ISL_6449239
87	Homo sapiens	2021-08-27	Papua New Guinea	AY.23	EPI_ISL_6448833
87	Homo sapiens	2021-08-27	Papua New Guinea	AY.23	EPI_ISL_6449197
87	Homo sapiens	2021-08-27	Papua New Guinea	AY.23	EPI_ISL_6449206
87	Homo sapiens	2021-08-27	Papua New Guinea	AY.23	EPI_ISL_6449210
87	Homo sapiens	2021-08-27	Papua New Guinea	AY.24	EPI_ISL_6449229
87	Homo sapiens	2021-08-27	Papua New Guinea	AY.23	EPI_ISL_6449233
87	Homo sapiens	2021-08-27	Papua New Guinea	AY.23	EPI_ISL_6449243
87	Homo sapiens	2021-08-27	Papua New Guinea	AY.23	EPI_ISL_6449253
87	Homo sapiens	2021-08-27	Papua New Guinea	AY.23	EPI_ISL_6449280
87	Homo sapiens	2021-08-26	Papua New Guinea	AY.23	EPI_ISL_6448770
87	Homo sapiens	2021-08-26	Papua New Guinea	AY.23	EPI_ISL_6448786
87	Homo sapiens	2021-08-26	Papua New Guinea	AY.23	EPI_ISL_6449177
87	Homo sapiens	2021-08-26	Papua New Guinea	AY.23	EPI_ISL_6449217
87	Homo sapiens	2021-08-24	Papua New Guinea	AY.23	EPI_ISL_6448090
87	Homo sapiens	2021-08-24	Papua New Guinea	AY.23	EPI_ISL_6449321
87	Homo sapiens	2021-08-23	Papua New Guinea	AY.23	EPI_ISL_6449351
87	Homo sapiens	2021-08-23	Papua New Guinea	AY.23	EPI_ISL_6449359
86	Homo sapiens	2021-08-22	Papua New Guinea	AY.23	EPI_ISL_6449379
86	Homo sapiens	2021-08-21	Papua New Guinea	AY.23	EPI_ISL_6449268
86	Homo sapiens	2021-08-21	Papua New Guinea	AY.23	EPI_ISL_6449305
86	Homo sapiens	2021-08-20	Papua New Guinea	AY.23	EPI_ISL_6449313
86	Homo sapiens	2021-08-20	Papua New Guinea	AY.23	EPI_ISL_6449330
86	Homo sapiens	2021-08-18	Papua New Guinea	AY.23	EPI_ISL_6448660
86	Homo sapiens	2021-08-18	Papua New Guinea	AY.23	EPI_ISL_6448743
86	Homo sapiens	2021-08-17	Papua New Guinea	AY.23	EPI_ISL_6448634
86	Homo sapiens	2021-08-17	Papua New Guinea	AY.23	EPI_ISL_6448687
86	Homo sapiens	2021-08-17	Papua New Guinea	AY.23	EPI_ISL_6448699
86	Homo sapiens	2021-08-17	Papua New Guinea	AY.23	EPI_ISL_6448717
86	Homo sapiens	2021-08-17	Papua New Guinea	AY.23	EPI_ISL_6448737
86	Homo sapiens	2021-08-16	Papua New Guinea	AY.23	EPI_ISL_6448644
83	Homo sapiens	2021-07-28	Papua New Guinea	B.1.466.2	EPI_ISL_6447615
81	Homo sapiens	2021-07-14	Papua New Guinea	AU.3	EPI_ISL_6447607
78	Homo sapiens	2021-06-22	Papua New Guinea	AU.3	EPI_ISL_6447595
76	Homo sapiens	2021-06-10	Papua New Guinea	AU.3	EPI_ISL_6447560
76	Homo sapiens	2021-06-10	Papua New Guinea	B.1.466.2	EPI_ISL_6447571
76	Homo sapiens	2021-06-10	Papua New Guinea	AU.3	EPI_ISL_6447585
72	Homo sapiens	2021-05-13	Papua New Guinea	AU.1	EPI_ISL_6465990
72	Homo sapiens	2021-05-13	Papua New Guinea	AU.1	EPI_ISL_6465994
72	Homo sapiens	2021-05-13	Papua New Guinea	AU.1	EPI_ISL_6466002
72	Homo sapiens	2021-05-13	Papua New Guinea	AU.1	EPI_ISL_6466008
72	Homo sapiens	2021-05-13	Papua New Guinea	AU.1	EPI_ISL_6466024
72	Homo sapiens	2021-05-13	Papua New Guinea	AU.1	EPI_ISL_6466025
72	Homo sapiens	2021-05-11	Papua New Guinea	AU.1	EPI_ISL_6465933
72	Homo sapiens	2021-05-11	Papua New Guinea	AU.3	EPI_ISL_6465934
72	Homo sapiens	2021-05-11	Papua New Guinea	AU.1	EPI_ISL_6465942
72	Homo sapiens	2021-05-11	Papua New Guinea	AU.3	EPI_ISL_6465947
72	Homo sapiens	2021-05-11	Papua New Guinea	AU.1	EPI_ISL_6465952
72	Homo sapiens	2021-05-11	Papua New Guinea	AU.1	EPI_ISL_6465963
72	Homo sapiens	2021-05-11	Papua New Guinea	AU.1	EPI_ISL_6465970
72	Homo sapiens	2021-05-11	Papua New Guinea	AU.3	EPI_ISL_6465977
72	Homo sapiens	2021-05-11	Papua New Guinea	AU.1	EPI_ISL_6465983
71	Homo sapiens	2021-05-07	Papua New Guinea	AU.1	EPI_ISL_6465764
71	Homo sapiens	2021-05-07	Papua New Guinea	AU.1	EPI_ISL_6465771
71	Homo sapiens	2021-05-07	Papua New Guinea	AU.3	EPI_ISL_6465783
71	Homo sapiens	2021-05-07	Papua New Guinea	AU.1	EPI_ISL_6465792
71	Homo sapiens	2021-05-07	Papua New Guinea	AU.1	EPI_ISL_6465799
71	Homo sapiens	2021-05-07	Papua New Guinea	AU.1	EPI_ISL_6465807
71	Homo sapiens	2021-05-07	Papua New Guinea	AU.1	EPI_ISL_6465814
71	Homo sapiens	2021-05-07	Papua New Guinea	AU.1	EPI_ISL_6465820
71	Homo sapiens	2021-05-07	Papua New Guinea	AU.1	EPI_ISL_6465839
71	Homo sapiens	2021-05-07	Papua New Guinea	AU.1	EPI_ISL_6465844
71	Homo sapiens	2021-05-07	Papua New Guinea	AU.1	EPI_ISL_6465851
71	Homo sapiens	2021-05-07	Papua New Guinea	AU.1	EPI_ISL_6465856
71	Homo sapiens	2021-05-07	Papua New Guinea	AU.1	EPI_ISL_6465858
71	Homo sapiens	2021-05-07	Papua New Guinea	AU.1	EPI_ISL_6465866
71	Homo sapiens	2021-05-07	Papua New Guinea	AU.1	EPI_ISL_6465870
71	Homo sapiens	2021-05-07	Papua New Guinea	AU.3	EPI_ISL_6465881
71	Homo sapiens	2021-05-07	Papua New Guinea	AU.1	EPI_ISL_6465883
71	Homo sapiens	2021-05-07	Papua New Guinea	AU.1	EPI_ISL_6465887
71	Homo sapiens	2021-05-07	Papua New Guinea	AU.1	EPI_ISL_6465895
71	Homo sapiens	2021-05-07	Papua New Guinea	AU.1	EPI_ISL_6465900
71	Homo sapiens	2021-05-07	Papua New Guinea	AU.1	EPI_ISL_6465917
71	Homo sapiens	2021-05-07	Papua New Guinea	AU.1	EPI_ISL_6465923
71	Homo sapiens	2021-05-06	Papua New Guinea	AU.1	EPI_ISL_6465646
71	Homo sapiens	2021-05-06	Papua New Guinea	AU.1	EPI_ISL_6465655
71	Homo sapiens	2021-05-06	Papua New Guinea	AU.1	EPI_ISL_6465660
71	Homo sapiens	2021-05-06	Papua New Guinea	AU.1	EPI_ISL_6465663
71	Homo sapiens	2021-05-06	Papua New Guinea	AU.1	EPI_ISL_6465666
71	Homo sapiens	2021-05-06	Papua New Guinea	AU.3	EPI_ISL_6465674
71	Homo sapiens	2021-05-06	Papua New Guinea	AU.1	EPI_ISL_6465682
71	Homo sapiens	2021-05-06	Papua New Guinea	AU.1	EPI_ISL_6465691
71	Homo sapiens	2021-05-06	Papua New Guinea	AU.1	EPI_ISL_6465701
71	Homo sapiens	2021-05-06	Papua New Guinea	AU.1	EPI_ISL_6465710
71	Homo sapiens	2021-05-06	Papua New Guinea	AU.1	EPI_ISL_6465717
71	Homo sapiens	2021-05-06	Papua New Guinea	AU.3	EPI_ISL_6465721
71	Homo sapiens	2021-05-06	Papua New Guinea	AU.1	EPI_ISL_6465730
71	Homo sapiens	2021-05-06	Papua New Guinea	AU.1	EPI_ISL_6465738
71	Homo sapiens	2021-05-06	Papua New Guinea	AU.1	EPI_ISL_6465744
71	Homo sapiens	2021-05-06	Papua New Guinea	AU.1	EPI_ISL_6465749
71	Homo sapiens	2021-05-06	Papua New Guinea	AU.1	EPI_ISL_6465754
71	Homo sapiens	2021-05-05	Papua New Guinea	AU.1	EPI_ISL_6465625
71	Homo sapiens	2021-05-05	Papua New Guinea	AU.1	EPI_ISL_6465640
70	Homo sapiens	2021-04-29	Papua New Guinea	AU.3	EPI_ISL_6465609
70	Homo sapiens	2021-04-29	Papua New Guinea	AU.1	EPI_ISL_6465619
69	Homo sapiens	2021-04-19	Papua New Guinea	AU.3	EPI_ISL_6463802
69	Homo sapiens	2021-04-19	Papua New Guinea	AU.1	EPI_ISL_6465544
69	Homo sapiens	2021-04-19	Papua New Guinea	AU.1	EPI_ISL_6465545
69	Homo sapiens	2021-04-19	Papua New Guinea	AU.1	EPI_ISL_6465546
69	Homo sapiens	2021-04-19	Papua New Guinea	AU.3	EPI_ISL_6465548
69	Homo sapiens	2021-04-19	Papua New Guinea	AU.1	EPI_ISL_6465549
69	Homo sapiens	2021-04-19	Papua New Guinea	AU.1	EPI_ISL_6465550
69	Homo sapiens	2021-04-19	Papua New Guinea	AU.1	EPI_ISL_6465551
69	Homo sapiens	2021-04-19	Papua New Guinea	AU.1	EPI_ISL_6465552
69	Homo sapiens	2021-04-19	Papua New Guinea	AU.1	EPI_ISL_6465559
69	Homo sapiens	2021-04-19	Papua New Guinea	AU.1	EPI_ISL_6465567
69	Homo sapiens	2021-04-19	Papua New Guinea	AU.1	EPI_ISL_6465581
69	Homo sapiens	2021-04-19	Papua New Guinea	AU.3	EPI_ISL_6465587
69	Homo sapiens	2021-04-19	Papua New Guinea	AU.1	EPI_ISL_6465593
69	Homo sapiens	2021-04-19	Papua New Guinea	AU.1	EPI_ISL_6465601
67	Homo sapiens	2021-04-07	Papua New Guinea	B.6.8	EPI_ISL_6465281
67	Homo sapiens	2021-04-07	Papua New Guinea	B.6.8	EPI_ISL_6465290
67	Homo sapiens	2021-04-07	Papua New Guinea	B.6.8	EPI_ISL_6465297
67	Homo sapiens	2021-04-06	Papua New Guinea	AU.3	EPI_ISL_6465069
66	Homo sapiens	2021-04-01	Papua New Guinea	B.6.8	EPI_ISL_6463743
66	Homo sapiens	2021-04-01	Papua New Guinea	AU.1	EPI_ISL_6464847
66	Homo sapiens	2021-04-01	Papua New Guinea	AU.1	EPI_ISL_6464852
66	Homo sapiens	2021-04-01	Papua New Guinea	AU.1	EPI_ISL_6464856
66	Homo sapiens	2021-04-01	Papua New Guinea	AU.1	EPI_ISL_6464866
66	Homo sapiens	2021-04-01	Papua New Guinea	AU.1	EPI_ISL_6464872
66	Homo sapiens	2021-04-01	Papua New Guinea	AU.1	EPI_ISL_6464879
66	Homo sapiens	2021-04-01	Papua New Guinea	AU.3	EPI_ISL_6464886
66	Homo sapiens	2021-04-01	Papua New Guinea	AU.1	EPI_ISL_6464892
66	Homo sapiens	2021-04-01	Papua New Guinea	AU.1	EPI_ISL_6464901
66	Homo sapiens	2021-04-01	Papua New Guinea	AU.3	EPI_ISL_6464907
66	Homo sapiens	2021-04-01	Papua New Guinea	AU.3	EPI_ISL_6464915
66	Homo sapiens	2021-04-01	Papua New Guinea	AU.3	EPI_ISL_6464922
66	Homo sapiens	2021-04-01	Papua New Guinea	AU.3	EPI_ISL_6464928
66	Homo sapiens	2021-04-01	Papua New Guinea	AU.1	EPI_ISL_6464946
66	Homo sapiens	2021-04-01	Papua New Guinea	AU.3	EPI_ISL_6464954
66	Homo sapiens	2021-04-01	Papua New Guinea	AU.1	EPI_ISL_6464981
66	Homo sapiens	2021-04-01	Papua New Guinea	AU.3	EPI_ISL_6464986
66	Homo sapiens	2021-04-01	Papua New Guinea	AU.1	EPI_ISL_6464997
66	Homo sapiens	2021-04-01	Papua New Guinea	AU.1	EPI_ISL_6465003
66	Homo sapiens	2021-04-01	Papua New Guinea	AU.1	EPI_ISL_6465011
66	Homo sapiens	2021-04-01	Papua New Guinea	AU.3	EPI_ISL_6465020
66	Homo sapiens	2021-04-01	Papua New Guinea	AU.3	EPI_ISL_6465030
66	Homo sapiens	2021-04-01	Papua New Guinea	AU.1	EPI_ISL_6465037
66	Homo sapiens	2021-04-01	Papua New Guinea	AU.3	EPI_ISL_6465046
66	Homo sapiens	2021-04-01	Papua New Guinea	AU.1	EPI_ISL_6465054
66	Homo sapiens	2021-04-01	Papua New Guinea	AU.1	EPI_ISL_6465062
66	Homo sapiens	2021-03-31	Papua New Guinea	AU.3	EPI_ISL_6463764
66	Homo sapiens	2021-03-31	Papua New Guinea	AU.3	EPI_ISL_6463796
66	Homo sapiens	2021-03-31	Papua New Guinea	AU.1	EPI_ISL_6463844
66	Homo sapiens	2021-03-31	Papua New Guinea	AU.1	EPI_ISL_6463856
66	Homo sapiens	2021-03-31	Papua New Guinea	AU.1	EPI_ISL_6464496
66	Homo sapiens	2021-03-31	Papua New Guinea	AU.3	EPI_ISL_6464501
66	Homo sapiens	2021-03-31	Papua New Guinea	AU.1	EPI_ISL_6464507
66	Homo sapiens	2021-03-31	Papua New Guinea	AU.1	EPI_ISL_6464514
66	Homo sapiens	2021-03-31	Papua New Guinea	AU.1	EPI_ISL_6464520
66	Homo sapiens	2021-03-31	Papua New Guinea	AU.1	EPI_ISL_6464537
66	Homo sapiens	2021-03-31	Papua New Guinea	AU.1	EPI_ISL_6464546
66	Homo sapiens	2021-03-31	Papua New Guinea	AU.1	EPI_ISL_6464550
66	Homo sapiens	2021-03-31	Papua New Guinea	AU.1	EPI_ISL_6464556
66	Homo sapiens	2021-03-31	Papua New Guinea	AU.3	EPI_ISL_6464562
66	Homo sapiens	2021-03-31	Papua New Guinea	AU.1	EPI_ISL_6464567
66	Homo sapiens	2021-03-31	Papua New Guinea	AU.1	EPI_ISL_6464572
66	Homo sapiens	2021-03-31	Papua New Guinea	AU.1	EPI_ISL_6464579
66	Homo sapiens	2021-03-31	Papua New Guinea	AU.1	EPI_ISL_6464585
66	Homo sapiens	2021-03-31	Papua New Guinea	AU.1	EPI_ISL_6464593
66	Homo sapiens	2021-03-31	Papua New Guinea	AU.1	EPI_ISL_6464602
66	Homo sapiens	2021-03-31	Papua New Guinea	AU.1	EPI_ISL_6464610
66	Homo sapiens	2021-03-31	Papua New Guinea	AU.1	EPI_ISL_6464617
66	Homo sapiens	2021-03-31	Papua New Guinea	AU.1	EPI_ISL_6464625
66	Homo sapiens	2021-03-31	Papua New Guinea	AU.1	EPI_ISL_6464643
66	Homo sapiens	2021-03-31	Papua New Guinea	AU.1	EPI_ISL_6464661
66	Homo sapiens	2021-03-31	Papua New Guinea	AU.1	EPI_ISL_6464668
66	Homo sapiens	2021-03-31	Papua New Guinea	AU.3	EPI_ISL_6464682
66	Homo sapiens	2021-03-31	Papua New Guinea	AU.3	EPI_ISL_6464695
66	Homo sapiens	2021-03-31	Papua New Guinea	AU.1	EPI_ISL_6464704
66	Homo sapiens	2021-03-31	Papua New Guinea	AU.1	EPI_ISL_6464727
66	Homo sapiens	2021-03-31	Papua New Guinea	AU.3	EPI_ISL_6464740
66	Homo sapiens	2021-03-31	Papua New Guinea	AU.1	EPI_ISL_6464757
66	Homo sapiens	2021-03-31	Papua New Guinea	AU.1	EPI_ISL_6464763
66	Homo sapiens	2021-03-31	Papua New Guinea	AU.1	EPI_ISL_6464770
66	Homo sapiens	2021-03-31	Papua New Guinea	AU.1	EPI_ISL_6464779
66	Homo sapiens	2021-03-31	Papua New Guinea	AU.1	EPI_ISL_6464783
66	Homo sapiens	2021-03-31	Papua New Guinea	AU.1	EPI_ISL_6464799
66	Homo sapiens	2021-03-31	Papua New Guinea	AU.1	EPI_ISL_6464806
66	Homo sapiens	2021-03-31	Papua New Guinea	AU.1	EPI_ISL_6464813
66	Homo sapiens	2021-03-31	Papua New Guinea	AU.3	EPI_ISL_6464820
66	Homo sapiens	2021-03-31	Papua New Guinea	AU.1	EPI_ISL_6464826
66	Homo sapiens	2021-03-31	Papua New Guinea	AU.1	EPI_ISL_6464833
66	Homo sapiens	2021-03-31	Papua New Guinea	AU.1	EPI_ISL_6464836
66	Homo sapiens	2021-03-31	Papua New Guinea	AU.1	EPI_ISL_6464842
65	Homo sapiens	2021-03-25	Papua New Guinea	AU.1	EPI_ISL_6462680
65	Homo sapiens	2021-03-25	Papua New Guinea	AU.1	EPI_ISL_6464012
65	Homo sapiens	2021-03-25	Papua New Guinea	AU.1	EPI_ISL_6464016
65	Homo sapiens	2021-03-25	Papua New Guinea	AU.1	EPI_ISL_6464055
65	Homo sapiens	2021-03-25	Papua New Guinea	AU.1	EPI_ISL_6464074
65	Homo sapiens	2021-03-25	Papua New Guinea	AU.1	EPI_ISL_6464108
65	Homo sapiens	2021-03-25	Papua New Guinea	AU.1	EPI_ISL_6464120
65	Homo sapiens	2021-03-25	Papua New Guinea	AU.1	EPI_ISL_6464133
65	Homo sapiens	2021-03-25	Papua New Guinea	AU.1	EPI_ISL_6464162
65	Homo sapiens	2021-03-25	Papua New Guinea	AU.1	EPI_ISL_6464182
65	Homo sapiens	2021-03-25	Papua New Guinea	AU.1	EPI_ISL_6464209
65	Homo sapiens	2021-03-25	Papua New Guinea	AU.1	EPI_ISL_6464214
65	Homo sapiens	2021-03-25	Papua New Guinea	AU.1	EPI_ISL_6464225
65	Homo sapiens	2021-03-25	Papua New Guinea	AU.3	EPI_ISL_6464247
65	Homo sapiens	2021-03-25	Papua New Guinea	AU.1	EPI_ISL_6464271
65	Homo sapiens	2021-03-25	Papua New Guinea	AU.1	EPI_ISL_6464279
65	Homo sapiens	2021-03-25	Papua New Guinea	AU.1	EPI_ISL_6464395
65	Homo sapiens	2021-03-25	Papua New Guinea	AU.1	EPI_ISL_6464432
65	Homo sapiens	2021-03-25	Papua New Guinea	AU.1	EPI_ISL_6464442
65	Homo sapiens	2021-03-25	Papua New Guinea	AU.1	EPI_ISL_6464464
65	Homo sapiens	2021-03-25	Papua New Guinea	AU.1	EPI_ISL_6464473
65	Homo sapiens	2021-03-22	Papua New Guinea	AU.3	EPI_ISL_6465517
65	Homo sapiens	2021-03-22	Papua New Guinea	AU.3	EPI_ISL_6466086
65	Homo sapiens	2021-03-22	Papua New Guinea	B.1.466.2	EPI_ISL_6466258
65	Homo sapiens	2021-03-22	Papua New Guinea	B.1.466.2	EPI_ISL_6466362
65	Homo sapiens	2021-03-22	Papua New Guinea	AU.3	EPI_ISL_6466368
64	Homo sapiens	2021-03-20	Papua New Guinea	AU.1	EPI_ISL_6464051
64	Homo sapiens	2021-03-20	Papua New Guinea	AU.1	EPI_ISL_6464126
64	Homo sapiens	2021-03-20	Papua New Guinea	AU.1	EPI_ISL_6464386
64	Homo sapiens	2021-03-20	Papua New Guinea	AU.3	EPI_ISL_6466225
64	Homo sapiens	2021-03-19	Papua New Guinea	AU.3	EPI_ISL_6464380
64	Homo sapiens	2021-03-19	Papua New Guinea	AU.3	EPI_ISL_6465534
64	Homo sapiens	2021-03-19	Papua New Guinea	AU.3	EPI_ISL_6465543
64	Homo sapiens	2021-03-19	Papua New Guinea	AU.3	EPI_ISL_6466236
64	Homo sapiens	2021-03-19	Papua New Guinea	AU.3	EPI_ISL_6466249
64	Homo sapiens	2021-03-18	Papua New Guinea	AU.3	EPI_ISL_6465476
64	Homo sapiens	2021-03-18	Papua New Guinea	B.1.466.2	EPI_ISL_6466301
64	Homo sapiens	2021-03-18	Papua New Guinea	B.1.466.2	EPI_ISL_6466316
64	Homo sapiens	2021-03-18	Papua New Guinea	B.1.466.2	EPI_ISL_6466340
64	Homo sapiens	2021-03-17	Papua New Guinea	AU.3	EPI_ISL_6465521
64	Homo sapiens	2021-03-17	Papua New Guinea	AU.3	EPI_ISL_6465525
64	Homo sapiens	2021-03-15	Papua New Guinea	AU.1	EPI_ISL_6464079
64	Homo sapiens	2021-03-15	Papua New Guinea	AU.1	EPI_ISL_6464089
64	Homo sapiens	2021-03-15	Papua New Guinea	AU.1	EPI_ISL_6464461
64	Homo sapiens	2021-03-15	Papua New Guinea	B.1.466.2	EPI_ISL_6465355
64	Homo sapiens	2021-03-15	Papua New Guinea	AU.3	EPI_ISL_6465497
63	Homo sapiens	2021-03-13	Papua New Guinea	AU.1	EPI_ISL_6463820
63	Homo sapiens	2021-03-13	Papua New Guinea	AU.1	EPI_ISL_6466030
63	Homo sapiens	2021-03-13	Papua New Guinea	AU.3	EPI_ISL_6466057
63	Homo sapiens	2021-03-12	Papua New Guinea	AU.1	EPI_ISL_6464095
63	Homo sapiens	2021-03-12	Papua New Guinea	AU.1	EPI_ISL_6464139
63	Homo sapiens	2021-03-12	Papua New Guinea	AU.1	EPI_ISL_6464156
63	Homo sapiens	2021-03-11	Papua New Guinea	AU.1	EPI_ISL_6464327
63	Homo sapiens	2021-03-10	Papua New Guinea	AU.1	EPI_ISL_6463830
63	Homo sapiens	2021-03-10	Papua New Guinea	AU.1	EPI_ISL_6464062
63	Homo sapiens	2021-03-10	Papua New Guinea	AU.1	EPI_ISL_6464340
63	Homo sapiens	2021-03-10	Papua New Guinea	AU.1	EPI_ISL_6464413
63	Homo sapiens	2021-03-10	Papua New Guinea	AU.1	EPI_ISL_6464423
63	Homo sapiens	2021-03-10	Papua New Guinea	AU.1	EPI_ISL_6464451
63	Homo sapiens	2021-03-10	Papua New Guinea	AU.3	EPI_ISL_6466048
63	Homo sapiens	2021-03-09	Papua New Guinea	B.1.466.2	EPI_ISL_6465387
63	Homo sapiens	2021-03-09	Papua New Guinea	AU.3	EPI_ISL_6466042
63	Homo sapiens	2021-03-09	Papua New Guinea	B.1.466.2	EPI_ISL_6466144
63	Homo sapiens	2021-03-09	Papua New Guinea	AU.3	EPI_ISL_6466166
63	Homo sapiens	2021-03-08	Papua New Guinea	AU.3	EPI_ISL_6463756
63	Homo sapiens	2021-03-08	Papua New Guinea	AU.1	EPI_ISL_6464082
63	Homo sapiens	2021-03-08	Papua New Guinea	AU.1	EPI_ISL_6464261
63	Homo sapiens	2021-03-08	Papua New Guinea	AU.1	EPI_ISL_6464406
63	Homo sapiens	2021-03-08	Papua New Guinea	AU.1	EPI_ISL_6464435
63	Homo sapiens	2021-03-08	Papua New Guinea	AU.3	EPI_ISL_6465211
63	Homo sapiens	2021-03-08	Papua New Guinea	AU.3	EPI_ISL_6465216
63	Homo sapiens	2021-03-08	Papua New Guinea	AU.1	EPI_ISL_6465221
63	Homo sapiens	2021-03-08	Papua New Guinea	AU.1	EPI_ISL_6465224
63	Homo sapiens	2021-03-08	Papua New Guinea	AU.1	EPI_ISL_6465225
63	Homo sapiens	2021-03-08	Papua New Guinea	AU.3	EPI_ISL_6465226
63	Homo sapiens	2021-03-08	Papua New Guinea	AU.1	EPI_ISL_6465234
63	Homo sapiens	2021-03-08	Papua New Guinea	AU.3	EPI_ISL_6465244
63	Homo sapiens	2021-03-08	Papua New Guinea	AU.3	EPI_ISL_6465254
63	Homo sapiens	2021-03-08	Papua New Guinea	AU.3	EPI_ISL_6465389
63	Homo sapiens	2021-03-08	Papua New Guinea	AU.3	EPI_ISL_6465394
63	Homo sapiens	2021-03-08	Papua New Guinea	AU.3	EPI_ISL_6465405
63	Homo sapiens	2021-03-08	Papua New Guinea	AU.3	EPI_ISL_6465409
63	Homo sapiens	2021-03-08	Papua New Guinea	AU.3	EPI_ISL_6465455
63	Homo sapiens	2021-03-08	Papua New Guinea	AU.3	EPI_ISL_6465482
63	Homo sapiens	2021-03-08	Papua New Guinea	AU.1	EPI_ISL_6465505
63	Homo sapiens	2021-03-08	Papua New Guinea	B.1.466.2	EPI_ISL_6466096
63	Homo sapiens	2021-03-08	Papua New Guinea	AU.3	EPI_ISL_6466106
63	Homo sapiens	2021-03-08	Papua New Guinea	AU.1	EPI_ISL_6466124
63	Homo sapiens	2021-03-08	Papua New Guinea	AU.3	EPI_ISL_6466175
62	Homo sapiens	2021-03-07	Papua New Guinea	AU.3	EPI_ISL_6465182
62	Homo sapiens	2021-03-06	Papua New Guinea	AU.3	EPI_ISL_6465115
62	Homo sapiens	2021-03-06	Papua New Guinea	AU.3	EPI_ISL_6465138
62	Homo sapiens	2021-03-06	Papua New Guinea	AU.3	EPI_ISL_6465155
62	Homo sapiens	2021-03-06	Papua New Guinea	AU.3	EPI_ISL_6465377
62	Homo sapiens	2021-03-06	Papua New Guinea	AU.1	EPI_ISL_6465381
62	Homo sapiens	2021-03-06	Papua New Guinea	AU.1	EPI_ISL_6465425
62	Homo sapiens	2021-03-06	Papua New Guinea	B.1.466.2	EPI_ISL_6465462
62	Homo sapiens	2021-03-06	Papua New Guinea	AU.3	EPI_ISL_6465471
62	Homo sapiens	2021-03-06	Papua New Guinea	AU.3	EPI_ISL_6466036
62	Homo sapiens	2021-03-06	Papua New Guinea	B.1.466.2	EPI_ISL_6466183
62	Homo sapiens	2021-03-05	Papua New Guinea	AU.3	EPI_ISL_6465126
62	Homo sapiens	2021-03-05	Papua New Guinea	AU.1	EPI_ISL_6465128
62	Homo sapiens	2021-03-05	Papua New Guinea	AU.1	EPI_ISL_6465135
62	Homo sapiens	2021-03-05	Papua New Guinea	AU.1	EPI_ISL_6465144
62	Homo sapiens	2021-03-05	Papua New Guinea	AU.3	EPI_ISL_6465266
62	Homo sapiens	2021-03-05	Papua New Guinea	AU.1	EPI_ISL_6465466
62	Homo sapiens	2021-03-05	Papua New Guinea	B.1.466.2	EPI_ISL_6466196
62	Homo sapiens	2021-03-04	Papua New Guinea	AU.3	EPI_ISL_6465087
62	Homo sapiens	2021-03-04	Papua New Guinea	AU.3	EPI_ISL_6465091
62	Homo sapiens	2021-03-04	Papua New Guinea	AU.3	EPI_ISL_6465096
62	Homo sapiens	2021-03-04	Papua New Guinea	AU.3	EPI_ISL_6465130
62	Homo sapiens	2021-03-03	Papua New Guinea	AU.3	EPI_ISL_6465331
62	Homo sapiens	2021-03-03	Papua New Guinea	AU.3	EPI_ISL_6465335
62	Homo sapiens	2021-03-03	Papua New Guinea	AU.3	EPI_ISL_6466035
62	Homo sapiens	2021-03-02	Papua New Guinea	AU.1	EPI_ISL_6465314
62	Homo sapiens	2021-03-02	Papua New Guinea	AU.1	EPI_ISL_6465327
62	Homo sapiens	2021-03-02	Papua New Guinea	AU.3	EPI_ISL_6465487
62	Homo sapiens	2021-03-01	Papua New Guinea	AU.1	EPI_ISL_6464281
62	Homo sapiens	2021-03-01	Papua New Guinea	AU.1	EPI_ISL_6464290
62	Homo sapiens	2021-03-01	Papua New Guinea	AU.1	EPI_ISL_6464309
62	Homo sapiens	2021-03-01	Papua New Guinea	AU.3	EPI_ISL_6465187
62	Homo sapiens	2021-03-01	Papua New Guinea	AU.3	EPI_ISL_6465257
62	Homo sapiens	2021-03-01	Papua New Guinea	AU.3	EPI_ISL_6465321
61	Homo sapiens	2021-02-28	Papua New Guinea	AU.3	EPI_ISL_6465201
61	Homo sapiens	2021-02-28	Papua New Guinea	AU.3	EPI_ISL_6465203
61	Homo sapiens	2021-02-28	Papua New Guinea	AU.3	EPI_ISL_6465305
61	Homo sapiens	2021-02-25	Papua New Guinea	AU.3	EPI_ISL_6465195
61	Homo sapiens	2021-02-24	Papua New Guinea	AU.1	EPI_ISL_6465274
60	Homo sapiens	2021-02-15	Papua New Guinea	AU.3	EPI_ISL_6465077
60	Homo sapiens	2021-02-15	Papua New Guinea	B.1.466.2	EPI_ISL_6466383
58	Homo sapiens	2021-02-03	Papua New Guinea	AU.1	EPI_ISL_6463777
32	Homo sapiens	2020-08-06	Papua New Guinea	B.6.8	EPI_ISL_6463962
32	Homo sapiens	2020-08-03	Papua New Guinea	B.6.8	EPI_ISL_6463953
32	Homo sapiens	2020-08-03	Papua New Guinea	B.6.6	EPI_ISL_6466400
31	Homo sapiens	2020-07-30	Papua New Guinea	B.6.8	EPI_ISL_6466395
29	Homo sapiens	2020-07-13	Papua New Guinea	B.6.8	EPI_ISL_6463883
99	Homo sapiens	2021-11-15	Papua New Guinea	AY.24	EPI_ISL_7799467
99	Homo sapiens	2021-11-15	Papua New Guinea	AY.23	EPI_ISL_7799464
98	Homo sapiens	2021-11-10	Papua New Guinea	AY.24	EPI_ISL_7799307
96	Homo sapiens	2021-10-28	Papua New Guinea	AY.24	EPI_ISL_7799492
96	Homo sapiens	2021-10-27	Papua New Guinea	AY.23	EPI_ISL_7799465
96	Homo sapiens	2021-10-25	Papua New Guinea	AY.24	EPI_ISL_7799300
96	Homo sapiens	2021-10-25	Papua New Guinea	AY.23	EPI_ISL_7799406
96	Homo sapiens	2021-10-25	Papua New Guinea	AY.23	EPI_ISL_7799435
96	Homo sapiens	2021-10-25	Papua New Guinea	AY.23	EPI_ISL_7799449
96	Homo sapiens	2021-10-25	Papua New Guinea	AY.23	EPI_ISL_7799450
96	Homo sapiens	2021-10-25	Papua New Guinea	AY.23	EPI_ISL_7799443
96	Homo sapiens	2021-10-25	Papua New Guinea	AY.23	EPI_ISL_7799444
95	Homo sapiens	2021-10-24	Papua New Guinea	AY.24	EPI_ISL_7799412
95	Homo sapiens	2021-10-24	Papua New Guinea	AY.24	EPI_ISL_7799488
95	Homo sapiens	2021-10-23	Papua New Guinea	AY.23	EPI_ISL_7799425
95	Homo sapiens	2021-10-23	Papua New Guinea	AY.24	EPI_ISL_7799428
95	Homo sapiens	2021-10-23	Papua New Guinea	AY.23	EPI_ISL_7799430
95	Homo sapiens	2021-10-23	Papua New Guinea	AY.24	EPI_ISL_7799431
95	Homo sapiens	2021-10-23	Papua New Guinea	AY.24	EPI_ISL_7799432
95	Homo sapiens	2021-10-23	Papua New Guinea	AY.24	EPI_ISL_7799433
95	Homo sapiens	2021-10-23	Papua New Guinea	AY.23	EPI_ISL_7799434
95	Homo sapiens	2021-10-23	Papua New Guinea	AY.24	EPI_ISL_7799470
95	Homo sapiens	2021-10-22	Papua New Guinea	AY.24	EPI_ISL_7799405
95	Homo sapiens	2021-10-22	Papua New Guinea	AY.23	EPI_ISL_7799441
95	Homo sapiens	2021-10-22	Papua New Guinea	AY.23	EPI_ISL_7799442
95	Homo sapiens	2021-10-21	Papua New Guinea	AY.24	EPI_ISL_7799452
95	Homo sapiens	2021-10-20	Papua New Guinea	AY.24	EPI_ISL_7799370
95	Homo sapiens	2021-10-20	Papua New Guinea	AY.23	EPI_ISL_7799410
95	Homo sapiens	2021-10-20	Papua New Guinea	AY.24	EPI_ISL_7799415
95	Homo sapiens	2021-10-20	Papua New Guinea	AY.23	EPI_ISL_7799420
95	Homo sapiens	2021-10-19	Papua New Guinea	AY.24	EPI_ISL_7799373
95	Homo sapiens	2021-10-18	Papua New Guinea	AY.23	EPI_ISL_7799419
94	Homo sapiens	2021-10-17	Papua New Guinea	AY.23	EPI_ISL_7799368
94	Homo sapiens	2021-10-16	Papua New Guinea	AY.24	EPI_ISL_7799367
94	Homo sapiens	2021-10-15	Papua New Guinea	AY.24	EPI_ISL_7799379
94	Homo sapiens	2021-10-15	Papua New Guinea	AY.23	EPI_ISL_7799407
94	Homo sapiens	2021-10-15	Papua New Guinea	AY.23	EPI_ISL_7799409
94	Homo sapiens	2021-10-15	Papua New Guinea	AY.23	EPI_ISL_7799439
94	Homo sapiens	2021-10-14	Papua New Guinea	AY.24	EPI_ISL_7799297
94	Homo sapiens	2021-10-14	Papua New Guinea	AY.24	EPI_ISL_7799357
94	Homo sapiens	2021-10-14	Papua New Guinea	AY.24	EPI_ISL_7799359
94	Homo sapiens	2021-10-14	Papua New Guinea	AY.23	EPI_ISL_7799377
94	Homo sapiens	2021-10-13	Papua New Guinea	AY.24	EPI_ISL_7799354
94	Homo sapiens	2021-10-13	Papua New Guinea	AY.24	EPI_ISL_7799355
94	Homo sapiens	2021-10-13	Papua New Guinea	AY.24	EPI_ISL_7799385
94	Homo sapiens	2021-10-13	Papua New Guinea	AY.23	EPI_ISL_7799438
94	Homo sapiens	2021-10-12	Papua New Guinea	AY.24	EPI_ISL_7799260
94	Homo sapiens	2021-10-12	Papua New Guinea	AY.23	EPI_ISL_7799310
94	Homo sapiens	2021-10-12	Papua New Guinea	AY.23	EPI_ISL_7799311
94	Homo sapiens	2021-10-12	Papua New Guinea	AY.24	EPI_ISL_7799314
94	Homo sapiens	2021-10-12	Papua New Guinea	AY.23	EPI_ISL_7799316
94	Homo sapiens	2021-10-12	Papua New Guinea	AY.24	EPI_ISL_7799350
94	Homo sapiens	2021-10-12	Papua New Guinea	AY.24	EPI_ISL_7799351
94	Homo sapiens	2021-10-12	Papua New Guinea	AY.24	EPI_ISL_7799384
94	Homo sapiens	2021-10-12	Papua New Guinea	AY.23	EPI_ISL_7799400
94	Homo sapiens	2021-10-11	Papua New Guinea	AY.24	EPI_ISL_7799317
94	Homo sapiens	2021-10-11	Papua New Guinea	AY.24	EPI_ISL_7799318
94	Homo sapiens	2021-10-11	Papua New Guinea	AY.24	EPI_ISL_7799319
94	Homo sapiens	2021-10-11	Papua New Guinea	AY.23	EPI_ISL_7799320
94	Homo sapiens	2021-10-11	Papua New Guinea	AY.23	EPI_ISL_7799321
94	Homo sapiens	2021-10-11	Papua New Guinea	AY.24	EPI_ISL_7799343
94	Homo sapiens	2021-10-11	Papua New Guinea	AY.24	EPI_ISL_7799344
94	Homo sapiens	2021-10-11	Papua New Guinea	AY.24	EPI_ISL_7799347
94	Homo sapiens	2021-10-11	Papua New Guinea	AY.23	EPI_ISL_7799383
94	Homo sapiens	2021-10-11	Papua New Guinea	AY.24	EPI_ISL_7799399
93	Homo sapiens	2021-10-10	Papua New Guinea	AY.24	EPI_ISL_7799237
93	Homo sapiens	2021-10-09	Papua New Guinea	AY.24	EPI_ISL_7799238
93	Homo sapiens	2021-10-09	Papua New Guinea	AY.24	EPI_ISL_7799280
93	Homo sapiens	2021-10-09	Papua New Guinea	AY.24	EPI_ISL_7799284
93	Homo sapiens	2021-10-08	Papua New Guinea	AY.24	EPI_ISL_7799188
93	Homo sapiens	2021-10-08	Papua New Guinea	AY.23	EPI_ISL_7799271
93	Homo sapiens	2021-10-08	Papua New Guinea	AY.24	EPI_ISL_7799393
93	Homo sapiens	2021-10-07	Papua New Guinea	AY.23	EPI_ISL_7799226
93	Homo sapiens	2021-10-07	Papua New Guinea	AY.23	EPI_ISL_7799227
93	Homo sapiens	2021-10-07	Papua New Guinea	AY.23	EPI_ISL_7799228
93	Homo sapiens	2021-10-07	Papua New Guinea	AY.24	EPI_ISL_7799240
93	Homo sapiens	2021-10-07	Papua New Guinea	AY.24	EPI_ISL_7799270
93	Homo sapiens	2021-10-07	Papua New Guinea	AY.24	EPI_ISL_7799291
93	Homo sapiens	2021-10-07	Papua New Guinea	AY.24	EPI_ISL_7799421
93	Homo sapiens	2021-10-07	Papua New Guinea	AY.24	EPI_ISL_7799422
93	Homo sapiens	2021-10-07	Papua New Guinea	AY.23	EPI_ISL_7799424
93	Homo sapiens	2021-10-06	Papua New Guinea	AY.24	EPI_ISL_7799261
93	Homo sapiens	2021-10-06	Papua New Guinea	AY.23	EPI_ISL_7799241
93	Homo sapiens	2021-10-06	Papua New Guinea	AY.24	EPI_ISL_7799287
93	Homo sapiens	2021-10-04	Papua New Guinea	AY.24	EPI_ISL_7799141
93	Homo sapiens	2021-10-04	Papua New Guinea	AY.23	EPI_ISL_7799175
93	Homo sapiens	2021-10-04	Papua New Guinea	AY.23	EPI_ISL_7799181
93	Homo sapiens	2021-10-04	Papua New Guinea	AY.24	EPI_ISL_7799182
93	Homo sapiens	2021-10-04	Papua New Guinea	AY.23	EPI_ISL_7799212
93	Homo sapiens	2021-10-04	Papua New Guinea	AY.24	EPI_ISL_7799214
93	Homo sapiens	2021-10-04	Papua New Guinea	AY.23	EPI_ISL_7799389
92	Homo sapiens	2021-10-03	Papua New Guinea	AY.24	EPI_ISL_7799174
92	Homo sapiens	2021-10-03	Papua New Guinea	AY.23	EPI_ISL_7799187
92	Homo sapiens	2021-10-02	Papua New Guinea	AY.24	EPI_ISL_7799143
92	Homo sapiens	2021-10-02	Papua New Guinea	AY.23	EPI_ISL_7799186
92	Homo sapiens	2021-10-02	Papua New Guinea	AY.24	EPI_ISL_7799414
92	Homo sapiens	2021-10-01	Papua New Guinea	AY.24	EPI_ISL_7799220
92	Homo sapiens	2021-10-01	Papua New Guinea	AY.23	EPI_ISL_7799249
92	Homo sapiens	2021-10-01	Papua New Guinea	AY.23	EPI_ISL_7799251
92	Homo sapiens	2021-10-01	Papua New Guinea	AY.23	EPI_ISL_7799252
92	Homo sapiens	2021-10-01	Papua New Guinea	AY.23	EPI_ISL_7799255
92	Homo sapiens	2021-10-01	Papua New Guinea	AY.24	EPI_ISL_7799258
92	Homo sapiens	2021-10-01	Papua New Guinea	AY.24	EPI_ISL_7799092
92	Homo sapiens	2021-10-01	Papua New Guinea	AY.23	EPI_ISL_7799094
92	Homo sapiens	2021-10-01	Papua New Guinea	AY.24	EPI_ISL_7799095
92	Homo sapiens	2021-09-30	Papua New Guinea	AY.24	EPI_ISL_7798985
92	Homo sapiens	2021-09-30	Papua New Guinea	AY.23	EPI_ISL_7799085
92	Homo sapiens	2021-09-30	Papua New Guinea	AY.24	EPI_ISL_7799105
92	Homo sapiens	2021-09-30	Papua New Guinea	AY.24	EPI_ISL_7799106
92	Homo sapiens	2021-09-30	Papua New Guinea	AY.23	EPI_ISL_7799108
92	Homo sapiens	2021-09-30	Papua New Guinea	AY.23	EPI_ISL_7799109
92	Homo sapiens	2021-09-30	Papua New Guinea	AY.24	EPI_ISL_7799110
92	Homo sapiens	2021-09-30	Papua New Guinea	AY.23	EPI_ISL_7799288
92	Homo sapiens	2021-09-29	Papua New Guinea	AY.23	EPI_ISL_7799147
92	Homo sapiens	2021-09-29	Papua New Guinea	AY.24	EPI_ISL_7799155
92	Homo sapiens	2021-09-29	Papua New Guinea	AY.24	EPI_ISL_7799165
92	Homo sapiens	2021-09-29	Papua New Guinea	AY.24	EPI_ISL_7799166
92	Homo sapiens	2021-09-29	Papua New Guinea	AY.23	EPI_ISL_7799194
92	Homo sapiens	2021-09-29	Papua New Guinea	AY.24	EPI_ISL_7799080
92	Homo sapiens	2021-09-29	Papua New Guinea	AY.24	EPI_ISL_7799081
92	Homo sapiens	2021-09-29	Papua New Guinea	AY.24	EPI_ISL_7799084
92	Homo sapiens	2021-09-29	Papua New Guinea	AY.24	EPI_ISL_7799099
92	Homo sapiens	2021-09-29	Papua New Guinea	AY.23	EPI_ISL_7799103
92	Homo sapiens	2021-09-28	Papua New Guinea	AY.24	EPI_ISL_7799153
92	Homo sapiens	2021-09-28	Papua New Guinea	AY.23	EPI_ISL_7799154
92	Homo sapiens	2021-09-28	Papua New Guinea	AY.23	EPI_ISL_7799159
92	Homo sapiens	2021-09-28	Papua New Guinea	AY.24	EPI_ISL_7799163
92	Homo sapiens	2021-09-28	Papua New Guinea	AY.23	EPI_ISL_7799190
92	Homo sapiens	2021-09-28	Papua New Guinea	AY.23	EPI_ISL_7799195
92	Homo sapiens	2021-09-28	Papua New Guinea	AY.24	EPI_ISL_7799061
92	Homo sapiens	2021-09-28	Papua New Guinea	AY.24	EPI_ISL_7799063
92	Homo sapiens	2021-09-28	Papua New Guinea	AY.24	EPI_ISL_7799078
92	Homo sapiens	2021-09-28	Papua New Guinea	AY.24	EPI_ISL_7799079
92	Homo sapiens	2021-09-28	Papua New Guinea	AY.24	EPI_ISL_7799088
92	Homo sapiens	2021-09-28	Papua New Guinea	AY.23	EPI_ISL_7799093
92	Homo sapiens	2021-09-28	Papua New Guinea	AY.24	EPI_ISL_7799101
92	Homo sapiens	2021-09-27	Papua New Guinea	AY.23	EPI_ISL_7798984
92	Homo sapiens	2021-09-27	Papua New Guinea	AY.23	EPI_ISL_7799200
92	Homo sapiens	2021-09-27	Papua New Guinea	AY.23	EPI_ISL_7799202
92	Homo sapiens	2021-09-27	Papua New Guinea	AY.23	EPI_ISL_7799203
92	Homo sapiens	2021-09-27	Papua New Guinea	AY.23	EPI_ISL_7799204
92	Homo sapiens	2021-09-27	Papua New Guinea	AY.23	EPI_ISL_7799152
92	Homo sapiens	2021-09-27	Papua New Guinea	AY.24	EPI_ISL_7799156
92	Homo sapiens	2021-09-27	Papua New Guinea	AY.23	EPI_ISL_7799191
92	Homo sapiens	2021-09-27	Papua New Guinea	AY.23	EPI_ISL_7799032
92	Homo sapiens	2021-09-27	Papua New Guinea	AY.23	EPI_ISL_7799039
92	Homo sapiens	2021-09-27	Papua New Guinea	AY.23	EPI_ISL_7799040
92	Homo sapiens	2021-09-27	Papua New Guinea	AY.23	EPI_ISL_7799049
92	Homo sapiens	2021-09-27	Papua New Guinea	AY.24	EPI_ISL_7799067
92	Homo sapiens	2021-09-27	Papua New Guinea	AY.24	EPI_ISL_7799086
92	Homo sapiens	2021-09-27	Papua New Guinea	AY.24	EPI_ISL_7799087
92	Homo sapiens	2021-09-27	Papua New Guinea	AY.24	EPI_ISL_7799091
91	Homo sapiens	2021-09-25	Papua New Guinea	AY.23	EPI_ISL_7799207
91	Homo sapiens	2021-09-24	Papua New Guinea	AY.24	EPI_ISL_7799198
91	Homo sapiens	2021-09-24	Papua New Guinea	AY.24	EPI_ISL_7799197
91	Homo sapiens	2021-09-24	Papua New Guinea	AY.23	EPI_ISL_7799034
91	Homo sapiens	2021-09-24	Papua New Guinea	AY.23	EPI_ISL_7799035
91	Homo sapiens	2021-09-24	Papua New Guinea	AY.23	EPI_ISL_7799036
91	Homo sapiens	2021-09-24	Papua New Guinea	AY.24	EPI_ISL_7799065
91	Homo sapiens	2021-09-23	Papua New Guinea	AY.24	EPI_ISL_7799012
91	Homo sapiens	2021-09-23	Papua New Guinea	AY.24	EPI_ISL_7799029
91	Homo sapiens	2021-09-23	Papua New Guinea	AY.24	EPI_ISL_7799199
91	Homo sapiens	2021-09-23	Papua New Guinea	AY.24	EPI_ISL_7799068
91	Homo sapiens	2021-09-22	Papua New Guinea	AY.23	EPI_ISL_7798970
91	Homo sapiens	2021-09-22	Papua New Guinea	AY.23	EPI_ISL_7798982
91	Homo sapiens	2021-09-22	Papua New Guinea	AY.24	EPI_ISL_7799027
91	Homo sapiens	2021-09-22	Papua New Guinea	AY.24	EPI_ISL_7799232
91	Homo sapiens	2021-09-22	Papua New Guinea	AY.24	EPI_ISL_7799066
91	Homo sapiens	2021-09-21	Papua New Guinea	AY.24	EPI_ISL_7799011
91	Homo sapiens	2021-09-21	Papua New Guinea	AY.24	EPI_ISL_7799024
91	Homo sapiens	2021-09-21	Papua New Guinea	AY.23	EPI_ISL_7799189
91	Homo sapiens	2021-09-21	Papua New Guinea	AY.23	EPI_ISL_7799050
91	Homo sapiens	2021-09-21	Papua New Guinea	AY.23	EPI_ISL_7799336
91	Homo sapiens	2021-09-20	Papua New Guinea	AY.23	EPI_ISL_7799018
91	Homo sapiens	2021-09-20	Papua New Guinea	AY.24	EPI_ISL_7799019
91	Homo sapiens	2021-09-20	Papua New Guinea	AY.122	EPI_ISL_7799020
91	Homo sapiens	2021-09-20	Papua New Guinea	AY.24	EPI_ISL_7799023
91	Homo sapiens	2021-09-20	Papua New Guinea	AY.24	EPI_ISL_7799229
91	Homo sapiens	2021-09-20	Papua New Guinea	AY.24	EPI_ISL_7799338
90	Homo sapiens	2021-09-18	Papua New Guinea	AY.24	EPI_ISL_7799119
90	Homo sapiens	2021-09-18	Papua New Guinea	AY.23	EPI_ISL_7799337
90	Homo sapiens	2021-09-17	Papua New Guinea	AY.24	EPI_ISL_7798993
90	Homo sapiens	2021-09-17	Papua New Guinea	AY.24	EPI_ISL_7798995
90	Homo sapiens	2021-09-17	Papua New Guinea	AY.24	EPI_ISL_7799022
90	Homo sapiens	2021-09-16	Papua New Guinea	AY.23	EPI_ISL_7798937
90	Homo sapiens	2021-09-16	Papua New Guinea	AY.24	EPI_ISL_7798939
90	Homo sapiens	2021-09-16	Papua New Guinea	AY.24	EPI_ISL_7798991
90	Homo sapiens	2021-09-15	Papua New Guinea	AY.24	EPI_ISL_7798943
90	Homo sapiens	2021-09-15	Papua New Guinea	AY.24	EPI_ISL_7798969
90	Homo sapiens	2021-09-15	Papua New Guinea	AY.23	EPI_ISL_7799145
90	Homo sapiens	2021-09-14	Papua New Guinea	AY.23	EPI_ISL_7798934
90	Homo sapiens	2021-09-14	Papua New Guinea	AY.24	EPI_ISL_7798936
90	Homo sapiens	2021-09-14	Papua New Guinea	AY.24	EPI_ISL_7798941
90	Homo sapiens	2021-09-14	Papua New Guinea	AY.24	EPI_ISL_7798990
90	Homo sapiens	2021-09-14	Papua New Guinea	AY.24	EPI_ISL_7798992
90	Homo sapiens	2021-09-14	Papua New Guinea	AY.24	EPI_ISL_7799341
90	Homo sapiens	2021-09-13	Papua New Guinea	AY.24	EPI_ISL_7799335
90	Homo sapiens	2021-09-13	Papua New Guinea	AY.23	EPI_ISL_7799339
90	Homo sapiens	2021-09-13	Papua New Guinea	AY.24	EPI_ISL_7799340
89	Homo sapiens	2021-09-11	Papua New Guinea	AY.23	EPI_ISL_7798977
89	Homo sapiens	2021-09-09	Papua New Guinea	AY.23	EPI_ISL_7798978
89	Homo sapiens	2021-09-08	Papua New Guinea	AY.24	EPI_ISL_7799342
89	Homo sapiens	2021-09-06	Papua New Guinea	AY.24	EPI_ISL_7799010
88	Homo sapiens	2021-09-01	Papua New Guinea	AY.23	EPI_ISL_7798929
88	Homo sapiens	2021-08-30	Papua New Guinea	AY.23	EPI_ISL_7737680
88	Homo sapiens	2021-08-30	Papua New Guinea	AY.23	EPI_ISL_7737682
88	Homo sapiens	2021-08-30	Papua New Guinea	AY.23	EPI_ISL_7737683
88	Homo sapiens	2021-08-30	Papua New Guinea	AY.23	EPI_ISL_7737689
87	Homo sapiens	2021-08-29	Papua New Guinea	AY.23	EPI_ISL_7737684
87	Homo sapiens	2021-08-29	Papua New Guinea	AY.23	EPI_ISL_7737695
87	Homo sapiens	2021-08-28	Papua New Guinea	AY.23	EPI_ISL_7737681
87	Homo sapiens	2021-08-28	Papua New Guinea	AY.23	EPI_ISL_7737692
87	Homo sapiens	2021-08-28	Papua New Guinea	AY.23	EPI_ISL_7737693
87	Homo sapiens	2021-08-28	Papua New Guinea	AY.23	EPI_ISL_7737696
87	Homo sapiens	2021-08-27	Papua New Guinea	AY.23	EPI_ISL_7737698
87	Homo sapiens	2021-08-26	Papua New Guinea	AY.23	EPI_ISL_7737685
87	Homo sapiens	2021-08-26	Papua New Guinea	AY.23	EPI_ISL_7737697
87	Homo sapiens	2021-08-26	Papua New Guinea	AY.23	EPI_ISL_7737694
87	Homo sapiens	2021-08-25	Papua New Guinea	AY.24	EPI_ISL_7737668
87	Homo sapiens	2021-08-23	Papua New Guinea	AY.23	EPI_ISL_7737713
86	Homo sapiens	2021-08-21	Papua New Guinea	AY.23	EPI_ISL_7737703
86	Homo sapiens	2021-08-20	Papua New Guinea	AY.23	EPI_ISL_7737700
86	Homo sapiens	2021-08-20	Papua New Guinea	AY.23	EPI_ISL_7737701
86	Homo sapiens	2021-08-20	Papua New Guinea	AY.23	EPI_ISL_7737702
86	Homo sapiens	2021-08-20	Papua New Guinea	AY.23	EPI_ISL_7737704
86	Homo sapiens	2021-08-19	Papua New Guinea	AY.23	EPI_ISL_7737674
86	Homo sapiens	2021-08-19	Papua New Guinea	AY.24	EPI_ISL_7737707
86	Homo sapiens	2021-08-18	Papua New Guinea	AY.23	EPI_ISL_7737677
86	Homo sapiens	2021-08-17	Papua New Guinea	AY.23	EPI_ISL_7737669
86	Homo sapiens	2021-08-16	Papua New Guinea	AY.23	EPI_ISL_7737670
86	Homo sapiens	2021-08-16	Papua New Guinea	AY.23	EPI_ISL_7737671
86	Homo sapiens	2021-08-16	Papua New Guinea	AY.23	EPI_ISL_7737672
85	Homo sapiens	2021-08-14	Papua New Guinea	AY.23	EPI_ISL_7737675
85	Homo sapiens	2021-08-13	Papua New Guinea	AY.23	EPI_ISL_7737679
81	Homo sapiens	2021-07-14	Papua New Guinea	B.1.466.2	EPI_ISL_7737970
72	Homo sapiens	2021-05-13	Papua New Guinea	AU.1	EPI_ISL_7737950
72	Homo sapiens	2021-05-13	Papua New Guinea	AU.1	EPI_ISL_7737951
72	Homo sapiens	2021-05-11	Papua New Guinea	AU.1	EPI_ISL_7737944
72	Homo sapiens	2021-05-11	Papua New Guinea	AU.1	EPI_ISL_7737946
72	Homo sapiens	2021-05-11	Papua New Guinea	AU.1	EPI_ISL_7737949
71	Homo sapiens	2021-05-07	Papua New Guinea	AU.1	EPI_ISL_7737936
71	Homo sapiens	2021-05-07	Papua New Guinea	AU.3	EPI_ISL_7737937
71	Homo sapiens	2021-05-07	Papua New Guinea	AU.1	EPI_ISL_7737939
71	Homo sapiens	2021-05-07	Papua New Guinea	AU.1	EPI_ISL_7737940
71	Homo sapiens	2021-05-06	Papua New Guinea	AU.1	EPI_ISL_7737930
71	Homo sapiens	2021-05-06	Papua New Guinea	AU.1	EPI_ISL_7737931
71	Homo sapiens	2021-05-06	Papua New Guinea	AU.1	EPI_ISL_7737933
71	Homo sapiens	2021-05-06	Papua New Guinea	AU.1	EPI_ISL_7737934
71	Homo sapiens	2021-05-06	Papua New Guinea	AU.1	EPI_ISL_7737935
71	Homo sapiens	2021-05-05	Papua New Guinea	AU.3	EPI_ISL_7737928
70	Homo sapiens	2021-04-29	Papua New Guinea	AU.1	EPI_ISL_7737925
69	Homo sapiens	2021-04-19	Papua New Guinea	AU.1	EPI_ISL_7737913
69	Homo sapiens	2021-04-19	Papua New Guinea	AU.1	EPI_ISL_7737914
69	Homo sapiens	2021-04-19	Papua New Guinea	AU.1	EPI_ISL_7737915
69	Homo sapiens	2021-04-19	Papua New Guinea	AU.3	EPI_ISL_7737916
69	Homo sapiens	2021-04-19	Papua New Guinea	AU.1	EPI_ISL_7737917
69	Homo sapiens	2021-04-19	Papua New Guinea	AU.1	EPI_ISL_7737918
69	Homo sapiens	2021-04-19	Papua New Guinea	AU.3	EPI_ISL_7737919
69	Homo sapiens	2021-04-19	Papua New Guinea	AU.1	EPI_ISL_7737920
69	Homo sapiens	2021-04-19	Papua New Guinea	AU.1	EPI_ISL_7737921
69	Homo sapiens	2021-04-19	Papua New Guinea	AU.3	EPI_ISL_7737922
69	Homo sapiens	2021-04-19	Papua New Guinea	AU.1	EPI_ISL_7737923
67	Homo sapiens	2021-04-07	Papua New Guinea	AU.3	EPI_ISL_7737871
67	Homo sapiens	2021-04-06	Papua New Guinea	AU.3	EPI_ISL_7737860
66	Homo sapiens	2021-04-01	Papua New Guinea	AU.1	EPI_ISL_7737834
66	Homo sapiens	2021-04-01	Papua New Guinea	AU.1	EPI_ISL_7737835
66	Homo sapiens	2021-04-01	Papua New Guinea	AU.1	EPI_ISL_7737836
66	Homo sapiens	2021-04-01	Papua New Guinea	AU.1	EPI_ISL_7737837
66	Homo sapiens	2021-04-01	Papua New Guinea	AU.3	EPI_ISL_7737838
66	Homo sapiens	2021-04-01	Papua New Guinea	AU.1	EPI_ISL_7737841
66	Homo sapiens	2021-04-01	Papua New Guinea	AU.1	EPI_ISL_7737842
66	Homo sapiens	2021-04-01	Papua New Guinea	AU.1	EPI_ISL_7737844
66	Homo sapiens	2021-03-31	Papua New Guinea	AU.1	EPI_ISL_7737812
66	Homo sapiens	2021-03-31	Papua New Guinea	AU.1	EPI_ISL_7737813
66	Homo sapiens	2021-03-31	Papua New Guinea	AU.1	EPI_ISL_7737814
66	Homo sapiens	2021-03-31	Papua New Guinea	AU.1	EPI_ISL_7737815
66	Homo sapiens	2021-03-31	Papua New Guinea	AU.1	EPI_ISL_7737817
66	Homo sapiens	2021-03-31	Papua New Guinea	AU.1	EPI_ISL_7737819
66	Homo sapiens	2021-03-31	Papua New Guinea	AU.1	EPI_ISL_7737821
66	Homo sapiens	2021-03-31	Papua New Guinea	AU.1	EPI_ISL_7737822
66	Homo sapiens	2021-03-31	Papua New Guinea	AU.1	EPI_ISL_7737824
66	Homo sapiens	2021-03-31	Papua New Guinea	AU.1	EPI_ISL_7737829
66	Homo sapiens	2021-03-31	Papua New Guinea	AU.1	EPI_ISL_7737830
66	Homo sapiens	2021-03-31	Papua New Guinea	AU.1	EPI_ISL_7737831
66	Homo sapiens	2021-03-31	Papua New Guinea	AU.1	EPI_ISL_7737832
66	Homo sapiens	2021-03-31	Papua New Guinea	AU.1	EPI_ISL_7737665
66	Homo sapiens	2021-03-31	Papua New Guinea	AU.1	EPI_ISL_7737806
66	Homo sapiens	2021-03-31	Papua New Guinea	AU.3	EPI_ISL_7737807
66	Homo sapiens	2021-03-31	Papua New Guinea	AU.1	EPI_ISL_7737808
66	Homo sapiens	2021-03-31	Papua New Guinea	AU.1	EPI_ISL_7737809
66	Homo sapiens	2021-03-31	Papua New Guinea	AU.1	EPI_ISL_7737659
65	Homo sapiens	2021-03-25	Papua New Guinea	AU.1	EPI_ISL_7737751
65	Homo sapiens	2021-03-25	Papua New Guinea	AU.1	EPI_ISL_7737755
65	Homo sapiens	2021-03-25	Papua New Guinea	AU.1	EPI_ISL_7737757
65	Homo sapiens	2021-03-25	Papua New Guinea	AU.1	EPI_ISL_7737762
65	Homo sapiens	2021-03-25	Papua New Guinea	AU.3	EPI_ISL_7737763
65	Homo sapiens	2021-03-25	Papua New Guinea	AU.1	EPI_ISL_7737764
65	Homo sapiens	2021-03-25	Papua New Guinea	AU.1	EPI_ISL_7737765
65	Homo sapiens	2021-03-25	Papua New Guinea	AU.1	EPI_ISL_7737778
65	Homo sapiens	2021-03-25	Papua New Guinea	AU.1	EPI_ISL_7737785
65	Homo sapiens	2021-03-25	Papua New Guinea	AU.1	EPI_ISL_7737790
65	Homo sapiens	2021-03-25	Papua New Guinea	AU.1	EPI_ISL_7737791
65	Homo sapiens	2021-03-25	Papua New Guinea	AU.1	EPI_ISL_7737795
65	Homo sapiens	2021-03-25	Papua New Guinea	AU.1	EPI_ISL_7737797
65	Homo sapiens	2021-03-25	Papua New Guinea	AU.1	EPI_ISL_7737798
65	Homo sapiens	2021-03-22	Papua New Guinea	AU.3	EPI_ISL_7737966
65	Homo sapiens	2021-03-22	Papua New Guinea	B.1.466.2	EPI_ISL_7737968
65	Homo sapiens	2021-03-22	Papua New Guinea	AU.3	EPI_ISL_7737952
64	Homo sapiens	2021-03-21	Papua New Guinea	AU.1	EPI_ISL_7737828
64	Homo sapiens	2021-03-20	Papua New Guinea	AU.3	EPI_ISL_7737909
64	Homo sapiens	2021-03-20	Papua New Guinea	AU.3	EPI_ISL_7737963
64	Homo sapiens	2021-03-19	Papua New Guinea	AU.3	EPI_ISL_7737906
64	Homo sapiens	2021-03-19	Papua New Guinea	AU.3	EPI_ISL_7737911
64	Homo sapiens	2021-03-19	Papua New Guinea	AU.3	EPI_ISL_7737912
64	Homo sapiens	2021-03-19	Papua New Guinea	AU.1	EPI_ISL_7737793
64	Homo sapiens	2021-03-18	Papua New Guinea	AU.3	EPI_ISL_7737905
64	Homo sapiens	2021-03-18	Papua New Guinea	AU.3	EPI_ISL_7737910
64	Homo sapiens	2021-03-15	Papua New Guinea	B.1.466.2	EPI_ISL_7737885
64	Homo sapiens	2021-03-15	Papua New Guinea	AU.3	EPI_ISL_7737886
64	Homo sapiens	2021-03-15	Papua New Guinea	AU.3	EPI_ISL_7737887
64	Homo sapiens	2021-03-15	Papua New Guinea	AU.1	EPI_ISL_7737741
64	Homo sapiens	2021-03-15	Papua New Guinea	AU.1	EPI_ISL_7737661
64	Homo sapiens	2021-03-15	Papua New Guinea	AU.1	EPI_ISL_7737745
63	Homo sapiens	2021-03-13	Papua New Guinea	AU.1	EPI_ISL_7737907
63	Homo sapiens	2021-03-13	Papua New Guinea	AU.1	EPI_ISL_7737779
63	Homo sapiens	2021-03-12	Papua New Guinea	AU.1	EPI_ISL_7737768
63	Homo sapiens	2021-03-12	Papua New Guinea	AU.3	EPI_ISL_7737775
63	Homo sapiens	2021-03-12	Papua New Guinea	AU.3	EPI_ISL_7737796
63	Homo sapiens	2021-03-12	Papua New Guinea	AU.1	EPI_ISL_7737801
63	Homo sapiens	2021-03-11	Papua New Guinea	AU.1	EPI_ISL_7737774
63	Homo sapiens	2021-03-11	Papua New Guinea	AU.1	EPI_ISL_7737788
63	Homo sapiens	2021-03-10	Papua New Guinea	AU.3	EPI_ISL_7737947
63	Homo sapiens	2021-03-10	Papua New Guinea	AU.3	EPI_ISL_7737948
63	Homo sapiens	2021-03-10	Papua New Guinea	AU.1	EPI_ISL_7737754
63	Homo sapiens	2021-03-10	Papua New Guinea	AU.1	EPI_ISL_7737743
63	Homo sapiens	2021-03-10	Papua New Guinea	AU.1	EPI_ISL_7737782
63	Homo sapiens	2021-03-10	Papua New Guinea	AU.1	EPI_ISL_7737799
63	Homo sapiens	2021-03-10	Papua New Guinea	AU.1	EPI_ISL_7737802
63	Homo sapiens	2021-03-09	Papua New Guinea	AU.3	EPI_ISL_7737890
63	Homo sapiens	2021-03-09	Papua New Guinea	AU.3	EPI_ISL_7737894
63	Homo sapiens	2021-03-09	Papua New Guinea	AU.3	EPI_ISL_7737954
63	Homo sapiens	2021-03-09	Papua New Guinea	AU.3	EPI_ISL_7737955
63	Homo sapiens	2021-03-09	Papua New Guinea	B.1.466.2	EPI_ISL_7737960
63	Homo sapiens	2021-03-08	Papua New Guinea	AU.3	EPI_ISL_7737866
63	Homo sapiens	2021-03-08	Papua New Guinea	AU.3	EPI_ISL_7737870
63	Homo sapiens	2021-03-08	Papua New Guinea	AU.3	EPI_ISL_7737872
63	Homo sapiens	2021-03-08	Papua New Guinea	AU.3	EPI_ISL_7737873
63	Homo sapiens	2021-03-08	Papua New Guinea	AU.1	EPI_ISL_7737874
63	Homo sapiens	2021-03-08	Papua New Guinea	AU.3	EPI_ISL_7737891
63	Homo sapiens	2021-03-08	Papua New Guinea	AU.3	EPI_ISL_7737893
63	Homo sapiens	2021-03-08	Papua New Guinea	AU.3	EPI_ISL_7737901
63	Homo sapiens	2021-03-08	Papua New Guinea	AU.3	EPI_ISL_7737868
63	Homo sapiens	2021-03-08	Papua New Guinea	AU.3	EPI_ISL_7737869
63	Homo sapiens	2021-03-08	Papua New Guinea	B.1.466.2	EPI_ISL_7737957
63	Homo sapiens	2021-03-08	Papua New Guinea	AU.1	EPI_ISL_7737958
63	Homo sapiens	2021-03-08	Papua New Guinea	AU.3	EPI_ISL_7737959
63	Homo sapiens	2021-03-08	Papua New Guinea	B.1.466.2	EPI_ISL_7737961
63	Homo sapiens	2021-03-08	Papua New Guinea	AU.1	EPI_ISL_7737773
63	Homo sapiens	2021-03-08	Papua New Guinea	AU.1	EPI_ISL_7737744
63	Homo sapiens	2021-03-08	Papua New Guinea	AU.1	EPI_ISL_7737780
63	Homo sapiens	2021-03-08	Papua New Guinea	AU.1	EPI_ISL_7737784
62	Homo sapiens	2021-03-06	Papua New Guinea	AU.3	EPI_ISL_7737852
62	Homo sapiens	2021-03-06	Papua New Guinea	AU.3	EPI_ISL_7737854
62	Homo sapiens	2021-03-06	Papua New Guinea	AU.3	EPI_ISL_7737889
62	Homo sapiens	2021-03-06	Papua New Guinea	B.1.466.2	EPI_ISL_7737892
62	Homo sapiens	2021-03-06	Papua New Guinea	AU.3	EPI_ISL_7737898
62	Homo sapiens	2021-03-06	Papua New Guinea	B.1.466.2	EPI_ISL_7737899
62	Homo sapiens	2021-03-06	Papua New Guinea	B.1.466.2	EPI_ISL_7737900
62	Homo sapiens	2021-03-06	Papua New Guinea	AU.3	EPI_ISL_7737902
62	Homo sapiens	2021-03-05	Papua New Guinea	AU.3	EPI_ISL_7737850
62	Homo sapiens	2021-03-05	Papua New Guinea	AU.3	EPI_ISL_7737877
62	Homo sapiens	2021-03-05	Papua New Guinea	AU.3	EPI_ISL_7737896
62	Homo sapiens	2021-03-05	Papua New Guinea	AU.3	EPI_ISL_7737904
62	Homo sapiens	2021-03-04	Papua New Guinea	AU.3	EPI_ISL_7737847
62	Homo sapiens	2021-03-04	Papua New Guinea	AU.3	EPI_ISL_7737848
62	Homo sapiens	2021-03-04	Papua New Guinea	AU.1	EPI_ISL_7737888
62	Homo sapiens	2021-03-04	Papua New Guinea	B.1.466.2	EPI_ISL_7737903
62	Homo sapiens	2021-03-03	Papua New Guinea	AU.3	EPI_ISL_7737883
62	Homo sapiens	2021-03-02	Papua New Guinea	AU.3	EPI_ISL_7737880
62	Homo sapiens	2021-03-02	Papua New Guinea	AU.1	EPI_ISL_7737881
62	Homo sapiens	2021-03-02	Papua New Guinea	AU.3	EPI_ISL_7737884
62	Homo sapiens	2021-03-01	Papua New Guinea	AU.3	EPI_ISL_7737882
61	Homo sapiens	2021-02-28	Papua New Guinea	AU.3	EPI_ISL_7737879
61	Homo sapiens	2021-02-28	Papua New Guinea	AU.1	EPI_ISL_7737772
61	Homo sapiens	2021-02-26	Papua New Guinea	AU.3	EPI_ISL_7737878
61	Homo sapiens	2021-02-25	Papua New Guinea	AU.3	EPI_ISL_7737846
61	Homo sapiens	2021-02-25	Papua New Guinea	B.6.8	EPI_ISL_7737875
61	Homo sapiens	2021-02-24	Papua New Guinea	AU.1	EPI_ISL_7737845
60	Homo sapiens	2021-02-17	Papua New Guinea	AU.1	EPI_ISL_7737865
32	Homo sapiens	2020-08-07	Papua New Guinea	B.6.8	EPI_ISL_7737731
32	Homo sapiens	2020-08-07	Papua New Guinea	B.6.8	EPI_ISL_7737732
32	Homo sapiens	2020-08-03	Papua New Guinea	B.6.8	EPI_ISL_7737729
99	Homo sapiens	2021-11-18	Papua New Guinea	AY.24	EPI_ISL_7799546
99	Homo sapiens	2021-11-15	Papua New Guinea	AY.24	EPI_ISL_7799533
98	Homo sapiens	2021-11-11	Papua New Guinea	AY.23	EPI_ISL_7799536
98	Homo sapiens	2021-11-11	Papua New Guinea	AY.23	EPI_ISL_7799539
97	Homo sapiens	2021-11-04	Papua New Guinea	AY.24	EPI_ISL_7799530
97	Homo sapiens	2021-11-03	Papua New Guinea	AY.23	EPI_ISL_7799544
97	Homo sapiens	2021-11-02	Papua New Guinea	AY.24	EPI_ISL_7799521
97	Homo sapiens	2021-11-01	Papua New Guinea	AY.24	EPI_ISL_7799551
96	Homo sapiens	2021-10-27	Papua New Guinea	AY.23	EPI_ISL_7799531
96	Homo sapiens	2021-10-25	Papua New Guinea	AY.23	EPI_ISL_7799559
95	Homo sapiens	2021-10-20	Papua New Guinea	AY.24	EPI_ISL_7799548
95	Homo sapiens	2021-10-19	Papua New Guinea	AY.24	EPI_ISL_7799525
95	Homo sapiens	2021-10-18	Papua New Guinea	AY.23	EPI_ISL_7799527
94	Homo sapiens	2021-10-17	Papua New Guinea	AY.23	EPI_ISL_7799526
94	Homo sapiens	2021-10-13	Papua New Guinea	AY.24	EPI_ISL_7799558
92	Homo sapiens	2021-10-01	Papua New Guinea	AY.23	EPI_ISL_7799528
96	Homo sapiens	2021-10-26	Papua New Guinea	AY.24	EPI_ISL_11360542
92	Homo sapiens	2021-10-01	Papua New Guinea	AY.24	EPI_ISL_11360419
92	Homo sapiens	2021-10-03	Papua New Guinea	AY.24	EPI_ISL_11360422
98	Homo sapiens	2021-11-09	Papua New Guinea	AY.23	EPI_ISL_11360548
98	Homo sapiens	2021-11-12	Papua New Guinea	AY.24	EPI_ISL_11360553
98	Homo sapiens	2021-11-10	Papua New Guinea	AY.23	EPI_ISL_11360547
94	Homo sapiens	2021-10-11	Papua New Guinea	AY.23	EPI_ISL_11360426
94	Homo sapiens	2021-10-11	Papua New Guinea	AY.24	EPI_ISL_11360430
93	Homo sapiens	2021-10-08	Papua New Guinea	AY.24	EPI_ISL_11360434
95	Homo sapiens	2021-10-18	Papua New Guinea	AY.23	EPI_ISL_11360439
99	Homo sapiens	2021-11-18	Papua New Guinea	AY.24	EPI_ISL_11360557
93	Homo sapiens	2021-10-07	Papua New Guinea	AY.24	EPI_ISL_11360446
92	Homo sapiens	2021-10-01	Papua New Guinea	AY.23	EPI_ISL_11360347
95	Homo sapiens	2021-10-23	Papua New Guinea	AY.23	EPI_ISL_11360456
92	Homo sapiens	2021-09-29	Papua New Guinea	AY.23	EPI_ISL_11360336
95	Homo sapiens	2021-10-23	Papua New Guinea	AY.23	EPI_ISL_11360455
93	Homo sapiens	2021-10-05	Papua New Guinea	AY.23	EPI_ISL_11360334
94	Homo sapiens	2021-10-15	Papua New Guinea	AY.24	EPI_ISL_11360464
93	Homo sapiens	2021-10-07	Papua New Guinea	AY.24	EPI_ISL_11360340
95	Homo sapiens	2021-10-22	Papua New Guinea	AY.23	EPI_ISL_11360465
96	Homo sapiens	2021-10-28	Papua New Guinea	AY.23	EPI_ISL_11360530
94	Homo sapiens	2021-10-14	Papua New Guinea	AY.23	EPI_ISL_11360412
93	Homo sapiens	2021-10-08	Papua New Guinea	AY.23	EPI_ISL_11360413
94	Homo sapiens	2021-10-15	Papua New Guinea	AY.23	EPI_ISL_11360411
92	Homo sapiens	2021-10-03	Papua New Guinea	AY.24	EPI_ISL_11360417
94	Homo sapiens	2021-10-16	Papua New Guinea	AY.24	EPI_ISL_11360537
92	Homo sapiens	2021-10-02	Papua New Guinea	AY.24	EPI_ISL_11360538
94	Homo sapiens	2021-10-12	Papua New Guinea	AY.24	EPI_ISL_11360415
92	Homo sapiens	2021-10-02	Papua New Guinea	AY.24	EPI_ISL_11360418
96	Homo sapiens	2021-10-27	Papua New Guinea	AY.24	EPI_ISL_11360541
97	Homo sapiens	2021-11-03	Papua New Guinea	AY.23	EPI_ISL_11360540
93	Homo sapiens	2021-10-04	Papua New Guinea	AY.24	EPI_ISL_11360350
96	Homo sapiens	2021-10-25	Papua New Guinea	AY.24	EPI_ISL_11360471
93	Homo sapiens	2021-10-05	Papua New Guinea	AY.24	EPI_ISL_11360352
93	Homo sapiens	2021-10-07	Papua New Guinea	AY.24	EPI_ISL_11360355
93	Homo sapiens	2021-10-07	Papua New Guinea	AY.24	EPI_ISL_11360356
95	Homo sapiens	2021-10-22	Papua New Guinea	AY.24	EPI_ISL_11360482
93	Homo sapiens	2021-10-07	Papua New Guinea	AY.23	EPI_ISL_11360361
97	Homo sapiens	2021-11-04	Papua New Guinea	AY.24	EPI_ISL_11360364
94	Homo sapiens	2021-10-11	Papua New Guinea	AY.23	EPI_ISL_11360362
90	Homo sapiens	2021-09-17	Papua New Guinea	AY.24	EPI_ISL_11360371
96	Homo sapiens	2021-10-30	Papua New Guinea	AY.24	EPI_ISL_11360500
95	Homo sapiens	2021-10-24	Papua New Guinea	AY.24	EPI_ISL_11360505
96	Homo sapiens	2021-10-30	Papua New Guinea	AY.24	EPI_ISL_11360501
95	Homo sapiens	2021-10-22	Papua New Guinea	AY.24	EPI_ISL_11360522
93	Homo sapiens	2021-10-08	Papua New Guinea	AY.23	EPI_ISL_11360401
94	Homo sapiens	2021-10-16	Papua New Guinea	AY.23	EPI_ISL_11360400
95	Homo sapiens	2021-10-20	Papua New Guinea	AY.24	EPI_ISL_11360403
90	Homo sapiens	2021-09-15	Papua New Guinea	AY.24	EPI_ISL_11360375
95	Homo sapiens	2021-10-19	Papua New Guinea	AY.23	EPI_ISL_11360497
89	Homo sapiens	2021-09-08	Papua New Guinea	AY.24	EPI_ISL_11360376
90	Homo sapiens	2021-09-13	Papua New Guinea	AY.24	EPI_ISL_11360373
94	Homo sapiens	2021-10-11	Papua New Guinea	AY.24	EPI_ISL_11360378
96	Homo sapiens	2021-10-30	Papua New Guinea	AY.24	EPI_ISL_11360499
94	Homo sapiens	2021-10-13	Papua New Guinea	AY.24	EPI_ISL_11360384
94	Homo sapiens	2021-10-14	Papua New Guinea	AY.24	EPI_ISL_11360390
93	Homo sapiens	2021-10-10	Papua New Guinea	AY.24	EPI_ISL_11360388
94	Homo sapiens	2021-10-15	Papua New Guinea	AY.24	EPI_ISL_11360399
110	Homo sapiens	2022-02-01	Papua New Guinea	BA.2	EPI_ISL_11361132
95	Homo sapiens	2021-10-23	Papua New Guinea	AY.24	EPI_ISL_11360437
95	Homo sapiens	2021-10-19	Papua New Guinea	AY.24	EPI_ISL_11360442
94	Homo sapiens	2021-10-14	Papua New Guinea	AY.23	EPI_ISL_11360431
97	Homo sapiens	2021-11-03	Papua New Guinea	AY.24	EPI_ISL_11360543
98	Homo sapiens	2021-11-11	Papua New Guinea	AY.23	EPI_ISL_11360549
93	Homo sapiens	2021-10-07	Papua New Guinea	AY.24	EPI_ISL_11360447
93	Homo sapiens	2021-10-10	Papua New Guinea	AY.24	EPI_ISL_11360433
95	Homo sapiens	2021-10-20	Papua New Guinea	AY.23	EPI_ISL_11360443
94	Homo sapiens	2021-10-13	Papua New Guinea	AY.23	EPI_ISL_11360438
95	Homo sapiens	2021-10-19	Papua New Guinea	AY.23	EPI_ISL_11360436
95	Homo sapiens	2021-10-18	Papua New Guinea	AY.23	EPI_ISL_11360440
95	Homo sapiens	2021-10-19	Papua New Guinea	AY.24	EPI_ISL_11360449
95	Homo sapiens	2021-10-22	Papua New Guinea	AY.23	EPI_ISL_11360462
95	Homo sapiens	2021-10-23	Papua New Guinea	AY.24	EPI_ISL_11360453
95	Homo sapiens	2021-10-23	Papua New Guinea	AY.24	EPI_ISL_11360459
95	Homo sapiens	2021-10-19	Papua New Guinea	AY.24	EPI_ISL_11360496
99	Homo sapiens	2021-11-15	Papua New Guinea	AY.23	EPI_ISL_11360486
63	Homo sapiens	2021-03-10	Papua New Guinea	AU.3	EPI_ISL_11360312
96	Homo sapiens	2021-10-28	Papua New Guinea	AY.24	EPI_ISL_11360502
92	Homo sapiens	2021-09-28	Papua New Guinea	AY.23	EPI_ISL_11360321
93	Homo sapiens	2021-10-05	Papua New Guinea	AY.24	EPI_ISL_11360333
93	Homo sapiens	2021-10-08	Papua New Guinea	AY.23	EPI_ISL_11360423
92	Homo sapiens	2021-10-02	Papua New Guinea	AY.24	EPI_ISL_11360320
93	Homo sapiens	2021-10-06	Papua New Guinea	AY.24	EPI_ISL_11360353
88	Homo sapiens	2021-09-04	Papua New Guinea	AY.24	EPI_ISL_11360372
90	Homo sapiens	2021-09-13	Papua New Guinea	AY.24	EPI_ISL_11360374
95	Homo sapiens	2021-10-22	Papua New Guinea	AY.24	EPI_ISL_11360397
94	Homo sapiens	2021-10-16	Papua New Guinea	AY.24	EPI_ISL_11360398
95	Homo sapiens	2021-10-18	Papua New Guinea	AY.24	EPI_ISL_11360408
141	Homo sapiens	2022-09-06	Papua New Guinea	BA.5.10.1	EPI_ISL_16534412
148	Homo sapiens	2022-10-28	Papua New Guinea	BA.5.7	EPI_ISL_16534418
146	Homo sapiens	2022-10-10	Papua New Guinea	BA.5.2	EPI_ISL_16534421
142	Homo sapiens	2022-09-18	Papua New Guinea	BA.5.2	EPI_ISL_16534399
149	Homo sapiens	2022-11-02	Papua New Guinea	CH.1.1.3	EPI_ISL_16534499
145	Homo sapiens	2022-10-05	Papua New Guinea	BA.5.2	EPI_ISL_16534387
144	Homo sapiens	2022-10-02	Papua New Guinea	BE.1.1.1	EPI_ISL_16534379
144	Homo sapiens	2022-10-01	Papua New Guinea	BE.1.1.1	EPI_ISL_16534383
145	Homo sapiens	2022-10-05	Papua New Guinea	BA.5.2	EPI_ISL_16534382
144	Homo sapiens	2022-09-30	Papua New Guinea	BA.2.75.3	EPI_ISL_16534389
145	Homo sapiens	2022-10-06	Papua New Guinea	BE.1.1.1	EPI_ISL_16534380
119	Homo sapiens	2022-04-06	Papua New Guinea	BA.2.3	EPI_ISL_16534366
154	Homo sapiens	2022-12-05	Papua New Guinea	BA.2.75.3	EPI_ISL_16534480
148	Homo sapiens	2022-10-24	Papua New Guinea	BA.2.75.3	EPI_ISL_16534483
119	Homo sapiens	2022-04-06	Papua New Guinea	BA.2.3	EPI_ISL_16534367
150	Homo sapiens	2022-11-08	Papua New Guinea	BA.2.75.3	EPI_ISL_16534458
112	Homo sapiens	2022-02-16	Papua New Guinea	BA.2.3.16	EPI_ISL_16534341
112	Homo sapiens	2022-02-17	Papua New Guinea	BA.2.3	EPI_ISL_16534348
112	Homo sapiens	2022-02-16	Papua New Guinea	BA.2.3	EPI_ISL_16534344
112	Homo sapiens	2022-02-16	Papua New Guinea	BA.2.3.16	EPI_ISL_16534347
146	Homo sapiens	2022-10-14	Papua New Guinea	BA.2.75.3	EPI_ISL_16534447
149	Homo sapiens	2022-11-05	Papua New Guinea	BA.2.75.3	EPI_ISL_16534439
146	Homo sapiens	2022-10-13	Papua New Guinea	BA.2.75.3	EPI_ISL_16534436
148	Homo sapiens	2022-10-24	Papua New Guinea	BA.2.75.3	EPI_ISL_16534449
148	Homo sapiens	2022-10-25	Papua New Guinea	BA.2.75.3	EPI_ISL_16534448
141	Homo sapiens	2022-09-09	Papua New Guinea	BA.5.2	EPI_ISL_16534425
150	Homo sapiens	2022-11-10	Papua New Guinea	BA.2.75.3	EPI_ISL_16534506
136	Homo sapiens	2022-08-07	Papua New Guinea	BA.5.2	EPI_ISL_16534410
146	Homo sapiens	2022-10-12	Papua New Guinea	BA.5.2.1	EPI_ISL_16534437
149	Homo sapiens	2022-11-04	Papua New Guinea	CH.1.1.3	EPI_ISL_16534441
150	Homo sapiens	2022-11-13	Papua New Guinea	CH.1.1.3	EPI_ISL_16534442
149	Homo sapiens	2022-11-02	Papua New Guinea	BA.5.2.6	EPI_ISL_16534440
146	Homo sapiens	2022-10-11	Papua New Guinea	BA.5.2.1	EPI_ISL_16534445
146	Homo sapiens	2022-10-14	Papua New Guinea	CH.1.1.3	EPI_ISL_16534453
146	Homo sapiens	2022-10-13	Papua New Guinea	CH.1.1.3	EPI_ISL_16534452
141	Homo sapiens	2022-09-05	Papua New Guinea	BA.5.10.1	EPI_ISL_16534417
144	Homo sapiens	2022-10-01	Papua New Guinea	BE.1.1.1	EPI_ISL_16534416
142	Homo sapiens	2022-09-14	Papua New Guinea	BA.5.10.1	EPI_ISL_16534414
141	Homo sapiens	2022-09-08	Papua New Guinea	BA.5.2	EPI_ISL_16534424
146	Homo sapiens	2022-10-10	Papua New Guinea	BA.5.2	EPI_ISL_16534420
142	Homo sapiens	2022-09-18	Papua New Guinea	BA.5.2	EPI_ISL_16534398
141	Homo sapiens	2022-09-09	Papua New Guinea	BA.5.2	EPI_ISL_16534413
146	Homo sapiens	2022-10-10	Papua New Guinea	BA.5.2	EPI_ISL_16534415
143	Homo sapiens	2022-09-22	Papua New Guinea	BA.5.2	EPI_ISL_16534419
145	Homo sapiens	2022-10-09	Papua New Guinea	BA.5.2	EPI_ISL_16534386
135	Homo sapiens	2022-07-31	Papua New Guinea	BA.5.2	EPI_ISL_16534422
135	Homo sapiens	2022-07-31	Papua New Guinea	BA.5.2	EPI_ISL_16534395
145	Homo sapiens	2022-10-04	Papua New Guinea	BA.5.2	EPI_ISL_16534384
140	Homo sapiens	2022-09-04	Papua New Guinea	BA.5.10.1	EPI_ISL_16534427
144	Homo sapiens	2022-10-02	Papua New Guinea	BE.1.1.1	EPI_ISL_16534385
141	Homo sapiens	2022-09-09	Papua New Guinea	BA.5.2	EPI_ISL_16534423
145	Homo sapiens	2022-10-06	Papua New Guinea	BA.5.2	EPI_ISL_16534388
147	Homo sapiens	2022-10-23	Papua New Guinea	CH.1.1.3	EPI_ISL_16534477
146	Homo sapiens	2022-10-11	Papua New Guinea	BA.5.2.1	EPI_ISL_16534393
147	Homo sapiens	2022-10-19	Papua New Guinea	BA.5.2	EPI_ISL_16534478
147	Homo sapiens	2022-10-21	Papua New Guinea	BA.5.2.1	EPI_ISL_16534492
147	Homo sapiens	2022-10-22	Papua New Guinea	BL.1	EPI_ISL_16534496
144	Homo sapiens	2022-09-30	Papua New Guinea	BE.1.1.1	EPI_ISL_16534391
144	Homo sapiens	2022-10-01	Papua New Guinea	BE.1.1.1	EPI_ISL_16534392
135	Homo sapiens	2022-07-31	Papua New Guinea	BA.5.2	EPI_ISL_16534396
142	Homo sapiens	2022-09-15	Papua New Guinea	BA.5.2	EPI_ISL_16534397
148	Homo sapiens	2022-10-24	Papua New Guinea	BA.5.2.1	EPI_ISL_16534486
148	Homo sapiens	2022-10-28	Papua New Guinea	BA.5.2.1	EPI_ISL_16534484
132	Homo sapiens	2022-07-05	Papua New Guinea	BA.5.2.1	EPI_ISL_16534369
147	Homo sapiens	2022-10-21	Papua New Guinea	CH.1.1.3	EPI_ISL_16534487
135	Homo sapiens	2022-07-31	Papua New Guinea	BA.5.2	EPI_ISL_16534374
147	Homo sapiens	2022-10-21	Papua New Guinea	CH.1.1.3	EPI_ISL_16534488
137	Homo sapiens	2022-08-14	Papua New Guinea	BA.5.2	EPI_ISL_16534375
147	Homo sapiens	2022-10-22	Papua New Guinea	BQ.1.1	EPI_ISL_16534494
154	Homo sapiens	2022-12-05	Papua New Guinea	CH.1.1.3	EPI_ISL_16534464
135	Homo sapiens	2022-07-27	Papua New Guinea	BA.5.2.1	EPI_ISL_16534373
150	Homo sapiens	2022-11-07	Papua New Guinea	BE.1.1.1	EPI_ISL_16534456
149	Homo sapiens	2022-10-31	Papua New Guinea	BQ.1.1.18	EPI_ISL_16534457
154	Homo sapiens	2022-12-05	Papua New Guinea	CH.1.1.3	EPI_ISL_16534466
150	Homo sapiens	2022-11-12	Papua New Guinea	CH.1.1.3	EPI_ISL_16534454
149	Homo sapiens	2022-10-31	Papua New Guinea	BA.5.2	EPI_ISL_16534455
149	Homo sapiens	2022-10-31	Papua New Guinea	BA.5.2.1	EPI_ISL_16534459
142	Homo sapiens	2022-09-13	Papua New Guinea	BA.5.2	EPI_ISL_16534401
150	Homo sapiens	2022-11-08	Papua New Guinea	BL.1	EPI_ISL_16534461
149	Homo sapiens	2022-11-03	Papua New Guinea	CH.1.1.3	EPI_ISL_16534465
148	Homo sapiens	2022-10-29	Papua New Guinea	BA.5.2.1	EPI_ISL_16534469
146	Homo sapiens	2022-10-14	Papua New Guinea	BA.5.2.1	EPI_ISL_16534470
146	Homo sapiens	2022-10-14	Papua New Guinea	CH.1.1.3	EPI_ISL_16534475
142	Homo sapiens	2022-09-18	Papua New Guinea	BA.5.2	EPI_ISL_16534400
143	Homo sapiens	2022-09-21	Papua New Guinea	BA.5.10.1	EPI_ISL_16534405
136	Homo sapiens	2022-08-01	Papua New Guinea	BA.5.2	EPI_ISL_16534406
141	Homo sapiens	2022-09-09	Papua New Guinea	BA.5.10.1	EPI_ISL_16534404
150	Homo sapiens	2022-11-10	Papua New Guinea	BA.5.2.1	EPI_ISL_16534503
146	Homo sapiens	2022-10-10	Papua New Guinea	BA.5.10.1	EPI_ISL_16534402
141	Homo sapiens	2022-09-08	Papua New Guinea	BA.5.2	EPI_ISL_16534426
148	Homo sapiens	2022-10-28	Papua New Guinea	BA.2.75.3	EPI_ISL_16534432
148	Homo sapiens	2022-10-28	Papua New Guinea	BA.2.75.3	EPI_ISL_16534433
136	Homo sapiens	2022-08-05	Papua New Guinea	BA.5.2	EPI_ISL_16534408
151	Homo sapiens	2022-11-14	Papua New Guinea	BA.5.2.1	EPI_ISL_16534509
138	Homo sapiens	2022-08-16	Papua New Guinea	BA.5.7	EPI_ISL_16534429
136	Homo sapiens	2022-08-04	Papua New Guinea	BA.5.2	EPI_ISL_16534407
150	Homo sapiens	2022-11-07	Papua New Guinea	BA.5.2.1	EPI_ISL_16534507
141	Homo sapiens	2022-09-09	Papua New Guinea	BA.5.10.1	EPI_ISL_16534430
146	Homo sapiens	2022-10-10	Papua New Guinea	BA.2.75.3	EPI_ISL_16534438
142	Homo sapiens	2022-09-12	Papua New Guinea	BA.2.75.3	EPI_ISL_16534431
146	Homo sapiens	2022-10-15	Papua New Guinea	XBB.1	EPI_ISL_16534450
145	Homo sapiens	2022-10-03	Papua New Guinea	BA.2.75.3	EPI_ISL_16534381
114	Homo sapiens	2022-03-01	Papua New Guinea	BA.2.3	EPI_ISL_16534357
148	Homo sapiens	2022-10-24	Papua New Guinea	BA.2.75.3	EPI_ISL_16534495
114	Homo sapiens	2022-03-02	Papua New Guinea	BA.2.3	EPI_ISL_16534358
114	Homo sapiens	2022-03-02	Papua New Guinea	BA.2.3.16	EPI_ISL_16534360
118	Homo sapiens	2022-03-29	Papua New Guinea	BA.2.3.16	EPI_ISL_16534364
114	Homo sapiens	2022-03-02	Papua New Guinea	BA.2.3.16	EPI_ISL_16534359
118	Homo sapiens	2022-03-30	Papua New Guinea	BA.2.3.16	EPI_ISL_16534365
112	Homo sapiens	2022-02-16	Papua New Guinea	BA.2.3.16	EPI_ISL_16534342
119	Homo sapiens	2022-04-07	Papua New Guinea	BA.2.3.16	EPI_ISL_16534368
148	Homo sapiens	2022-10-26	Papua New Guinea	BA.2.75.3	EPI_ISL_16534460
112	Homo sapiens	2022-02-16	Papua New Guinea	BA.2.3	EPI_ISL_16534343
112	Homo sapiens	2022-02-16	Papua New Guinea	BA.2.3	EPI_ISL_16534345
147	Homo sapiens	2022-10-19	Papua New Guinea	BA.2.75.3	EPI_ISL_16534504
151	Homo sapiens	2022-11-14	Papua New Guinea	BA.2.75.3	EPI_ISL_16534505
154	Homo sapiens	2022-12-05	Papua New Guinea	BA.2.75.3	EPI_ISL_16534471
113	Homo sapiens	2022-02-22	Papua New Guinea	BA.2.3.16	EPI_ISL_16534354
