13	Homo sapiens	2020-03-23	Qatar 	B	EPI_ISL_427416
13	Homo sapiens	2020-03-23	Qatar 	B	EPI_ISL_427417
14	Homo sapiens	2020-04-05	Qatar 	B.1	EPI_ISL_1712672
15	Homo sapiens	2020-04-09	Qatar 	B	EPI_ISL_1712676
15	Homo sapiens	2020-04-09	Qatar 	B	EPI_ISL_1712679
11	Homo sapiens	2020-03-15	Qatar 	B	EPI_ISL_1712691
12	Homo sapiens	2020-03-16	Qatar 	B	EPI_ISL_1712704
11	Homo sapiens	2020-03-13	Qatar 	B	EPI_ISL_1712705
19	Homo sapiens	2020-05-08	Qatar 	B.1.1	EPI_ISL_1712748
19	Homo sapiens	2020-05-08	Qatar 	B	EPI_ISL_1712749
19	Homo sapiens	2020-05-08	Qatar 	B.1.428	EPI_ISL_1712751
19	Homo sapiens	2020-05-08	Qatar 	B.1.428	EPI_ISL_1712752
19	Homo sapiens	2020-05-08	Qatar 	B.1.428	EPI_ISL_1712753
19	Homo sapiens	2020-05-08	Qatar 	B	EPI_ISL_1712754
19	Homo sapiens	2020-05-07	Qatar 	B	EPI_ISL_1712761
19	Homo sapiens	2020-05-08	Qatar 	B.1.428	EPI_ISL_1712764
19	Homo sapiens	2020-05-08	Qatar 	B	EPI_ISL_1712766
19	Homo sapiens	2020-05-08	Qatar 	B.1.428	EPI_ISL_1712776
19	Homo sapiens	2020-05-08	Qatar 	B	EPI_ISL_1712777
19	Homo sapiens	2020-05-08	Qatar 	B	EPI_ISL_1712779
19	Homo sapiens	2020-05-08	Qatar 	B.1.428	EPI_ISL_1712780
19	Homo sapiens	2020-05-06	Qatar 	B.1.428	EPI_ISL_1712785
19	Homo sapiens	2020-05-08	Qatar 	B.1	EPI_ISL_1712787
19	Homo sapiens	2020-05-07	Qatar 	B.1.1	EPI_ISL_1712791
19	Homo sapiens	2020-05-07	Qatar 	B	EPI_ISL_1712792
21	Homo sapiens	2020-05-22	Qatar 	B.1	EPI_ISL_1712824
21	Homo sapiens	2020-05-22	Qatar 	B.1	EPI_ISL_1712829
41	Homo sapiens	2020-10-07	Qatar 	B.1.428.3	EPI_ISL_1713198
40	Homo sapiens	2020-10-04	Qatar 	B.1.428	EPI_ISL_1713205
41	Homo sapiens	2020-10-07	Qatar 	B.1.428	EPI_ISL_1713213
43	Homo sapiens	2020-10-22	Qatar 	B.1.428	EPI_ISL_1713220
41	Homo sapiens	2020-10-11	Qatar 	B.1.428	EPI_ISL_1713225
41	Homo sapiens	2020-10-05	Qatar 	B.1.428	EPI_ISL_1713236
55	Homo sapiens	2021-01-12	Qatar 	B.1.428.3	EPI_ISL_1713422
55	Homo sapiens	2021-01-12	Qatar 	B.1.428.3	EPI_ISL_1713425
55	Homo sapiens	2021-01-12	Qatar 	B.1.428.3	EPI_ISL_1713427
55	Homo sapiens	2021-01-12	Qatar 	B.1.428.3	EPI_ISL_1713429
60	Homo sapiens	2021-02-17	Qatar 	B.1.1.163	EPI_ISL_1713588
60	Homo sapiens	2021-02-17	Qatar 	B.1.1.7	EPI_ISL_1713599
60	Homo sapiens	2021-02-16	Qatar 	B.1.1.7	EPI_ISL_1713600
60	Homo sapiens	2021-02-16	Qatar 	B.1.2	EPI_ISL_1713605
60	Homo sapiens	2021-02-16	Qatar 	B.1.1.7	EPI_ISL_1713619
60	Homo sapiens	2021-02-19	Qatar 	B.1.1.7	EPI_ISL_1713642
60	Homo sapiens	2021-02-19	Qatar 	A.23.1	EPI_ISL_1713645
61	Homo sapiens	2021-02-25	Qatar 	B.1.1.7	EPI_ISL_1713701
62	Homo sapiens	2021-03-02	Qatar 	B.1.1.7	EPI_ISL_1713706
61	Homo sapiens	2021-02-24	Qatar 	B.1.1.163	EPI_ISL_1713707
64	Homo sapiens	2021-03-18	Qatar 	B.1.1.7	EPI_ISL_1713812
58	Homo sapiens	2021-02-03	Qatar 	B.1.1.7	EPI_ISL_1713876
58	Homo sapiens	2021-02-03	Qatar 	B.1.36	EPI_ISL_1713894
58	Homo sapiens	2021-02-02	Qatar 	B.1.1.7	EPI_ISL_1713895
58	Homo sapiens	2021-02-03	Qatar 	B.1.1.7	EPI_ISL_1713909
59	Homo sapiens	2021-02-12	Qatar 	B.1.1.163	EPI_ISL_1713936
15	Homo sapiens	2020-04-10	Qatar 	B.1.428	EPI_ISL_1713950
17	Homo sapiens	2020-04-24	Qatar 	B	EPI_ISL_1713978
15	Homo sapiens	2020-04-09	Qatar 	B.1	EPI_ISL_1713985
16	Homo sapiens	2020-04-19	Qatar 	B	EPI_ISL_1713994
23	Homo sapiens	2020-06-02	Qatar 	B.1.428	EPI_ISL_1714171
24	Homo sapiens	2020-06-14	Qatar 	B.1.428	EPI_ISL_1714221
26	Homo sapiens	2020-06-22	Qatar 	B.1.428	EPI_ISL_1714237
24	Homo sapiens	2020-06-09	Qatar 	B.1.428.3	EPI_ISL_1714249
25	Homo sapiens	2020-06-20	Qatar 	B.1.428.3	EPI_ISL_1714264
23	Homo sapiens	2020-06-01	Qatar 	B.1.428	EPI_ISL_1714266
24	Homo sapiens	2020-06-14	Qatar 	B.1.428	EPI_ISL_1714267
53	Homo sapiens	2020-12-29	Qatar 	A	EPI_ISL_1714325
34	Homo sapiens	2020-08-17	Qatar 	B.1.428	EPI_ISL_1714372
33	Homo sapiens	2020-08-12	Qatar 	B.1.428.1	EPI_ISL_1714374
33	Homo sapiens	2020-08-11	Qatar 	B.1	EPI_ISL_1714375
33	Homo sapiens	2020-08-12	Qatar 	B.1.428	EPI_ISL_1714380
32	Homo sapiens	2020-08-04	Qatar 	B.1.428	EPI_ISL_1714384
32	Homo sapiens	2020-08-06	Qatar 	B.1	EPI_ISL_1714392
33	Homo sapiens	2020-08-12	Qatar 	B.1.428	EPI_ISL_1714396
33	Homo sapiens	2020-08-12	Qatar 	B.1.428	EPI_ISL_1714397
34	Homo sapiens	2020-08-17	Qatar 	B.1.428.1	EPI_ISL_1714398
33	Homo sapiens	2020-08-13	Qatar 	B.1.428	EPI_ISL_1714400
33	Homo sapiens	2020-08-13	Qatar 	B.1	EPI_ISL_1714405
34	Homo sapiens	2020-08-18	Qatar 	B.1.428	EPI_ISL_1714415
32	Homo sapiens	2020-08-08	Qatar 	B	EPI_ISL_1714416
32	Homo sapiens	2020-08-08	Qatar 	B.1.428	EPI_ISL_1714419
33	Homo sapiens	2020-08-12	Qatar 	B.1	EPI_ISL_1714423
32	Homo sapiens	2020-08-07	Qatar 	B.1.428	EPI_ISL_1714430
33	Homo sapiens	2020-08-12	Qatar 	B.1.428	EPI_ISL_1714431
33	Homo sapiens	2020-08-10	Qatar 	B.1.1	EPI_ISL_1714455
28	Homo sapiens	2020-07-09	Qatar 	B.1.428	EPI_ISL_1714479
28	Homo sapiens	2020-07-09	Qatar 	B.1.428	EPI_ISL_1714485
27	Homo sapiens	2020-07-03	Qatar 	B.1.428	EPI_ISL_1714488
27	Homo sapiens	2020-07-02	Qatar 	B.1.428	EPI_ISL_1714489
28	Homo sapiens	2020-07-10	Qatar 	B.1.428	EPI_ISL_1714496
28	Homo sapiens	2020-07-08	Qatar 	B.1.428	EPI_ISL_1714497
28	Homo sapiens	2020-07-10	Qatar 	B.1.428	EPI_ISL_1714504
27	Homo sapiens	2020-07-01	Qatar 	B.1.428	EPI_ISL_1714507
28	Homo sapiens	2020-07-09	Qatar 	B.1.428	EPI_ISL_1714509
27	Homo sapiens	2020-07-05	Qatar 	B.1.428	EPI_ISL_1714512
28	Homo sapiens	2020-07-11	Qatar 	B.1.428	EPI_ISL_1714514
27	Homo sapiens	2020-07-05	Qatar 	B.1.428	EPI_ISL_1714516
28	Homo sapiens	2020-07-10	Qatar 	B.1.428	EPI_ISL_1714517
27	Homo sapiens	2020-07-02	Qatar 	B.1.428	EPI_ISL_1714518
28	Homo sapiens	2020-07-10	Qatar 	B.1.428	EPI_ISL_1714522
27	Homo sapiens	2020-07-02	Qatar 	B.1.428	EPI_ISL_1714523
28	Homo sapiens	2020-07-07	Qatar 	B.1.428	EPI_ISL_1714528
27	Homo sapiens	2020-07-05	Qatar 	B.1.428	EPI_ISL_1714530
27	Homo sapiens	2020-07-05	Qatar 	B.1.428	EPI_ISL_1714531
27	Homo sapiens	2020-07-04	Qatar 	B.1.1.28	EPI_ISL_1714533
29	Homo sapiens	2020-07-17	Qatar 	B.1.428	EPI_ISL_1714541
22	Homo sapiens	2020-05-25	Qatar 	B.1.428	EPI_ISL_1714558
22	Homo sapiens	2020-05-25	Qatar 	B.1.428	EPI_ISL_1714561
22	Homo sapiens	2020-05-29	Qatar 	B.1.428	EPI_ISL_1714568
22	Homo sapiens	2020-05-29	Qatar 	B.1.428	EPI_ISL_1714569
22	Homo sapiens	2020-05-29	Qatar 	B.1.428	EPI_ISL_1714570
18	Homo sapiens	2020-05-02	Qatar 	B.1.428	EPI_ISL_1714572
22	Homo sapiens	2020-05-28	Qatar 	B.1.428	EPI_ISL_1714574
19	Homo sapiens	2020-05-05	Qatar 	B.1.428	EPI_ISL_1714577
23	Homo sapiens	2020-06-01	Qatar 	B.1.428	EPI_ISL_1714579
22	Homo sapiens	2020-05-30	Qatar 	B.1.428	EPI_ISL_1714581
21	Homo sapiens	2020-05-24	Qatar 	B.1.428	EPI_ISL_1714582
21	Homo sapiens	2020-05-24	Qatar 	B.1.428	EPI_ISL_1714583
22	Homo sapiens	2020-05-29	Qatar 	B.1.1.75	EPI_ISL_1714585
22	Homo sapiens	2020-05-27	Qatar 	B.1.428	EPI_ISL_1714588
22	Homo sapiens	2020-05-29	Qatar 	B.1.428	EPI_ISL_1714589
22	Homo sapiens	2020-05-27	Qatar 	B.1.428	EPI_ISL_1714590
22	Homo sapiens	2020-05-31	Qatar 	B.1.1.28	EPI_ISL_1714591
19	Homo sapiens	2020-05-06	Qatar 	B.1.428	EPI_ISL_1714594
22	Homo sapiens	2020-05-25	Qatar 	B.1.428	EPI_ISL_1714598
21	Homo sapiens	2020-05-23	Qatar 	B.1.428	EPI_ISL_1714605
22	Homo sapiens	2020-05-27	Qatar 	B.1.428	EPI_ISL_1714607
22	Homo sapiens	2020-05-26	Qatar 	B.1	EPI_ISL_1714613
22	Homo sapiens	2020-05-30	Qatar 	B.1.428	EPI_ISL_1714614
22	Homo sapiens	2020-05-27	Qatar 	B.1.1.75	EPI_ISL_1714615
22	Homo sapiens	2020-05-30	Qatar 	B.1.1.28	EPI_ISL_1714616
22	Homo sapiens	2020-05-30	Qatar 	B.1.1	EPI_ISL_1714617
22	Homo sapiens	2020-05-30	Qatar 	B.1.1.75	EPI_ISL_1714618
22	Homo sapiens	2020-05-28	Qatar 	B.1.428	EPI_ISL_1714619
22	Homo sapiens	2020-05-28	Qatar 	B.1.1.28	EPI_ISL_1714620
22	Homo sapiens	2020-05-28	Qatar 	B.1	EPI_ISL_1714624
22	Homo sapiens	2020-05-29	Qatar 	B.1.428	EPI_ISL_1714625
21	Homo sapiens	2020-05-23	Qatar 	B.1.1.75	EPI_ISL_1714626
22	Homo sapiens	2020-05-29	Qatar 	B.1.428	EPI_ISL_1714640
17	Homo sapiens	2020-04-26	Qatar 	B.1	EPI_ISL_1714699
73	Homo sapiens	2021-05-23	Qatar 	B.1.1.7	EPI_ISL_2661493
73	Homo sapiens	2021-05-23	Qatar 	B.1.1.7	EPI_ISL_2661494
73	Homo sapiens	2021-05-23	Qatar 	B.1.1.7	EPI_ISL_2661495
73	Homo sapiens	2021-05-23	Qatar 	B.1.1.7	EPI_ISL_2661496
73	Homo sapiens	2021-05-23	Qatar 	B.1.1.7	EPI_ISL_2661497
73	Homo sapiens	2021-05-19	Qatar 	B.1.1.7	EPI_ISL_2661491
74	Homo sapiens	2021-05-29	Qatar 	B.1.617.2	EPI_ISL_2843199
74	Homo sapiens	2021-05-28	Qatar 	B.1.351	EPI_ISL_2843198
74	Homo sapiens	2021-05-28	Qatar 	B.1.1.7	EPI_ISL_2843215
74	Homo sapiens	2021-05-28	Qatar 	B.1.617.2	EPI_ISL_2843228
74	Homo sapiens	2021-05-27	Qatar 	B.1.351	EPI_ISL_2843212
74	Homo sapiens	2021-05-26	Qatar 	B.1.1.7	EPI_ISL_2843226
72	Homo sapiens	2021-05-16	Qatar 	B.1.351	EPI_ISL_2843046
72	Homo sapiens	2021-05-10	Qatar 	B.1.1.7	EPI_ISL_2843033
72	Homo sapiens	2021-05-10	Qatar 	B.1.1.7	EPI_ISL_2843037
71	Homo sapiens	2021-05-08	Qatar 	B.1.617.2	EPI_ISL_2843112
71	Homo sapiens	2021-05-08	Qatar 	B.1.351	EPI_ISL_2843118
71	Homo sapiens	2021-05-08	Qatar 	B.1.617.2	EPI_ISL_2843119
71	Homo sapiens	2021-05-08	Qatar 	B.1.351	EPI_ISL_2843124
71	Homo sapiens	2021-05-08	Qatar 	B.1.617.2	EPI_ISL_2843125
71	Homo sapiens	2021-05-08	Qatar 	B.1.1.7	EPI_ISL_2843127
71	Homo sapiens	2021-05-08	Qatar 	B.1.617.2	EPI_ISL_2843128
71	Homo sapiens	2021-05-08	Qatar 	B.1.617.2	EPI_ISL_2843161
71	Homo sapiens	2021-05-08	Qatar 	B.1.617.2	EPI_ISL_2843163
71	Homo sapiens	2021-05-08	Qatar 	B.1.617.2	EPI_ISL_2843174
71	Homo sapiens	2021-05-08	Qatar 	B.1.351	EPI_ISL_2843190
71	Homo sapiens	2021-05-08	Qatar 	B.1.351	EPI_ISL_2843192
71	Homo sapiens	2021-05-07	Qatar 	B.1.617.2	EPI_ISL_2843111
71	Homo sapiens	2021-05-07	Qatar 	B.1.351	EPI_ISL_2843113
71	Homo sapiens	2021-05-07	Qatar 	B.1.617.2	EPI_ISL_2843114
71	Homo sapiens	2021-05-07	Qatar 	B.1.1.7	EPI_ISL_2843115
71	Homo sapiens	2021-05-07	Qatar 	B.1.351	EPI_ISL_2843116
71	Homo sapiens	2021-05-07	Qatar 	B.1.351	EPI_ISL_2843120
71	Homo sapiens	2021-05-07	Qatar 	B.1.351	EPI_ISL_2843162
71	Homo sapiens	2021-05-07	Qatar 	B.1.617.2	EPI_ISL_2843173
71	Homo sapiens	2021-05-06	Qatar 	AY.1	EPI_ISL_2843126
71	Homo sapiens	2021-05-06	Qatar 	B.1.617.2	EPI_ISL_2843129
71	Homo sapiens	2021-05-04	Qatar 	B.1.617.2	EPI_ISL_2843122
71	Homo sapiens	2021-05-04	Qatar 	B.1.1.7	EPI_ISL_2843130
71	Homo sapiens	2021-05-04	Qatar 	B.1.617.2	EPI_ISL_2843145
71	Homo sapiens	2021-05-03	Qatar 	B.1.1.7	EPI_ISL_2843002
71	Homo sapiens	2021-05-03	Qatar 	B.1.617.2	EPI_ISL_2843089
71	Homo sapiens	2021-05-03	Qatar 	B.1.617.2	EPI_ISL_2843091
71	Homo sapiens	2021-05-03	Qatar 	B.1.617.2	EPI_ISL_2843092
71	Homo sapiens	2021-05-03	Qatar 	B.1.351	EPI_ISL_2843094
71	Homo sapiens	2021-05-03	Qatar 	AY.122	EPI_ISL_2843095
71	Homo sapiens	2021-05-03	Qatar 	B.1.617.2	EPI_ISL_2843096
71	Homo sapiens	2021-05-03	Qatar 	B.1.351	EPI_ISL_2843097
71	Homo sapiens	2021-05-03	Qatar 	B.1.1.7	EPI_ISL_2843098
71	Homo sapiens	2021-05-03	Qatar 	B.1.617.2	EPI_ISL_2843103
71	Homo sapiens	2021-05-03	Qatar 	B.1.351	EPI_ISL_2843104
71	Homo sapiens	2021-05-03	Qatar 	B.1.351	EPI_ISL_2843107
71	Homo sapiens	2021-05-03	Qatar 	B.1.617.2	EPI_ISL_2843108
70	Homo sapiens	2021-04-27	Qatar 	B.1.351	EPI_ISL_2843100
70	Homo sapiens	2021-04-27	Qatar 	B.1.351	EPI_ISL_2843101
70	Homo sapiens	2021-04-27	Qatar 	B.1.351	EPI_ISL_2843110
69	Homo sapiens	2021-04-25	Qatar 	B.1.351	EPI_ISL_2843164
69	Homo sapiens	2021-04-24	Qatar 	B.1.351	EPI_ISL_2843166
69	Homo sapiens	2021-04-24	Qatar 	B.1.1.7	EPI_ISL_2843167
69	Homo sapiens	2021-04-23	Qatar 	B.1.617.2	EPI_ISL_2843165
69	Homo sapiens	2021-04-23	Qatar 	B.1.351	EPI_ISL_2843188
69	Homo sapiens	2021-04-23	Qatar 	B.1.351	EPI_ISL_2843197
69	Homo sapiens	2021-04-23	Qatar 	B.1.1.7	EPI_ISL_2843200
69	Homo sapiens	2021-04-23	Qatar 	B.1.617.2	EPI_ISL_2843204
69	Homo sapiens	2021-04-22	Qatar 	B.1.351	EPI_ISL_2843152
69	Homo sapiens	2021-04-22	Qatar 	B.1.1.7	EPI_ISL_2843155
69	Homo sapiens	2021-04-22	Qatar 	B.1.351	EPI_ISL_2843157
69	Homo sapiens	2021-04-22	Qatar 	B.1.351	EPI_ISL_2843160
69	Homo sapiens	2021-04-21	Qatar 	B.1.617.2	EPI_ISL_2843143
69	Homo sapiens	2021-04-21	Qatar 	B.1.617.2	EPI_ISL_2843148
69	Homo sapiens	2021-04-21	Qatar 	B.1.617.2	EPI_ISL_2843150
69	Homo sapiens	2021-04-21	Qatar 	AY.39	EPI_ISL_2843154
76	Homo sapiens	2021-06-11	Qatar 	AY.122	EPI_ISL_3048166
75	Homo sapiens	2021-06-06	Qatar 	B.1.1.7	EPI_ISL_3048165
83	Homo sapiens	2021-07-31	Qatar 	AY.119	EPI_ISL_3941764
86	Homo sapiens	2021-08-16	Qatar 	AY.25	EPI_ISL_4295239
85	Homo sapiens	2021-08-10	Qatar 	AY.4	EPI_ISL_4295237
85	Homo sapiens	2021-08-10	Qatar 	AY.4	EPI_ISL_4295235
87	Homo sapiens	2021-08-29	Qatar 	AY.75	EPI_ISL_5475938
87	Homo sapiens	2021-08-28	Qatar 	AY.33	EPI_ISL_5475841
87	Homo sapiens	2021-08-28	Qatar 	AY.100	EPI_ISL_5475914
87	Homo sapiens	2021-08-27	Qatar 	B.1.617.2	EPI_ISL_5475785
87	Homo sapiens	2021-08-27	Qatar 	B.1.617.2	EPI_ISL_5475788
87	Homo sapiens	2021-08-27	Qatar 	B.1.617.2	EPI_ISL_5475794
87	Homo sapiens	2021-08-27	Qatar 	B.1.617.2	EPI_ISL_5475801
87	Homo sapiens	2021-08-27	Qatar 	AY.33	EPI_ISL_5475820
87	Homo sapiens	2021-08-26	Qatar 	B.1.617.2	EPI_ISL_5475660
87	Homo sapiens	2021-08-26	Qatar 	AY.120	EPI_ISL_5475695
87	Homo sapiens	2021-08-26	Qatar 	B.1.617.2	EPI_ISL_5475704
87	Homo sapiens	2021-08-25	Qatar 	B.1.617.2	EPI_ISL_5475611
87	Homo sapiens	2021-08-25	Qatar 	B.1.617.2	EPI_ISL_5475618
87	Homo sapiens	2021-08-25	Qatar 	B.1.617.2	EPI_ISL_5475635
87	Homo sapiens	2021-08-25	Qatar 	AY.108	EPI_ISL_5475645
87	Homo sapiens	2021-08-25	Qatar 	B.1.617.2	EPI_ISL_5475655
87	Homo sapiens	2021-08-24	Qatar 	AY.33	EPI_ISL_5475526
87	Homo sapiens	2021-08-23	Qatar 	AY.127	EPI_ISL_5475335
87	Homo sapiens	2021-08-23	Qatar 	B.1.617.2	EPI_ISL_5475364
87	Homo sapiens	2021-08-23	Qatar 	AY.104	EPI_ISL_5475368
87	Homo sapiens	2021-08-23	Qatar 	B.1.617.2	EPI_ISL_5475459
87	Homo sapiens	2021-08-23	Qatar 	B.1.617.2	EPI_ISL_5475468
87	Homo sapiens	2021-08-23	Qatar 	B.1.617.2	EPI_ISL_5475474
86	Homo sapiens	2021-08-22	Qatar 	B.1.617.2	EPI_ISL_5475178
86	Homo sapiens	2021-08-22	Qatar 	AY.121	EPI_ISL_5475184
86	Homo sapiens	2021-08-22	Qatar 	AY.78	EPI_ISL_5475212
86	Homo sapiens	2021-08-22	Qatar 	AY.46.4	EPI_ISL_5475216
86	Homo sapiens	2021-08-22	Qatar 	B.1.617.2	EPI_ISL_5475238
86	Homo sapiens	2021-08-22	Qatar 	AY.39	EPI_ISL_5475246
86	Homo sapiens	2021-08-22	Qatar 	B.1.617.2	EPI_ISL_5475267
86	Homo sapiens	2021-08-22	Qatar 	B.1.617.2	EPI_ISL_5475275
86	Homo sapiens	2021-08-22	Qatar 	B.1.617.2	EPI_ISL_5475283
86	Homo sapiens	2021-08-22	Qatar 	AY.122	EPI_ISL_5475305
86	Homo sapiens	2021-08-21	Qatar 	B.1.617.2	EPI_ISL_5475042
86	Homo sapiens	2021-08-21	Qatar 	B.1.617.2	EPI_ISL_5475049
86	Homo sapiens	2021-08-21	Qatar 	AY.46.4	EPI_ISL_5475076
86	Homo sapiens	2021-08-21	Qatar 	B.1.617.2	EPI_ISL_5475093
86	Homo sapiens	2021-08-21	Qatar 	AY.127	EPI_ISL_5475134
86	Homo sapiens	2021-08-21	Qatar 	AY.127	EPI_ISL_5475146
86	Homo sapiens	2021-08-21	Qatar 	B.1.617.2	EPI_ISL_5475150
86	Homo sapiens	2021-08-21	Qatar 	B.1.617.2	EPI_ISL_5475170
86	Homo sapiens	2021-08-20	Qatar 	B.1.617.2	EPI_ISL_5474903
86	Homo sapiens	2021-08-20	Qatar 	AY.25	EPI_ISL_5474914
86	Homo sapiens	2021-08-20	Qatar 	AY.121	EPI_ISL_5474934
86	Homo sapiens	2021-08-20	Qatar 	B.1.617.2	EPI_ISL_5475005
86	Homo sapiens	2021-08-20	Qatar 	B.1.617.2	EPI_ISL_5475011
86	Homo sapiens	2021-08-20	Qatar 	AY.120	EPI_ISL_5475017
86	Homo sapiens	2021-08-20	Qatar 	B.1.617.2	EPI_ISL_5475032
86	Homo sapiens	2021-08-19	Qatar 	AY.121	EPI_ISL_5474772
86	Homo sapiens	2021-08-19	Qatar 	B.1.617.2	EPI_ISL_5474780
86	Homo sapiens	2021-08-19	Qatar 	B.1.617.2	EPI_ISL_5474797
86	Homo sapiens	2021-08-19	Qatar 	AY.121	EPI_ISL_5474805
86	Homo sapiens	2021-08-19	Qatar 	AY.120	EPI_ISL_5474814
86	Homo sapiens	2021-08-19	Qatar 	B.1.617.2	EPI_ISL_5474826
86	Homo sapiens	2021-08-19	Qatar 	AY.4	EPI_ISL_5474841
86	Homo sapiens	2021-08-19	Qatar 	B.1.617.2	EPI_ISL_5474854
86	Homo sapiens	2021-08-19	Qatar 	B.1.617.2	EPI_ISL_5474859
86	Homo sapiens	2021-08-19	Qatar 	AY.107	EPI_ISL_5474866
86	Homo sapiens	2021-08-19	Qatar 	B.1.617.2	EPI_ISL_5474886
86	Homo sapiens	2021-08-18	Qatar 	B.1.617.2	EPI_ISL_5474689
86	Homo sapiens	2021-08-18	Qatar 	B.1.617.2	EPI_ISL_5474713
86	Homo sapiens	2021-08-18	Qatar 	AY.25	EPI_ISL_5474721
86	Homo sapiens	2021-08-18	Qatar 	AY.122	EPI_ISL_5474729
86	Homo sapiens	2021-08-18	Qatar 	AY.39	EPI_ISL_5474748
86	Homo sapiens	2021-08-17	Qatar 	AY.120	EPI_ISL_5474401
86	Homo sapiens	2021-08-17	Qatar 	AY.120	EPI_ISL_5474468
86	Homo sapiens	2021-08-17	Qatar 	B.1.617.2	EPI_ISL_5474479
86	Homo sapiens	2021-08-17	Qatar 	B.1.617.2	EPI_ISL_5474484
86	Homo sapiens	2021-08-16	Qatar 	AY.127	EPI_ISL_5474271
86	Homo sapiens	2021-08-16	Qatar 	B.1.617.2	EPI_ISL_5474283
85	Homo sapiens	2021-08-15	Qatar 	AY.39	EPI_ISL_5474041
85	Homo sapiens	2021-08-15	Qatar 	AY.122	EPI_ISL_5474058
85	Homo sapiens	2021-08-15	Qatar 	B.1.617.2	EPI_ISL_5474083
85	Homo sapiens	2021-08-15	Qatar 	B.1.617.2	EPI_ISL_5474101
85	Homo sapiens	2021-08-15	Qatar 	AY.46	EPI_ISL_5474109
85	Homo sapiens	2021-08-15	Qatar 	B.1.617.2	EPI_ISL_5474120
85	Homo sapiens	2021-08-14	Qatar 	AY.127	EPI_ISL_5473914
85	Homo sapiens	2021-08-14	Qatar 	AY.20	EPI_ISL_5473925
85	Homo sapiens	2021-08-14	Qatar 	AY.127	EPI_ISL_5473951
85	Homo sapiens	2021-08-14	Qatar 	B.1.617.2	EPI_ISL_5473978
85	Homo sapiens	2021-08-14	Qatar 	B.1.617.2	EPI_ISL_5473993
85	Homo sapiens	2021-08-13	Qatar 	AY.112	EPI_ISL_5473757
85	Homo sapiens	2021-08-13	Qatar 	AY.4	EPI_ISL_5473786
85	Homo sapiens	2021-08-13	Qatar 	AY.46	EPI_ISL_5473802
85	Homo sapiens	2021-08-13	Qatar 	AY.39	EPI_ISL_5473825
85	Homo sapiens	2021-08-13	Qatar 	AY.104	EPI_ISL_5473845
85	Homo sapiens	2021-08-13	Qatar 	AY.112	EPI_ISL_5473854
85	Homo sapiens	2021-08-12	Qatar 	AY.112	EPI_ISL_5473648
85	Homo sapiens	2021-08-12	Qatar 	AY.122	EPI_ISL_5473664
85	Homo sapiens	2021-08-12	Qatar 	AY.108	EPI_ISL_5473678
85	Homo sapiens	2021-08-12	Qatar 	AY.4.6	EPI_ISL_5473717
85	Homo sapiens	2021-08-11	Qatar 	B.1.617.2	EPI_ISL_5473545
85	Homo sapiens	2021-08-11	Qatar 	B.1.617.2	EPI_ISL_5473625
89	Homo sapiens	2021-09-06	Qatar 	AY.106	EPI_ISL_5852639
86	Homo sapiens	2021-08-20	Qatar 	B.1.617.2	EPI_ISL_5852508
85	Homo sapiens	2021-08-13	Qatar 	AY.122	EPI_ISL_5852715
89	Homo sapiens	2021-09-06	Qatar 	AY.106	EPI_ISL_6125523
87	Homo sapiens	2021-08-29	Qatar 	AY.75	EPI_ISL_6132579
87	Homo sapiens	2021-08-28	Qatar 	AY.33	EPI_ISL_6132568
87	Homo sapiens	2021-08-28	Qatar 	AY.100	EPI_ISL_6132576
87	Homo sapiens	2021-08-27	Qatar 	B.1.617.2	EPI_ISL_6132560
87	Homo sapiens	2021-08-27	Qatar 	B.1.617.2	EPI_ISL_6132561
87	Homo sapiens	2021-08-27	Qatar 	B.1.617.2	EPI_ISL_6132562
87	Homo sapiens	2021-08-27	Qatar 	B.1.617.2	EPI_ISL_6132563
87	Homo sapiens	2021-08-27	Qatar 	AY.33	EPI_ISL_6132565
87	Homo sapiens	2021-08-26	Qatar 	B.1.617.2	EPI_ISL_6132548
87	Homo sapiens	2021-08-26	Qatar 	AY.120	EPI_ISL_6132551
87	Homo sapiens	2021-08-26	Qatar 	B.1.617.2	EPI_ISL_6132552
87	Homo sapiens	2021-08-25	Qatar 	B.1.617.2	EPI_ISL_6132542
87	Homo sapiens	2021-08-25	Qatar 	B.1.617.2	EPI_ISL_6132543
87	Homo sapiens	2021-08-25	Qatar 	B.1.617.2	EPI_ISL_6132545
87	Homo sapiens	2021-08-25	Qatar 	AY.108	EPI_ISL_6132546
87	Homo sapiens	2021-08-25	Qatar 	B.1.617.2	EPI_ISL_6132547
87	Homo sapiens	2021-08-24	Qatar 	AY.33	EPI_ISL_6132533
87	Homo sapiens	2021-08-23	Qatar 	AY.127	EPI_ISL_6132508
87	Homo sapiens	2021-08-23	Qatar 	B.1.617.2	EPI_ISL_6132512
87	Homo sapiens	2021-08-23	Qatar 	AY.104	EPI_ISL_6132513
87	Homo sapiens	2021-08-23	Qatar 	B.1.617.2	EPI_ISL_6132525
87	Homo sapiens	2021-08-23	Qatar 	B.1.617.2	EPI_ISL_6132526
87	Homo sapiens	2021-08-23	Qatar 	B.1.617.2	EPI_ISL_6132527
86	Homo sapiens	2021-08-22	Qatar 	B.1.617.2	EPI_ISL_6132488
86	Homo sapiens	2021-08-22	Qatar 	AY.121	EPI_ISL_6132489
86	Homo sapiens	2021-08-22	Qatar 	AY.78	EPI_ISL_6132493
86	Homo sapiens	2021-08-22	Qatar 	AY.46.4	EPI_ISL_6132494
86	Homo sapiens	2021-08-22	Qatar 	B.1.617.2	EPI_ISL_6132497
86	Homo sapiens	2021-08-22	Qatar 	AY.39	EPI_ISL_6132498
86	Homo sapiens	2021-08-22	Qatar 	B.1.617.2	EPI_ISL_6132500
86	Homo sapiens	2021-08-22	Qatar 	B.1.617.2	EPI_ISL_6132501
86	Homo sapiens	2021-08-22	Qatar 	B.1.617.2	EPI_ISL_6132502
86	Homo sapiens	2021-08-22	Qatar 	AY.122	EPI_ISL_6132505
86	Homo sapiens	2021-08-21	Qatar 	B.1.617.2	EPI_ISL_6132470
86	Homo sapiens	2021-08-21	Qatar 	B.1.617.2	EPI_ISL_6132471
86	Homo sapiens	2021-08-21	Qatar 	AY.46.4	EPI_ISL_6132474
86	Homo sapiens	2021-08-21	Qatar 	B.1.617.2	EPI_ISL_6132476
86	Homo sapiens	2021-08-21	Qatar 	AY.127	EPI_ISL_6132481
86	Homo sapiens	2021-08-21	Qatar 	AY.127	EPI_ISL_6132482
86	Homo sapiens	2021-08-21	Qatar 	B.1.617.2	EPI_ISL_6132484
86	Homo sapiens	2021-08-21	Qatar 	B.1.617.2	EPI_ISL_6132487
86	Homo sapiens	2021-08-20	Qatar 	B.1.617.2	EPI_ISL_6125422
86	Homo sapiens	2021-08-20	Qatar 	B.1.617.2	EPI_ISL_6132454
86	Homo sapiens	2021-08-20	Qatar 	AY.25	EPI_ISL_6132455
86	Homo sapiens	2021-08-20	Qatar 	AY.121	EPI_ISL_6132457
86	Homo sapiens	2021-08-20	Qatar 	B.1.617.2	EPI_ISL_6132465
86	Homo sapiens	2021-08-20	Qatar 	B.1.617.2	EPI_ISL_6132466
86	Homo sapiens	2021-08-20	Qatar 	AY.120	EPI_ISL_6132467
86	Homo sapiens	2021-08-20	Qatar 	B.1.617.2	EPI_ISL_6132469
86	Homo sapiens	2021-08-19	Qatar 	AY.121	EPI_ISL_6132436
86	Homo sapiens	2021-08-19	Qatar 	B.1.617.2	EPI_ISL_6132437
86	Homo sapiens	2021-08-19	Qatar 	B.1.617.2	EPI_ISL_6132439
86	Homo sapiens	2021-08-19	Qatar 	AY.121	EPI_ISL_6132440
86	Homo sapiens	2021-08-19	Qatar 	AY.120	EPI_ISL_6132441
86	Homo sapiens	2021-08-19	Qatar 	B.1.617.2	EPI_ISL_6132443
86	Homo sapiens	2021-08-19	Qatar 	AY.4	EPI_ISL_6132445
86	Homo sapiens	2021-08-19	Qatar 	B.1.617.2	EPI_ISL_6132447
86	Homo sapiens	2021-08-19	Qatar 	B.1.617.2	EPI_ISL_6132448
86	Homo sapiens	2021-08-19	Qatar 	AY.107	EPI_ISL_6132449
86	Homo sapiens	2021-08-19	Qatar 	B.1.617.2	EPI_ISL_6132451
86	Homo sapiens	2021-08-18	Qatar 	B.1.617.2	EPI_ISL_6132424
86	Homo sapiens	2021-08-18	Qatar 	B.1.617.2	EPI_ISL_6132426
86	Homo sapiens	2021-08-18	Qatar 	AY.25	EPI_ISL_6132427
86	Homo sapiens	2021-08-18	Qatar 	AY.122	EPI_ISL_6132429
86	Homo sapiens	2021-08-18	Qatar 	AY.39	EPI_ISL_6132431
86	Homo sapiens	2021-08-17	Qatar 	AY.120	EPI_ISL_6132383
86	Homo sapiens	2021-08-17	Qatar 	AY.120	EPI_ISL_6132394
86	Homo sapiens	2021-08-17	Qatar 	B.1.617.2	EPI_ISL_6132396
86	Homo sapiens	2021-08-17	Qatar 	B.1.617.2	EPI_ISL_6132397
86	Homo sapiens	2021-08-16	Qatar 	AY.127	EPI_ISL_6132362
86	Homo sapiens	2021-08-16	Qatar 	B.1.617.2	EPI_ISL_6132364
85	Homo sapiens	2021-08-15	Qatar 	AY.39	EPI_ISL_6132333
85	Homo sapiens	2021-08-15	Qatar 	AY.122	EPI_ISL_6132336
85	Homo sapiens	2021-08-15	Qatar 	B.1.617.2	EPI_ISL_6132338
85	Homo sapiens	2021-08-15	Qatar 	B.1.617.2	EPI_ISL_6132341
85	Homo sapiens	2021-08-15	Qatar 	AY.46	EPI_ISL_6132343
85	Homo sapiens	2021-08-15	Qatar 	B.1.617.2	EPI_ISL_6132344
85	Homo sapiens	2021-08-14	Qatar 	AY.127	EPI_ISL_6132317
85	Homo sapiens	2021-08-14	Qatar 	AY.20	EPI_ISL_6132318
85	Homo sapiens	2021-08-14	Qatar 	AY.127	EPI_ISL_6132321
85	Homo sapiens	2021-08-14	Qatar 	B.1.617.2	EPI_ISL_6132325
85	Homo sapiens	2021-08-14	Qatar 	B.1.617.2	EPI_ISL_6132327
85	Homo sapiens	2021-08-13	Qatar 	AY.122	EPI_ISL_6125578
85	Homo sapiens	2021-08-13	Qatar 	AY.112	EPI_ISL_6132293
85	Homo sapiens	2021-08-13	Qatar 	AY.4	EPI_ISL_6132298
85	Homo sapiens	2021-08-13	Qatar 	AY.46	EPI_ISL_6132301
85	Homo sapiens	2021-08-13	Qatar 	AY.39	EPI_ISL_6132304
85	Homo sapiens	2021-08-13	Qatar 	AY.104	EPI_ISL_6132307
85	Homo sapiens	2021-08-13	Qatar 	AY.112	EPI_ISL_6132309
85	Homo sapiens	2021-08-12	Qatar 	AY.112	EPI_ISL_6132275
85	Homo sapiens	2021-08-12	Qatar 	AY.122	EPI_ISL_6132277
85	Homo sapiens	2021-08-12	Qatar 	AY.108	EPI_ISL_6132279
85	Homo sapiens	2021-08-12	Qatar 	AY.4.6	EPI_ISL_6132287
85	Homo sapiens	2021-08-11	Qatar 	B.1.617.2	EPI_ISL_6132262
85	Homo sapiens	2021-08-11	Qatar 	B.1.617.2	EPI_ISL_6132272
97	Homo sapiens	2021-11-04	Qatar 	AY.127.2	EPI_ISL_7167088
96	Homo sapiens	2021-10-29	Qatar 	AY.121	EPI_ISL_7167073
96	Homo sapiens	2021-10-29	Qatar 	AY.127.2	EPI_ISL_7167074
96	Homo sapiens	2021-10-28	Qatar 	AY.127.2	EPI_ISL_7167070
96	Homo sapiens	2021-10-27	Qatar 	B.1.617.2	EPI_ISL_7167064
96	Homo sapiens	2021-10-27	Qatar 	AY.43	EPI_ISL_7167066
95	Homo sapiens	2021-10-24	Qatar 	B.1.617.2	EPI_ISL_7167055
95	Homo sapiens	2021-10-22	Qatar 	AY.121	EPI_ISL_7167041
95	Homo sapiens	2021-10-22	Qatar 	B.1.617.2	EPI_ISL_7167042
95	Homo sapiens	2021-10-22	Qatar 	AY.121	EPI_ISL_7167043
95	Homo sapiens	2021-10-19	Qatar 	B.1.617.2	EPI_ISL_7167030
94	Homo sapiens	2021-10-11	Qatar 	B.1.617.2	EPI_ISL_7167019
93	Homo sapiens	2021-10-09	Qatar 	AY.122	EPI_ISL_7167017
93	Homo sapiens	2021-10-09	Qatar 	AY.122	EPI_ISL_7167018
93	Homo sapiens	2021-10-07	Qatar 	B.1.617.2	EPI_ISL_7167016
92	Homo sapiens	2021-10-03	Qatar 	AY.65	EPI_ISL_7167011
92	Homo sapiens	2021-10-02	Qatar 	AY.122	EPI_ISL_7167010
92	Homo sapiens	2021-10-01	Qatar 	B.1.617.2	EPI_ISL_7167008
92	Homo sapiens	2021-09-30	Qatar 	AY.112	EPI_ISL_7167003
92	Homo sapiens	2021-09-28	Qatar 	AY.112.2	EPI_ISL_7166996
91	Homo sapiens	2021-09-26	Qatar 	B.1.617.2	EPI_ISL_7166988
91	Homo sapiens	2021-09-25	Qatar 	B.1.617.2	EPI_ISL_7166985
91	Homo sapiens	2021-09-25	Qatar 	AY.122	EPI_ISL_7166986
91	Homo sapiens	2021-09-24	Qatar 	B.1.617.2	EPI_ISL_7166977
91	Homo sapiens	2021-09-24	Qatar 	AY.122	EPI_ISL_7166978
91	Homo sapiens	2021-09-24	Qatar 	AY.122	EPI_ISL_7166979
91	Homo sapiens	2021-09-24	Qatar 	AY.120	EPI_ISL_7166980
91	Homo sapiens	2021-09-23	Qatar 	B.1.617.2	EPI_ISL_7166974
91	Homo sapiens	2021-09-23	Qatar 	B.1.617.2	EPI_ISL_7166976
91	Homo sapiens	2021-09-22	Qatar 	B.1.617.2	EPI_ISL_7166972
91	Homo sapiens	2021-09-21	Qatar 	AY.75	EPI_ISL_7166961
91	Homo sapiens	2021-09-21	Qatar 	AY.107	EPI_ISL_7166962
91	Homo sapiens	2021-09-21	Qatar 	B.1.617.2	EPI_ISL_7166966
91	Homo sapiens	2021-09-21	Qatar 	B.1.617.2	EPI_ISL_7166967
91	Homo sapiens	2021-09-21	Qatar 	AY.106	EPI_ISL_7166968
91	Homo sapiens	2021-09-21	Qatar 	AY.112	EPI_ISL_7166970
91	Homo sapiens	2021-09-20	Qatar 	B.1.617.2	EPI_ISL_7166953
91	Homo sapiens	2021-09-20	Qatar 	B.1.617.2	EPI_ISL_7166957
90	Homo sapiens	2021-09-19	Qatar 	B.1.617.2	EPI_ISL_7166949
90	Homo sapiens	2021-09-19	Qatar 	B.1.617.2	EPI_ISL_7166950
90	Homo sapiens	2021-09-17	Qatar 	B.1.617.2	EPI_ISL_7166940
90	Homo sapiens	2021-09-17	Qatar 	AY.106	EPI_ISL_7166941
90	Homo sapiens	2021-09-17	Qatar 	AY.121	EPI_ISL_7166943
100	Homo sapiens	2021-11-27	Qatar 	AY.127.2	EPI_ISL_7660079
100	Homo sapiens	2021-11-26	Qatar 	B.1.617.2	EPI_ISL_7660074
100	Homo sapiens	2021-11-26	Qatar 	AY.127.2	EPI_ISL_7660076
100	Homo sapiens	2021-11-26	Qatar 	AY.127.2	EPI_ISL_7660077
100	Homo sapiens	2021-11-26	Qatar 	AY.106	EPI_ISL_7660075
100	Homo sapiens	2021-11-25	Qatar 	AY.4	EPI_ISL_7659633
100	Homo sapiens	2021-11-25	Qatar 	AY.121	EPI_ISL_7660071
100	Homo sapiens	2021-11-25	Qatar 	AY.127.2	EPI_ISL_7660073
100	Homo sapiens	2021-11-25	Qatar 	B.1.617.2	EPI_ISL_7660072
100	Homo sapiens	2021-11-25	Qatar 	AY.4	EPI_ISL_7660026
100	Homo sapiens	2021-11-25	Qatar 	AY.127	EPI_ISL_7660015
100	Homo sapiens	2021-11-25	Qatar 	B.1.617.2	EPI_ISL_7660025
100	Homo sapiens	2021-11-24	Qatar 	AY.106	EPI_ISL_7659630
100	Homo sapiens	2021-11-24	Qatar 	AY.106	EPI_ISL_7659993
100	Homo sapiens	2021-11-24	Qatar 	AY.127.2	EPI_ISL_7659995
100	Homo sapiens	2021-11-23	Qatar 	AY.127.2	EPI_ISL_7659627
100	Homo sapiens	2021-11-23	Qatar 	AY.121	EPI_ISL_7659628
100	Homo sapiens	2021-11-23	Qatar 	AY.127.2	EPI_ISL_7659989
100	Homo sapiens	2021-11-23	Qatar 	B.1.617.2	EPI_ISL_7660019
100	Homo sapiens	2021-11-23	Qatar 	AY.112	EPI_ISL_7660020
100	Homo sapiens	2021-11-23	Qatar 	B.1.617.2	EPI_ISL_7660021
100	Homo sapiens	2021-11-23	Qatar 	B.1.617.2	EPI_ISL_7660022
100	Homo sapiens	2021-11-22	Qatar 	AY.127.2	EPI_ISL_7659624
100	Homo sapiens	2021-11-22	Qatar 	AY.127.2	EPI_ISL_7659625
100	Homo sapiens	2021-11-22	Qatar 	B.1.617.2	EPI_ISL_7660012
100	Homo sapiens	2021-11-22	Qatar 	B.1.617.2	EPI_ISL_7660006
99	Homo sapiens	2021-11-21	Qatar 	AY.127	EPI_ISL_7659622
99	Homo sapiens	2021-11-21	Qatar 	AY.106	EPI_ISL_7659634
99	Homo sapiens	2021-11-21	Qatar 	B.1.617.2	EPI_ISL_7660008
99	Homo sapiens	2021-11-21	Qatar 	B.1.617.2	EPI_ISL_7660009
99	Homo sapiens	2021-11-21	Qatar 	AY.112	EPI_ISL_7660011
99	Homo sapiens	2021-11-20	Qatar 	AY.43	EPI_ISL_7659619
99	Homo sapiens	2021-11-20	Qatar 	AY.121	EPI_ISL_7659620
99	Homo sapiens	2021-11-20	Qatar 	B.1.617.2	EPI_ISL_7659997
99	Homo sapiens	2021-11-19	Qatar 	B.1.617.2	EPI_ISL_7659618
99	Homo sapiens	2021-11-19	Qatar 	AY.106	EPI_ISL_7659986
99	Homo sapiens	2021-11-18	Qatar 	AY.34	EPI_ISL_7660083
99	Homo sapiens	2021-11-17	Qatar 	AY.121	EPI_ISL_7659615
99	Homo sapiens	2021-11-17	Qatar 	AY.127.2	EPI_ISL_7659616
99	Homo sapiens	2021-11-17	Qatar 	AY.127.2	EPI_ISL_7659985
99	Homo sapiens	2021-11-17	Qatar 	AY.121	EPI_ISL_7660070
99	Homo sapiens	2021-11-17	Qatar 	B.1.617.2	EPI_ISL_7660003
99	Homo sapiens	2021-11-16	Qatar 	AY.121	EPI_ISL_7659984
99	Homo sapiens	2021-11-16	Qatar 	AY.4	EPI_ISL_7660084
99	Homo sapiens	2021-11-16	Qatar 	AY.127.2	EPI_ISL_7660069
99	Homo sapiens	2021-11-16	Qatar 	AY.112	EPI_ISL_7660001
99	Homo sapiens	2021-11-16	Qatar 	AY.121	EPI_ISL_7660002
99	Homo sapiens	2021-11-15	Qatar 	AY.43	EPI_ISL_7660068
99	Homo sapiens	2021-11-15	Qatar 	B.1.617.2	EPI_ISL_7660000
98	Homo sapiens	2021-11-14	Qatar 	B.1.617.2	EPI_ISL_7659610
98	Homo sapiens	2021-11-14	Qatar 	AY.127.2	EPI_ISL_7659611
98	Homo sapiens	2021-11-14	Qatar 	AY.127.2	EPI_ISL_7659638
98	Homo sapiens	2021-11-14	Qatar 	AY.32	EPI_ISL_7659999
98	Homo sapiens	2021-11-13	Qatar 	AY.127.2	EPI_ISL_7659608
98	Homo sapiens	2021-11-13	Qatar 	AY.127	EPI_ISL_7659609
98	Homo sapiens	2021-11-13	Qatar 	AY.43	EPI_ISL_7660066
98	Homo sapiens	2021-11-13	Qatar 	AY.102	EPI_ISL_7660067
98	Homo sapiens	2021-11-13	Qatar 	AY.121	EPI_ISL_7659996
98	Homo sapiens	2021-11-12	Qatar 	AY.127.2	EPI_ISL_7660064
98	Homo sapiens	2021-11-12	Qatar 	AY.43	EPI_ISL_7660065
98	Homo sapiens	2021-11-11	Qatar 	AY.127.2	EPI_ISL_7660060
98	Homo sapiens	2021-11-10	Qatar 	AY.127.2	EPI_ISL_7660052
98	Homo sapiens	2021-11-10	Qatar 	AY.121	EPI_ISL_7660056
98	Homo sapiens	2021-11-10	Qatar 	AY.121	EPI_ISL_7660054
98	Homo sapiens	2021-11-09	Qatar 	AY.127.2	EPI_ISL_7660045
98	Homo sapiens	2021-11-09	Qatar 	B.1.617.2	EPI_ISL_7660046
98	Homo sapiens	2021-11-09	Qatar 	AY.43	EPI_ISL_7660047
98	Homo sapiens	2021-11-09	Qatar 	AY.121	EPI_ISL_7660048
98	Homo sapiens	2021-11-09	Qatar 	AY.121	EPI_ISL_7660049
98	Homo sapiens	2021-11-09	Qatar 	AY.127.2	EPI_ISL_7660051
98	Homo sapiens	2021-11-09	Qatar 	AY.127.2	EPI_ISL_7660050
98	Homo sapiens	2021-11-08	Qatar 	B.1.617.2	EPI_ISL_7660082
98	Homo sapiens	2021-11-08	Qatar 	AY.127	EPI_ISL_7660041
97	Homo sapiens	2021-11-07	Qatar 	B.1.617.2	EPI_ISL_7660038
97	Homo sapiens	2021-11-05	Qatar 	AY.121	EPI_ISL_7660035
97	Homo sapiens	2021-11-04	Qatar 	B.1.617.2	EPI_ISL_7660031
97	Homo sapiens	2021-11-04	Qatar 	AY.121	EPI_ISL_7660033
97	Homo sapiens	2021-11-04	Qatar 	AY.127.2	EPI_ISL_7660034
97	Homo sapiens	2021-11-03	Qatar 	B.1.617.2	EPI_ISL_7660029
97	Homo sapiens	2021-11-03	Qatar 	B.1.617.2	EPI_ISL_7660030
105	Homo sapiens	2021-12-31	Qatar 	BA.2.1	EPI_ISL_9028478
105	Homo sapiens	2021-12-31	Qatar 	BA.2	EPI_ISL_9028480
105	Homo sapiens	2021-12-31	Qatar 	BA.2	EPI_ISL_9028481
105	Homo sapiens	2021-12-29	Qatar 	BA.2	EPI_ISL_9028469
105	Homo sapiens	2021-12-29	Qatar 	BA.2	EPI_ISL_9028474
105	Homo sapiens	2021-12-29	Qatar 	BA.2	EPI_ISL_9028475
105	Homo sapiens	2021-12-29	Qatar 	B.1.1.529	EPI_ISL_9028476
105	Homo sapiens	2021-12-29	Qatar 	BA.2	EPI_ISL_9028470
105	Homo sapiens	2021-12-29	Qatar 	BA.2	EPI_ISL_9028471
105	Homo sapiens	2021-12-29	Qatar 	BA.2	EPI_ISL_9028472
105	Homo sapiens	2021-12-29	Qatar 	BA.2	EPI_ISL_9028473
105	Homo sapiens	2021-12-28	Qatar 	BA.2	EPI_ISL_9028468
105	Homo sapiens	2021-12-28	Qatar 	B.1.617.2	EPI_ISL_9028450
105	Homo sapiens	2021-12-28	Qatar 	BA.2	EPI_ISL_9028466
105	Homo sapiens	2021-12-28	Qatar 	BA.2	EPI_ISL_9028485
105	Homo sapiens	2021-12-28	Qatar 	BA.2	EPI_ISL_9028483
105	Homo sapiens	2021-12-28	Qatar 	BA.2	EPI_ISL_9028484
105	Homo sapiens	2021-12-27	Qatar 	BA.2	EPI_ISL_9028465
105	Homo sapiens	2021-12-27	Qatar 	BA.2	EPI_ISL_9028493
105	Homo sapiens	2021-12-27	Qatar 	BA.1	EPI_ISL_9028531
104	Homo sapiens	2021-12-26	Qatar 	BA.2	EPI_ISL_9028464
104	Homo sapiens	2021-12-26	Qatar 	BA.2	EPI_ISL_9028477
104	Homo sapiens	2021-12-26	Qatar 	BA.2	EPI_ISL_9028486
104	Homo sapiens	2021-12-26	Qatar 	BA.2	EPI_ISL_9028487
104	Homo sapiens	2021-12-26	Qatar 	BA.2	EPI_ISL_9028488
104	Homo sapiens	2021-12-26	Qatar 	BA.2	EPI_ISL_9028489
104	Homo sapiens	2021-12-26	Qatar 	BA.2	EPI_ISL_9028490
104	Homo sapiens	2021-12-26	Qatar 	BA.2	EPI_ISL_9028491
104	Homo sapiens	2021-12-26	Qatar 	BA.2	EPI_ISL_9028492
104	Homo sapiens	2021-12-24	Qatar 	BA.1.15	EPI_ISL_9028550
104	Homo sapiens	2021-12-24	Qatar 	AY.127.2	EPI_ISL_9028449
104	Homo sapiens	2021-12-23	Qatar 	BA.2	EPI_ISL_9028454
104	Homo sapiens	2021-12-23	Qatar 	AY.127.2	EPI_ISL_9028448
104	Homo sapiens	2021-12-23	Qatar 	BA.2	EPI_ISL_9028456
104	Homo sapiens	2021-12-22	Qatar 	AY.121	EPI_ISL_9028504
104	Homo sapiens	2021-12-22	Qatar 	AY.127.2	EPI_ISL_9028447
104	Homo sapiens	2021-12-22	Qatar 	BA.1.18	EPI_ISL_9028551
104	Homo sapiens	2021-12-21	Qatar 	AY.127.2	EPI_ISL_9028446
104	Homo sapiens	2021-12-21	Qatar 	BA.1	EPI_ISL_9028519
103	Homo sapiens	2021-12-19	Qatar 	BA.2	EPI_ISL_9028453
103	Homo sapiens	2021-12-18	Qatar 	AY.127.2	EPI_ISL_9028445
103	Homo sapiens	2021-12-18	Qatar 	AY.127.2	EPI_ISL_9028503
103	Homo sapiens	2021-12-16	Qatar 	AY.120	EPI_ISL_9028502
103	Homo sapiens	2021-12-15	Qatar 	AY.127.2	EPI_ISL_9028435
103	Homo sapiens	2021-12-15	Qatar 	AY.106	EPI_ISL_9028436
103	Homo sapiens	2021-12-15	Qatar 	AY.106	EPI_ISL_9028437
103	Homo sapiens	2021-12-15	Qatar 	AY.106	EPI_ISL_9028438
103	Homo sapiens	2021-12-15	Qatar 	AY.104	EPI_ISL_9028439
103	Homo sapiens	2021-12-14	Qatar 	BA.1.1	EPI_ISL_9028546
103	Homo sapiens	2021-12-14	Qatar 	AY.127.2	EPI_ISL_9028431
103	Homo sapiens	2021-12-14	Qatar 	AY.121	EPI_ISL_9028432
103	Homo sapiens	2021-12-14	Qatar 	AY.121	EPI_ISL_9028433
103	Homo sapiens	2021-12-14	Qatar 	AY.4.2.3	EPI_ISL_9028444
103	Homo sapiens	2021-12-13	Qatar 	AY.127.2	EPI_ISL_9028426
103	Homo sapiens	2021-12-13	Qatar 	AY.127.2	EPI_ISL_9028427
103	Homo sapiens	2021-12-13	Qatar 	AY.127.2	EPI_ISL_9028428
103	Homo sapiens	2021-12-13	Qatar 	AY.127.2	EPI_ISL_9028500
103	Homo sapiens	2021-12-13	Qatar 	AY.106	EPI_ISL_9028429
103	Homo sapiens	2021-12-13	Qatar 	B.1.617.2	EPI_ISL_9028501
103	Homo sapiens	2021-12-13	Qatar 	BA.1	EPI_ISL_9028548
103	Homo sapiens	2021-12-13	Qatar 	AY.127.2	EPI_ISL_9028443
102	Homo sapiens	2021-12-12	Qatar 	AY.121	EPI_ISL_9028420
102	Homo sapiens	2021-12-12	Qatar 	AY.127.2	EPI_ISL_9028421
102	Homo sapiens	2021-12-12	Qatar 	AY.127.2	EPI_ISL_9028422
102	Homo sapiens	2021-12-12	Qatar 	AY.121	EPI_ISL_9028423
102	Homo sapiens	2021-12-12	Qatar 	AY.121	EPI_ISL_9028424
102	Homo sapiens	2021-12-12	Qatar 	AY.4	EPI_ISL_9028425
102	Homo sapiens	2021-12-12	Qatar 	AY.127.2	EPI_ISL_9028452
102	Homo sapiens	2021-12-11	Qatar 	B.1.617.2	EPI_ISL_9028392
102	Homo sapiens	2021-12-11	Qatar 	BA.1	EPI_ISL_9028545
102	Homo sapiens	2021-12-11	Qatar 	AY.127.2	EPI_ISL_9028393
102	Homo sapiens	2021-12-11	Qatar 	AY.127.2	EPI_ISL_9028394
102	Homo sapiens	2021-12-11	Qatar 	AY.121	EPI_ISL_9028499
102	Homo sapiens	2021-12-11	Qatar 	AY.127.2	EPI_ISL_9028418
102	Homo sapiens	2021-12-11	Qatar 	AY.127.2	EPI_ISL_9028416
102	Homo sapiens	2021-12-11	Qatar 	B.1.640.1	EPI_ISL_9028625
102	Homo sapiens	2021-12-11	Qatar 	AY.127.2	EPI_ISL_9028417
102	Homo sapiens	2021-12-11	Qatar 	AY.106	EPI_ISL_9028442
102	Homo sapiens	2021-12-10	Qatar 	AY.43	EPI_ISL_9028495
102	Homo sapiens	2021-12-10	Qatar 	AY.127.2	EPI_ISL_9028387
102	Homo sapiens	2021-12-10	Qatar 	AY.4	EPI_ISL_9028388
102	Homo sapiens	2021-12-10	Qatar 	AY.127.2	EPI_ISL_9028389
102	Homo sapiens	2021-12-10	Qatar 	B.1.617.2	EPI_ISL_9028624
102	Homo sapiens	2021-12-10	Qatar 	AY.127.2	EPI_ISL_9028390
102	Homo sapiens	2021-12-10	Qatar 	AY.127.2	EPI_ISL_9028391
102	Homo sapiens	2021-12-10	Qatar 	AY.127.2	EPI_ISL_9028408
102	Homo sapiens	2021-12-10	Qatar 	AY.127.2	EPI_ISL_9028409
102	Homo sapiens	2021-12-10	Qatar 	B.1.1.529	EPI_ISL_9028542
102	Homo sapiens	2021-12-10	Qatar 	AY.121	EPI_ISL_9028407
102	Homo sapiens	2021-12-10	Qatar 	AY.127.2	EPI_ISL_9028410
102	Homo sapiens	2021-12-10	Qatar 	AY.127.2	EPI_ISL_9028411
102	Homo sapiens	2021-12-10	Qatar 	AY.106	EPI_ISL_9028412
102	Homo sapiens	2021-12-10	Qatar 	AY.121	EPI_ISL_9028413
102	Homo sapiens	2021-12-10	Qatar 	AY.4	EPI_ISL_9028414
102	Homo sapiens	2021-12-10	Qatar 	AY.4	EPI_ISL_9028398
102	Homo sapiens	2021-12-10	Qatar 	B.1.617.2	EPI_ISL_9028441
102	Homo sapiens	2021-12-09	Qatar 	AY.127.2	EPI_ISL_9028368
102	Homo sapiens	2021-12-09	Qatar 	AY.127.2	EPI_ISL_9028382
102	Homo sapiens	2021-12-09	Qatar 	AY.127.2	EPI_ISL_9028383
102	Homo sapiens	2021-12-09	Qatar 	AY.127.2	EPI_ISL_9028384
102	Homo sapiens	2021-12-09	Qatar 	AY.127.2	EPI_ISL_9028385
102	Homo sapiens	2021-12-09	Qatar 	AY.127.2	EPI_ISL_9028386
102	Homo sapiens	2021-12-09	Qatar 	B.1.617.2	EPI_ISL_9028396
102	Homo sapiens	2021-12-08	Qatar 	BA.1.1	EPI_ISL_9028543
102	Homo sapiens	2021-12-08	Qatar 	BA.1.1.14	EPI_ISL_9028544
102	Homo sapiens	2021-12-08	Qatar 	AY.127.2	EPI_ISL_9028380
102	Homo sapiens	2021-12-08	Qatar 	AY.127.2	EPI_ISL_9028381
102	Homo sapiens	2021-12-08	Qatar 	B.1.617.2	EPI_ISL_9028395
102	Homo sapiens	2021-12-07	Qatar 	AY.127.2	EPI_ISL_9028375
102	Homo sapiens	2021-12-07	Qatar 	AY.106	EPI_ISL_9028377
102	Homo sapiens	2021-12-07	Qatar 	AY.106	EPI_ISL_9028378
102	Homo sapiens	2021-12-07	Qatar 	AY.127.2	EPI_ISL_9028379
102	Homo sapiens	2021-12-07	Qatar 	AY.46	EPI_ISL_9028498
102	Homo sapiens	2021-12-06	Qatar 	AY.127.2	EPI_ISL_9028371
102	Homo sapiens	2021-12-06	Qatar 	AY.127.2	EPI_ISL_9028372
102	Homo sapiens	2021-12-06	Qatar 	AY.127.2	EPI_ISL_9028373
102	Homo sapiens	2021-12-06	Qatar 	AY.127.2	EPI_ISL_9028374
102	Homo sapiens	2021-12-06	Qatar 	AY.127.2	EPI_ISL_9028496
102	Homo sapiens	2021-12-06	Qatar 	AY.127.2	EPI_ISL_9028405
102	Homo sapiens	2021-12-06	Qatar 	AY.127.2	EPI_ISL_9028406
102	Homo sapiens	2021-12-06	Qatar 	AY.127.2	EPI_ISL_9028404
102	Homo sapiens	2021-12-06	Qatar 	AY.122	EPI_ISL_9028370
102	Homo sapiens	2021-12-06	Qatar 	AY.121	EPI_ISL_9028497
101	Homo sapiens	2021-12-05	Qatar 	AY.121	EPI_ISL_9028366
101	Homo sapiens	2021-12-05	Qatar 	AY.121	EPI_ISL_9028494
101	Homo sapiens	2021-12-05	Qatar 	AY.121	EPI_ISL_9028367
101	Homo sapiens	2021-12-05	Qatar 	AY.121	EPI_ISL_9028369
101	Homo sapiens	2021-12-05	Qatar 	AY.39	EPI_ISL_9028401
101	Homo sapiens	2021-12-05	Qatar 	AY.127.2	EPI_ISL_9028402
101	Homo sapiens	2021-12-05	Qatar 	AY.121	EPI_ISL_9028403
101	Homo sapiens	2021-12-04	Qatar 	AY.121	EPI_ISL_9028451
101	Homo sapiens	2021-12-04	Qatar 	B.1.617.2	EPI_ISL_9028399
101	Homo sapiens	2021-12-04	Qatar 	AY.106	EPI_ISL_9028400
107	Homo sapiens	2022-01-10	Qatar 	BA.2	EPI_ISL_10008453
106	Homo sapiens	2022-01-03	Qatar 	BA.2	EPI_ISL_10008362
106	Homo sapiens	2022-01-03	Qatar 	BA.2	EPI_ISL_10008367
105	Homo sapiens	2022-01-01	Qatar 	BA.2	EPI_ISL_10008360
106	Homo sapiens	2022-01-03	Qatar 	BA.2	EPI_ISL_10008366
106	Homo sapiens	2022-01-03	Qatar 	BA.2	EPI_ISL_10008369
106	Homo sapiens	2022-01-03	Qatar 	BA.2	EPI_ISL_10008365
106	Homo sapiens	2022-01-04	Qatar 	BA.2	EPI_ISL_10008378
106	Homo sapiens	2022-01-03	Qatar 	BA.2	EPI_ISL_10008370
106	Homo sapiens	2022-01-05	Qatar 	BA.2	EPI_ISL_10008380
106	Homo sapiens	2022-01-05	Qatar 	BA.2	EPI_ISL_10008386
106	Homo sapiens	2022-01-05	Qatar 	BA.2	EPI_ISL_10008388
106	Homo sapiens	2022-01-05	Qatar 	AY.121	EPI_ISL_10008391
106	Homo sapiens	2022-01-05	Qatar 	BA.2	EPI_ISL_10008393
106	Homo sapiens	2022-01-05	Qatar 	BA.2	EPI_ISL_10008395
106	Homo sapiens	2022-01-08	Qatar 	BA.2	EPI_ISL_10008421
106	Homo sapiens	2022-01-09	Qatar 	BA.2	EPI_ISL_10008433
107	Homo sapiens	2022-01-10	Qatar 	BA.2	EPI_ISL_10008443
107	Homo sapiens	2022-01-10	Qatar 	BA.2	EPI_ISL_10008448
107	Homo sapiens	2022-01-11	Qatar 	BA.2	EPI_ISL_10008461
107	Homo sapiens	2022-01-11	Qatar 	B.1.1	EPI_ISL_10008465
107	Homo sapiens	2022-01-12	Qatar 	BA.2	EPI_ISL_10008467
107	Homo sapiens	2022-01-14	Qatar 	BA.2	EPI_ISL_10008480
107	Homo sapiens	2022-01-15	Qatar 	BA.2	EPI_ISL_10008481
108	Homo sapiens	2022-01-17	Qatar 	BA.2	EPI_ISL_10008503
106	Homo sapiens	2022-01-03	Qatar 	BA.2	EPI_ISL_10008368
107	Homo sapiens	2022-01-15	Qatar 	BA.2	EPI_ISL_10008483
107	Homo sapiens	2022-01-12	Qatar 	BA.2	EPI_ISL_10008476
107	Homo sapiens	2022-01-12	Qatar 	BA.2	EPI_ISL_10008474
106	Homo sapiens	2022-01-05	Qatar 	AY.127.2	EPI_ISL_10008389
106	Homo sapiens	2022-01-05	Qatar 	BA.2	EPI_ISL_10008387
106	Homo sapiens	2022-01-05	Qatar 	BA.2	EPI_ISL_10008385
106	Homo sapiens	2022-01-05	Qatar 	BA.2	EPI_ISL_10008381
106	Homo sapiens	2022-01-05	Qatar 	BA.2	EPI_ISL_10008379
106	Homo sapiens	2022-01-03	Qatar 	BA.2	EPI_ISL_10008374
106	Homo sapiens	2022-01-04	Qatar 	BA.2	EPI_ISL_10008376
106	Homo sapiens	2022-01-03	Qatar 	BA.2	EPI_ISL_10008371
107	Homo sapiens	2022-01-10	Qatar 	BA.2	EPI_ISL_10008446
107	Homo sapiens	2022-01-10	Qatar 	BA.2	EPI_ISL_10008442
106	Homo sapiens	2022-01-09	Qatar 	BA.2	EPI_ISL_10008439
106	Homo sapiens	2022-01-09	Qatar 	BA.2	EPI_ISL_10008429
106	Homo sapiens	2022-01-09	Qatar 	BA.2	EPI_ISL_10008430
106	Homo sapiens	2022-01-09	Qatar 	BA.2	EPI_ISL_10008432
106	Homo sapiens	2022-01-09	Qatar 	BA.2	EPI_ISL_10008431
107	Homo sapiens	2022-01-12	Qatar 	BA.2	EPI_ISL_10008469
107	Homo sapiens	2022-01-11	Qatar 	B.1	EPI_ISL_10008459
106	Homo sapiens	2022-01-07	Qatar 	BA.2	EPI_ISL_10008401
106	Homo sapiens	2022-01-07	Qatar 	BA.2	EPI_ISL_10008403
106	Homo sapiens	2022-01-06	Qatar 	BA.2	EPI_ISL_10008400
106	Homo sapiens	2022-01-07	Qatar 	BA.2	EPI_ISL_10008405
106	Homo sapiens	2022-01-07	Qatar 	BA.2	EPI_ISL_10008404
106	Homo sapiens	2022-01-07	Qatar 	BA.2	EPI_ISL_10008406
106	Homo sapiens	2022-01-08	Qatar 	BA.2	EPI_ISL_10008419
106	Homo sapiens	2022-01-07	Qatar 	BA.2	EPI_ISL_10008409
106	Homo sapiens	2022-01-08	Qatar 	BA.2	EPI_ISL_10008418
106	Homo sapiens	2022-01-05	Qatar 	BA.2	EPI_ISL_10008397
106	Homo sapiens	2022-01-09	Qatar 	BA.2	EPI_ISL_10008426
106	Homo sapiens	2022-01-08	Qatar 	BA.2	EPI_ISL_10008420
106	Homo sapiens	2022-01-09	Qatar 	BA.2	EPI_ISL_10008423
106	Homo sapiens	2022-01-05	Qatar 	BA.2.10	EPI_ISL_10008390
106	Homo sapiens	2022-01-07	Qatar 	BA.2	EPI_ISL_10008407
106	Homo sapiens	2022-01-08	Qatar 	BA.2	EPI_ISL_10008415
106	Homo sapiens	2022-01-08	Qatar 	BA.2	EPI_ISL_10008416
106	Homo sapiens	2022-01-07	Qatar 	BA.2	EPI_ISL_10008410
106	Homo sapiens	2022-01-05	Qatar 	BA.2	EPI_ISL_10008396
106	Homo sapiens	2022-01-05	Qatar 	BA.2	EPI_ISL_10008392
106	Homo sapiens	2022-01-05	Qatar 	BA.2	EPI_ISL_10008394
108	Homo sapiens	2022-01-18	Qatar 	BA.2	EPI_ISL_10008505
119	Homo sapiens	2022-04-08	Qatar 	BA.2	EPI_ISL_13560407
119	Homo sapiens	2022-04-10	Qatar 	BA.2.1	EPI_ISL_13560408
124	Homo sapiens	2022-05-12	Qatar 	BA.2.12.1	EPI_ISL_13560427
124	Homo sapiens	2022-05-13	Qatar 	BA.2.12.1	EPI_ISL_13560428
122	Homo sapiens	2022-05-01	Qatar 	BA.2	EPI_ISL_13560412
124	Homo sapiens	2022-05-09	Qatar 	BA.2.12.1	EPI_ISL_13560420
123	Homo sapiens	2022-05-05	Qatar 	BA.2	EPI_ISL_13560415
124	Homo sapiens	2022-05-10	Qatar 	BA.2.12.1	EPI_ISL_13560424
123	Homo sapiens	2022-05-05	Qatar 	BA.2.12.1	EPI_ISL_13560416
123	Homo sapiens	2022-05-07	Qatar 	BA.2.12.1	EPI_ISL_13560418
123	Homo sapiens	2022-05-05	Qatar 	BA.2	EPI_ISL_13560414
125	Homo sapiens	2022-05-17	Qatar 	BA.2.12.1	EPI_ISL_13560440
122	Homo sapiens	2022-04-29	Qatar 	BA.2.13	EPI_ISL_13560410
123	Homo sapiens	2022-05-03	Qatar 	BA.2.12.1	EPI_ISL_13560413
124	Homo sapiens	2022-05-14	Qatar 	BA.2.12.1	EPI_ISL_13560433
124	Homo sapiens	2022-05-14	Qatar 	BA.2.12.1	EPI_ISL_13560432
125	Homo sapiens	2022-05-16	Qatar 	BA.2	EPI_ISL_13560437
125	Homo sapiens	2022-05-17	Qatar 	BA.2.12.1	EPI_ISL_13560439
131	Homo sapiens	2022-06-27	Qatar 	BA.5.2	EPI_ISL_14207499
129	Homo sapiens	2022-06-16	Qatar 	BE.1	EPI_ISL_14207527
129	Homo sapiens	2022-06-14	Qatar 	BA.5.1	EPI_ISL_14207514
128	Homo sapiens	2022-06-12	Qatar 	BA.5.1	EPI_ISL_14207508
130	Homo sapiens	2022-06-26	Qatar 	BA.4	EPI_ISL_14207506
129	Homo sapiens	2022-06-13	Qatar 	BE.1	EPI_ISL_14207512
128	Homo sapiens	2022-06-12	Qatar 	BE.1	EPI_ISL_14207509
130	Homo sapiens	2022-06-26	Qatar 	BA.5.1	EPI_ISL_14207503
129	Homo sapiens	2022-06-13	Qatar 	BA.5.1	EPI_ISL_14207510
129	Homo sapiens	2022-06-13	Qatar 	BA.5.1	EPI_ISL_14207511
130	Homo sapiens	2022-06-20	Qatar 	BA.5.2	EPI_ISL_14207497
130	Homo sapiens	2022-06-20	Qatar 	BA.5.2	EPI_ISL_14207496
130	Homo sapiens	2022-06-20	Qatar 	BA.2.9	EPI_ISL_14207498
129	Homo sapiens	2022-06-17	Qatar 	BA.5.1	EPI_ISL_14207532
129	Homo sapiens	2022-06-16	Qatar 	BA.5.1	EPI_ISL_14207528
129	Homo sapiens	2022-06-16	Qatar 	BE.1	EPI_ISL_14207525
128	Homo sapiens	2022-06-12	Qatar 	BA.5.1	EPI_ISL_14207518
129	Homo sapiens	2022-06-16	Qatar 	BE.1	EPI_ISL_14207523
129	Homo sapiens	2022-06-16	Qatar 	BA.5.2	EPI_ISL_14207524
129	Homo sapiens	2022-06-15	Qatar 	BA.5.1	EPI_ISL_14207522
129	Homo sapiens	2022-06-14	Qatar 	BA.5.2	EPI_ISL_14207520
130	Homo sapiens	2022-06-26	Qatar 	BA.5.1.23	EPI_ISL_14207502
130	Homo sapiens	2022-06-26	Qatar 	BA.5.2	EPI_ISL_14207504
128	Homo sapiens	2022-06-07	Qatar 	BE.1	EPI_ISL_14401149
128	Homo sapiens	2022-06-11	Qatar 	BA.5.2	EPI_ISL_14401245
129	Homo sapiens	2022-06-14	Qatar 	BA.5.1	EPI_ISL_14401256
128	Homo sapiens	2022-06-06	Qatar 	BA.2.12.1	EPI_ISL_14401266
130	Homo sapiens	2022-06-26	Qatar 	BA.5.2	EPI_ISL_14401263
130	Homo sapiens	2022-06-26	Qatar 	BA.5.1	EPI_ISL_14401264
135	Homo sapiens	2022-07-26	Qatar 	BA.5.2.1	EPI_ISL_14401259
128	Homo sapiens	2022-06-11	Qatar 	BE.1	EPI_ISL_14401244
128	Homo sapiens	2022-06-09	Qatar 	BE.1	EPI_ISL_14401255
128	Homo sapiens	2022-06-11	Qatar 	BA.5.2	EPI_ISL_14401247
128	Homo sapiens	2022-06-11	Qatar 	BE.1	EPI_ISL_14401246
128	Homo sapiens	2022-06-08	Qatar 	BE.1	EPI_ISL_14401248
131	Homo sapiens	2022-06-28	Qatar 	BA.4.1	EPI_ISL_14401261
128	Homo sapiens	2022-06-09	Qatar 	BA.5.2	EPI_ISL_14401144
128	Homo sapiens	2022-06-09	Qatar 	BE.1	EPI_ISL_14401142
130	Homo sapiens	2022-06-26	Qatar 	BA.5.1.23	EPI_ISL_14401265
128	Homo sapiens	2022-06-10	Qatar 	BA.2.22	EPI_ISL_14401146
128	Homo sapiens	2022-06-10	Qatar 	BA.5.2	EPI_ISL_14401147
128	Homo sapiens	2022-06-06	Qatar 	BG.5	EPI_ISL_14401148
127	Homo sapiens	2022-06-01	Qatar 	BA.2.72	EPI_ISL_14576726
134	Homo sapiens	2022-07-23	Qatar 	BA.5.2	EPI_ISL_14576708
133	Homo sapiens	2022-07-12	Qatar 	BA.5.1.23	EPI_ISL_14576703
133	Homo sapiens	2022-07-17	Qatar 	BA.5.2	EPI_ISL_14576705
126	Homo sapiens	2022-05-23	Qatar 	BA.2.65	EPI_ISL_14576736
125	Homo sapiens	2022-05-21	Qatar 	BA.2.12.1	EPI_ISL_14576727
126	Homo sapiens	2022-05-26	Qatar 	BA.2.12.1	EPI_ISL_14576728
127	Homo sapiens	2022-05-31	Qatar 	BA.2.12.1	EPI_ISL_14576724
127	Homo sapiens	2022-05-30	Qatar 	BE.1	EPI_ISL_14576725
125	Homo sapiens	2022-05-21	Qatar 	BA.2.12.1	EPI_ISL_14576721
125	Homo sapiens	2022-05-22	Qatar 	BA.2.12.1	EPI_ISL_14576720
126	Homo sapiens	2022-05-26	Qatar 	BA.2.12.1	EPI_ISL_14576715
126	Homo sapiens	2022-05-26	Qatar 	BA.2.12.1	EPI_ISL_14576714
127	Homo sapiens	2022-06-01	Qatar 	BA.2.12.1	EPI_ISL_14576713
127	Homo sapiens	2022-05-30	Qatar 	BA.2.12.1	EPI_ISL_14576711
125	Homo sapiens	2022-05-22	Qatar 	BA.2.12.1	EPI_ISL_14576732
125	Homo sapiens	2022-05-22	Qatar 	BA.2.12.1	EPI_ISL_14576731
126	Homo sapiens	2022-05-27	Qatar 	BA.2.9	EPI_ISL_14576730
134	Homo sapiens	2022-07-20	Qatar 	BA.4.1	EPI_ISL_14576709
134	Homo sapiens	2022-07-22	Qatar 	BA.5.2	EPI_ISL_14576707
132	Homo sapiens	2022-07-10	Qatar 	BA.5.2	EPI_ISL_14576702
133	Homo sapiens	2022-07-17	Qatar 	BA.5.2	EPI_ISL_14576704
132	Homo sapiens	2022-07-10	Qatar 	BE.1	EPI_ISL_14576701
132	Homo sapiens	2022-07-10	Qatar 	BA.5.2	EPI_ISL_14576700
127	Homo sapiens	2022-05-31	Qatar 	BA.2.12.1	EPI_ISL_14576738
126	Homo sapiens	2022-05-26	Qatar 	BA.2	EPI_ISL_14576737
127	Homo sapiens	2022-06-04	Qatar 	BA.2.12.1	EPI_ISL_14576735
133	Homo sapiens	2022-07-16	Qatar 	BA.5.2	EPI_ISL_14583296
135	Homo sapiens	2022-07-27	Qatar 	BA.5.2	EPI_ISL_14660666
135	Homo sapiens	2022-07-26	Qatar 	BA.5.2	EPI_ISL_14660667
135	Homo sapiens	2022-07-30	Qatar 	BA.5.2	EPI_ISL_14775497
131	Homo sapiens	2022-07-03	Qatar 	BE.1	EPI_ISL_14775495
131	Homo sapiens	2022-07-03	Qatar 	BA.5.2.1	EPI_ISL_14775493
135	Homo sapiens	2022-07-30	Qatar 	BA.5.2	EPI_ISL_14775498
131	Homo sapiens	2022-07-03	Qatar 	BA.5.1	EPI_ISL_14775492
132	Homo sapiens	2022-07-04	Qatar 	BE.1	EPI_ISL_14775496
131	Homo sapiens	2022-07-03	Qatar 	BA.5.2.1	EPI_ISL_14775494
136	Homo sapiens	2022-08-01	Qatar 	BA.5.2	EPI_ISL_14890632
136	Homo sapiens	2022-08-04	Qatar 	BA.5.2.1	EPI_ISL_14890635
132	Homo sapiens	2022-07-05	Qatar 	BA.2.12.1	EPI_ISL_14890630
136	Homo sapiens	2022-08-01	Qatar 	BE.3	EPI_ISL_14890696
132	Homo sapiens	2022-07-05	Qatar 	BA.5.2.1	EPI_ISL_14890631
131	Homo sapiens	2022-07-03	Qatar 	BA.4.1	EPI_ISL_14890628
136	Homo sapiens	2022-08-04	Qatar 	BA.5.2	EPI_ISL_14890634
131	Homo sapiens	2022-07-03	Qatar 	BE.1	EPI_ISL_14890626
131	Homo sapiens	2022-07-03	Qatar 	BE.1	EPI_ISL_14890629
131	Homo sapiens	2022-07-03	Qatar 	BE.1	EPI_ISL_14890627
137	Homo sapiens	2022-08-08	Qatar 	BA.5.1	EPI_ISL_15141149
138	Homo sapiens	2022-08-19	Qatar 	BE.3	EPI_ISL_15141151
138	Homo sapiens	2022-08-18	Qatar 	BE.3	EPI_ISL_15141150
138	Homo sapiens	2022-08-19	Qatar 	BE.3	EPI_ISL_15141152
139	Homo sapiens	2022-08-22	Qatar 	BE.3	EPI_ISL_15165448
140	Homo sapiens	2022-09-01	Qatar 	BA.5.5	EPI_ISL_15165447
140	Homo sapiens	2022-08-31	Qatar 	CP.1	EPI_ISL_15173982
144	Homo sapiens	2022-09-29	Qatar 	BE.3	OP783419.1
142	Homo sapiens	2022-09-14	Qatar 	CP.1	OP783420.1
142	Homo sapiens	2022-09-14	Qatar 	BA.2.75.2	OP783421.1
141	Homo sapiens	2022-09-07	Qatar 	BE.3	OP783423.1
141	Homo sapiens	2022-09-07	Qatar 	BM.1	OP783424.1
141	Homo sapiens	2022-09-07	Qatar 	BE.3	OP783425.1
141	Homo sapiens	2022-09-07	Qatar 	CP.1	OP785685.1
145	Homo sapiens	2022-10-04	Qatar 	CP.1	OP910185.1
145	Homo sapiens	2022-10-04	Qatar 	BA.2.75.2	OP910186.1
145	Homo sapiens	2022-10-04	Qatar 	BM.1.1.3	OP910187.1
145	Homo sapiens	2022-10-04	Qatar 	BA.2.75.2	OP910189.1
145	Homo sapiens	2022-10-04	Qatar 	CP.1	OP910190.1
145	Homo sapiens	2022-10-04	Qatar 	BM.1.1.3	OP910191.1
145	Homo sapiens	2022-10-03	Qatar 	BA.2.75.2	OP910192.1
142	Homo sapiens	2022-09-14	Qatar 	BE.4	EPI_ISL_15922651
144	Homo sapiens	2022-09-27	Qatar 	BA.2.75.2	EPI_ISL_15922788
142	Homo sapiens	2022-09-15	Qatar 	BA.2.75.2	EPI_ISL_15922665
142	Homo sapiens	2022-09-15	Qatar 	BL.1	EPI_ISL_15922666
142	Homo sapiens	2022-09-13	Qatar 	BA.2.75.2	EPI_ISL_15922626
142	Homo sapiens	2022-09-12	Qatar 	BA.2.75	EPI_ISL_15922622
142	Homo sapiens	2022-09-14	Qatar 	BA.2.75.2	EPI_ISL_15922647
142	Homo sapiens	2022-09-13	Qatar 	BL.3	EPI_ISL_15922634
142	Homo sapiens	2022-09-13	Qatar 	BM.1	EPI_ISL_15922637
142	Homo sapiens	2022-09-13	Qatar 	BA.2.75.2	EPI_ISL_15922641
142	Homo sapiens	2022-09-12	Qatar 	BL.1	EPI_ISL_15922610
99	Homo sapiens	2021-11-19	Qatar 	B.1.617.2	EPI_ISL_15926912
102	Homo sapiens	2021-12-12	Qatar 	AY.127.2	EPI_ISL_15926959
102	Homo sapiens	2021-12-08	Qatar 	AY.127.2	EPI_ISL_15926957
102	Homo sapiens	2021-12-08	Qatar 	AY.127.2	EPI_ISL_15926958
102	Homo sapiens	2021-12-11	Qatar 	AY.44	EPI_ISL_15926960
144	Homo sapiens	2022-09-29	Qatar 	XBB	EPI_ISL_16022518
129	Homo sapiens	2022-06-17	Qatar 	BA.5.2.1	EPI_ISL_16076551
129	Homo sapiens	2022-06-15	Qatar 	BA.5.2.1	EPI_ISL_16076535
128	Homo sapiens	2022-06-11	Qatar 	BA.2.40.1	EPI_ISL_16076531
129	Homo sapiens	2022-06-16	Qatar 	BA.2.50	EPI_ISL_16076550
129	Homo sapiens	2022-06-15	Qatar 	BA.2	EPI_ISL_16076539
129	Homo sapiens	2022-06-18	Qatar 	BF.5	EPI_ISL_16076565
140	Homo sapiens	2022-09-02	Qatar 	BA.2.75.2	EPI_ISL_16077111
137	Homo sapiens	2022-08-08	Qatar 	BA.5.2.1	EPI_ISL_16077001
137	Homo sapiens	2022-08-08	Qatar 	BA.5.2.16	EPI_ISL_16077002
137	Homo sapiens	2022-08-09	Qatar 	BA.5.2.1	EPI_ISL_16076952
137	Homo sapiens	2022-08-08	Qatar 	BE.4	EPI_ISL_16077005
136	Homo sapiens	2022-08-05	Qatar 	BA.5.2.1	EPI_ISL_16076926
136	Homo sapiens	2022-08-03	Qatar 	BA.2.75	EPI_ISL_16076918
140	Homo sapiens	2022-09-02	Qatar 	BA.5.1.10	EPI_ISL_16077113
137	Homo sapiens	2022-08-13	Qatar 	BE.4	EPI_ISL_16077024
138	Homo sapiens	2022-08-16	Qatar 	BA.5.2	EPI_ISL_16077041
140	Homo sapiens	2022-08-30	Qatar 	CR.1	EPI_ISL_16077086
140	Homo sapiens	2022-08-31	Qatar 	BL.1	EPI_ISL_16077092
140	Homo sapiens	2022-08-30	Qatar 	BF.5	EPI_ISL_16077081
140	Homo sapiens	2022-08-31	Qatar 	BA.5.2	EPI_ISL_16077090
140	Homo sapiens	2022-09-01	Qatar 	BA.5.2	EPI_ISL_16077099
137	Homo sapiens	2022-08-08	Qatar 	BA.2.75	EPI_ISL_16077003
136	Homo sapiens	2022-08-07	Qatar 	BL.1	EPI_ISL_16076937
137	Homo sapiens	2022-08-08	Qatar 	BA.5.2.1	EPI_ISL_16076941
140	Homo sapiens	2022-09-04	Qatar 	BA.2.75.2	EPI_ISL_16077125
140	Homo sapiens	2022-09-01	Qatar 	BA.2.75.2	EPI_ISL_16077105
140	Homo sapiens	2022-09-01	Qatar 	BA.2.75.4	EPI_ISL_16077107
