73	Homo sapiens	2021-05-19	Republic of the Congo	B.1.620	EPI_ISL_2978220
72	Homo sapiens	2021-05-14	Republic of the Congo	B.1.214.2	EPI_ISL_2978188
72	Homo sapiens	2021-05-14	Republic of the Congo	B.1.1.7	EPI_ISL_2978199
23	Homo sapiens	2020-06-06	Republic of the Congo 	B.1	EPI_ISL_581490
26	Homo sapiens	2020-06-24	Republic of the Congo 	B.1	EPI_ISL_581491
49	Homo sapiens	2020-12-05	Republic of the Congo 	B.1.544	EPI_ISL_912353
50	Homo sapiens	2020-12-09	Republic of the Congo 	B.1.544	EPI_ISL_912356
50	Homo sapiens	2020-12-10	Republic of the Congo 	B.1.221	EPI_ISL_912357
51	Homo sapiens	2020-12-16	Republic of the Congo 	B.1	EPI_ISL_912362
52	Homo sapiens	2020-12-21	Republic of the Congo 	B.1	EPI_ISL_912366
52	Homo sapiens	2020-12-24	Republic of the Congo 	B.1	EPI_ISL_912372
54	Homo sapiens	2021-01-07	Republic of the Congo 	B.1.544	EPI_ISL_912387
54	Homo sapiens	2021-01-07	Republic of the Congo 	B.1.544	EPI_ISL_912388
54	Homo sapiens	2021-01-07	Republic of the Congo 	B.1.544	EPI_ISL_912389
61	Homo sapiens	2021-02-26	Republic of the Congo 	B.1.214.2	EPI_ISL_1654213
61	Homo sapiens	2021-02-26	Republic of the Congo 	B.1.214.1	EPI_ISL_1654216
62	Homo sapiens	2021-03-03	Republic of the Congo 	B.1.1.1	EPI_ISL_1654217
58	Homo sapiens	2021-02-05	Republic of the Congo 	B.1.214.2	EPI_ISL_1840862
59	Homo sapiens	2021-02-09	Republic of the Congo 	B.1.214.1	EPI_ISL_1840863
59	Homo sapiens	2021-02-09	Republic of the Congo 	A.23.1	EPI_ISL_1840864
58	Homo sapiens	2021-02-06	Republic of the Congo 	C.16	EPI_ISL_1840865
61	Homo sapiens	2021-02-25	Republic of the Congo 	B.1.214.1	EPI_ISL_1854755
57	Homo sapiens	2021-01-29	Republic of the Congo 	B.1	EPI_ISL_1854756
57	Homo sapiens	2021-01-30	Republic of the Congo 	B.1.214.2	EPI_ISL_1854757
59	Homo sapiens	2021-02-12	Republic of the Congo 	B.1.214.2	EPI_ISL_1854758
60	Homo sapiens	2021-02-17	Republic of the Congo 	B.1.214.1	EPI_ISL_1854759
57	Homo sapiens	2021-01-27	Republic of the Congo 	B.1.214.2	EPI_ISL_1854760
58	Homo sapiens	2021-02-01	Republic of the Congo 	B.1.214.2	EPI_ISL_1854761
58	Homo sapiens	2021-02-03	Republic of the Congo 	B.1.214.2	EPI_ISL_1854762
58	Homo sapiens	2021-02-06	Republic of the Congo 	B.1.214.2	EPI_ISL_1854763
59	Homo sapiens	2021-02-09	Republic of the Congo 	B.1.214.1	EPI_ISL_1854764
59	Homo sapiens	2021-02-08	Republic of the Congo 	B.1.214.2	EPI_ISL_1854765
59	Homo sapiens	2021-02-08	Republic of the Congo 	B.1.214.2	EPI_ISL_1854767
59	Homo sapiens	2021-02-09	Republic of the Congo 	B.1.214.2	EPI_ISL_1854768
59	Homo sapiens	2021-02-09	Republic of the Congo 	B.1.214.1	EPI_ISL_1854769
59	Homo sapiens	2021-02-10	Republic of the Congo 	B.1.214.2	EPI_ISL_1854770
59	Homo sapiens	2021-02-11	Republic of the Congo 	B.1.214.2	EPI_ISL_1854771
60	Homo sapiens	2021-02-15	Republic of the Congo 	B.1.214.2	EPI_ISL_1854773
60	Homo sapiens	2021-02-16	Republic of the Congo 	B.1.214.2	EPI_ISL_1854774
60	Homo sapiens	2021-02-16	Republic of the Congo 	B.1.214.2	EPI_ISL_1854775
60	Homo sapiens	2021-02-17	Republic of the Congo 	B.1.214.2	EPI_ISL_1854776
60	Homo sapiens	2021-02-17	Republic of the Congo 	B.1.214.2	EPI_ISL_1854777
60	Homo sapiens	2021-02-18	Republic of the Congo 	B.1.214.2	EPI_ISL_1854778
60	Homo sapiens	2021-02-19	Republic of the Congo 	B.1.214.2	EPI_ISL_1854780
60	Homo sapiens	2021-02-20	Republic of the Congo 	B.1.214.2	EPI_ISL_1854781
60	Homo sapiens	2021-02-20	Republic of the Congo 	B.1.214.2	EPI_ISL_1854782
61	Homo sapiens	2021-02-22	Republic of the Congo 	B.1.214.2	EPI_ISL_1854783
61	Homo sapiens	2021-02-22	Republic of the Congo 	B.1.214.2	EPI_ISL_1854784
61	Homo sapiens	2021-02-23	Republic of the Congo 	B.1.214.2	EPI_ISL_1854787
61	Homo sapiens	2021-02-25	Republic of the Congo 	B.1.214.2	EPI_ISL_1854788
61	Homo sapiens	2021-02-25	Republic of the Congo 	B.1.1.7	EPI_ISL_1854789
61	Homo sapiens	2021-02-25	Republic of the Congo 	B.1.214.1	EPI_ISL_1854790
61	Homo sapiens	2021-02-25	Republic of the Congo 	B.1.214.1	EPI_ISL_1854791
61	Homo sapiens	2021-02-25	Republic of the Congo 	B.1.214.2	EPI_ISL_1854792
61	Homo sapiens	2021-02-24	Republic of the Congo 	B.1.214.2	EPI_ISL_1854793
59	Homo sapiens	2021-02-12	Republic of the Congo 	B.1.214.2	EPI_ISL_1857279
56	Homo sapiens	2021-01-20	Republic of the Congo 	B.1.214.1	EPI_ISL_1857283
56	Homo sapiens	2021-01-21	Republic of the Congo 	B.1.214.1	EPI_ISL_1857285
57	Homo sapiens	2021-01-27	Republic of the Congo 	C.16	EPI_ISL_1857286
78	Homo sapiens	2021-06-26	Republic of the Congo 	B.1.1.7	EPI_ISL_2964949
78	Homo sapiens	2021-06-26	Republic of the Congo 	B.1.617.2	EPI_ISL_2964955
80	Homo sapiens	2021-07-07	Republic of the Congo 	B.1.617.2	EPI_ISL_3040129
79	Homo sapiens	2021-07-03	Republic of the Congo 	B.1.617.2	EPI_ISL_3040130
81	Homo sapiens	2021-07-15	Republic of the Congo 	B.1.617.2	EPI_ISL_3105891
69	Homo sapiens	2021-04-19	Republic of the Congo 	B.1.1.7	EPI_ISL_3342566
67	Homo sapiens	2021-04-06	Republic of the Congo 	B.1.1.7	EPI_ISL_3342567
87	Homo sapiens	2021-08-23	Republic of the Congo 	AY.122	EPI_ISL_4474513
86	Homo sapiens	2021-08-21	Republic of the Congo 	AY.122	EPI_ISL_4572263
86	Homo sapiens	2021-08-21	Republic of the Congo 	B.1.617.2	EPI_ISL_4574522
90	Homo sapiens	2021-09-15	Republic of the Congo 	AY.122	EPI_ISL_4724403
90	Homo sapiens	2021-09-14	Republic of the Congo 	AY.122.6	EPI_ISL_4724381
90	Homo sapiens	2021-09-14	Republic of the Congo 	AY.122	EPI_ISL_4724374
90	Homo sapiens	2021-09-14	Republic of the Congo 	AY.122.6	EPI_ISL_4724397
90	Homo sapiens	2021-09-14	Republic of the Congo 	AY.122	EPI_ISL_4724388
90	Homo sapiens	2021-09-13	Republic of the Congo 	AY.122	EPI_ISL_4724366
90	Homo sapiens	2021-09-13	Republic of the Congo 	AY.116	EPI_ISL_4724355
89	Homo sapiens	2021-09-10	Republic of the Congo 	AY.116	EPI_ISL_4724354
92	Homo sapiens	2021-09-29	Republic of the Congo 	AY.122.6	EPI_ISL_5592417
92	Homo sapiens	2021-09-29	Republic of the Congo 	AY.122	EPI_ISL_5592439
92	Homo sapiens	2021-09-29	Republic of the Congo 	AY.122.6	EPI_ISL_5592520
92	Homo sapiens	2021-09-28	Republic of the Congo 	AY.122.6	EPI_ISL_5592454
92	Homo sapiens	2021-09-28	Republic of the Congo 	AY.122	EPI_ISL_5592487
92	Homo sapiens	2021-09-28	Republic of the Congo 	AY.122.6	EPI_ISL_5592501
92	Homo sapiens	2021-09-28	Republic of the Congo 	AY.122.6	EPI_ISL_5592533
92	Homo sapiens	2021-09-28	Republic of the Congo 	AY.122.6	EPI_ISL_5592550
91	Homo sapiens	2021-09-25	Republic of the Congo 	AY.122	EPI_ISL_5592564
83	Homo sapiens	2021-07-28	Republic of the Congo 	B.1.620	EPI_ISL_5592579
96	Homo sapiens	2021-10-26	Republic of the Congo 	AY.116	EPI_ISL_6077265
96	Homo sapiens	2021-10-25	Republic of the Congo 	AY.122.6	EPI_ISL_6077269
96	Homo sapiens	2021-10-25	Republic of the Congo 	AY.34.1	EPI_ISL_6077273
95	Homo sapiens	2021-10-23	Republic of the Congo 	AY.122.6	EPI_ISL_6077274
95	Homo sapiens	2021-10-19	Republic of the Congo 	AY.122.6	EPI_ISL_6077270
94	Homo sapiens	2021-10-12	Republic of the Congo 	AY.122	EPI_ISL_6077266
93	Homo sapiens	2021-10-04	Republic of the Congo 	AY.122.6	EPI_ISL_6077264
93	Homo sapiens	2021-10-04	Republic of the Congo 	AY.34	EPI_ISL_6077272
97	Homo sapiens	2021-11-05	Republic of the Congo 	AY.122.6	EPI_ISL_6542730
97	Homo sapiens	2021-11-05	Republic of the Congo 	AY.122.6	EPI_ISL_6542734
96	Homo sapiens	2021-10-30	Republic of the Congo 	AY.122.6	EPI_ISL_6542721
99	Homo sapiens	2021-11-15	Republic of the Congo 	AY.122	EPI_ISL_6700811
98	Homo sapiens	2021-11-10	Republic of the Congo 	AY.122.6	EPI_ISL_6700812
99	Homo sapiens	2021-11-18	Republic of the Congo 	AY.122.6	EPI_ISL_6951032
77	Homo sapiens	2021-06-14	Republic of the Congo 	AY.4	EPI_ISL_7120481
76	Homo sapiens	2021-06-08	Republic of the Congo 	B.1.1.7	EPI_ISL_7120500
75	Homo sapiens	2021-06-03	Republic of the Congo 	B.1.1.7	EPI_ISL_7120462
74	Homo sapiens	2021-05-29	Republic of the Congo 	B.1.1.7	EPI_ISL_7120475
74	Homo sapiens	2021-05-24	Republic of the Congo 	B.1.1.7	EPI_ISL_7120452
73	Homo sapiens	2021-05-21	Republic of the Congo 	B.1.1.7	EPI_ISL_7120445
73	Homo sapiens	2021-05-19	Republic of the Congo 	B.1.1.7	EPI_ISL_7120502
50	Homo sapiens	2020-12-10	Republic of the Congo 	B.1.221	EPI_ISL_936307
50	Homo sapiens	2020-12-09	Republic of the Congo 	B.1.544	EPI_ISL_936306
54	Homo sapiens	2021-01-07	Republic of the Congo 	B.1.544	EPI_ISL_936339
49	Homo sapiens	2020-12-05	Republic of the Congo 	B.1.544	EPI_ISL_935030
54	Homo sapiens	2021-01-07	Republic of the Congo 	B.1.544	EPI_ISL_936338
51	Homo sapiens	2020-12-16	Republic of the Congo 	B.1	EPI_ISL_936312
54	Homo sapiens	2021-01-07	Republic of the Congo 	B.1.544	EPI_ISL_936340
52	Homo sapiens	2020-12-21	Republic of the Congo 	B.1	EPI_ISL_936316
52	Homo sapiens	2020-12-24	Republic of the Congo 	B.1	EPI_ISL_936322
