101	Homo sapiens	2021-12-03	Saint Martin 	AY.3	EPI_ISL_8143276
101	Homo sapiens	2021-12-02	Saint Martin 	AY.4	EPI_ISL_8143277
101	Homo sapiens	2021-12-02	Saint Martin 	AY.122	EPI_ISL_8143280
101	Homo sapiens	2021-12-01	Saint Martin 	AY.75	EPI_ISL_8143281
100	Homo sapiens	2021-11-24	Saint Martin 	AY.9.2	EPI_ISL_8143275
103	Homo sapiens	2021-12-14	Saint Martin 	AY.4	EPI_ISL_8417001
103	Homo sapiens	2021-12-14	Saint Martin 	BA.1.6	EPI_ISL_8416956
103	Homo sapiens	2021-12-14	Saint Martin 	BA.1.1	EPI_ISL_8416957
103	Homo sapiens	2021-12-14	Saint Martin 	AY.4	EPI_ISL_8416999
103	Homo sapiens	2021-12-13	Saint Martin 	AY.4	EPI_ISL_8417002
104	Homo sapiens	2021-12-25	Saint Martin 	BA.1.15	EPI_ISL_8542303
104	Homo sapiens	2021-12-25	Saint Martin 	BA.1.1	EPI_ISL_8542302
104	Homo sapiens	2021-12-25	Saint Martin 	BA.1	EPI_ISL_8542305
104	Homo sapiens	2021-12-25	Saint Martin 	BA.1.15	EPI_ISL_8542304
104	Homo sapiens	2021-12-25	Saint Martin 	BA.1.15	EPI_ISL_8542301
104	Homo sapiens	2021-12-24	Saint Martin 	BA.1.15	EPI_ISL_8542297
104	Homo sapiens	2021-12-24	Saint Martin 	BA.1.15	EPI_ISL_8542295
104	Homo sapiens	2021-12-24	Saint Martin 	BA.1.15	EPI_ISL_8542298
104	Homo sapiens	2021-12-24	Saint Martin 	BA.1.15	EPI_ISL_8542299
104	Homo sapiens	2021-12-24	Saint Martin 	BA.1.15	EPI_ISL_8542300
104	Homo sapiens	2021-12-22	Saint Martin 	BA.1	EPI_ISL_8542285
104	Homo sapiens	2021-12-21	Saint Martin 	BA.1.15	EPI_ISL_8542286
104	Homo sapiens	2021-12-21	Saint Martin 	BA.1.15	EPI_ISL_8542290
104	Homo sapiens	2021-12-21	Saint Martin 	BA.1.15	EPI_ISL_8542281
104	Homo sapiens	2021-12-21	Saint Martin 	BA.1.6	EPI_ISL_8542284
104	Homo sapiens	2021-12-21	Saint Martin 	BA.1.15	EPI_ISL_8542283
104	Homo sapiens	2021-12-21	Saint Martin 	BA.1.15	EPI_ISL_8542288
104	Homo sapiens	2021-12-21	Saint Martin 	BA.1.15	EPI_ISL_8542282
104	Homo sapiens	2021-12-21	Saint Martin 	BA.1	EPI_ISL_8542291
104	Homo sapiens	2021-12-21	Saint Martin 	BA.1.15	EPI_ISL_8542293
104	Homo sapiens	2021-12-21	Saint Martin 	AY.39	EPI_ISL_8546460
104	Homo sapiens	2021-12-20	Saint Martin 	AY.4	EPI_ISL_8546458
104	Homo sapiens	2021-12-20	Saint Martin 	AY.4	EPI_ISL_8546459
103	Homo sapiens	2021-12-17	Saint Martin 	BA.1.4	EPI_ISL_8542280
103	Homo sapiens	2021-12-16	Saint Martin 	BA.1.15	EPI_ISL_8542279
103	Homo sapiens	2021-12-16	Saint Martin 	BA.1.6	EPI_ISL_8542278
103	Homo sapiens	2021-12-16	Saint Martin 	AY.43	EPI_ISL_8546455
103	Homo sapiens	2021-12-16	Saint Martin 	AY.43	EPI_ISL_8546454
103	Homo sapiens	2021-12-15	Saint Martin 	BA.1	EPI_ISL_8546384
103	Homo sapiens	2021-12-15	Saint Martin 	AY.43	EPI_ISL_8546453
103	Homo sapiens	2021-12-15	Saint Martin 	AY.122	EPI_ISL_8546456
109	Homo sapiens	2022-01-24	Saint Martin 	BA.1.15	EPI_ISL_9879036
109	Homo sapiens	2022-01-24	Saint Martin 	BA.1.15	EPI_ISL_9879029
109	Homo sapiens	2022-01-24	Saint Martin 	BA.1.15	EPI_ISL_9879035
109	Homo sapiens	2022-01-24	Saint Martin 	BA.1.1.1	EPI_ISL_9879033
109	Homo sapiens	2022-01-24	Saint Martin 	BA.1.15	EPI_ISL_9879034
109	Homo sapiens	2022-01-24	Saint Martin 	BA.1.15	EPI_ISL_9879032
109	Homo sapiens	2022-01-24	Saint Martin 	BA.1.15	EPI_ISL_9879031
109	Homo sapiens	2022-01-24	Saint Martin 	BA.1.1	EPI_ISL_9879030
104	Homo sapiens	2021-12-25	Saint Martin 	BA.1.1	EPI_ISL_10187366
105	Homo sapiens	2021-12-28	Saint Martin 	BA.1.1.1	EPI_ISL_10187391
105	Homo sapiens	2021-12-28	Saint Martin 	BA.1.1	EPI_ISL_10187397
110	Homo sapiens	2022-01-31	Saint Martin 	BA.1.1	EPI_ISL_10187544
110	Homo sapiens	2022-01-31	Saint Martin 	BA.1.1	EPI_ISL_10187546
109	Homo sapiens	2022-01-30	Saint Martin 	BA.1.1	EPI_ISL_10187549
109	Homo sapiens	2022-01-29	Saint Martin 	BA.1.1	EPI_ISL_10187545
105	Homo sapiens	2021-12-28	Saint Martin 	BA.1.1.1	EPI_ISL_10187390
105	Homo sapiens	2021-12-27	Saint Martin 	BA.1	EPI_ISL_10187373
105	Homo sapiens	2021-12-27	Saint Martin 	BA.1.15	EPI_ISL_10187362
105	Homo sapiens	2021-12-27	Saint Martin 	BA.1.1	EPI_ISL_10187352
105	Homo sapiens	2021-12-27	Saint Martin 	BA.1.1	EPI_ISL_10187342
105	Homo sapiens	2021-12-27	Saint Martin 	BA.1.17.2	EPI_ISL_10187338
105	Homo sapiens	2021-12-28	Saint Martin 	BA.1.1	EPI_ISL_10187383
105	Homo sapiens	2021-12-28	Saint Martin 	BA.1.1	EPI_ISL_10187387
105	Homo sapiens	2021-12-27	Saint Martin 	BA.1.6	EPI_ISL_10187344
105	Homo sapiens	2021-12-27	Saint Martin 	BA.1.1	EPI_ISL_10187361
105	Homo sapiens	2021-12-27	Saint Martin 	BA.1.1	EPI_ISL_10187354
105	Homo sapiens	2021-12-27	Saint Martin 	BA.1.1	EPI_ISL_10187353
105	Homo sapiens	2021-12-27	Saint Martin 	BA.1.17.2	EPI_ISL_10187345
105	Homo sapiens	2021-12-27	Saint Martin 	BA.1.1	EPI_ISL_10187347
105	Homo sapiens	2021-12-27	Saint Martin 	BA.1.1	EPI_ISL_10187346
105	Homo sapiens	2021-12-27	Saint Martin 	BA.1.1	EPI_ISL_10187348
105	Homo sapiens	2021-12-27	Saint Martin 	BA.1.15	EPI_ISL_10187355
105	Homo sapiens	2021-12-27	Saint Martin 	BA.1.15	EPI_ISL_10187357
105	Homo sapiens	2021-12-27	Saint Martin 	BA.1.1	EPI_ISL_10187349
105	Homo sapiens	2021-12-27	Saint Martin 	BA.1.15	EPI_ISL_10187364
105	Homo sapiens	2021-12-27	Saint Martin 	BA.1.15	EPI_ISL_10187363
105	Homo sapiens	2021-12-29	Saint Martin 	BA.1.1	EPI_ISL_10187450
105	Homo sapiens	2021-12-27	Saint Martin 	BA.1.1	EPI_ISL_10187359
104	Homo sapiens	2021-12-25	Saint Martin 	BA.1.15	EPI_ISL_10187365
105	Homo sapiens	2021-12-29	Saint Martin 	BA.1.15	EPI_ISL_10187453
105	Homo sapiens	2021-12-29	Saint Martin 	BA.1.1	EPI_ISL_10187444
105	Homo sapiens	2021-12-29	Saint Martin 	BA.1	EPI_ISL_10187448
105	Homo sapiens	2021-12-29	Saint Martin 	BA.1.15	EPI_ISL_10187445
105	Homo sapiens	2021-12-29	Saint Martin 	BA.1.1	EPI_ISL_10187452
105	Homo sapiens	2021-12-29	Saint Martin 	BA.1.15	EPI_ISL_10187443
105	Homo sapiens	2021-12-29	Saint Martin 	BA.1.1	EPI_ISL_10187449
105	Homo sapiens	2021-12-29	Saint Martin 	BA.1.1	EPI_ISL_10187446
105	Homo sapiens	2021-12-29	Saint Martin 	BA.1.15	EPI_ISL_10187447
105	Homo sapiens	2021-12-29	Saint Martin 	BA.1.1	EPI_ISL_10187428
105	Homo sapiens	2021-12-29	Saint Martin 	BA.1.1	EPI_ISL_10187442
105	Homo sapiens	2021-12-29	Saint Martin 	BA.1.6	EPI_ISL_10187440
105	Homo sapiens	2021-12-29	Saint Martin 	BA.1.1	EPI_ISL_10187421
105	Homo sapiens	2021-12-29	Saint Martin 	BA.1.1	EPI_ISL_10187441
105	Homo sapiens	2021-12-29	Saint Martin 	BA.1	EPI_ISL_10187431
105	Homo sapiens	2021-12-29	Saint Martin 	BA.1.15	EPI_ISL_10187434
105	Homo sapiens	2021-12-29	Saint Martin 	BA.1.15	EPI_ISL_10187436
105	Homo sapiens	2021-12-29	Saint Martin 	BA.1.15	EPI_ISL_10187422
105	Homo sapiens	2021-12-29	Saint Martin 	BA.1	EPI_ISL_10187424
105	Homo sapiens	2021-12-29	Saint Martin 	BA.1.1	EPI_ISL_10187427
105	Homo sapiens	2021-12-29	Saint Martin 	BA.1.1	EPI_ISL_10187425
105	Homo sapiens	2021-12-29	Saint Martin 	BA.1.1	EPI_ISL_10187426
105	Homo sapiens	2021-12-29	Saint Martin 	BA.1.1	EPI_ISL_10187433
105	Homo sapiens	2021-12-29	Saint Martin 	BA.1.1	EPI_ISL_10187429
105	Homo sapiens	2021-12-29	Saint Martin 	BA.1.1.1	EPI_ISL_10187432
105	Homo sapiens	2021-12-29	Saint Martin 	BA.1.1	EPI_ISL_10187437
105	Homo sapiens	2021-12-29	Saint Martin 	BA.1.15	EPI_ISL_10187435
105	Homo sapiens	2021-12-29	Saint Martin 	BA.1.15	EPI_ISL_10187403
105	Homo sapiens	2021-12-29	Saint Martin 	BA.1.1	EPI_ISL_10187438
105	Homo sapiens	2021-12-29	Saint Martin 	BA.1.1	EPI_ISL_10187439
105	Homo sapiens	2021-12-29	Saint Martin 	BA.1.1	EPI_ISL_10187411
105	Homo sapiens	2021-12-29	Saint Martin 	BA.1.6	EPI_ISL_10187407
105	Homo sapiens	2021-12-28	Saint Martin 	BA.1.15	EPI_ISL_10187402
105	Homo sapiens	2021-12-29	Saint Martin 	BA.1.1	EPI_ISL_10187405
105	Homo sapiens	2021-12-29	Saint Martin 	BA.1.1	EPI_ISL_10187420
105	Homo sapiens	2021-12-29	Saint Martin 	BA.1.1	EPI_ISL_10187408
105	Homo sapiens	2021-12-29	Saint Martin 	BA.1	EPI_ISL_10187413
105	Homo sapiens	2021-12-29	Saint Martin 	BA.1.1	EPI_ISL_10187406
105	Homo sapiens	2021-12-29	Saint Martin 	BA.1.1	EPI_ISL_10187409
105	Homo sapiens	2021-12-29	Saint Martin 	BA.1.1	EPI_ISL_10187418
105	Homo sapiens	2021-12-28	Saint Martin 	BA.1.1	EPI_ISL_10187392
105	Homo sapiens	2021-12-27	Saint Martin 	BA.1.1	EPI_ISL_10187372
105	Homo sapiens	2021-12-29	Saint Martin 	BA.1	EPI_ISL_10187416
105	Homo sapiens	2021-12-27	Saint Martin 	BA.1.1	EPI_ISL_10187375
105	Homo sapiens	2021-12-29	Saint Martin 	BA.1.6	EPI_ISL_10187415
105	Homo sapiens	2021-12-29	Saint Martin 	BA.1.1	EPI_ISL_10187419
105	Homo sapiens	2021-12-28	Saint Martin 	BA.1	EPI_ISL_10187395
105	Homo sapiens	2021-12-29	Saint Martin 	BA.1.1	EPI_ISL_10187412
105	Homo sapiens	2021-12-28	Saint Martin 	BA.1.15	EPI_ISL_10187399
105	Homo sapiens	2021-12-28	Saint Martin 	BA.1.1	EPI_ISL_10187385
105	Homo sapiens	2021-12-27	Saint Martin 	BA.1.15	EPI_ISL_10187380
105	Homo sapiens	2021-12-28	Saint Martin 	BA.1.1	EPI_ISL_10187389
105	Homo sapiens	2021-12-27	Saint Martin 	BA.1.15	EPI_ISL_10187376
105	Homo sapiens	2021-12-27	Saint Martin 	BA.1	EPI_ISL_10187369
105	Homo sapiens	2021-12-28	Saint Martin 	BA.1.1	EPI_ISL_10187382
105	Homo sapiens	2021-12-28	Saint Martin 	BA.1.17.2	EPI_ISL_10187386
104	Homo sapiens	2021-12-25	Saint Martin 	BA.1.15	EPI_ISL_10187368
105	Homo sapiens	2021-12-27	Saint Martin 	BA.1.15	EPI_ISL_10187377
105	Homo sapiens	2021-12-27	Saint Martin 	BA.1.1	EPI_ISL_10187340
111	Homo sapiens	2022-02-07	Saint Martin 	BA.1.1	EPI_ISL_10352526
105	Homo sapiens	2021-12-29	Saint Martin 	BA.1.1	EPI_ISL_10352635
111	Homo sapiens	2022-02-07	Saint Martin 	BA.1.15	EPI_ISL_10352622
111	Homo sapiens	2022-02-07	Saint Martin 	BA.1.1	EPI_ISL_10352636
111	Homo sapiens	2022-02-07	Saint Martin 	BA.1.1	EPI_ISL_10352594
104	Homo sapiens	2021-12-22	Saint Martin 	BA.1.1	EPI_ISL_10647167
104	Homo sapiens	2021-12-22	Saint Martin 	BA.1.1	EPI_ISL_10647168
104	Homo sapiens	2021-12-22	Saint Martin 	BA.1	EPI_ISL_10647170
104	Homo sapiens	2021-12-22	Saint Martin 	BA.1.15	EPI_ISL_10647171
104	Homo sapiens	2021-12-22	Saint Martin 	BA.1.15	EPI_ISL_10647172
104	Homo sapiens	2021-12-22	Saint Martin 	BA.1	EPI_ISL_10647173
104	Homo sapiens	2021-12-22	Saint Martin 	BA.1.15	EPI_ISL_10647174
104	Homo sapiens	2021-12-22	Saint Martin 	BA.1.15	EPI_ISL_10647175
104	Homo sapiens	2021-12-22	Saint Martin 	BA.1.1	EPI_ISL_10647176
104	Homo sapiens	2021-12-22	Saint Martin 	BA.1.1	EPI_ISL_10647178
104	Homo sapiens	2021-12-22	Saint Martin 	BA.1.1	EPI_ISL_10647181
104	Homo sapiens	2021-12-22	Saint Martin 	BA.1	EPI_ISL_10647182
104	Homo sapiens	2021-12-22	Saint Martin 	BA.1	EPI_ISL_10647185
112	Homo sapiens	2022-02-14	Saint Martin 	BA.1.1	EPI_ISL_11019636
112	Homo sapiens	2022-02-14	Saint Martin 	BA.1.1	EPI_ISL_11019634
112	Homo sapiens	2022-02-14	Saint Martin 	BA.1.17.2	EPI_ISL_11019635
113	Homo sapiens	2022-02-24	Saint Martin 	BA.2.9	EPI_ISL_11328326
113	Homo sapiens	2022-02-25	Saint Martin 	BA.2.9	EPI_ISL_11328334
117	Homo sapiens	2022-03-21	Saint Martin 	BA.2.9	EPI_ISL_11997133
117	Homo sapiens	2022-03-21	Saint Martin 	BA.2	EPI_ISL_11997192
117	Homo sapiens	2022-03-21	Saint Martin 	BA.2	EPI_ISL_11997193
117	Homo sapiens	2022-03-21	Saint Martin 	BA.2	EPI_ISL_11997227
117	Homo sapiens	2022-03-21	Saint Martin 	BA.2.9	EPI_ISL_11997307
118	Homo sapiens	2022-03-28	Saint Martin 	BA.2	EPI_ISL_12134063
118	Homo sapiens	2022-03-28	Saint Martin 	BA.2.9	EPI_ISL_12134067
118	Homo sapiens	2022-03-28	Saint Martin 	BA.2.9	EPI_ISL_12134060
118	Homo sapiens	2022-03-28	Saint Martin 	BA.2.9	EPI_ISL_12134065
118	Homo sapiens	2022-03-28	Saint Martin 	BA.2.9	EPI_ISL_12134066
118	Homo sapiens	2022-03-28	Saint Martin 	BA.2	EPI_ISL_12134064
118	Homo sapiens	2022-03-28	Saint Martin 	BA.2	EPI_ISL_12134062
118	Homo sapiens	2022-03-28	Saint Martin 	BA.2.9	EPI_ISL_12134070
118	Homo sapiens	2022-03-28	Saint Martin 	BA.2.9	EPI_ISL_12134069
118	Homo sapiens	2022-03-28	Saint Martin 	BA.2.9	EPI_ISL_12133914
119	Homo sapiens	2022-04-04	Saint Martin 	BA.2.9	EPI_ISL_12465582
119	Homo sapiens	2022-04-04	Saint Martin 	BA.2.9	EPI_ISL_12465596
119	Homo sapiens	2022-04-04	Saint Martin 	BA.2.9	EPI_ISL_12465587
