13	Homo sapiens	2020-03-23	Saudi Arabia	A	EPI_ISL_437459
13	Homo sapiens	2020-03-23	Saudi Arabia	A	EPI_ISL_437460
13	Homo sapiens	2020-03-23	Saudi Arabia	A	EPI_ISL_437461
13	Homo sapiens	2020-03-23	Saudi Arabia	A	EPI_ISL_437462
13	Homo sapiens	2020-03-23	Saudi Arabia	B.1.9	EPI_ISL_437463
13	Homo sapiens	2020-03-23	Saudi Arabia	B.1	EPI_ISL_437464
13	Homo sapiens	2020-03-23	Saudi Arabia	A	EPI_ISL_437465
13	Homo sapiens	2020-03-23	Saudi Arabia	A	EPI_ISL_437466
13	Homo sapiens	2020-03-23	Saudi Arabia	A	EPI_ISL_437467
12	Homo sapiens	2020-03-22	Saudi Arabia	B.1.9	EPI_ISL_437468
13	Homo sapiens	2020-03-29	Saudi Arabia	B.1	EPI_ISL_437469
13	Homo sapiens	2020-03-29	Saudi Arabia	B.1	EPI_ISL_437470
13	Homo sapiens	2020-03-29	Saudi Arabia	B.1	EPI_ISL_437471
13	Homo sapiens	2020-03-29	Saudi Arabia	B.1.260	EPI_ISL_437472
13	Homo sapiens	2020-03-29	Saudi Arabia	B.1	EPI_ISL_437473
13	Homo sapiens	2020-03-29	Saudi Arabia	B.1	EPI_ISL_437474
14	Homo sapiens	2020-04-01	Saudi Arabia	A	EPI_ISL_437475
15	Homo sapiens	2020-04-06	Saudi Arabia	B.1	EPI_ISL_437477
15	Homo sapiens	2020-04-06	Saudi Arabia	B.1	EPI_ISL_437478
15	Homo sapiens	2020-04-06	Saudi Arabia	B.1	EPI_ISL_437479
12	Homo sapiens	2020-03-18	Saudi Arabia	B.1	EPI_ISL_437481
12	Homo sapiens	2020-03-20	Saudi Arabia	B.1	EPI_ISL_437482
12	Homo sapiens	2020-03-20	Saudi Arabia	B.1	EPI_ISL_437483
13	Homo sapiens	2020-03-29	Saudi Arabia	A	EPI_ISL_437484
13	Homo sapiens	2020-03-26	Saudi Arabia	B.1	EPI_ISL_437485
13	Homo sapiens	2020-03-26	Saudi Arabia	B.1	EPI_ISL_437486
13	Homo sapiens	2020-03-26	Saudi Arabia	B.1	EPI_ISL_437487
13	Homo sapiens	2020-03-26	Saudi Arabia	B.1	EPI_ISL_437488
13	Homo sapiens	2020-03-26	Saudi Arabia	B.1	EPI_ISL_437489
13	Homo sapiens	2020-03-26	Saudi Arabia	B.1	EPI_ISL_437490
13	Homo sapiens	2020-03-26	Saudi Arabia	B.1	EPI_ISL_437491
13	Homo sapiens	2020-03-26	Saudi Arabia	B.1	EPI_ISL_437492
13	Homo sapiens	2020-03-26	Saudi Arabia	B.1	EPI_ISL_437493
13	Homo sapiens	2020-03-26	Saudi Arabia	B.1	EPI_ISL_437494
13	Homo sapiens	2020-03-26	Saudi Arabia	B	EPI_ISL_437495
13	Homo sapiens	2020-03-25	Saudi Arabia	B.1.471	EPI_ISL_437496
13	Homo sapiens	2020-03-25	Saudi Arabia	B.1.1	EPI_ISL_437497
13	Homo sapiens	2020-03-24	Saudi Arabia	B.1	EPI_ISL_437691
13	Homo sapiens	2020-03-24	Saudi Arabia	B.1	EPI_ISL_437692
13	Homo sapiens	2020-03-24	Saudi Arabia	B.1	EPI_ISL_437693
13	Homo sapiens	2020-03-24	Saudi Arabia	B.1	EPI_ISL_437694
13	Homo sapiens	2020-03-24	Saudi Arabia	B.1	EPI_ISL_437695
15	Homo sapiens	2020-04-06	Saudi Arabia	B.1.260	EPI_ISL_437696
15	Homo sapiens	2020-04-06	Saudi Arabia	B.1	EPI_ISL_437697
15	Homo sapiens	2020-04-06	Saudi Arabia	A	EPI_ISL_437698
15	Homo sapiens	2020-04-06	Saudi Arabia	B.1	EPI_ISL_437699
15	Homo sapiens	2020-04-06	Saudi Arabia	B.1	EPI_ISL_437700
15	Homo sapiens	2020-04-06	Saudi Arabia	A	EPI_ISL_437701
15	Homo sapiens	2020-04-06	Saudi Arabia	B.1	EPI_ISL_437702
15	Homo sapiens	2020-04-06	Saudi Arabia	B.1	EPI_ISL_437703
15	Homo sapiens	2020-04-06	Saudi Arabia	B.1.471	EPI_ISL_437704
15	Homo sapiens	2020-04-06	Saudi Arabia	A	EPI_ISL_437705
15	Homo sapiens	2020-04-06	Saudi Arabia	B.1.36	EPI_ISL_437706
15	Homo sapiens	2020-04-06	Saudi Arabia	B.1	EPI_ISL_437707
15	Homo sapiens	2020-04-06	Saudi Arabia	B.1	EPI_ISL_437708
15	Homo sapiens	2020-04-06	Saudi Arabia	B.1	EPI_ISL_437709
15	Homo sapiens	2020-04-06	Saudi Arabia	B.1.36	EPI_ISL_437710
15	Homo sapiens	2020-04-06	Saudi Arabia	B.1.260	EPI_ISL_437711
15	Homo sapiens	2020-04-06	Saudi Arabia	B.1.260	EPI_ISL_437712
15	Homo sapiens	2020-04-06	Saudi Arabia	B.1.260	EPI_ISL_437713
15	Homo sapiens	2020-04-06	Saudi Arabia	B.1.260	EPI_ISL_437714
15	Homo sapiens	2020-04-06	Saudi Arabia	B.1.36	EPI_ISL_437715
15	Homo sapiens	2020-04-06	Saudi Arabia	B	EPI_ISL_437716
15	Homo sapiens	2020-04-06	Saudi Arabia	B.1.260	EPI_ISL_437717
15	Homo sapiens	2020-04-06	Saudi Arabia	B.1.471	EPI_ISL_437718
15	Homo sapiens	2020-04-06	Saudi Arabia	B.1	EPI_ISL_437719
15	Homo sapiens	2020-04-06	Saudi Arabia	B.1	EPI_ISL_437720
15	Homo sapiens	2020-04-06	Saudi Arabia	B.1	EPI_ISL_437721
15	Homo sapiens	2020-04-06	Saudi Arabia	A	EPI_ISL_437722
15	Homo sapiens	2020-04-06	Saudi Arabia	B.1.36	EPI_ISL_437723
15	Homo sapiens	2020-04-06	Saudi Arabia	B.1.260	EPI_ISL_437724
15	Homo sapiens	2020-04-06	Saudi Arabia	A	EPI_ISL_437725
15	Homo sapiens	2020-04-06	Saudi Arabia	B.1.260	EPI_ISL_437726
15	Homo sapiens	2020-04-06	Saudi Arabia	A	EPI_ISL_437727
15	Homo sapiens	2020-04-06	Saudi Arabia	B.1.260	EPI_ISL_437728
15	Homo sapiens	2020-04-06	Saudi Arabia	B.1.260	EPI_ISL_437729
15	Homo sapiens	2020-04-06	Saudi Arabia	B.1.260	EPI_ISL_437730
15	Homo sapiens	2020-04-06	Saudi Arabia	B.1.36	EPI_ISL_437731
15	Homo sapiens	2020-04-06	Saudi Arabia	B.1	EPI_ISL_437732
13	Homo sapiens	2020-03-29	Saudi Arabia	B.1.523	EPI_ISL_437733
14	Homo sapiens	2020-03-31	Saudi Arabia	B.1	EPI_ISL_437734
14	Homo sapiens	2020-03-31	Saudi Arabia	B.1	EPI_ISL_437735
14	Homo sapiens	2020-03-30	Saudi Arabia	B.1.36	EPI_ISL_437736
13	Homo sapiens	2020-03-28	Saudi Arabia	B.1	EPI_ISL_437737
14	Homo sapiens	2020-03-30	Saudi Arabia	B.1	EPI_ISL_437738
13	Homo sapiens	2020-03-29	Saudi Arabia	B.1.36	EPI_ISL_437739
14	Homo sapiens	2020-03-30	Saudi Arabia	B.1	EPI_ISL_437740
14	Homo sapiens	2020-03-30	Saudi Arabia	B.1	EPI_ISL_437741
14	Homo sapiens	2020-03-30	Saudi Arabia	B.1	EPI_ISL_437742
14	Homo sapiens	2020-03-30	Saudi Arabia	B.1	EPI_ISL_437743
14	Homo sapiens	2020-03-30	Saudi Arabia	B.1	EPI_ISL_437744
14	Homo sapiens	2020-03-30	Saudi Arabia	B.1	EPI_ISL_437745
14	Homo sapiens	2020-03-30	Saudi Arabia	B.1	EPI_ISL_437746
14	Homo sapiens	2020-03-30	Saudi Arabia	B.1	EPI_ISL_437747
14	Homo sapiens	2020-03-30	Saudi Arabia	B.1.468	EPI_ISL_437748
14	Homo sapiens	2020-03-30	Saudi Arabia	B.1	EPI_ISL_437749
14	Homo sapiens	2020-03-30	Saudi Arabia	B.1	EPI_ISL_437750
14	Homo sapiens	2020-03-30	Saudi Arabia	B.1	EPI_ISL_437751
14	Homo sapiens	2020-03-30	Saudi Arabia	B.1	EPI_ISL_437752
14	Homo sapiens	2020-03-30	Saudi Arabia	B.1	EPI_ISL_437753
14	Homo sapiens	2020-03-30	Saudi Arabia	B.1	EPI_ISL_437754
14	Homo sapiens	2020-03-30	Saudi Arabia	B.1.1	EPI_ISL_437755
14	Homo sapiens	2020-03-30	Saudi Arabia	B.1.1	EPI_ISL_437756
14	Homo sapiens	2020-03-30	Saudi Arabia	A	EPI_ISL_437757
14	Homo sapiens	2020-03-30	Saudi Arabia	B.1	EPI_ISL_437758
14	Homo sapiens	2020-03-30	Saudi Arabia	A	EPI_ISL_437759
14	Homo sapiens	2020-03-30	Saudi Arabia	A	EPI_ISL_437760
14	Homo sapiens	2020-03-30	Saudi Arabia	A	EPI_ISL_437761
14	Homo sapiens	2020-03-30	Saudi Arabia	B.1	EPI_ISL_437762
11	Homo sapiens	2020-03-15	Saudi Arabia	B.1.36	MT630421.1
11	Homo sapiens	2020-03-15	Saudi Arabia	B.1.1	MT630422.1
11	Homo sapiens	2020-03-15	Saudi Arabia	A	MT630423.1
11	Homo sapiens	2020-03-15	Saudi Arabia	B.1	MT630424.1
11	Homo sapiens	2020-03-15	Saudi Arabia	B.1.1	MT630425.1
11	Homo sapiens	2020-03-15	Saudi Arabia	B.1.1	MT630426.1
11	Homo sapiens	2020-03-15	Saudi Arabia	B.1.1	MT630427.1
11	Homo sapiens	2020-03-15	Saudi Arabia	B.1.1	MT630428.1
11	Homo sapiens	2020-03-15	Saudi Arabia	B.1	MT630429.1
11	Homo sapiens	2020-03-15	Saudi Arabia	B.1	MT630430.1
11	Homo sapiens	2020-03-15	Saudi Arabia	B.1.1	MT630431.1
11	Homo sapiens	2020-03-15	Saudi Arabia	B.1.1	MT630432.1
06	Homo sapiens	2020-02-03	Saudi Arabia	B.1	MT755883.1
06	Homo sapiens	2020-02-04	Saudi Arabia	B.1	MT755884.1
06	Homo sapiens	2020-02-09	Saudi Arabia	B.1	MT755885.1
07	Homo sapiens	2020-02-10	Saudi Arabia	B.1	MT755886.1
07	Homo sapiens	2020-02-10	Saudi Arabia	B.1	MT755887.1
07	Homo sapiens	2020-02-13	Saudi Arabia	B.1.468	MT755888.1
07	Homo sapiens	2020-02-13	Saudi Arabia	B.1	MT755889.1
07	Homo sapiens	2020-02-16	Saudi Arabia	B.1.36	MT755890.1
08	Homo sapiens	2020-02-17	Saudi Arabia	B.1.36	MT755891.1
08	Homo sapiens	2020-02-18	Saudi Arabia	B.1	MT755892.1
08	Homo sapiens	2020-02-18	Saudi Arabia	B.1.468	MT755893.1
08	Homo sapiens	2020-02-20	Saudi Arabia	B.1.456	MT755894.1
08	Homo sapiens	2020-02-23	Saudi Arabia	B.1	MT755895.1
09	Homo sapiens	2020-02-24	Saudi Arabia	B.1	MT755896.1
09	Homo sapiens	2020-02-26	Saudi Arabia	B.1	MT755897.1
09	Homo sapiens	2020-02-27	Saudi Arabia	B.1	MT755898.1
09	Homo sapiens	2020-03-01	Saudi Arabia	B.1	MT755899.1
11	Homo sapiens	2020-03-09	Saudi Arabia	B.6	MT820461.1
26	Homo sapiens	2020-06-23	Saudi Arabia	B.1	EPI_ISL_636966
24	Homo sapiens	2020-06-13	Saudi Arabia	B.1	EPI_ISL_636967
21	Homo sapiens	2020-05-24	Saudi Arabia	B.1.1	EPI_ISL_636972
27	Homo sapiens	2020-06-30	Saudi Arabia	B.1.1	EPI_ISL_677921
27	Homo sapiens	2020-06-30	Saudi Arabia	B.1	EPI_ISL_677922
27	Homo sapiens	2020-06-30	Saudi Arabia	B.1.1	EPI_ISL_677923
27	Homo sapiens	2020-06-30	Saudi Arabia	B.1.1	EPI_ISL_677925
27	Homo sapiens	2020-06-30	Saudi Arabia	B.1.1	EPI_ISL_677926
27	Homo sapiens	2020-06-30	Saudi Arabia	B.1	EPI_ISL_677927
27	Homo sapiens	2020-06-30	Saudi Arabia	B.1.1	EPI_ISL_677931
27	Homo sapiens	2020-06-30	Saudi Arabia	B.1.1	EPI_ISL_677932
27	Homo sapiens	2020-06-30	Saudi Arabia	B.1.36.10	EPI_ISL_677933
27	Homo sapiens	2020-06-30	Saudi Arabia	B.1.36	EPI_ISL_677936
16	Homo sapiens	2020-04-15	Saudi Arabia	B.1.471	EPI_ISL_677937
18	Homo sapiens	2020-04-28	Saudi Arabia	B.1	EPI_ISL_677941
14	Homo sapiens	2020-04-05	Saudi Arabia	B.1.471	EPI_ISL_677943
14	Homo sapiens	2020-04-01	Saudi Arabia	B.1.471	EPI_ISL_677944
25	Homo sapiens	2020-06-19	Saudi Arabia	B.1.36	EPI_ISL_677969
24	Homo sapiens	2020-06-13	Saudi Arabia	B.1	EPI_ISL_677972
14	Homo sapiens	2020-04-01	Saudi Arabia	B.1	EPI_ISL_677973
25	Homo sapiens	2020-06-19	Saudi Arabia	B.1.36.10	EPI_ISL_677974
24	Homo sapiens	2020-06-11	Saudi Arabia	B.1	EPI_ISL_677975
24	Homo sapiens	2020-06-11	Saudi Arabia	B.1.36.10	EPI_ISL_677978
24	Homo sapiens	2020-06-11	Saudi Arabia	B.1.36	EPI_ISL_677982
24	Homo sapiens	2020-06-11	Saudi Arabia	B.1.36	EPI_ISL_677983
24	Homo sapiens	2020-06-11	Saudi Arabia	B.1.36	EPI_ISL_677984
24	Homo sapiens	2020-06-11	Saudi Arabia	B.1.468	EPI_ISL_677985
24	Homo sapiens	2020-06-11	Saudi Arabia	B.1	EPI_ISL_677986
24	Homo sapiens	2020-06-13	Saudi Arabia	B.1	EPI_ISL_677987
24	Homo sapiens	2020-06-11	Saudi Arabia	B.1.36.10	EPI_ISL_677989
24	Homo sapiens	2020-06-11	Saudi Arabia	B.1	EPI_ISL_677990
26	Homo sapiens	2020-06-27	Saudi Arabia	B.1.36	EPI_ISL_677991
26	Homo sapiens	2020-06-27	Saudi Arabia	B.1.36	EPI_ISL_677992
26	Homo sapiens	2020-06-27	Saudi Arabia	B.1.36	EPI_ISL_677993
26	Homo sapiens	2020-06-27	Saudi Arabia	B.1.36	EPI_ISL_677994
26	Homo sapiens	2020-06-27	Saudi Arabia	B.1.36	EPI_ISL_677995
26	Homo sapiens	2020-06-27	Saudi Arabia	B.1.36	EPI_ISL_677997
26	Homo sapiens	2020-06-27	Saudi Arabia	B.1.36	EPI_ISL_677998
26	Homo sapiens	2020-06-27	Saudi Arabia	B.1.36	EPI_ISL_677999
26	Homo sapiens	2020-06-27	Saudi Arabia	B.1.36	EPI_ISL_678000
26	Homo sapiens	2020-06-27	Saudi Arabia	B.1.36	EPI_ISL_678001
25	Homo sapiens	2020-06-17	Saudi Arabia	B.1.36	EPI_ISL_678002
26	Homo sapiens	2020-06-25	Saudi Arabia	B.1.36	EPI_ISL_678004
26	Homo sapiens	2020-06-25	Saudi Arabia	B.1	EPI_ISL_678005
26	Homo sapiens	2020-06-25	Saudi Arabia	B.1.36	EPI_ISL_678006
26	Homo sapiens	2020-06-25	Saudi Arabia	B.1	EPI_ISL_678007
26	Homo sapiens	2020-06-25	Saudi Arabia	B.1.36	EPI_ISL_678008
26	Homo sapiens	2020-06-25	Saudi Arabia	B.1.36	EPI_ISL_678009
24	Homo sapiens	2020-06-11	Saudi Arabia	B.1	EPI_ISL_678010
24	Homo sapiens	2020-06-11	Saudi Arabia	B.1	EPI_ISL_678011
23	Homo sapiens	2020-06-04	Saudi Arabia	B.1.36.22	EPI_ISL_678012
24	Homo sapiens	2020-06-11	Saudi Arabia	B.1.36.10	EPI_ISL_678014
23	Homo sapiens	2020-06-04	Saudi Arabia	B.1	EPI_ISL_678015
23	Homo sapiens	2020-06-04	Saudi Arabia	B.1	EPI_ISL_678016
23	Homo sapiens	2020-06-04	Saudi Arabia	B.1	EPI_ISL_678017
24	Homo sapiens	2020-06-11	Saudi Arabia	B.1	EPI_ISL_678018
23	Homo sapiens	2020-06-04	Saudi Arabia	B.1.36	EPI_ISL_678019
25	Homo sapiens	2020-06-19	Saudi Arabia	B.1	EPI_ISL_678020
25	Homo sapiens	2020-06-19	Saudi Arabia	B.1.36	EPI_ISL_678021
25	Homo sapiens	2020-06-19	Saudi Arabia	B.1.36	EPI_ISL_678023
25	Homo sapiens	2020-06-19	Saudi Arabia	B.1	EPI_ISL_678024
14	Homo sapiens	2020-04-02	Saudi Arabia	B.1	EPI_ISL_678027
14	Homo sapiens	2020-04-01	Saudi Arabia	B.1	EPI_ISL_678028
14	Homo sapiens	2020-04-01	Saudi Arabia	B.1.36	EPI_ISL_678029
17	Homo sapiens	2020-04-21	Saudi Arabia	B.1	EPI_ISL_678030
17	Homo sapiens	2020-04-26	Saudi Arabia	B.1	EPI_ISL_678032
18	Homo sapiens	2020-04-30	Saudi Arabia	B.1	EPI_ISL_678033
19	Homo sapiens	2020-05-08	Saudi Arabia	B.1.36	EPI_ISL_678034
14	Homo sapiens	2020-04-01	Saudi Arabia	A	EPI_ISL_678035
14	Homo sapiens	2020-04-01	Saudi Arabia	B.1	EPI_ISL_678036
14	Homo sapiens	2020-04-01	Saudi Arabia	B.1	EPI_ISL_678038
26	Homo sapiens	2020-06-28	Saudi Arabia	B.1	EPI_ISL_678070
15	Homo sapiens	2020-04-06	Saudi Arabia	B.1.260	EPI_ISL_678073
15	Homo sapiens	2020-04-06	Saudi Arabia	B.1	EPI_ISL_678074
15	Homo sapiens	2020-04-06	Saudi Arabia	B.1	EPI_ISL_678075
13	Homo sapiens	2020-03-24	Saudi Arabia	B.1	EPI_ISL_678078
13	Homo sapiens	2020-03-23	Saudi Arabia	A	EPI_ISL_678080
26	Homo sapiens	2020-06-23	Saudi Arabia	B.1.36	EPI_ISL_678083
26	Homo sapiens	2020-06-23	Saudi Arabia	B.1.36.10	EPI_ISL_678085
26	Homo sapiens	2020-06-25	Saudi Arabia	B.1.36	EPI_ISL_678089
26	Homo sapiens	2020-06-25	Saudi Arabia	B.1.36	EPI_ISL_678090
26	Homo sapiens	2020-06-25	Saudi Arabia	B.1.1.409	EPI_ISL_678091
26	Homo sapiens	2020-06-28	Saudi Arabia	B.1	EPI_ISL_678092
13	Homo sapiens	2020-03-24	Saudi Arabia	B.1	EPI_ISL_678096
16	Homo sapiens	2020-04-14	Saudi Arabia	A	EPI_ISL_678097
16	Homo sapiens	2020-04-14	Saudi Arabia	B.1.260	EPI_ISL_678098
16	Homo sapiens	2020-04-14	Saudi Arabia	B.1.260	EPI_ISL_678099
15	Homo sapiens	2020-04-06	Saudi Arabia	B.1	EPI_ISL_678100
15	Homo sapiens	2020-04-06	Saudi Arabia	B.1	EPI_ISL_678101
15	Homo sapiens	2020-04-06	Saudi Arabia	B.1.260	EPI_ISL_678102
15	Homo sapiens	2020-04-06	Saudi Arabia	B.1	EPI_ISL_678103
16	Homo sapiens	2020-04-13	Saudi Arabia	B.1.36	EPI_ISL_678104
16	Homo sapiens	2020-04-13	Saudi Arabia	B.1	EPI_ISL_678106
16	Homo sapiens	2020-04-13	Saudi Arabia	B.1.1	EPI_ISL_678107
16	Homo sapiens	2020-04-13	Saudi Arabia	B.1.260	EPI_ISL_678108
16	Homo sapiens	2020-04-13	Saudi Arabia	B.1	EPI_ISL_678109
16	Homo sapiens	2020-04-14	Saudi Arabia	B.1.260	EPI_ISL_678110
16	Homo sapiens	2020-04-14	Saudi Arabia	B.1	EPI_ISL_678111
16	Homo sapiens	2020-04-14	Saudi Arabia	B.1.260	EPI_ISL_678112
16	Homo sapiens	2020-04-14	Saudi Arabia	B.1.260	EPI_ISL_678114
16	Homo sapiens	2020-04-14	Saudi Arabia	B.1.260	EPI_ISL_678115
16	Homo sapiens	2020-04-14	Saudi Arabia	B.1.260	EPI_ISL_678118
15	Homo sapiens	2020-04-06	Saudi Arabia	B.1	EPI_ISL_678120
16	Homo sapiens	2020-04-14	Saudi Arabia	B.1	EPI_ISL_678122
17	Homo sapiens	2020-04-26	Saudi Arabia	B.1.260	EPI_ISL_678124
17	Homo sapiens	2020-04-26	Saudi Arabia	A	EPI_ISL_678125
15	Homo sapiens	2020-04-06	Saudi Arabia	B.1	EPI_ISL_678127
17	Homo sapiens	2020-04-26	Saudi Arabia	B.1.260	EPI_ISL_678128
17	Homo sapiens	2020-04-26	Saudi Arabia	B.1.260	EPI_ISL_678129
17	Homo sapiens	2020-04-26	Saudi Arabia	B.1.36	EPI_ISL_678131
17	Homo sapiens	2020-04-26	Saudi Arabia	A	EPI_ISL_678132
17	Homo sapiens	2020-04-26	Saudi Arabia	B.1.260	EPI_ISL_678133
17	Homo sapiens	2020-04-26	Saudi Arabia	B.1	EPI_ISL_678134
15	Homo sapiens	2020-04-06	Saudi Arabia	B.1	EPI_ISL_678135
15	Homo sapiens	2020-04-06	Saudi Arabia	B.1	EPI_ISL_678136
15	Homo sapiens	2020-04-06	Saudi Arabia	B.1.260	EPI_ISL_678138
15	Homo sapiens	2020-04-06	Saudi Arabia	B.1	EPI_ISL_678140
13	Homo sapiens	2020-03-26	Saudi Arabia	A	EPI_ISL_678141
16	Homo sapiens	2020-04-19	Saudi Arabia	B.1	EPI_ISL_678143
12	Homo sapiens	2020-03-21	Saudi Arabia	B.1	EPI_ISL_678144
17	Homo sapiens	2020-04-24	Saudi Arabia	B.1	EPI_ISL_678146
24	Homo sapiens	2020-06-10	Saudi Arabia	B.1.36.10	EPI_ISL_678152
25	Homo sapiens	2020-06-20	Saudi Arabia	B.1.36	EPI_ISL_678154
26	Homo sapiens	2020-06-27	Saudi Arabia	B.1.468	EPI_ISL_678156
26	Homo sapiens	2020-06-27	Saudi Arabia	B.1	EPI_ISL_678159
23	Homo sapiens	2020-06-05	Saudi Arabia	B.1.1	EPI_ISL_678188
25	Homo sapiens	2020-06-15	Saudi Arabia	B.1.36	EPI_ISL_678189
25	Homo sapiens	2020-06-15	Saudi Arabia	B.1.36	EPI_ISL_678190
23	Homo sapiens	2020-06-05	Saudi Arabia	B.1.1	EPI_ISL_678192
23	Homo sapiens	2020-06-05	Saudi Arabia	B.1	EPI_ISL_678194
23	Homo sapiens	2020-06-05	Saudi Arabia	A	EPI_ISL_678196
25	Homo sapiens	2020-06-15	Saudi Arabia	B.1.468	EPI_ISL_678197
25	Homo sapiens	2020-06-15	Saudi Arabia	B.1	EPI_ISL_678198
25	Homo sapiens	2020-06-15	Saudi Arabia	B.1.1.161	EPI_ISL_678199
25	Homo sapiens	2020-06-15	Saudi Arabia	B.1	EPI_ISL_678200
25	Homo sapiens	2020-06-15	Saudi Arabia	B.1.398	EPI_ISL_678201
25	Homo sapiens	2020-06-15	Saudi Arabia	B.1	EPI_ISL_678202
23	Homo sapiens	2020-06-05	Saudi Arabia	B.1	EPI_ISL_678203
25	Homo sapiens	2020-06-15	Saudi Arabia	B.1.260	EPI_ISL_678204
23	Homo sapiens	2020-06-05	Saudi Arabia	B.1.398	EPI_ISL_678206
23	Homo sapiens	2020-06-05	Saudi Arabia	B.1.36	EPI_ISL_678207
25	Homo sapiens	2020-06-15	Saudi Arabia	B.1	EPI_ISL_678208
23	Homo sapiens	2020-06-05	Saudi Arabia	B.1	EPI_ISL_678209
33	Homo sapiens	2020-08-11	Saudi Arabia	B.1.36.10	EPI_ISL_678213
31	Homo sapiens	2020-07-29	Saudi Arabia	B.1	EPI_ISL_678215
33	Homo sapiens	2020-08-11	Saudi Arabia	B.1	EPI_ISL_678216
31	Homo sapiens	2020-07-29	Saudi Arabia	B.1.36.10	EPI_ISL_678218
31	Homo sapiens	2020-07-29	Saudi Arabia	B.1.36	EPI_ISL_678219
29	Homo sapiens	2020-07-18	Saudi Arabia	B.1.260	EPI_ISL_678220
29	Homo sapiens	2020-07-18	Saudi Arabia	B.1	EPI_ISL_678222
29	Homo sapiens	2020-07-18	Saudi Arabia	B.1.36.10	EPI_ISL_678223
29	Homo sapiens	2020-07-18	Saudi Arabia	B.1.36.10	EPI_ISL_678225
26	Homo sapiens	2020-06-27	Saudi Arabia	B.1	EPI_ISL_678226
15	Homo sapiens	2020-04-06	Saudi Arabia	B.1	EPI_ISL_678231
27	Homo sapiens	2020-06-30	Saudi Arabia	B.1.36	EPI_ISL_678241
15	Homo sapiens	2020-04-08	Saudi Arabia	B.1	EPI_ISL_751224
34	Homo sapiens	2020-08-23	Saudi Arabia	B.1.36.10	EPI_ISL_751231
34	Homo sapiens	2020-08-23	Saudi Arabia	B.1.36.10	EPI_ISL_751233
29	Homo sapiens	2020-07-17	Saudi Arabia	B.1	EPI_ISL_751234
34	Homo sapiens	2020-08-23	Saudi Arabia	B.1.1	EPI_ISL_751235
34	Homo sapiens	2020-08-23	Saudi Arabia	B.1.1	EPI_ISL_751236
13	Homo sapiens	2020-03-23	Saudi Arabia	B.1	EPI_ISL_751237
68	Homo sapiens	2021-04-15	Saudi Arabia	B.1.1	EPI_ISL_2001099
68	Homo sapiens	2021-04-15	Saudi Arabia	B.1.351	MZ215961.1
68	Homo sapiens	2021-04-15	Saudi Arabia	B.1.1	MZ206430.1
68	Homo sapiens	2021-04-15	Saudi Arabia	B.1.1.419	EPI_ISL_2107507
68	Homo sapiens	2021-04-15	Saudi Arabia	B.1.351	EPI_ISL_2151337
68	Homo sapiens	2021-04-15	Saudi Arabia	B.1.1.7	EPI_ISL_2151336
69	Homo sapiens	2021-04-25	Saudi Arabia	B.1.1.7	EPI_ISL_3237048
69	Homo sapiens	2021-04-25	Saudi Arabia	B.1.1.7	EPI_ISL_3237047
69	Homo sapiens	2021-04-21	Saudi Arabia	B.1.1.419	EPI_ISL_3237050
67	Homo sapiens	2021-04-06	Saudi Arabia	B.1.1.7	EPI_ISL_3236930
48	Homo sapiens	2020-11-25	Saudi Arabia	B.1.1	MZ895659.1
48	Homo sapiens	2020-11-25	Saudi Arabia	B.1.1	MZ895660.1
48	Homo sapiens	2020-11-26	Saudi Arabia	B.1.1	MZ895661.1
53	Homo sapiens	2021-01-03	Saudi Arabia	B.1.1	MZ895662.1
54	Homo sapiens	2021-01-04	Saudi Arabia	B.1.1	MZ895663.1
51	Homo sapiens	2020-12-16	Saudi Arabia	B.1.1	MZ895664.1
51	Homo sapiens	2020-12-15	Saudi Arabia	C.17	MZ895665.1
51	Homo sapiens	2020-12-15	Saudi Arabia	C.17	MZ895666.1
49	Homo sapiens	2020-12-05	Saudi Arabia	B.1.1	MZ895667.1
50	Homo sapiens	2020-12-09	Saudi Arabia	B.1.1	MZ895668.1
50	Homo sapiens	2020-12-10	Saudi Arabia	B.1.1	MZ895669.1
59	Homo sapiens	2021-02-11	Saudi Arabia	B.1.1	MZ895673.1
59	Homo sapiens	2021-02-09	Saudi Arabia	A.28	MZ895674.1
59	Homo sapiens	2021-02-11	Saudi Arabia	B.1.1	MZ895675.1
59	Homo sapiens	2021-02-10	Saudi Arabia	B.1.1	MZ895676.1
59	Homo sapiens	2021-02-11	Saudi Arabia	B.1.1	MZ895677.1
59	Homo sapiens	2021-02-10	Saudi Arabia	B.1.1	MZ895678.1
59	Homo sapiens	2021-02-09	Saudi Arabia	B.1.1	MZ895679.1
59	Homo sapiens	2021-02-11	Saudi Arabia	B.1.1	MZ895680.1
59	Homo sapiens	2021-02-11	Saudi Arabia	A.28	MZ895681.1
59	Homo sapiens	2021-02-11	Saudi Arabia	B.1.1	MZ895682.1
61	Homo sapiens	2021-02-22	Saudi Arabia	B.1.1	MZ895683.1
59	Homo sapiens	2021-02-11	Saudi Arabia	B.1.1	MZ895684.1
59	Homo sapiens	2021-02-12	Saudi Arabia	B.1.1	MZ895685.1
59	Homo sapiens	2021-02-10	Saudi Arabia	B.1.1	MZ895687.1
59	Homo sapiens	2021-02-12	Saudi Arabia	B.1.1	MZ895688.1
59	Homo sapiens	2021-02-12	Saudi Arabia	B.1.1	MZ895689.1
59	Homo sapiens	2021-02-09	Saudi Arabia	B.1.1	MZ895690.1
59	Homo sapiens	2021-02-11	Saudi Arabia	B.1.1	MZ895691.1
59	Homo sapiens	2021-02-09	Saudi Arabia	B.1.1	MZ895692.1
58	Homo sapiens	2021-02-06	Saudi Arabia	B.1	MZ895693.1
59	Homo sapiens	2021-02-09	Saudi Arabia	B.1.1	MZ895694.1
59	Homo sapiens	2021-02-13	Saudi Arabia	B.1.1	MZ895696.1
59	Homo sapiens	2021-02-08	Saudi Arabia	B.1.1	MZ895697.1
59	Homo sapiens	2021-02-14	Saudi Arabia	B.1.1	MZ895698.1
58	Homo sapiens	2021-02-07	Saudi Arabia	B.1.1	MZ895699.1
59	Homo sapiens	2021-02-10	Saudi Arabia	B.1.1	MZ895700.1
58	Homo sapiens	2021-02-07	Saudi Arabia	B.1.1	MZ895701.1
58	Homo sapiens	2021-02-07	Saudi Arabia	B.1.1	MZ895702.1
58	Homo sapiens	2021-02-06	Saudi Arabia	B.1.1	MZ895703.1
60	Homo sapiens	2021-02-17	Saudi Arabia	B.1.1	MZ895704.1
59	Homo sapiens	2021-02-09	Saudi Arabia	B.1.1	MZ895705.1
59	Homo sapiens	2021-02-09	Saudi Arabia	B.1.1	MZ895706.1
59	Homo sapiens	2021-02-09	Saudi Arabia	B.1.1	MZ895707.1
60	Homo sapiens	2021-02-17	Saudi Arabia	B.1	MZ895708.1
55	Homo sapiens	2021-01-11	Saudi Arabia	B.1.1	MZ895709.1
59	Homo sapiens	2021-02-10	Saudi Arabia	B.1.1	MZ895710.1
60	Homo sapiens	2021-02-16	Saudi Arabia	B.1.1	MZ895711.1
58	Homo sapiens	2021-02-07	Saudi Arabia	B.1.1	MZ895712.1
59	Homo sapiens	2021-02-10	Saudi Arabia	B.1.1	MZ895714.1
59	Homo sapiens	2021-02-08	Saudi Arabia	B.1.1	MZ895715.1
60	Homo sapiens	2021-02-16	Saudi Arabia	B.1.1	MZ895716.1
58	Homo sapiens	2021-02-06	Saudi Arabia	B.1.1	MZ895717.1
59	Homo sapiens	2021-02-08	Saudi Arabia	A.28	MZ895718.1
59	Homo sapiens	2021-02-08	Saudi Arabia	B.1.1	MZ895719.1
58	Homo sapiens	2021-02-07	Saudi Arabia	B.1.1	MZ895720.1
58	Homo sapiens	2021-02-07	Saudi Arabia	B.1.1	MZ895721.1
59	Homo sapiens	2021-02-13	Saudi Arabia	B.1.1	MZ895722.1
59	Homo sapiens	2021-02-11	Saudi Arabia	B.1.1	MZ895723.1
58	Homo sapiens	2021-02-07	Saudi Arabia	B.1.1	MZ895725.1
59	Homo sapiens	2021-02-09	Saudi Arabia	B.1.1	MZ895726.1
59	Homo sapiens	2021-02-08	Saudi Arabia	B.1.1	MZ895727.1
59	Homo sapiens	2021-02-13	Saudi Arabia	B.1	MZ895728.1
59	Homo sapiens	2021-02-10	Saudi Arabia	B.1.1	MZ895729.1
59	Homo sapiens	2021-02-12	Saudi Arabia	B.1.1	MZ895730.1
59	Homo sapiens	2021-02-13	Saudi Arabia	B.1.1	MZ895731.1
59	Homo sapiens	2021-02-13	Saudi Arabia	B.1.1	MZ895732.1
59	Homo sapiens	2021-02-10	Saudi Arabia	B.1	MZ895733.1
59	Homo sapiens	2021-02-08	Saudi Arabia	B.1.1	MZ895734.1
59	Homo sapiens	2021-02-11	Saudi Arabia	A.28	MZ895735.1
59	Homo sapiens	2021-02-14	Saudi Arabia	B.1.1	MZ895736.1
61	Homo sapiens	2021-02-22	Saudi Arabia	B.1.1	MZ895737.1
59	Homo sapiens	2021-02-08	Saudi Arabia	B.1.1	MZ895738.1
58	Homo sapiens	2021-02-07	Saudi Arabia	B.1.1	MZ895739.1
60	Homo sapiens	2021-02-17	Saudi Arabia	B.1.1	MZ895740.1
57	Homo sapiens	2021-01-31	Saudi Arabia	B.1.1	MZ895741.1
57	Homo sapiens	2021-01-31	Saudi Arabia	B.1.1	MZ895742.1
59	Homo sapiens	2021-02-11	Saudi Arabia	B.1.1	MZ895744.1
59	Homo sapiens	2021-02-08	Saudi Arabia	B.1.1	MZ895745.1
58	Homo sapiens	2021-02-07	Saudi Arabia	B.1.1	MZ895746.1
59	Homo sapiens	2021-02-14	Saudi Arabia	B.1.1	MZ895748.1
61	Homo sapiens	2021-02-22	Saudi Arabia	B.1.1	MZ895749.1
59	Homo sapiens	2021-02-14	Saudi Arabia	B.1.1	MZ895750.1
59	Homo sapiens	2021-02-08	Saudi Arabia	B.1.1	MZ895751.1
61	Homo sapiens	2021-02-22	Saudi Arabia	B.1.1	MZ895752.1
59	Homo sapiens	2021-02-10	Saudi Arabia	B.1.1	MZ895753.1
60	Homo sapiens	2021-02-21	Saudi Arabia	B.1.1	MZ895754.1
56	Homo sapiens	2021-01-21	Saudi Arabia	B.1.1	MZ895755.1
58	Homo sapiens	2021-02-07	Saudi Arabia	B.1.1	MZ895756.1
59	Homo sapiens	2021-02-09	Saudi Arabia	B.1.1	MZ895757.1
59	Homo sapiens	2021-02-10	Saudi Arabia	B.1.1	MZ895758.1
59	Homo sapiens	2021-02-13	Saudi Arabia	B.1.1	MZ895759.1
60	Homo sapiens	2021-02-16	Saudi Arabia	B.1.1	MZ895760.1
59	Homo sapiens	2021-02-10	Saudi Arabia	B.1.1	MZ895761.1
57	Homo sapiens	2021-01-31	Saudi Arabia	B.1.1	MZ895763.1
59	Homo sapiens	2021-02-10	Saudi Arabia	B.1.1	MZ895765.1
59	Homo sapiens	2021-02-10	Saudi Arabia	B.1.1	MZ895766.1
59	Homo sapiens	2021-02-08	Saudi Arabia	B.1.1	MZ895767.1
61	Homo sapiens	2021-02-22	Saudi Arabia	B.1.1	MZ895768.1
59	Homo sapiens	2021-02-14	Saudi Arabia	B.1.1	MZ895769.1
60	Homo sapiens	2021-02-15	Saudi Arabia	B.1.1	MZ895770.1
61	Homo sapiens	2021-02-22	Saudi Arabia	B.1.1	MZ895771.1
57	Homo sapiens	2021-01-31	Saudi Arabia	B.1.1	MZ895772.1
57	Homo sapiens	2021-01-31	Saudi Arabia	B.1.1	MZ895773.1
59	Homo sapiens	2021-02-09	Saudi Arabia	B.1.1	MZ895774.1
59	Homo sapiens	2021-02-11	Saudi Arabia	B.1.1	MZ895775.1
61	Homo sapiens	2021-02-22	Saudi Arabia	B.1.1.189	MZ895776.1
57	Homo sapiens	2021-01-31	Saudi Arabia	B.1.1	MZ895778.1
59	Homo sapiens	2021-02-10	Saudi Arabia	B.1.1	MZ895779.1
57	Homo sapiens	2021-01-31	Saudi Arabia	B.1.1	MZ895780.1
61	Homo sapiens	2021-02-22	Saudi Arabia	B.1.1	MZ895781.1
60	Homo sapiens	2021-02-21	Saudi Arabia	B.1.1	MZ895782.1
59	Homo sapiens	2021-02-13	Saudi Arabia	B.1.1	MZ895783.1
60	Homo sapiens	2021-02-16	Saudi Arabia	B.1.1	MZ895784.1
59	Homo sapiens	2021-02-13	Saudi Arabia	B.1.1	MZ895785.1
58	Homo sapiens	2021-02-01	Saudi Arabia	B.1.1	MZ895786.1
49	Homo sapiens	2020-12-03	Saudi Arabia	B.1.1	MZ895787.1
51	Homo sapiens	2020-12-19	Saudi Arabia	B.1.1	MZ895788.1
32	Homo sapiens	2020-08-04	Saudi Arabia	A	EPI_ISL_512922
32	Homo sapiens	2020-08-04	Saudi Arabia	B.1	EPI_ISL_512927
32	Homo sapiens	2020-08-04	Saudi Arabia	A	EPI_ISL_512923
32	Homo sapiens	2020-08-04	Saudi Arabia	B.1	EPI_ISL_512921
26	Homo sapiens	2020-06-23	Saudi Arabia	B.1.1.161	EPI_ISL_512891
26	Homo sapiens	2020-06-23	Saudi Arabia	B.1.36	EPI_ISL_512882
26	Homo sapiens	2020-06-23	Saudi Arabia	B.1.260	EPI_ISL_512902
26	Homo sapiens	2020-06-23	Saudi Arabia	B.1.1.371	EPI_ISL_513071
26	Homo sapiens	2020-06-23	Saudi Arabia	B.1.260	EPI_ISL_512883
26	Homo sapiens	2020-06-23	Saudi Arabia	B.1.1	EPI_ISL_512890
26	Homo sapiens	2020-06-23	Saudi Arabia	B.1.1.409	EPI_ISL_512906
26	Homo sapiens	2020-06-23	Saudi Arabia	B.1.1.409	EPI_ISL_513072
26	Homo sapiens	2020-06-23	Saudi Arabia	B.1.1.161	EPI_ISL_512901
26	Homo sapiens	2020-06-23	Saudi Arabia	B.1.1.161	EPI_ISL_512894
26	Homo sapiens	2020-06-23	Saudi Arabia	B.1.1	EPI_ISL_512899
26	Homo sapiens	2020-06-23	Saudi Arabia	B.1.36	EPI_ISL_512900
26	Homo sapiens	2020-06-23	Saudi Arabia	B.1.1	EPI_ISL_512898
26	Homo sapiens	2020-06-23	Saudi Arabia	B	EPI_ISL_512875
26	Homo sapiens	2020-06-23	Saudi Arabia	B.1.260	EPI_ISL_512877
26	Homo sapiens	2020-06-23	Saudi Arabia	B.1.1.161	EPI_ISL_512897
26	Homo sapiens	2020-06-23	Saudi Arabia	B.1.1.161	EPI_ISL_512876
26	Homo sapiens	2020-06-23	Saudi Arabia	B.1	EPI_ISL_512892
26	Homo sapiens	2020-06-23	Saudi Arabia	B.1.260	EPI_ISL_512895
26	Homo sapiens	2020-06-23	Saudi Arabia	B.1	EPI_ISL_512874
26	Homo sapiens	2020-06-23	Saudi Arabia	B.1.1	EPI_ISL_512904
26	Homo sapiens	2020-06-23	Saudi Arabia	B.1.1	EPI_ISL_512907
26	Homo sapiens	2020-06-23	Saudi Arabia	B.1.1.161	EPI_ISL_512893
25	Homo sapiens	2020-06-19	Saudi Arabia	B.1.36	EPI_ISL_513075
25	Homo sapiens	2020-06-17	Saudi Arabia	B.1.1.161	EPI_ISL_512886
25	Homo sapiens	2020-06-17	Saudi Arabia	B.1.260	EPI_ISL_513063
25	Homo sapiens	2020-06-17	Saudi Arabia	B.1.1.161	EPI_ISL_512903
25	Homo sapiens	2020-06-17	Saudi Arabia	B.1.1.161	EPI_ISL_512889
25	Homo sapiens	2020-06-17	Saudi Arabia	B.1.1.161	EPI_ISL_512885
25	Homo sapiens	2020-06-17	Saudi Arabia	B.1.1	EPI_ISL_512905
25	Homo sapiens	2020-06-17	Saudi Arabia	B.1.1	EPI_ISL_513067
25	Homo sapiens	2020-06-17	Saudi Arabia	B.1.1	EPI_ISL_513068
25	Homo sapiens	2020-06-17	Saudi Arabia	B.1.1.371	EPI_ISL_513070
25	Homo sapiens	2020-06-17	Saudi Arabia	B.1.1.161	EPI_ISL_512880
25	Homo sapiens	2020-06-17	Saudi Arabia	B.1.1	EPI_ISL_512884
25	Homo sapiens	2020-06-17	Saudi Arabia	B.1.1.161	EPI_ISL_513066
25	Homo sapiens	2020-06-17	Saudi Arabia	B.1	EPI_ISL_512881
25	Homo sapiens	2020-06-17	Saudi Arabia	B.1.36	EPI_ISL_512888
25	Homo sapiens	2020-06-17	Saudi Arabia	B.1.1.371	EPI_ISL_513069
25	Homo sapiens	2020-06-17	Saudi Arabia	B.1.36	EPI_ISL_512879
25	Homo sapiens	2020-06-17	Saudi Arabia	B.1	EPI_ISL_512887
25	Homo sapiens	2020-06-17	Saudi Arabia	B.1.1	EPI_ISL_512896
25	Homo sapiens	2020-06-17	Saudi Arabia	B.1.36	EPI_ISL_512878
24	Homo sapiens	2020-06-13	Saudi Arabia	B.1.36	EPI_ISL_513080
24	Homo sapiens	2020-06-13	Saudi Arabia	B.1.36	EPI_ISL_513105
24	Homo sapiens	2020-06-13	Saudi Arabia	B.1.260	EPI_ISL_513082
24	Homo sapiens	2020-06-13	Saudi Arabia	B.1	EPI_ISL_513109
24	Homo sapiens	2020-06-13	Saudi Arabia	B.1.260	EPI_ISL_513086
24	Homo sapiens	2020-06-13	Saudi Arabia	B.1.36	EPI_ISL_513099
24	Homo sapiens	2020-06-13	Saudi Arabia	B.1.466	EPI_ISL_513076
24	Homo sapiens	2020-06-13	Saudi Arabia	B.1.36	EPI_ISL_513074
24	Homo sapiens	2020-06-13	Saudi Arabia	B.1	EPI_ISL_513087
24	Homo sapiens	2020-06-13	Saudi Arabia	B.1.36	EPI_ISL_513103
24	Homo sapiens	2020-06-13	Saudi Arabia	B.1.36	EPI_ISL_513083
24	Homo sapiens	2020-06-13	Saudi Arabia	B.1.36	EPI_ISL_513104
24	Homo sapiens	2020-06-13	Saudi Arabia	B.1.36	EPI_ISL_513107
24	Homo sapiens	2020-06-13	Saudi Arabia	B.1.36	EPI_ISL_513078
24	Homo sapiens	2020-06-13	Saudi Arabia	B.1	EPI_ISL_513079
24	Homo sapiens	2020-06-13	Saudi Arabia	B.1.36.10	EPI_ISL_513081
24	Homo sapiens	2020-06-13	Saudi Arabia	B.1.36.10	EPI_ISL_513085
24	Homo sapiens	2020-06-13	Saudi Arabia	B.1	EPI_ISL_513108
24	Homo sapiens	2020-06-13	Saudi Arabia	B.1	EPI_ISL_513077
24	Homo sapiens	2020-06-13	Saudi Arabia	B.1.36	EPI_ISL_513106
24	Homo sapiens	2020-06-11	Saudi Arabia	B.1.260	EPI_ISL_513114
24	Homo sapiens	2020-06-11	Saudi Arabia	B.1	EPI_ISL_513112
24	Homo sapiens	2020-06-11	Saudi Arabia	B.1	EPI_ISL_513097
24	Homo sapiens	2020-06-11	Saudi Arabia	B.1.36	EPI_ISL_513119
24	Homo sapiens	2020-06-11	Saudi Arabia	B.1.36	EPI_ISL_513090
24	Homo sapiens	2020-06-11	Saudi Arabia	B.1.260	EPI_ISL_513100
24	Homo sapiens	2020-06-11	Saudi Arabia	B.1.36	EPI_ISL_513101
24	Homo sapiens	2020-06-11	Saudi Arabia	B.1	EPI_ISL_513096
24	Homo sapiens	2020-06-11	Saudi Arabia	B.1.36	EPI_ISL_513102
24	Homo sapiens	2020-06-11	Saudi Arabia	B.1.36	EPI_ISL_513094
24	Homo sapiens	2020-06-11	Saudi Arabia	B.1.36	EPI_ISL_513092
24	Homo sapiens	2020-06-11	Saudi Arabia	B.1	EPI_ISL_513073
24	Homo sapiens	2020-06-11	Saudi Arabia	B.1	EPI_ISL_513111
24	Homo sapiens	2020-06-11	Saudi Arabia	B.1.36	EPI_ISL_513118
24	Homo sapiens	2020-06-11	Saudi Arabia	B.1.36	EPI_ISL_513091
24	Homo sapiens	2020-06-11	Saudi Arabia	B.1.36	EPI_ISL_513093
24	Homo sapiens	2020-06-11	Saudi Arabia	B.1.36	EPI_ISL_513098
24	Homo sapiens	2020-06-11	Saudi Arabia	B.1.36	EPI_ISL_513120
24	Homo sapiens	2020-06-11	Saudi Arabia	B.1	EPI_ISL_513089
24	Homo sapiens	2020-06-11	Saudi Arabia	B.1.36	EPI_ISL_513116
24	Homo sapiens	2020-06-11	Saudi Arabia	B.1.36	EPI_ISL_513117
24	Homo sapiens	2020-06-11	Saudi Arabia	B.1	EPI_ISL_513113
23	Homo sapiens	2020-06-03	Saudi Arabia	B.1.468	EPI_ISL_513115
22	Homo sapiens	2020-05-27	Saudi Arabia	B.1.36	EPI_ISL_513095
22	Homo sapiens	2020-05-27	Saudi Arabia	B.1.1.161	EPI_ISL_513192
22	Homo sapiens	2020-05-26	Saudi Arabia	B.1.36	EPI_ISL_513191
22	Homo sapiens	2020-05-26	Saudi Arabia	B.1	EPI_ISL_513201
22	Homo sapiens	2020-05-26	Saudi Arabia	B.1.260	EPI_ISL_513190
22	Homo sapiens	2020-05-26	Saudi Arabia	B.1	EPI_ISL_513197
22	Homo sapiens	2020-05-26	Saudi Arabia	B.1.260	EPI_ISL_513200
22	Homo sapiens	2020-05-26	Saudi Arabia	B.1	EPI_ISL_513203
22	Homo sapiens	2020-05-26	Saudi Arabia	B.1.260	EPI_ISL_513194
22	Homo sapiens	2020-05-26	Saudi Arabia	B.1	EPI_ISL_513199
22	Homo sapiens	2020-05-26	Saudi Arabia	B.1	EPI_ISL_513204
22	Homo sapiens	2020-05-26	Saudi Arabia	B.1.36	EPI_ISL_513213
22	Homo sapiens	2020-05-26	Saudi Arabia	B.1.260	EPI_ISL_513210
22	Homo sapiens	2020-05-26	Saudi Arabia	B.1.36.10	EPI_ISL_513202
22	Homo sapiens	2020-05-26	Saudi Arabia	B.1.1	EPI_ISL_513196
22	Homo sapiens	2020-05-26	Saudi Arabia	B.1.36.10	EPI_ISL_513193
22	Homo sapiens	2020-05-26	Saudi Arabia	B.1.36	EPI_ISL_513207
21	Homo sapiens	2020-05-24	Saudi Arabia	B.1.533	EPI_ISL_513039
21	Homo sapiens	2020-05-24	Saudi Arabia	B.1.1	EPI_ISL_513035
21	Homo sapiens	2020-05-24	Saudi Arabia	B.1.36	EPI_ISL_513028
21	Homo sapiens	2020-05-24	Saudi Arabia	B.1.1.161	EPI_ISL_513008
21	Homo sapiens	2020-05-24	Saudi Arabia	B.1.1.161	EPI_ISL_513017
21	Homo sapiens	2020-05-24	Saudi Arabia	B.1.1	EPI_ISL_513022
21	Homo sapiens	2020-05-24	Saudi Arabia	B.1.1.161	EPI_ISL_513003
21	Homo sapiens	2020-05-24	Saudi Arabia	B.1.1.161	EPI_ISL_513019
21	Homo sapiens	2020-05-24	Saudi Arabia	B.1.260	EPI_ISL_513016
21	Homo sapiens	2020-05-24	Saudi Arabia	B.1.1.161	EPI_ISL_513012
21	Homo sapiens	2020-05-24	Saudi Arabia	B.1.260	EPI_ISL_513040
21	Homo sapiens	2020-05-24	Saudi Arabia	B.1.1	EPI_ISL_513025
21	Homo sapiens	2020-05-24	Saudi Arabia	B.1.533	EPI_ISL_513037
21	Homo sapiens	2020-05-24	Saudi Arabia	B.1.260	EPI_ISL_513002
21	Homo sapiens	2020-05-24	Saudi Arabia	B.1.1	EPI_ISL_513029
21	Homo sapiens	2020-05-24	Saudi Arabia	B.1.260	EPI_ISL_513010
21	Homo sapiens	2020-05-24	Saudi Arabia	B.1.1.161	EPI_ISL_513036
21	Homo sapiens	2020-05-24	Saudi Arabia	B.1.1	EPI_ISL_513023
21	Homo sapiens	2020-05-24	Saudi Arabia	B.1.1.161	EPI_ISL_513004
21	Homo sapiens	2020-05-24	Saudi Arabia	B.1.1.161	EPI_ISL_513027
21	Homo sapiens	2020-05-24	Saudi Arabia	B.1.1.161	EPI_ISL_513021
21	Homo sapiens	2020-05-24	Saudi Arabia	B.1	EPI_ISL_513006
21	Homo sapiens	2020-05-24	Saudi Arabia	B.1.1.161	EPI_ISL_513026
21	Homo sapiens	2020-05-24	Saudi Arabia	B.1	EPI_ISL_513009
21	Homo sapiens	2020-05-24	Saudi Arabia	B.1	EPI_ISL_513024
21	Homo sapiens	2020-05-24	Saudi Arabia	B.1.36	EPI_ISL_513034
21	Homo sapiens	2020-05-24	Saudi Arabia	B.1.36	EPI_ISL_513033
21	Homo sapiens	2020-05-24	Saudi Arabia	B	EPI_ISL_513020
21	Homo sapiens	2020-05-24	Saudi Arabia	B.1.1.161	EPI_ISL_513014
21	Homo sapiens	2020-05-24	Saudi Arabia	B.1	EPI_ISL_513038
21	Homo sapiens	2020-05-24	Saudi Arabia	B.1.260	EPI_ISL_513015
21	Homo sapiens	2020-05-24	Saudi Arabia	B.1	EPI_ISL_513032
21	Homo sapiens	2020-05-24	Saudi Arabia	B.1	EPI_ISL_513018
21	Homo sapiens	2020-05-24	Saudi Arabia	B.1	EPI_ISL_513005
20	Homo sapiens	2020-05-12	Saudi Arabia	B.1	EPI_ISL_513211
20	Homo sapiens	2020-05-12	Saudi Arabia	B.1.1.161	EPI_ISL_513198
20	Homo sapiens	2020-05-12	Saudi Arabia	B.1.1	EPI_ISL_513195
20	Homo sapiens	2020-05-12	Saudi Arabia	B.1	EPI_ISL_513205
20	Homo sapiens	2020-05-12	Saudi Arabia	B.1.36	EPI_ISL_513208
20	Homo sapiens	2020-05-12	Saudi Arabia	B.1	EPI_ISL_513206
20	Homo sapiens	2020-05-12	Saudi Arabia	B.1.260	EPI_ISL_513209
19	Homo sapiens	2020-05-08	Saudi Arabia	B.1.260	EPI_ISL_513174
19	Homo sapiens	2020-05-08	Saudi Arabia	A	EPI_ISL_513178
19	Homo sapiens	2020-05-08	Saudi Arabia	B.1	EPI_ISL_513177
19	Homo sapiens	2020-05-06	Saudi Arabia	B.1	EPI_ISL_513170
19	Homo sapiens	2020-05-06	Saudi Arabia	B.1.260	EPI_ISL_513172
19	Homo sapiens	2020-05-06	Saudi Arabia	B.1	EPI_ISL_513171
19	Homo sapiens	2020-05-04	Saudi Arabia	B.1	EPI_ISL_512990
19	Homo sapiens	2020-05-04	Saudi Arabia	B.1	EPI_ISL_512992
19	Homo sapiens	2020-05-04	Saudi Arabia	B.1	EPI_ISL_512991
18	Homo sapiens	2020-05-01	Saudi Arabia	B.1	EPI_ISL_513176
18	Homo sapiens	2020-04-30	Saudi Arabia	B.1	EPI_ISL_513181
18	Homo sapiens	2020-04-30	Saudi Arabia	B.1.1	EPI_ISL_512966
18	Homo sapiens	2020-04-30	Saudi Arabia	B.1.1	EPI_ISL_512954
18	Homo sapiens	2020-04-30	Saudi Arabia	B.1.1.161	EPI_ISL_512986
18	Homo sapiens	2020-04-30	Saudi Arabia	B.1.36.10	EPI_ISL_513168
18	Homo sapiens	2020-04-30	Saudi Arabia	B.1	EPI_ISL_513175
18	Homo sapiens	2020-04-30	Saudi Arabia	B.1	EPI_ISL_512970
18	Homo sapiens	2020-04-30	Saudi Arabia	B.1.533	EPI_ISL_512969
18	Homo sapiens	2020-04-29	Saudi Arabia	B.1.1.409	EPI_ISL_512975
18	Homo sapiens	2020-04-29	Saudi Arabia	B.1.1.161	EPI_ISL_512988
18	Homo sapiens	2020-04-29	Saudi Arabia	B.1	EPI_ISL_512974
18	Homo sapiens	2020-04-29	Saudi Arabia	B.1.1	EPI_ISL_512972
18	Homo sapiens	2020-04-28	Saudi Arabia	B.1.1	EPI_ISL_512955
17	Homo sapiens	2020-04-26	Saudi Arabia	B.1	EPI_ISL_513169
17	Homo sapiens	2020-04-24	Saudi Arabia	B.1	EPI_ISL_513254
17	Homo sapiens	2020-04-24	Saudi Arabia	B.1.36	EPI_ISL_513253
17	Homo sapiens	2020-04-24	Saudi Arabia	B.1	EPI_ISL_513150
17	Homo sapiens	2020-04-24	Saudi Arabia	B.1	EPI_ISL_513262
17	Homo sapiens	2020-04-24	Saudi Arabia	B.1.260	EPI_ISL_513250
17	Homo sapiens	2020-04-24	Saudi Arabia	B.1	EPI_ISL_513261
17	Homo sapiens	2020-04-24	Saudi Arabia	B.1	EPI_ISL_513239
17	Homo sapiens	2020-04-24	Saudi Arabia	A	EPI_ISL_513248
17	Homo sapiens	2020-04-24	Saudi Arabia	B.1.36	EPI_ISL_513251
17	Homo sapiens	2020-04-24	Saudi Arabia	B.1.260	EPI_ISL_513252
17	Homo sapiens	2020-04-24	Saudi Arabia	B.1.36	EPI_ISL_513249
17	Homo sapiens	2020-04-24	Saudi Arabia	B.1.36	EPI_ISL_513151
17	Homo sapiens	2020-04-24	Saudi Arabia	B.1	EPI_ISL_513153
17	Homo sapiens	2020-04-24	Saudi Arabia	B.1	EPI_ISL_513259
17	Homo sapiens	2020-04-24	Saudi Arabia	B.1	EPI_ISL_513257
17	Homo sapiens	2020-04-24	Saudi Arabia	B.1	EPI_ISL_513260
17	Homo sapiens	2020-04-24	Saudi Arabia	B.1	EPI_ISL_513255
17	Homo sapiens	2020-04-24	Saudi Arabia	B.1.36	EPI_ISL_513143
17	Homo sapiens	2020-04-24	Saudi Arabia	B.1	EPI_ISL_513263
17	Homo sapiens	2020-04-24	Saudi Arabia	B.1.468	EPI_ISL_513146
17	Homo sapiens	2020-04-24	Saudi Arabia	B.1	EPI_ISL_513145
17	Homo sapiens	2020-04-24	Saudi Arabia	B.1.36	EPI_ISL_513149
17	Homo sapiens	2020-04-24	Saudi Arabia	B.1	EPI_ISL_513258
17	Homo sapiens	2020-04-24	Saudi Arabia	B.1	EPI_ISL_513132
17	Homo sapiens	2020-04-24	Saudi Arabia	B.1	EPI_ISL_513144
17	Homo sapiens	2020-04-24	Saudi Arabia	B.1	EPI_ISL_513148
17	Homo sapiens	2020-04-24	Saudi Arabia	B.1	EPI_ISL_513133
17	Homo sapiens	2020-04-24	Saudi Arabia	B.1	EPI_ISL_513264
17	Homo sapiens	2020-04-23	Saudi Arabia	B.1	EPI_ISL_512984
17	Homo sapiens	2020-04-23	Saudi Arabia	B.1	EPI_ISL_512945
17	Homo sapiens	2020-04-23	Saudi Arabia	B.1	EPI_ISL_512951
17	Homo sapiens	2020-04-23	Saudi Arabia	B.1.36	EPI_ISL_512952
17	Homo sapiens	2020-04-23	Saudi Arabia	B.1.1	EPI_ISL_512946
17	Homo sapiens	2020-04-23	Saudi Arabia	A	EPI_ISL_512948
17	Homo sapiens	2020-04-23	Saudi Arabia	B.1	EPI_ISL_513138
17	Homo sapiens	2020-04-23	Saudi Arabia	B.1	EPI_ISL_513157
17	Homo sapiens	2020-04-23	Saudi Arabia	B.1.471	EPI_ISL_512983
17	Homo sapiens	2020-04-23	Saudi Arabia	B.1.36	EPI_ISL_513139
17	Homo sapiens	2020-04-23	Saudi Arabia	B.1	EPI_ISL_513141
17	Homo sapiens	2020-04-23	Saudi Arabia	B.1	EPI_ISL_512953
17	Homo sapiens	2020-04-23	Saudi Arabia	B.1	EPI_ISL_513134
17	Homo sapiens	2020-04-23	Saudi Arabia	B.1	EPI_ISL_512947
17	Homo sapiens	2020-04-23	Saudi Arabia	B.1	EPI_ISL_512976
17	Homo sapiens	2020-04-23	Saudi Arabia	B.1	EPI_ISL_513135
17	Homo sapiens	2020-04-23	Saudi Arabia	B.1	EPI_ISL_512949
17	Homo sapiens	2020-04-23	Saudi Arabia	B.1.260	EPI_ISL_513142
17	Homo sapiens	2020-04-23	Saudi Arabia	B.1	EPI_ISL_513156
17	Homo sapiens	2020-04-23	Saudi Arabia	B.1	EPI_ISL_513136
17	Homo sapiens	2020-04-23	Saudi Arabia	B.1	EPI_ISL_512950
17	Homo sapiens	2020-04-23	Saudi Arabia	B.1.260	EPI_ISL_512973
17	Homo sapiens	2020-04-22	Saudi Arabia	B.1	EPI_ISL_512963
17	Homo sapiens	2020-04-21	Saudi Arabia	B.1	EPI_ISL_512957
17	Homo sapiens	2020-04-21	Saudi Arabia	B.1.1	EPI_ISL_512980
17	Homo sapiens	2020-04-21	Saudi Arabia	B.1.1.161	EPI_ISL_512977
17	Homo sapiens	2020-04-21	Saudi Arabia	B.1.533	EPI_ISL_512956
17	Homo sapiens	2020-04-21	Saudi Arabia	B.1	EPI_ISL_513216
17	Homo sapiens	2020-04-21	Saudi Arabia	B.1.36	EPI_ISL_513214
17	Homo sapiens	2020-04-21	Saudi Arabia	B.1.36	EPI_ISL_513219
17	Homo sapiens	2020-04-21	Saudi Arabia	B.1.36	EPI_ISL_513215
17	Homo sapiens	2020-04-21	Saudi Arabia	B.1	EPI_ISL_512959
17	Homo sapiens	2020-04-21	Saudi Arabia	B.1	EPI_ISL_513173
17	Homo sapiens	2020-04-21	Saudi Arabia	B.1.471	EPI_ISL_512981
17	Homo sapiens	2020-04-21	Saudi Arabia	B.1	EPI_ISL_513221
17	Homo sapiens	2020-04-21	Saudi Arabia	B.1.1	EPI_ISL_512979
17	Homo sapiens	2020-04-21	Saudi Arabia	B.1	EPI_ISL_512982
17	Homo sapiens	2020-04-21	Saudi Arabia	B.1	EPI_ISL_513226
17	Homo sapiens	2020-04-21	Saudi Arabia	B.1.36.9	EPI_ISL_513222
17	Homo sapiens	2020-04-21	Saudi Arabia	B.1	EPI_ISL_513161
17	Homo sapiens	2020-04-20	Saudi Arabia	B.1	EPI_ISL_513158
17	Homo sapiens	2020-04-20	Saudi Arabia	B.1	EPI_ISL_513159
16	Homo sapiens	2020-04-18	Saudi Arabia	B.1.260	EPI_ISL_513234
16	Homo sapiens	2020-04-18	Saudi Arabia	B.1.36	EPI_ISL_513242
16	Homo sapiens	2020-04-18	Saudi Arabia	B.1	EPI_ISL_513246
16	Homo sapiens	2020-04-18	Saudi Arabia	B.1.36	EPI_ISL_513241
16	Homo sapiens	2020-04-18	Saudi Arabia	B.1.260	EPI_ISL_513238
16	Homo sapiens	2020-04-18	Saudi Arabia	B.1.260	EPI_ISL_513244
16	Homo sapiens	2020-04-18	Saudi Arabia	B.1.36	EPI_ISL_513247
16	Homo sapiens	2020-04-18	Saudi Arabia	B.1.36	EPI_ISL_513235
16	Homo sapiens	2020-04-18	Saudi Arabia	B.1.36	EPI_ISL_513243
16	Homo sapiens	2020-04-18	Saudi Arabia	B.1.260	EPI_ISL_513236
16	Homo sapiens	2020-04-18	Saudi Arabia	B.1.36	EPI_ISL_513245
16	Homo sapiens	2020-04-18	Saudi Arabia	B.1.260	EPI_ISL_513240
16	Homo sapiens	2020-04-16	Saudi Arabia	B.1	EPI_ISL_513229
16	Homo sapiens	2020-04-16	Saudi Arabia	B.1	EPI_ISL_513228
16	Homo sapiens	2020-04-16	Saudi Arabia	B.1	EPI_ISL_513230
16	Homo sapiens	2020-04-16	Saudi Arabia	B.1	EPI_ISL_512943
16	Homo sapiens	2020-04-16	Saudi Arabia	B.1	EPI_ISL_512941
16	Homo sapiens	2020-04-16	Saudi Arabia	B.1	EPI_ISL_512942
16	Homo sapiens	2020-04-15	Saudi Arabia	B.1	EPI_ISL_512919
16	Homo sapiens	2020-04-15	Saudi Arabia	B.1	EPI_ISL_512913
16	Homo sapiens	2020-04-15	Saudi Arabia	B.1	EPI_ISL_512918
16	Homo sapiens	2020-04-15	Saudi Arabia	B.1	EPI_ISL_512909
15	Homo sapiens	2020-04-12	Saudi Arabia	B.1	EPI_ISL_513162
15	Homo sapiens	2020-04-12	Saudi Arabia	B.1	EPI_ISL_513163
15	Homo sapiens	2020-04-09	Saudi Arabia	B.1	EPI_ISL_512936
15	Homo sapiens	2020-04-09	Saudi Arabia	B.1.471	EPI_ISL_512935
15	Homo sapiens	2020-04-09	Saudi Arabia	B.1.533	EPI_ISL_512937
15	Homo sapiens	2020-04-08	Saudi Arabia	B.1	EPI_ISL_512934
15	Homo sapiens	2020-04-08	Saudi Arabia	B.1	EPI_ISL_512931
15	Homo sapiens	2020-04-07	Saudi Arabia	B.1	EPI_ISL_513164
15	Homo sapiens	2020-04-06	Saudi Arabia	B.1.1	EPI_ISL_513044
15	Homo sapiens	2020-04-06	Saudi Arabia	B.1.1.161	EPI_ISL_513054
15	Homo sapiens	2020-04-06	Saudi Arabia	B.1.1	EPI_ISL_513043
15	Homo sapiens	2020-04-06	Saudi Arabia	B	EPI_ISL_513050
15	Homo sapiens	2020-04-06	Saudi Arabia	B.1.1	EPI_ISL_513048
15	Homo sapiens	2020-04-06	Saudi Arabia	B.1.1	EPI_ISL_513060
15	Homo sapiens	2020-04-06	Saudi Arabia	B.1.1	EPI_ISL_513061
15	Homo sapiens	2020-04-06	Saudi Arabia	B.1.1	EPI_ISL_513051
15	Homo sapiens	2020-04-06	Saudi Arabia	B.1.1.161	EPI_ISL_513057
15	Homo sapiens	2020-04-06	Saudi Arabia	B.1.1.409	EPI_ISL_513056
15	Homo sapiens	2020-04-06	Saudi Arabia	B.1.1.161	EPI_ISL_513055
15	Homo sapiens	2020-04-06	Saudi Arabia	B.1	EPI_ISL_513047
15	Homo sapiens	2020-04-06	Saudi Arabia	B.1.260	EPI_ISL_513041
15	Homo sapiens	2020-04-06	Saudi Arabia	B.1.1	EPI_ISL_513059
15	Homo sapiens	2020-04-06	Saudi Arabia	B.1.1.161	EPI_ISL_513049
15	Homo sapiens	2020-04-06	Saudi Arabia	B.1.260	EPI_ISL_513062
15	Homo sapiens	2020-04-06	Saudi Arabia	B.1	EPI_ISL_513052
15	Homo sapiens	2020-04-06	Saudi Arabia	B.1	EPI_ISL_513042
15	Homo sapiens	2020-04-06	Saudi Arabia	B.1	EPI_ISL_512932
15	Homo sapiens	2020-04-06	Saudi Arabia	B.1.1	EPI_ISL_513053
15	Homo sapiens	2020-04-06	Saudi Arabia	B.1	EPI_ISL_513167
15	Homo sapiens	2020-04-06	Saudi Arabia	B.1.1.161	EPI_ISL_513046
15	Homo sapiens	2020-04-06	Saudi Arabia	B.1.1	EPI_ISL_513058
15	Homo sapiens	2020-04-06	Saudi Arabia	B.1.1	EPI_ISL_513045
14	Homo sapiens	2020-04-05	Saudi Arabia	B.1	EPI_ISL_513165
14	Homo sapiens	2020-04-05	Saudi Arabia	B.1	EPI_ISL_513166
14	Homo sapiens	2020-04-03	Saudi Arabia	B.1.1	EPI_ISL_512999
14	Homo sapiens	2020-04-02	Saudi Arabia	B.1	EPI_ISL_512930
14	Homo sapiens	2020-04-02	Saudi Arabia	B.1.1.161	EPI_ISL_512995
14	Homo sapiens	2020-04-02	Saudi Arabia	B.1	EPI_ISL_512996
14	Homo sapiens	2020-04-02	Saudi Arabia	B.1.398	EPI_ISL_512998
14	Homo sapiens	2020-04-02	Saudi Arabia	B.1	EPI_ISL_512997
14	Homo sapiens	2020-04-01	Saudi Arabia	A	EPI_ISL_512928
14	Homo sapiens	2020-04-01	Saudi Arabia	B.1.1.161	EPI_ISL_513189
14	Homo sapiens	2020-04-01	Saudi Arabia	B	EPI_ISL_512989
14	Homo sapiens	2020-04-01	Saudi Arabia	B.1.471	EPI_ISL_512993
14	Homo sapiens	2020-04-01	Saudi Arabia	B.1	EPI_ISL_513182
14	Homo sapiens	2020-04-01	Saudi Arabia	B.1	EPI_ISL_513001
14	Homo sapiens	2020-04-01	Saudi Arabia	A	EPI_ISL_512994
14	Homo sapiens	2020-04-01	Saudi Arabia	B.1	EPI_ISL_513187
14	Homo sapiens	2020-04-01	Saudi Arabia	B.1	EPI_ISL_513233
14	Homo sapiens	2020-04-01	Saudi Arabia	B.1	EPI_ISL_513124
14	Homo sapiens	2020-04-01	Saudi Arabia	B.1	EPI_ISL_513121
14	Homo sapiens	2020-04-01	Saudi Arabia	B.1	EPI_ISL_513184
14	Homo sapiens	2020-04-01	Saudi Arabia	B.1	EPI_ISL_513126
14	Homo sapiens	2020-04-01	Saudi Arabia	B.1	EPI_ISL_513185
14	Homo sapiens	2020-04-01	Saudi Arabia	B.1	EPI_ISL_513125
14	Homo sapiens	2020-04-01	Saudi Arabia	B.1.260	EPI_ISL_513186
14	Homo sapiens	2020-04-01	Saudi Arabia	B.1	EPI_ISL_513123
14	Homo sapiens	2020-04-01	Saudi Arabia	B.1	EPI_ISL_513000
14	Homo sapiens	2020-04-01	Saudi Arabia	B.1.260	EPI_ISL_513183
14	Homo sapiens	2020-04-01	Saudi Arabia	B.1	EPI_ISL_513122
14	Homo sapiens	2020-04-01	Saudi Arabia	B.1.260	EPI_ISL_513188
14	Homo sapiens	2020-04-01	Saudi Arabia	B.1	EPI_ISL_512929
11	Homo sapiens	2020-03-10	Saudi Arabia	B.1	EPI_ISL_416522
11	Homo sapiens	2020-03-10	Saudi Arabia	B.1	EPI_ISL_416521
10	Homo sapiens	2020-03-07	Saudi Arabia	B.6	EPI_ISL_416432
67	Homo sapiens	2021-04-06	Saudi Arabia	B.1.1.7	OK081887.1
67	Homo sapiens	2021-04-06	Saudi Arabia	B.1.1.7	OK081888.1
67	Homo sapiens	2021-04-06	Saudi Arabia	B.1.1.7	OK081889.1
66	Homo sapiens	2021-04-04	Saudi Arabia	B.1.1.7	OK081886.1
74	Homo sapiens	2021-05-25	Saudi Arabia	B.1.1	EPI_ISL_6575645
74	Homo sapiens	2021-05-25	Saudi Arabia	B.1.1.310	EPI_ISL_6575661
74	Homo sapiens	2021-05-25	Saudi Arabia	B.1.1	EPI_ISL_6575668
74	Homo sapiens	2021-05-24	Saudi Arabia	B.1.351.3	EPI_ISL_6575660
74	Homo sapiens	2021-05-24	Saudi Arabia	B.1.1.7	EPI_ISL_6575678
74	Homo sapiens	2021-05-24	Saudi Arabia	B.1.351	EPI_ISL_6575665
73	Homo sapiens	2021-05-23	Saudi Arabia	B.1.1	EPI_ISL_6575679
73	Homo sapiens	2021-05-23	Saudi Arabia	B.1.1	EPI_ISL_6575675
73	Homo sapiens	2021-05-20	Saudi Arabia	B.1.351	EPI_ISL_6575647
73	Homo sapiens	2021-05-20	Saudi Arabia	B.1.351.3	EPI_ISL_6575650
73	Homo sapiens	2021-05-20	Saudi Arabia	B.1.351.3	EPI_ISL_6575654
73	Homo sapiens	2021-05-20	Saudi Arabia	B.1.1.7	EPI_ISL_6575670
73	Homo sapiens	2021-05-20	Saudi Arabia	B.1.1	EPI_ISL_6575681
73	Homo sapiens	2021-05-20	Saudi Arabia	B.1.351.3	EPI_ISL_6575662
71	Homo sapiens	2021-05-05	Saudi Arabia	B.1.1.7	EPI_ISL_6437536
89	Homo sapiens	2021-09-09	Saudi Arabia	B.1.617.2	EPI_ISL_6595152
89	Homo sapiens	2021-09-06	Saudi Arabia	B.1.525	EPI_ISL_6594990
89	Homo sapiens	2021-09-06	Saudi Arabia	AY.1	EPI_ISL_6594982
80	Homo sapiens	2021-07-05	Saudi Arabia	B.1.617.2	EPI_ISL_6615654
79	Homo sapiens	2021-07-02	Saudi Arabia	AY.107	EPI_ISL_6613751
77	Homo sapiens	2021-06-16	Saudi Arabia	B.1.525	EPI_ISL_6594835
76	Homo sapiens	2021-06-11	Saudi Arabia	B.1.351.3	EPI_ISL_6640517
76	Homo sapiens	2021-06-10	Saudi Arabia	B.1.1	EPI_ISL_6640788
76	Homo sapiens	2021-06-10	Saudi Arabia	B.1.351.3	EPI_ISL_6641078
73	Homo sapiens	2021-05-23	Saudi Arabia	B.1.351.3	EPI_ISL_6639752
73	Homo sapiens	2021-05-22	Saudi Arabia	B.1.1.7	EPI_ISL_6575688
73	Homo sapiens	2021-05-21	Saudi Arabia	B.1.617.2	EPI_ISL_6638724
73	Homo sapiens	2021-05-21	Saudi Arabia	B.1.1	EPI_ISL_6640062
73	Homo sapiens	2021-05-20	Saudi Arabia	B.1.1	EPI_ISL_6575684
73	Homo sapiens	2021-05-20	Saudi Arabia	B.1.351	EPI_ISL_6631667
73	Homo sapiens	2021-05-20	Saudi Arabia	B.1.1.7	EPI_ISL_6632876
73	Homo sapiens	2021-05-20	Saudi Arabia	B.1.1.7	EPI_ISL_6632491
70	Homo sapiens	2021-04-26	Saudi Arabia	B.1.1	EPI_ISL_6608373
70	Homo sapiens	2021-04-26	Saudi Arabia	B.1.1.419	EPI_ISL_6608581
69	Homo sapiens	2021-04-25	Saudi Arabia	B.1.1	EPI_ISL_6619711
69	Homo sapiens	2021-04-24	Saudi Arabia	B.1.1.58	EPI_ISL_6628261
69	Homo sapiens	2021-04-22	Saudi Arabia	B.1.1.7	EPI_ISL_6621331
69	Homo sapiens	2021-04-22	Saudi Arabia	B.1.1.419	EPI_ISL_6628752
69	Homo sapiens	2021-04-22	Saudi Arabia	B.1.1.7	EPI_ISL_6626204
69	Homo sapiens	2021-04-22	Saudi Arabia	B.1.351	EPI_ISL_6623843
73	Homo sapiens	2021-05-19	Saudi Arabia	B.1.1.7	EPI_ISL_6700866
68	Homo sapiens	2021-04-13	Saudi Arabia	B.1.1.419	EPI_ISL_6699537
68	Homo sapiens	2021-04-13	Saudi Arabia	B.1.617.1	EPI_ISL_6699044
69	Homo sapiens	2021-04-21	Saudi Arabia	B.1.1.419	EPI_ISL_6823655
23	Homo sapiens	2020-06-04	Saudi Arabia	B.1.1.161	OV081687.1
23	Homo sapiens	2020-06-04	Saudi Arabia	B.1.1	OV081721.1
23	Homo sapiens	2020-06-04	Saudi Arabia	B.1.1.161	OV082445.1
23	Homo sapiens	2020-06-04	Saudi Arabia	B.1.1.161	OV082466.1
23	Homo sapiens	2020-06-04	Saudi Arabia	B	OV087903.1
23	Homo sapiens	2020-06-04	Saudi Arabia	B.1.1	OV088011.1
20	Homo sapiens	2020-05-12	Saudi Arabia	B.1.260	OV081353.1
18	Homo sapiens	2020-04-30	Saudi Arabia	B.1.260	OU994366.1
18	Homo sapiens	2020-04-30	Saudi Arabia	B.1.260	OU994370.1
18	Homo sapiens	2020-04-30	Saudi Arabia	B.1.36	OU994373.1
18	Homo sapiens	2020-04-30	Saudi Arabia	B.1	OV002594.1
18	Homo sapiens	2020-04-28	Saudi Arabia	B.1.1	OU995754.1
17	Homo sapiens	2020-04-22	Saudi Arabia	B.1	OU994311.1
17	Homo sapiens	2020-04-20	Saudi Arabia	B.1.260	OU994362.1
15	Homo sapiens	2020-04-08	Saudi Arabia	A	OU990209.1
15	Homo sapiens	2020-04-08	Saudi Arabia	B.1	OU993718.1
15	Homo sapiens	2020-04-08	Saudi Arabia	B.1	OU999666.1
14	Homo sapiens	2020-04-05	Saudi Arabia	B.1	OU993725.1
14	Homo sapiens	2020-04-02	Saudi Arabia	B.1.1	OU990203.1
14	Homo sapiens	2020-04-02	Saudi Arabia	B.1	OU993714.1
14	Homo sapiens	2020-04-02	Saudi Arabia	B.1	OU993722.1
14	Homo sapiens	2020-04-01	Saudi Arabia	B.1	OV024163.1
14	Homo sapiens	2020-04-01	Saudi Arabia	B.1.468	OV027241.1
14	Homo sapiens	2020-04-01	Saudi Arabia	B.1	OV027262.1
14	Homo sapiens	2020-04-01	Saudi Arabia	B.1	OV027271.1
14	Homo sapiens	2020-04-01	Saudi Arabia	B.1	OV027278.1
14	Homo sapiens	2020-04-01	Saudi Arabia	B.1	OV027537.1
14	Homo sapiens	2020-04-01	Saudi Arabia	B.1	OV027609.1
14	Homo sapiens	2020-04-01	Saudi Arabia	B.1.260	OV029476.1
14	Homo sapiens	2020-04-01	Saudi Arabia	B.1	OV029830.1
14	Homo sapiens	2020-04-01	Saudi Arabia	B.1.36	OV040467.1
14	Homo sapiens	2020-04-01	Saudi Arabia	B.1	OV040480.1
13	Homo sapiens	2020-03-26	Saudi Arabia	B.1	OV040459.1
13	Homo sapiens	2020-03-24	Saudi Arabia	B.1	OV080367.1
13	Homo sapiens	2020-03-23	Saudi Arabia	B.1	OV044709.1
12	Homo sapiens	2020-03-19	Saudi Arabia	B.1	OU990173.1
91	Homo sapiens	2021-09-20	Saudi Arabia	B.1.617.2	EPI_ISL_7562470
101	Homo sapiens	2021-12-01	Saudi Arabia	AY.42	EPI_ISL_7869570
102	Homo sapiens	2021-12-07	Saudi Arabia	B.1.617.2	EPI_ISL_7964589
72	Homo sapiens	2021-05-12	Saudi Arabia	B.1.617.2	EPI_ISL_6823665
15	Homo sapiens	2020-04-06	Saudi Arabia	B.1	EPI_ISL_507031
14	Homo sapiens	2020-04-05	Saudi Arabia	B.1	EPI_ISL_507030
14	Homo sapiens	2020-04-04	Saudi Arabia	B.1.1	EPI_ISL_507029
14	Homo sapiens	2020-04-03	Saudi Arabia	B.1	EPI_ISL_507028
14	Homo sapiens	2020-04-01	Saudi Arabia	B.1	EPI_ISL_507026
14	Homo sapiens	2020-03-31	Saudi Arabia	B.1	EPI_ISL_507025
14	Homo sapiens	2020-03-30	Saudi Arabia	B.1	EPI_ISL_507024
13	Homo sapiens	2020-03-29	Saudi Arabia	B.1.1	EPI_ISL_507038
13	Homo sapiens	2020-03-28	Saudi Arabia	B.1.1	EPI_ISL_507037
13	Homo sapiens	2020-03-27	Saudi Arabia	B.1	EPI_ISL_507036
13	Homo sapiens	2020-03-26	Saudi Arabia	B.1.1	EPI_ISL_507035
13	Homo sapiens	2020-03-25	Saudi Arabia	B.1.1	EPI_ISL_507034
13	Homo sapiens	2020-03-24	Saudi Arabia	B.1.1	EPI_ISL_507033
13	Homo sapiens	2020-03-23	Saudi Arabia	B.1	EPI_ISL_507032
12	Homo sapiens	2020-03-22	Saudi Arabia	B.1.1	EPI_ISL_507023
12	Homo sapiens	2020-03-21	Saudi Arabia	B.1.1	EPI_ISL_507022
12	Homo sapiens	2020-03-20	Saudi Arabia	B.1.1	EPI_ISL_507021
12	Homo sapiens	2020-03-19	Saudi Arabia	B.1.1	EPI_ISL_507020
12	Homo sapiens	2020-03-18	Saudi Arabia	B.1.1	EPI_ISL_507019
12	Homo sapiens	2020-03-17	Saudi Arabia	B.1.1	EPI_ISL_507018
12	Homo sapiens	2020-03-16	Saudi Arabia	B.1	EPI_ISL_507017
11	Homo sapiens	2020-03-15	Saudi Arabia	B.1.1	EPI_ISL_507016
11	Homo sapiens	2020-03-14	Saudi Arabia	B.1	EPI_ISL_507015
11	Homo sapiens	2020-03-13	Saudi Arabia	B.1.1	EPI_ISL_507014
11	Homo sapiens	2020-03-12	Saudi Arabia	B.1	EPI_ISL_507013
11	Homo sapiens	2020-03-11	Saudi Arabia	B.1.1	EPI_ISL_507012
11	Homo sapiens	2020-03-10	Saudi Arabia	B.1	EPI_ISL_507011
14	Homo sapiens	2020-04-01	Saudi Arabia	B.1	OV040221.1
14	Homo sapiens	2020-04-02	Saudi Arabia	A	OU995973.1
18	Homo sapiens	2020-04-30	Saudi Arabia	B.1.36	OU995997.1
18	Homo sapiens	2020-04-30	Saudi Arabia	B.1	OU995980.1
103	Homo sapiens	2021-12-18	Saudi Arabia	BA.1	EPI_ISL_8983037
103	Homo sapiens	2021-12-17	Saudi Arabia	BA.1.17.2	EPI_ISL_8982502
104	Homo sapiens	2021-12-20	Saudi Arabia	BA.1.1	EPI_ISL_9034731
104	Homo sapiens	2021-12-20	Saudi Arabia	BA.1.1	EPI_ISL_9053812
103	Homo sapiens	2021-12-19	Saudi Arabia	BA.1.1	EPI_ISL_9034789
103	Homo sapiens	2021-12-19	Saudi Arabia	BA.1	EPI_ISL_9089310
103	Homo sapiens	2021-12-14	Saudi Arabia	AY.36	EPI_ISL_9089311
47	Homo sapiens	2020-11-18	Saudi Arabia	B.1.1	MW837148.1
50	Homo sapiens	2020-12-10	Saudi Arabia	B.1.1	EPI_ISL_14569369
58	Homo sapiens	2021-02-07	Saudi Arabia	B.1.1	EPI_ISL_14569365
57	Homo sapiens	2021-01-31	Saudi Arabia	B.1.1	EPI_ISL_14569363
18	Homo sapiens	2020-04-28	Saudi Arabia	B.1.1	EPI_ISL_14569386
13	Homo sapiens	2020-03-27	Saudi Arabia	B.1.1	EPI_ISL_14569395
59	Homo sapiens	2021-02-10	Saudi Arabia	B.1.1.419	EPI_ISL_14569356
18	Homo sapiens	2020-04-29	Saudi Arabia	B.1	EPI_ISL_14569382
18	Homo sapiens	2020-04-30	Saudi Arabia	B.1.1	EPI_ISL_14569383
48	Homo sapiens	2020-11-25	Saudi Arabia	B.1.1	EPI_ISL_14569373
13	Homo sapiens	2020-03-24	Saudi Arabia	B.1.1	EPI_ISL_14569401
15	Homo sapiens	2020-04-11	Saudi Arabia	B.1.1	EPI_ISL_14569384
14	Homo sapiens	2020-03-30	Saudi Arabia	B.1	EPI_ISL_14569400
59	Homo sapiens	2021-02-14	Saudi Arabia	B.1.1.419	EPI_ISL_14569362
11	Homo sapiens	2020-03-14	Saudi Arabia	B.1	EPI_ISL_14569402
13	Homo sapiens	2020-03-25	Saudi Arabia	B.1	EPI_ISL_14569381
18	Homo sapiens	2020-04-28	Saudi Arabia	B.1	EPI_ISL_14569385
48	Homo sapiens	2020-11-26	Saudi Arabia	B.1.1	EPI_ISL_14569372
14	Homo sapiens	2020-04-03	Saudi Arabia	B.1	EPI_ISL_14569375
59	Homo sapiens	2021-02-14	Saudi Arabia	B.1.1.419	EPI_ISL_14569361
59	Homo sapiens	2021-02-09	Saudi Arabia	B.1.1	EPI_ISL_14569364
59	Homo sapiens	2021-02-11	Saudi Arabia	B.1.1	EPI_ISL_14569368
60	Homo sapiens	2021-02-17	Saudi Arabia	B.1.1	EPI_ISL_14569366
54	Homo sapiens	2021-01-04	Saudi Arabia	B.1.1	EPI_ISL_14569370
59	Homo sapiens	2021-02-09	Saudi Arabia	B.1.1	EPI_ISL_14569358
18	Homo sapiens	2020-04-28	Saudi Arabia	B.1	EPI_ISL_14569389
14	Homo sapiens	2020-04-01	Saudi Arabia	B.1.1	EPI_ISL_14569377
14	Homo sapiens	2020-04-03	Saudi Arabia	B.1	EPI_ISL_14569380
18	Homo sapiens	2020-04-28	Saudi Arabia	B.1.1	EPI_ISL_14569387
18	Homo sapiens	2020-04-28	Saudi Arabia	B.1.1	EPI_ISL_14569388
53	Homo sapiens	2021-01-03	Saudi Arabia	B.1.1	EPI_ISL_14569371
13	Homo sapiens	2020-03-23	Saudi Arabia	B.1.1	EPI_ISL_14569399
11	Homo sapiens	2020-03-13	Saudi Arabia	B.1	EPI_ISL_14569376
15	Homo sapiens	2020-04-06	Saudi Arabia	B.1.1	EPI_ISL_14569393
14	Homo sapiens	2020-04-01	Saudi Arabia	B.1	EPI_ISL_14569396
48	Homo sapiens	2020-11-25	Saudi Arabia	B.1.1	EPI_ISL_14569374
14	Homo sapiens	2020-04-05	Saudi Arabia	B.1.1	EPI_ISL_14569394
15	Homo sapiens	2020-04-08	Saudi Arabia	B.1	EPI_ISL_14569378
12	Homo sapiens	2020-03-16	Saudi Arabia	B.1.1	EPI_ISL_14569390
13	Homo sapiens	2020-03-24	Saudi Arabia	B.1.1	EPI_ISL_14569397
12	Homo sapiens	2020-03-18	Saudi Arabia	B.1.1	EPI_ISL_14569391
12	Homo sapiens	2020-03-18	Saudi Arabia	B.1.1	EPI_ISL_14569392
12	Homo sapiens	2020-03-20	Saudi Arabia	B.1	EPI_ISL_14569398
110	Homo sapiens	2022-02-03	Saudi Arabia	BA.1.1	EPI_ISL_15581078
110	Homo sapiens	2022-02-03	Saudi Arabia	BA.2	EPI_ISL_15581077
110	Homo sapiens	2022-02-03	Saudi Arabia	BA.2	EPI_ISL_15582800
110	Homo sapiens	2022-02-03	Saudi Arabia	BA.1.1	EPI_ISL_15582801
110	Homo sapiens	2022-02-03	Saudi Arabia	BA.1.1	EPI_ISL_15582802
110	Homo sapiens	2022-02-03	Saudi Arabia	BA.1.1	EPI_ISL_15583043
110	Homo sapiens	2022-02-05	Saudi Arabia	BA.2	EPI_ISL_15582768
110	Homo sapiens	2022-02-03	Saudi Arabia	BA.1.1	EPI_ISL_15608978
110	Homo sapiens	2022-02-03	Saudi Arabia	BA.1	EPI_ISL_15609144
110	Homo sapiens	2022-02-03	Saudi Arabia	BA.2	EPI_ISL_15621194
110	Homo sapiens	2022-02-03	Saudi Arabia	BA.1.1	EPI_ISL_15621261
110	Homo sapiens	2022-02-03	Saudi Arabia	BA.2	EPI_ISL_15621313
110	Homo sapiens	2022-02-03	Saudi Arabia	BA.2	EPI_ISL_15621223
110	Homo sapiens	2022-02-03	Saudi Arabia	BA.1.1	EPI_ISL_15621347
110	Homo sapiens	2022-02-04	Saudi Arabia	BA.1.1	EPI_ISL_15623002
110	Homo sapiens	2022-02-03	Saudi Arabia	BA.1.1	EPI_ISL_15621338
110	Homo sapiens	2022-02-03	Saudi Arabia	BA.2	EPI_ISL_15621433
110	Homo sapiens	2022-02-05	Saudi Arabia	BA.2	EPI_ISL_15622999
110	Homo sapiens	2022-02-04	Saudi Arabia	BA.2	EPI_ISL_15622170
110	Homo sapiens	2022-02-05	Saudi Arabia	BA.2	EPI_ISL_15623066
111	Homo sapiens	2022-02-08	Saudi Arabia	BA.2	EPI_ISL_15648696
111	Homo sapiens	2022-02-08	Saudi Arabia	BA.2	EPI_ISL_15661431
117	Homo sapiens	2022-03-23	Saudi Arabia	BA.2.40.1	EPI_ISL_15668762
117	Homo sapiens	2022-03-23	Saudi Arabia	BA.2	EPI_ISL_15669336
111	Homo sapiens	2022-02-08	Saudi Arabia	BA.2	EPI_ISL_15668758
116	Homo sapiens	2022-03-16	Saudi Arabia	BA.2	EPI_ISL_15668793
119	Homo sapiens	2022-04-09	Saudi Arabia	BA.2	EPI_ISL_15668778
117	Homo sapiens	2022-03-27	Saudi Arabia	BA.2	EPI_ISL_15668771
116	Homo sapiens	2022-03-20	Saudi Arabia	BA.2	EPI_ISL_15669334
116	Homo sapiens	2022-03-20	Saudi Arabia	BA.2	EPI_ISL_15669333
117	Homo sapiens	2022-03-23	Saudi Arabia	BA.2	EPI_ISL_15669337
117	Homo sapiens	2022-03-21	Saudi Arabia	BA.2	EPI_ISL_15669335
116	Homo sapiens	2022-03-14	Saudi Arabia	BA.2	EPI_ISL_15668792
119	Homo sapiens	2022-04-09	Saudi Arabia	BA.2	EPI_ISL_15668777
119	Homo sapiens	2022-04-09	Saudi Arabia	BA.2.57	EPI_ISL_15668779
117	Homo sapiens	2022-03-26	Saudi Arabia	BA.2	EPI_ISL_15668763
116	Homo sapiens	2022-03-20	Saudi Arabia	BA.2	EPI_ISL_15669330
111	Homo sapiens	2022-02-08	Saudi Arabia	BA.2	EPI_ISL_15668757
116	Homo sapiens	2022-03-19	Saudi Arabia	BA.2	EPI_ISL_15669327
116	Homo sapiens	2022-03-19	Saudi Arabia	BA.2	EPI_ISL_15669328
111	Homo sapiens	2022-02-08	Saudi Arabia	BA.2	EPI_ISL_15668752
119	Homo sapiens	2022-04-09	Saudi Arabia	BA.2	EPI_ISL_15668780
116	Homo sapiens	2022-03-16	Saudi Arabia	BA.2	EPI_ISL_15668948
119	Homo sapiens	2022-04-09	Saudi Arabia	BA.2.56	EPI_ISL_15668783
119	Homo sapiens	2022-04-06	Saudi Arabia	BA.2.32	EPI_ISL_15668775
119	Homo sapiens	2022-04-10	Saudi Arabia	BA.2	EPI_ISL_15668784
117	Homo sapiens	2022-03-26	Saudi Arabia	BA.2	EPI_ISL_15668765
119	Homo sapiens	2022-04-09	Saudi Arabia	BA.2.3	EPI_ISL_15668785
119	Homo sapiens	2022-04-06	Saudi Arabia	BA.2	EPI_ISL_15668776
117	Homo sapiens	2022-03-27	Saudi Arabia	BA.2	EPI_ISL_15668770
119	Homo sapiens	2022-04-09	Saudi Arabia	BA.2.10	EPI_ISL_15668782
119	Homo sapiens	2022-04-09	Saudi Arabia	BA.2	EPI_ISL_15668781
119	Homo sapiens	2022-04-06	Saudi Arabia	BA.2	EPI_ISL_15668774
118	Homo sapiens	2022-03-28	Saudi Arabia	BA.2.3	EPI_ISL_15668773
117	Homo sapiens	2022-03-23	Saudi Arabia	BA.2	EPI_ISL_15669338
117	Homo sapiens	2022-03-27	Saudi Arabia	BA.2	EPI_ISL_15668769
117	Homo sapiens	2022-03-26	Saudi Arabia	BA.2	EPI_ISL_15668766
117	Homo sapiens	2022-03-23	Saudi Arabia	BA.2.40.1	EPI_ISL_15669339
117	Homo sapiens	2022-03-26	Saudi Arabia	BA.2	EPI_ISL_15668767
116	Homo sapiens	2022-03-16	Saudi Arabia	BA.2	EPI_ISL_15827169
135	Homo sapiens	2022-07-29	Saudi Arabia	BA.5.2	EPI_ISL_15826871
134	Homo sapiens	2022-07-21	Saudi Arabia	BA.5.2	EPI_ISL_15826839
136	Homo sapiens	2022-08-05	Saudi Arabia	BA.5.2	EPI_ISL_15826838
136	Homo sapiens	2022-08-01	Saudi Arabia	BA.5.2	EPI_ISL_15826844
135	Homo sapiens	2022-07-31	Saudi Arabia	BA.5.2	EPI_ISL_15826863
132	Homo sapiens	2022-07-05	Saudi Arabia	BA.5.2.6	EPI_ISL_15826860
133	Homo sapiens	2022-07-12	Saudi Arabia	BA.5.2	EPI_ISL_15826857
104	Homo sapiens	2021-12-26	Saudi Arabia	BA.1.18	EPI_ISL_15826859
133	Homo sapiens	2022-07-17	Saudi Arabia	BA.5.2	EPI_ISL_15826858
132	Homo sapiens	2022-07-05	Saudi Arabia	BA.5.2	EPI_ISL_15826862
134	Homo sapiens	2022-07-20	Saudi Arabia	BA.5.2.1	EPI_ISL_15826837
133	Homo sapiens	2022-07-17	Saudi Arabia	BA.5.2	EPI_ISL_15826816
139	Homo sapiens	2022-08-28	Saudi Arabia	BU.1	EPI_ISL_15826822
133	Homo sapiens	2022-07-17	Saudi Arabia	BA.5.2.16	EPI_ISL_15826823
109	Homo sapiens	2022-01-28	Saudi Arabia	BA.1.1	EPI_ISL_15826808
111	Homo sapiens	2022-02-09	Saudi Arabia	BA.1.1	EPI_ISL_15826809
112	Homo sapiens	2022-02-14	Saudi Arabia	BA.1.1	EPI_ISL_15826802
133	Homo sapiens	2022-07-15	Saudi Arabia	BA.5.2	EPI_ISL_15826812
107	Homo sapiens	2022-01-11	Saudi Arabia	BA.1.1	EPI_ISL_15826796
123	Homo sapiens	2022-05-05	Saudi Arabia	B.1.36.8	EPI_ISL_15826867
134	Homo sapiens	2022-07-18	Saudi Arabia	BA.5.2	EPI_ISL_15827166
135	Homo sapiens	2022-07-27	Saudi Arabia	BA.5.2	EPI_ISL_15826864
113	Homo sapiens	2022-02-27	Saudi Arabia	BA.1.1	EPI_ISL_15826873
109	Homo sapiens	2022-01-26	Saudi Arabia	BA.2	EPI_ISL_15826865
117	Homo sapiens	2022-03-22	Saudi Arabia	BA.2	EPI_ISL_15826889
106	Homo sapiens	2022-01-04	Saudi Arabia	BA.1.1	EPI_ISL_15826875
104	Homo sapiens	2021-12-25	Saudi Arabia	BA.1	EPI_ISL_15826834
103	Homo sapiens	2021-12-14	Saudi Arabia	AY.127	EPI_ISL_15826866
111	Homo sapiens	2022-02-07	Saudi Arabia	BA.1.1	EPI_ISL_15826849
133	Homo sapiens	2022-07-12	Saudi Arabia	BM.1.1.1	EPI_ISL_15826820
134	Homo sapiens	2022-07-19	Saudi Arabia	BA.5.2	EPI_ISL_15826886
105	Homo sapiens	2021-12-28	Saudi Arabia	BA.1.1	EPI_ISL_15826851
135	Homo sapiens	2022-07-27	Saudi Arabia	BA.5.2	EPI_ISL_15826828
135	Homo sapiens	2022-07-29	Saudi Arabia	BA.5.2	EPI_ISL_15826861
134	Homo sapiens	2022-07-18	Saudi Arabia	BE.4	EPI_ISL_15826855
133	Homo sapiens	2022-07-16	Saudi Arabia	BA.5.2.1	EPI_ISL_15826847
136	Homo sapiens	2022-08-06	Saudi Arabia	BA.5.2	EPI_ISL_15826835
133	Homo sapiens	2022-07-13	Saudi Arabia	BA.5.2	EPI_ISL_15826826
136	Homo sapiens	2022-08-02	Saudi Arabia	BA.5.2	EPI_ISL_15826846
133	Homo sapiens	2022-07-17	Saudi Arabia	BA.5.2	EPI_ISL_15826848
105	Homo sapiens	2021-12-27	Saudi Arabia	BA.1.1	EPI_ISL_15826852
112	Homo sapiens	2022-02-18	Saudi Arabia	BA.1.1	EPI_ISL_15826850
142	Homo sapiens	2022-09-17	Saudi Arabia	BA.5.2	EPI_ISL_15826827
137	Homo sapiens	2022-08-13	Saudi Arabia	BA.5.2	EPI_ISL_15826829
133	Homo sapiens	2022-07-16	Saudi Arabia	BE.1	EPI_ISL_15826842
135	Homo sapiens	2022-07-31	Saudi Arabia	BA.5.2	EPI_ISL_15826825
142	Homo sapiens	2022-09-13	Saudi Arabia	BA.5.2.18	EPI_ISL_15826856
112	Homo sapiens	2022-02-18	Saudi Arabia	BA.1.1	EPI_ISL_15826853
110	Homo sapiens	2022-02-04	Saudi Arabia	BA.1.1	EPI_ISL_15826854
139	Homo sapiens	2022-08-26	Saudi Arabia	BA.5.2	EPI_ISL_15826845
113	Homo sapiens	2022-02-23	Saudi Arabia	BA.1.17.2	EPI_ISL_15826833
132	Homo sapiens	2022-07-05	Saudi Arabia	BA.5.2.20	EPI_ISL_15826836
136	Homo sapiens	2022-08-04	Saudi Arabia	BA.5.2	EPI_ISL_15826840
133	Homo sapiens	2022-07-13	Saudi Arabia	BA.5.2	EPI_ISL_15826843
129	Homo sapiens	2022-06-16	Saudi Arabia	BA.5.2.1	EPI_ISL_15826830
140	Homo sapiens	2022-08-31	Saudi Arabia	BA.5.2.16	EPI_ISL_15826841
104	Homo sapiens	2021-12-26	Saudi Arabia	BA.1	EPI_ISL_15826831
134	Homo sapiens	2022-07-20	Saudi Arabia	BA.5.2	EPI_ISL_15826813
142	Homo sapiens	2022-09-15	Saudi Arabia	BA.5.2	EPI_ISL_15826824
133	Homo sapiens	2022-07-13	Saudi Arabia	BE.4	EPI_ISL_15826821
114	Homo sapiens	2022-03-01	Saudi Arabia	BA.1.1	EPI_ISL_15826832
133	Homo sapiens	2022-07-14	Saudi Arabia	BA.5.2	EPI_ISL_15826818
112	Homo sapiens	2022-02-16	Saudi Arabia	BA.1.1	EPI_ISL_15826807
133	Homo sapiens	2022-07-12	Saudi Arabia	BA.5.2.20	EPI_ISL_15826819
109	Homo sapiens	2022-01-29	Saudi Arabia	BA.1.1	EPI_ISL_15826797
136	Homo sapiens	2022-08-05	Saudi Arabia	BA.5.2	EPI_ISL_15826817
136	Homo sapiens	2022-08-03	Saudi Arabia	BA.5.2	EPI_ISL_15826815
133	Homo sapiens	2022-07-17	Saudi Arabia	BA.5.2	EPI_ISL_15826814
115	Homo sapiens	2022-03-07	Saudi Arabia	BA.1.1	EPI_ISL_15826805
113	Homo sapiens	2022-02-21	Saudi Arabia	BA.1.1	EPI_ISL_15826810
129	Homo sapiens	2022-06-14	Saudi Arabia	BA.5.2	EPI_ISL_15826793
102	Homo sapiens	2021-12-08	Saudi Arabia	B.1.617.2	EPI_ISL_15826801
114	Homo sapiens	2022-03-02	Saudi Arabia	BA.1.1	EPI_ISL_15826803
120	Homo sapiens	2022-04-17	Saudi Arabia	BA.1.1	EPI_ISL_15826800
112	Homo sapiens	2022-02-20	Saudi Arabia	BA.1.1	EPI_ISL_15826811
107	Homo sapiens	2022-01-12	Saudi Arabia	BA.1.1	EPI_ISL_15826799
107	Homo sapiens	2022-01-12	Saudi Arabia	BA.1.1	EPI_ISL_15826798
109	Homo sapiens	2022-01-30	Saudi Arabia	BA.1.1	EPI_ISL_15826794
115	Homo sapiens	2022-03-09	Saudi Arabia	BA.2.10.1	EPI_ISL_15826804
114	Homo sapiens	2022-03-03	Saudi Arabia	BA.1	EPI_ISL_15826868
116	Homo sapiens	2022-03-14	Saudi Arabia	BA.2	EPI_ISL_15826806
121	Homo sapiens	2022-04-24	Saudi Arabia	BA.2	EPI_ISL_15826795
106	Homo sapiens	2022-01-09	Saudi Arabia	BA.1.1	EPI_ISL_15826869
105	Homo sapiens	2021-12-29	Saudi Arabia	BA.1.1	EPI_ISL_15826872
105	Homo sapiens	2021-12-28	Saudi Arabia	BA.1.1	EPI_ISL_15826876
106	Homo sapiens	2022-01-04	Saudi Arabia	BA.1.1	EPI_ISL_15826874
135	Homo sapiens	2022-07-28	Saudi Arabia	BA.5.2	EPI_ISL_15826870
105	Homo sapiens	2022-01-01	Saudi Arabia	BA.1.1	EPI_ISL_16288344
106	Homo sapiens	2022-01-09	Saudi Arabia	BA.1.1	EPI_ISL_16674945
106	Homo sapiens	2022-01-06	Saudi Arabia	BA.1.1	EPI_ISL_16674951
107	Homo sapiens	2022-01-10	Saudi Arabia	BA.1	EPI_ISL_16674950
107	Homo sapiens	2022-01-11	Saudi Arabia	BA.2	EPI_ISL_16674956
105	Homo sapiens	2021-12-30	Saudi Arabia	BA.1.1	EPI_ISL_16674969
106	Homo sapiens	2022-01-09	Saudi Arabia	BA.1.1	EPI_ISL_16674961
106	Homo sapiens	2022-01-06	Saudi Arabia	BA.1.1	EPI_ISL_16674960
105	Homo sapiens	2021-12-30	Saudi Arabia	BA.1.1	EPI_ISL_16674968
105	Homo sapiens	2021-12-30	Saudi Arabia	BA.1.1	EPI_ISL_16674970
107	Homo sapiens	2022-01-10	Saudi Arabia	BA.1.1	EPI_ISL_16674962
106	Homo sapiens	2022-01-06	Saudi Arabia	BA.1.1	EPI_ISL_16674959
107	Homo sapiens	2022-01-10	Saudi Arabia	B.1.1.529	EPI_ISL_16674995
107	Homo sapiens	2022-01-10	Saudi Arabia	BA.1.1	EPI_ISL_16674985
107	Homo sapiens	2022-01-11	Saudi Arabia	BA.1	EPI_ISL_16674981
106	Homo sapiens	2022-01-06	Saudi Arabia	BA.1.1	EPI_ISL_16674983
107	Homo sapiens	2022-01-11	Saudi Arabia	BA.1.1	EPI_ISL_16674984
106	Homo sapiens	2022-01-05	Saudi Arabia	BA.1.1	EPI_ISL_16674965
107	Homo sapiens	2022-01-11	Saudi Arabia	BA.1.1	EPI_ISL_16674955
105	Homo sapiens	2021-12-30	Saudi Arabia	BA.1.1	EPI_ISL_16674992
107	Homo sapiens	2022-01-11	Saudi Arabia	BA.1.1	EPI_ISL_16674957
105	Homo sapiens	2021-12-31	Saudi Arabia	BA.1.1	EPI_ISL_16674979
106	Homo sapiens	2022-01-09	Saudi Arabia	BA.1.1	EPI_ISL_16674963
106	Homo sapiens	2022-01-05	Saudi Arabia	BA.1.1	EPI_ISL_16674966
106	Homo sapiens	2022-01-09	Saudi Arabia	BA.1.1	EPI_ISL_16674947
107	Homo sapiens	2022-01-11	Saudi Arabia	BA.1.1	EPI_ISL_16674967
106	Homo sapiens	2022-01-09	Saudi Arabia	B.1.1.529	EPI_ISL_16674993
106	Homo sapiens	2022-01-06	Saudi Arabia	BA.1.1	EPI_ISL_16674954
105	Homo sapiens	2022-01-02	Saudi Arabia	BA.1.1	EPI_ISL_16674958
106	Homo sapiens	2022-01-07	Saudi Arabia	BA.1.1	EPI_ISL_16674948
106	Homo sapiens	2022-01-09	Saudi Arabia	BA.2.3	EPI_ISL_16674946
105	Homo sapiens	2022-01-02	Saudi Arabia	BA.1	EPI_ISL_16674974
105	Homo sapiens	2021-12-30	Saudi Arabia	BA.1.1	EPI_ISL_16674949
105	Homo sapiens	2022-01-02	Saudi Arabia	BA.1	EPI_ISL_16674953
105	Homo sapiens	2022-01-02	Saudi Arabia	BA.1	EPI_ISL_16674977
107	Homo sapiens	2022-01-10	Saudi Arabia	BA.1.1	EPI_ISL_16674975
106	Homo sapiens	2022-01-06	Saudi Arabia	BA.1.1	EPI_ISL_16674952
105	Homo sapiens	2021-12-30	Saudi Arabia	BA.1.1	EPI_ISL_16674972
106	Homo sapiens	2022-01-05	Saudi Arabia	BA.1.1	EPI_ISL_16674978
107	Homo sapiens	2022-01-11	Saudi Arabia	BA.1	EPI_ISL_16674964
105	Homo sapiens	2021-12-30	Saudi Arabia	BA.1.1	EPI_ISL_16674971
105	Homo sapiens	2021-12-30	Saudi Arabia	BA.1.1	EPI_ISL_16674999
105	Homo sapiens	2022-01-02	Saudi Arabia	BA.1.1	EPI_ISL_16674990
106	Homo sapiens	2022-01-05	Saudi Arabia	BA.1.1	EPI_ISL_16674980
105	Homo sapiens	2021-12-30	Saudi Arabia	BA.1.1	EPI_ISL_16674991
105	Homo sapiens	2021-12-30	Saudi Arabia	BA.1.1	EPI_ISL_16674986
105	Homo sapiens	2021-12-31	Saudi Arabia	BA.1.1	EPI_ISL_16674982
106	Homo sapiens	2022-01-06	Saudi Arabia	BA.1.1	EPI_ISL_16674987
106	Homo sapiens	2022-01-05	Saudi Arabia	BA.1.1	EPI_ISL_16674988
106	Homo sapiens	2022-01-07	Saudi Arabia	B.1.1.529	EPI_ISL_16675004
105	Homo sapiens	2022-01-02	Saudi Arabia	BA.1	EPI_ISL_16675002
106	Homo sapiens	2022-01-06	Saudi Arabia	B.1.1.529	EPI_ISL_16675003
105	Homo sapiens	2022-01-02	Saudi Arabia	BA.1.1	EPI_ISL_16675013
105	Homo sapiens	2021-12-31	Saudi Arabia	BA.1.1	EPI_ISL_16674973
106	Homo sapiens	2022-01-07	Saudi Arabia	BA.1.1	EPI_ISL_16674976
107	Homo sapiens	2022-01-10	Saudi Arabia	BA.1.1	EPI_ISL_16675017
106	Homo sapiens	2022-01-09	Saudi Arabia	BA.1	EPI_ISL_16675005
107	Homo sapiens	2022-01-11	Saudi Arabia	BA.1	EPI_ISL_16674996
105	Homo sapiens	2021-12-30	Saudi Arabia	BA.1.1	EPI_ISL_16675000
105	Homo sapiens	2022-01-02	Saudi Arabia	BA.1.1	EPI_ISL_16674998
105	Homo sapiens	2021-12-30	Saudi Arabia	BA.1.1	EPI_ISL_16674989
106	Homo sapiens	2022-01-09	Saudi Arabia	BA.1.1	EPI_ISL_16705323
106	Homo sapiens	2022-01-09	Saudi Arabia	BA.1.1	EPI_ISL_16706160
146	Homo sapiens	2022-10-16	Saudi Arabia	BQ.1.23	EPI_ISL_17088888
143	Homo sapiens	2022-09-24	Saudi Arabia	BA.5.2.46	EPI_ISL_17088917
143	Homo sapiens	2022-09-23	Saudi Arabia	BM.1.1.3	EPI_ISL_17088905
150	Homo sapiens	2022-11-12	Saudi Arabia	BQ.1.23	EPI_ISL_17088944
147	Homo sapiens	2022-10-17	Saudi Arabia	BA.2.75.2	EPI_ISL_17088902
148	Homo sapiens	2022-10-30	Saudi Arabia	BA.5.2.46	EPI_ISL_17088921
156	Homo sapiens	2022-12-19	Saudi Arabia	BA.5.2.1	EPI_ISL_17088945
