16	Homo sapiens	2020-04-13	Serbia	B.1.1.70	MT450872.1
14	Homo sapiens	2020-04-04	Serbia	B.1.1.70	MT459979.1
14	Homo sapiens	2020-04-01	Serbia	B.1.1.319	MT569470.1
19	Homo sapiens	2020-05-10	Serbia	B.1	MT569471.1
18	Homo sapiens	2020-04-28	Serbia	B.1	MT569472.1
17	Homo sapiens	2020-04-23	Serbia	B.1	MT569473.1
17	Homo sapiens	2020-04-22	Serbia	B.1	MT569474.1
14	Homo sapiens	2020-04-03	Serbia	B.1.1.1	MT704812.1
17	Homo sapiens	2020-04-21	Serbia	B.1.1.1	MT883499.1
18	Homo sapiens	2020-04-27	Serbia	B.1.1.70	MT883500.1
20	Homo sapiens	2020-05-11	Serbia	B.1	MT883501.1
28	Homo sapiens	2020-07-11	Serbia	B.1.1.70	MT883502.1
29	Homo sapiens	2020-07-14	Serbia	B.1.1.70	MT883503.1
29	Homo sapiens	2020-07-14	Serbia	B.1.1.70	MT883504.1
29	Homo sapiens	2020-07-15	Serbia	B.1.1.70	MT883505.1
28	Homo sapiens	2020-07-06	Serbia	C.35	MW012268.1
30	Homo sapiens	2020-07-23	Serbia	C.35	MW012272.1
28	Homo sapiens	2020-07-06	Serbia	B.1.1.70	MW012275.1
14	Homo sapiens	2020-04-02	Serbia	B.1	EPI_ISL_582524
14	Homo sapiens	2020-04-03	Serbia	B.1.1.70	EPI_ISL_582525
14	Homo sapiens	2020-04-05	Serbia	B.1.1.70	EPI_ISL_582526
15	Homo sapiens	2020-04-12	Serbia	B.1.1.70	EPI_ISL_582527
16	Homo sapiens	2020-04-15	Serbia	B.1.1.70	EPI_ISL_582528
16	Homo sapiens	2020-04-16	Serbia	B.1.1.70	EPI_ISL_582529
30	Homo sapiens	2020-07-20	Serbia	C.35	EPI_ISL_582530
30	Homo sapiens	2020-07-24	Serbia	B.1.1.70	EPI_ISL_582531
30	Homo sapiens	2020-07-24	Serbia	B.1.1.70	EPI_ISL_582532
30	Homo sapiens	2020-07-24	Serbia	C.35	EPI_ISL_582533
30	Homo sapiens	2020-07-24	Serbia	C.35	EPI_ISL_582534
14	Homo sapiens	2020-04-05	Serbia	B.1.1.70	MW127519.1
28	Homo sapiens	2020-07-08	Serbia	B.1.1.70	EPI_ISL_541649
28	Homo sapiens	2020-07-12	Serbia	B.1.1.70	EPI_ISL_541650
29	Homo sapiens	2020-07-14	Serbia	B.1.1.70	EPI_ISL_541652
29	Homo sapiens	2020-07-19	Serbia	B.1.1.70	EPI_ISL_541653
30	Homo sapiens	2020-07-21	Serbia	B.1.1.70	EPI_ISL_541654
28	Homo sapiens	2020-07-06	Serbia	B.1.1.70	EPI_ISL_541656
28	Homo sapiens	2020-07-06	Serbia	B.1.1.70	EPI_ISL_541657
28	Homo sapiens	2020-07-08	Serbia	B.1.1.70	EPI_ISL_541659
30	Homo sapiens	2020-07-20	Serbia	B.1.1.70	EPI_ISL_541660
28	Homo sapiens	2020-07-09	Serbia	B.1.1.70	EPI_ISL_541661
29	Homo sapiens	2020-07-15	Serbia	B.1.1.70	EPI_ISL_541662
29	Homo sapiens	2020-07-15	Serbia	C.35	EPI_ISL_644565
30	Homo sapiens	2020-07-20	Serbia	B.1.1.70	EPI_ISL_644566
30	Homo sapiens	2020-07-22	Serbia	B.1.1.70	EPI_ISL_644567
28	Homo sapiens	2020-07-06	Serbia	C.35	EPI_ISL_644568
30	Homo sapiens	2020-07-22	Serbia	C.35	EPI_ISL_644569
28	Homo sapiens	2020-07-06	Serbia	C.35	EPI_ISL_644570
29	Homo sapiens	2020-07-15	Serbia	C.35	EPI_ISL_644571
20	Homo sapiens	2020-05-11	Serbia	B.1	EPI_ISL_644572
28	Homo sapiens	2020-07-11	Serbia	B.1.1.70	EPI_ISL_644573
30	Homo sapiens	2020-07-24	Serbia	B.1.1.70	EPI_ISL_644574
30	Homo sapiens	2020-07-24	Serbia	B.1.1.70	EPI_ISL_644575
30	Homo sapiens	2020-07-24	Serbia	B.1.1.70	EPI_ISL_644576
30	Homo sapiens	2020-07-24	Serbia	C.35	EPI_ISL_644577
30	Homo sapiens	2020-07-24	Serbia	C.35	EPI_ISL_644578
28	Homo sapiens	2020-07-09	Serbia	B.1.1.70	EPI_ISL_644579
20	Homo sapiens	2020-05-13	Serbia	B.1.1.70	EPI_ISL_644580
20	Homo sapiens	2020-05-13	Serbia	B.1.1.70	EPI_ISL_644581
15	Homo sapiens	2020-04-06	Serbia	C.35	EPI_ISL_644582
14	Homo sapiens	2020-04-05	Serbia	B.1.1.1	EPI_ISL_644583
29	Homo sapiens	2020-07-15	Serbia	C.35	MW266948.1
30	Homo sapiens	2020-07-20	Serbia	B.1.1.70	MW266952.1
29	Homo sapiens	2020-07-15	Serbia	C.35	MW266953.1
25	Homo sapiens	2020-06-16	Serbia	C.35	EPI_ISL_661179
25	Homo sapiens	2020-06-15	Serbia	B.1.1.70	EPI_ISL_661180
26	Homo sapiens	2020-06-25	Serbia	B.1.1.70	EPI_ISL_661181
27	Homo sapiens	2020-07-03	Serbia	C.35	EPI_ISL_661182
25	Homo sapiens	2020-06-15	Serbia	B.1.1.70	EPI_ISL_661183
26	Homo sapiens	2020-06-24	Serbia	C.35	EPI_ISL_661184
25	Homo sapiens	2020-06-16	Serbia	B.1.1.70	EPI_ISL_661185
28	Homo sapiens	2020-07-09	Serbia	C.35	EPI_ISL_661186
27	Homo sapiens	2020-07-05	Serbia	B.1.1.70	EPI_ISL_661187
26	Homo sapiens	2020-06-25	Serbia	B.1.1.70	EPI_ISL_661188
11	Homo sapiens	2020-03-12	Serbia	B.1.1	EPI_ISL_661189
30	Homo sapiens	2020-07-22	Serbia	B.1.240	EPI_ISL_661190
26	Homo sapiens	2020-06-24	Serbia	B.1.1.70	EPI_ISL_661191
26	Homo sapiens	2020-06-25	Serbia	B.1	EPI_ISL_661192
28	Homo sapiens	2020-07-09	Serbia	C.35	EPI_ISL_661193
30	Homo sapiens	2020-07-22	Serbia	C.35	EPI_ISL_661194
26	Homo sapiens	2020-06-25	Serbia	C.35	EPI_ISL_661195
26	Homo sapiens	2020-06-25	Serbia	B.1.1.70	EPI_ISL_661196
28	Homo sapiens	2020-07-10	Serbia	B.1.1.70	EPI_ISL_661197
31	Homo sapiens	2020-07-29	Serbia	C.35	EPI_ISL_661198
27	Homo sapiens	2020-07-05	Serbia	B.1.1.70	EPI_ISL_661199
14	Homo sapiens	2020-04-01	Serbia	B.1	EPI_ISL_661200
26	Homo sapiens	2020-06-24	Serbia	C.35	MW315970.1
28	Homo sapiens	2020-07-09	Serbia	C.35	MW315978.1
14	Homo sapiens	2020-04-05	Serbia	B.1.1.70	MW327510.1
28	Homo sapiens	2020-07-11	Serbia	C.35	MW327511.1
14	Homo sapiens	2020-03-31	Serbia	B.1	MW327512.1
14	Homo sapiens	2020-04-02	Serbia	B.1.1.70	MW327513.1
18	Homo sapiens	2020-05-01	Serbia	B.1.1.70	MW327514.1
28	Homo sapiens	2020-07-08	Serbia	B.1.1.70	MW327515.1
15	Homo sapiens	2020-04-06	Serbia	B.1.1.1	MW327516.1
15	Homo sapiens	2020-04-08	Serbia	B.1	MW327517.1
26	Homo sapiens	2020-06-24	Serbia	C.35	MW327518.1
26	Homo sapiens	2020-06-24	Serbia	B.1.1.70	MW327519.1
26	Homo sapiens	2020-06-24	Serbia	C.35	MW327520.1
19	Homo sapiens	2020-05-05	Serbia	B.1	MW327521.1
19	Homo sapiens	2020-05-05	Serbia	B.1.1.70	MW327522.1
19	Homo sapiens	2020-05-05	Serbia	B.1.1.70	MW327523.1
19	Homo sapiens	2020-05-10	Serbia	B.1.1.70	MW327524.1
20	Homo sapiens	2020-05-16	Serbia	B.1	MW327525.1
22	Homo sapiens	2020-05-28	Serbia	B.1.1.1	MW327526.1
22	Homo sapiens	2020-05-28	Serbia	B.1.1.70	MW327527.1
25	Homo sapiens	2020-06-15	Serbia	C.4	MW327528.1
16	Homo sapiens	2020-04-13	Serbia	B.1	MW327529.1
16	Homo sapiens	2020-04-14	Serbia	B.1	MW327530.1
16	Homo sapiens	2020-04-15	Serbia	B.1	MW327531.1
16	Homo sapiens	2020-04-16	Serbia	B.1.1.1	MW327532.1
17	Homo sapiens	2020-04-20	Serbia	B.1	MW327533.1
17	Homo sapiens	2020-04-22	Serbia	B.1	MW327534.1
17	Homo sapiens	2020-04-22	Serbia	B.1	MW327535.1
18	Homo sapiens	2020-04-27	Serbia	B.1	MW327536.1
25	Homo sapiens	2020-06-15	Serbia	B.1.1.70	MW327537.1
15	Homo sapiens	2020-04-08	Serbia	B.1.1.70	MW327538.1
15	Homo sapiens	2020-04-08	Serbia	B.1.1.70	MW327539.1
34	Homo sapiens	2020-08-20	Serbia	B.1	EPI_ISL_678486
17	Homo sapiens	2020-04-20	Serbia	B.1	EPI_ISL_678487
18	Homo sapiens	2020-04-29	Serbia	B.1	EPI_ISL_678488
32	Homo sapiens	2020-08-04	Serbia	C.35	EPI_ISL_678489
18	Homo sapiens	2020-04-29	Serbia	B.1.1.70	EPI_ISL_678490
28	Homo sapiens	2020-07-08	Serbia	C.35	EPI_ISL_678491
28	Homo sapiens	2020-07-07	Serbia	C.35	EPI_ISL_678492
29	Homo sapiens	2020-07-15	Serbia	C.35	EPI_ISL_678493
28	Homo sapiens	2020-07-08	Serbia	C.35	MW485247.1
28	Homo sapiens	2020-07-07	Serbia	C.35	MW485248.1
32	Homo sapiens	2020-08-04	Serbia	B.1.1.70	EPI_ISL_833511
30	Homo sapiens	2020-07-23	Serbia	B.1.1.70	EPI_ISL_833512
14	Homo sapiens	2020-04-03	Serbia	B.1.1.70	EPI_ISL_833513
30	Homo sapiens	2020-07-23	Serbia	B.1.1.70	EPI_ISL_833514
30	Homo sapiens	2020-07-23	Serbia	B.1.1.70	EPI_ISL_833515
29	Homo sapiens	2020-07-17	Serbia	B.1.1.70	EPI_ISL_833516
21	Homo sapiens	2020-05-19	Serbia	B.1.1.70	EPI_ISL_833517
19	Homo sapiens	2020-05-10	Serbia	B.1.1.70	EPI_ISL_833518
35	Homo sapiens	2020-08-26	Serbia	B.1.1.218	EPI_ISL_833519
19	Homo sapiens	2020-05-10	Serbia	B.1.1.70	EPI_ISL_833520
18	Homo sapiens	2020-04-28	Serbia	B.1.1.70	EPI_ISL_833521
31	Homo sapiens	2020-07-29	Serbia	C.35	EPI_ISL_833572
17	Homo sapiens	2020-04-20	Serbia	B.1	EPI_ISL_833573
15	Homo sapiens	2020-04-11	Serbia	B.1	EPI_ISL_833574
28	Homo sapiens	2020-07-08	Serbia	C.35	EPI_ISL_833575
14	Homo sapiens	2020-04-01	Serbia	B.1.1.70	EPI_ISL_833576
14	Homo sapiens	2020-04-03	Serbia	B.1.1.70	EPI_ISL_833577
32	Homo sapiens	2020-08-04	Serbia	B.1.1.70	MW485795.1
30	Homo sapiens	2020-07-23	Serbia	B.1.1.70	MW485796.1
30	Homo sapiens	2020-07-23	Serbia	B.1.1.70	MW485798.1
29	Homo sapiens	2020-07-17	Serbia	B.1.1.70	MW485800.1
21	Homo sapiens	2020-05-19	Serbia	B.1.1.70	MW485801.1
18	Homo sapiens	2020-04-28	Serbia	B.1.1.70	MW485805.1
31	Homo sapiens	2020-07-29	Serbia	C.35	MW485928.1
14	Homo sapiens	2020-04-01	Serbia	B.1.1.70	MW485932.1
17	Homo sapiens	2020-04-24	Serbia	B.1.1.70	EPI_ISL_891266
37	Homo sapiens	2020-09-10	Serbia	C.35	EPI_ISL_891267
40	Homo sapiens	2020-10-02	Serbia	C.16	EPI_ISL_891268
31	Homo sapiens	2020-07-30	Serbia	C.35	EPI_ISL_891269
40	Homo sapiens	2020-10-02	Serbia	B.1.177	EPI_ISL_891270
40	Homo sapiens	2020-09-28	Serbia	B.1.1.70	EPI_ISL_891271
31	Homo sapiens	2020-08-01	Serbia	B.1.1.70	EPI_ISL_891272
44	Homo sapiens	2020-11-01	Serbia	C.35	EPI_ISL_904004
48	Homo sapiens	2020-11-27	Serbia	B.1.160	EPI_ISL_904005
48	Homo sapiens	2020-11-25	Serbia	C.35	EPI_ISL_904006
50	Homo sapiens	2020-12-09	Serbia	B.1.221	EPI_ISL_904007
50	Homo sapiens	2020-12-09	Serbia	C.35	EPI_ISL_904008
46	Homo sapiens	2020-11-12	Serbia	B.1.177	EPI_ISL_904009
46	Homo sapiens	2020-11-09	Serbia	B.1.1	EPI_ISL_904010
50	Homo sapiens	2020-12-11	Serbia	B.1.160	EPI_ISL_904011
14	Homo sapiens	2020-04-02	Serbia	B.1.1.70	EPI_ISL_904012
14	Homo sapiens	2020-04-02	Serbia	B.1.1.70	EPI_ISL_904013
14	Homo sapiens	2020-04-04	Serbia	B.1	EPI_ISL_904014
14	Homo sapiens	2020-04-02	Serbia	B.1.1.70	MW548724.1
14	Homo sapiens	2020-04-02	Serbia	B.1.1.70	MW548725.1
39	Homo sapiens	2020-09-23	Serbia	B.1.110.3	EPI_ISL_909737
32	Homo sapiens	2020-08-04	Serbia	C.35	EPI_ISL_918411
40	Homo sapiens	2020-10-02	Serbia	C.35	EPI_ISL_955158
40	Homo sapiens	2020-10-03	Serbia	C.35	EPI_ISL_955159
40	Homo sapiens	2020-10-04	Serbia	B.1.160	EPI_ISL_955160
40	Homo sapiens	2020-10-04	Serbia	C.35	EPI_ISL_955161
40	Homo sapiens	2020-10-04	Serbia	C.35	EPI_ISL_955162
41	Homo sapiens	2020-10-05	Serbia	C.16	EPI_ISL_955163
43	Homo sapiens	2020-10-22	Serbia	C.16	EPI_ISL_955164
47	Homo sapiens	2020-11-16	Serbia	C.35	EPI_ISL_955165
47	Homo sapiens	2020-11-18	Serbia	B.1.1.70	EPI_ISL_955166
47	Homo sapiens	2020-11-21	Serbia	B.1	EPI_ISL_955167
47	Homo sapiens	2020-11-21	Serbia	C.16	EPI_ISL_955168
50	Homo sapiens	2020-12-13	Serbia	B.1.1.7	EPI_ISL_1017679
53	Homo sapiens	2020-12-30	Serbia	B.1.2	EPI_ISL_1017680
53	Homo sapiens	2020-12-29	Serbia	B.1	EPI_ISL_1017681
54	Homo sapiens	2021-01-10	Serbia	C.16	EPI_ISL_1017682
54	Homo sapiens	2021-01-10	Serbia	B.1.177.81	EPI_ISL_1017683
54	Homo sapiens	2021-01-10	Serbia	C.36	EPI_ISL_1017684
50	Homo sapiens	2020-12-13	Serbia	C.35	EPI_ISL_1017685
51	Homo sapiens	2020-12-18	Serbia	C.36	EPI_ISL_1017686
53	Homo sapiens	2020-12-30	Serbia	C.35	EPI_ISL_1017687
51	Homo sapiens	2020-12-15	Serbia	C.16	EPI_ISL_1017688
51	Homo sapiens	2020-12-18	Serbia	C.16	EPI_ISL_1017689
56	Homo sapiens	2021-01-21	Serbia	C.16	EPI_ISL_1017690
49	Homo sapiens	2020-12-06	Serbia	B.1.177.75	EPI_ISL_1017691
57	Homo sapiens	2021-01-26	Serbia	C.16	EPI_ISL_1017692
57	Homo sapiens	2021-01-26	Serbia	C.16	EPI_ISL_1017693
54	Homo sapiens	2021-01-08	Serbia	C.16	EPI_ISL_1017694
54	Homo sapiens	2021-01-08	Serbia	C.35	EPI_ISL_1017695
54	Homo sapiens	2021-01-08	Serbia	B.1.1.294	EPI_ISL_1017696
54	Homo sapiens	2021-01-08	Serbia	C.16	EPI_ISL_1017697
53	Homo sapiens	2020-12-31	Serbia	C.16	EPI_ISL_1017699
53	Homo sapiens	2020-12-31	Serbia	C.16	EPI_ISL_1017700
23	Homo sapiens	2020-06-05	Serbia	C.35	EPI_ISL_1055778
24	Homo sapiens	2020-06-08	Serbia	C.35	EPI_ISL_1055779
24	Homo sapiens	2020-06-08	Serbia	B.1.1.70	EPI_ISL_1055782
30	Homo sapiens	2020-07-25	Serbia	B.1.1.70	EPI_ISL_1055783
30	Homo sapiens	2020-07-25	Serbia	B.1.1.70	EPI_ISL_1055786
30	Homo sapiens	2020-07-26	Serbia	B.1.1.70	EPI_ISL_1055787
31	Homo sapiens	2020-07-27	Serbia	C.35	EPI_ISL_1055791
31	Homo sapiens	2020-07-27	Serbia	B.1.1.70	EPI_ISL_1055793
31	Homo sapiens	2020-07-27	Serbia	B.1.146	EPI_ISL_1055794
31	Homo sapiens	2020-07-31	Serbia	C.35	EPI_ISL_1056956
31	Homo sapiens	2020-07-31	Serbia	B.1.1.70	EPI_ISL_1056957
31	Homo sapiens	2020-08-01	Serbia	B.1.1.70	EPI_ISL_1056959
31	Homo sapiens	2020-08-01	Serbia	B.1	EPI_ISL_1056968
32	Homo sapiens	2020-08-05	Serbia	C.35	EPI_ISL_1056970
33	Homo sapiens	2020-08-10	Serbia	C.35	EPI_ISL_1056972
34	Homo sapiens	2020-08-17	Serbia	B.1.1.70	EPI_ISL_1056974
38	Homo sapiens	2020-09-14	Serbia	B.1.221	EPI_ISL_1057035
39	Homo sapiens	2020-09-21	Serbia	B.1.1.70	EPI_ISL_1057036
39	Homo sapiens	2020-09-21	Serbia	C.35	EPI_ISL_1057038
40	Homo sapiens	2020-09-29	Serbia	B.1.160	EPI_ISL_1057040
39	Homo sapiens	2020-09-24	Serbia	B.1.1.70	EPI_ISL_1057041
39	Homo sapiens	2020-09-25	Serbia	C.35	EPI_ISL_1057097
39	Homo sapiens	2020-09-26	Serbia	B.1.1.47	EPI_ISL_1057098
40	Homo sapiens	2020-10-02	Serbia	B.1.1.398	EPI_ISL_1057102
40	Homo sapiens	2020-10-03	Serbia	C.16	EPI_ISL_1057103
40	Homo sapiens	2020-10-03	Serbia	C.35	EPI_ISL_1057104
40	Homo sapiens	2020-10-03	Serbia	B.1.160	EPI_ISL_1057105
41	Homo sapiens	2020-10-08	Serbia	B.1.36	EPI_ISL_1061425
41	Homo sapiens	2020-10-10	Serbia	C.16	EPI_ISL_1061427
42	Homo sapiens	2020-10-13	Serbia	C.35	EPI_ISL_1061429
42	Homo sapiens	2020-10-13	Serbia	C.35	EPI_ISL_1061430
42	Homo sapiens	2020-10-13	Serbia	B.1.160	EPI_ISL_1061431
30	Homo sapiens	2020-07-26	Serbia	B.1.1.70	EPI_ISL_1055790
57	Homo sapiens	2021-01-27	Serbia	B.1.177.35	EPI_ISL_1654809
57	Homo sapiens	2021-01-29	Serbia	C.36	EPI_ISL_1654810
58	Homo sapiens	2021-02-04	Serbia	B.1.160	EPI_ISL_1654813
60	Homo sapiens	2021-02-15	Serbia	B.1.1.7	EPI_ISL_1654815
54	Homo sapiens	2021-01-08	Serbia	C.16	EPI_ISL_1654816
54	Homo sapiens	2021-01-08	Serbia	B.1.177	EPI_ISL_1654817
55	Homo sapiens	2021-01-11	Serbia	B.1.160	EPI_ISL_1654818
55	Homo sapiens	2021-01-11	Serbia	C.16	EPI_ISL_1654819
54	Homo sapiens	2021-01-08	Serbia	C.35	EPI_ISL_1654820
55	Homo sapiens	2021-01-11	Serbia	C.35	EPI_ISL_1654821
63	Homo sapiens	2021-03-08	Serbia	B.1.1.7	EPI_ISL_1654822
62	Homo sapiens	2021-03-07	Serbia	B.1.1.7	EPI_ISL_1654823
62	Homo sapiens	2021-03-07	Serbia	B.1.1.7	EPI_ISL_1654824
63	Homo sapiens	2021-03-08	Serbia	B.1.1.7	EPI_ISL_1654825
62	Homo sapiens	2021-03-07	Serbia	B.1.1.7	EPI_ISL_1654826
62	Homo sapiens	2021-03-05	Serbia	B.1.1.7	EPI_ISL_1654827
62	Homo sapiens	2021-03-06	Serbia	B.1.1.7	EPI_ISL_1654828
62	Homo sapiens	2021-03-05	Serbia	B.1.1.7	EPI_ISL_1654829
60	Homo sapiens	2021-02-21	Serbia	B.1.1.7	EPI_ISL_1654830
60	Homo sapiens	2021-02-21	Serbia	B.1.1.7	EPI_ISL_1654831
60	Homo sapiens	2021-02-21	Serbia	B.1.1.7	EPI_ISL_1654832
63	Homo sapiens	2021-03-08	Serbia	B.1.1.7	EPI_ISL_1654833
62	Homo sapiens	2021-03-06	Serbia	B.1.1.7	EPI_ISL_1654834
63	Homo sapiens	2021-03-08	Serbia	B.1.258.17	EPI_ISL_1654835
63	Homo sapiens	2021-03-08	Serbia	B.1.1.7	EPI_ISL_1654836
60	Homo sapiens	2021-02-21	Serbia	B.1.1.7	EPI_ISL_1654837
60	Homo sapiens	2021-02-21	Serbia	B.1.1.7	EPI_ISL_1654838
60	Homo sapiens	2021-02-21	Serbia	B.1.221	EPI_ISL_1654839
60	Homo sapiens	2021-02-21	Serbia	B.1.1.7	EPI_ISL_1654840
54	Homo sapiens	2021-01-05	Serbia	B.1.160	EPI_ISL_1654841
63	Homo sapiens	2021-03-11	Serbia	B.1.1.7	EPI_ISL_1654842
54	Homo sapiens	2021-01-05	Serbia	C.35	EPI_ISL_1740501
25	Homo sapiens	2020-06-17	Serbia	C.35	MZ145384.1
79	Homo sapiens	2021-06-29	Serbia	AY.122	EPI_ISL_2932531
79	Homo sapiens	2021-06-29	Serbia	AY.122	EPI_ISL_2932530
53	Homo sapiens	2020-12-30	Serbia	B.1.160	EPI_ISL_3163940
55	Homo sapiens	2021-01-11	Serbia	C.16	EPI_ISL_3163945
57	Homo sapiens	2021-01-26	Serbia	C.35	EPI_ISL_3163938
58	Homo sapiens	2021-02-04	Serbia	B.1.1.7	EPI_ISL_3163937
67	Homo sapiens	2021-04-09	Serbia	B.1.1.7	EPI_ISL_3163966
71	Homo sapiens	2021-05-09	Serbia	B.1.1.7	EPI_ISL_3163953
71	Homo sapiens	2021-05-09	Serbia	B.1.1.7	EPI_ISL_3163949
71	Homo sapiens	2021-05-09	Serbia	B.1.1.7	EPI_ISL_3163950
71	Homo sapiens	2021-05-09	Serbia	B.1.1.7	EPI_ISL_3163951
71	Homo sapiens	2021-05-08	Serbia	B.1.1.7	EPI_ISL_3163952
54	Homo sapiens	2021-01-05	Serbia	B.1.177	EPI_ISL_3163935
47	Homo sapiens	2020-11-21	Serbia	B.1.1.70	EPI_ISL_3163947
71	Homo sapiens	2021-05-09	Serbia	B.1.1.7	EPI_ISL_3163954
71	Homo sapiens	2021-05-09	Serbia	B.1.1.7	EPI_ISL_3163956
76	Homo sapiens	2021-06-11	Serbia	B.1.1.7	EPI_ISL_3163964
76	Homo sapiens	2021-06-11	Serbia	B.1.1.7	EPI_ISL_3163961
76	Homo sapiens	2021-06-11	Serbia	B.1.1.7	EPI_ISL_3163965
79	Homo sapiens	2021-07-02	Serbia	B.1.1.7	EPI_ISL_3163962
71	Homo sapiens	2021-05-09	Serbia	B.1.1.7	EPI_ISL_3163955
73	Homo sapiens	2021-05-18	Serbia	B.1.1.7	EPI_ISL_3163957
75	Homo sapiens	2021-06-04	Serbia	B.1.1.7	EPI_ISL_3163963
73	Homo sapiens	2021-05-18	Serbia	B.1.1.7	EPI_ISL_3163959
73	Homo sapiens	2021-05-18	Serbia	B.1.1.7	EPI_ISL_3163958
72	Homo sapiens	2021-05-12	Serbia	B.1.1.7	EPI_ISL_3163944
71	Homo sapiens	2021-05-04	Serbia	B.1.1.7	EPI_ISL_3163948
53	Homo sapiens	2021-01-02	Serbia	C.16	EPI_ISL_3163936
53	Homo sapiens	2021-01-03	Serbia	C.35	EPI_ISL_3163946
54	Homo sapiens	2021-01-05	Serbia	B.1.1.317	EPI_ISL_3163939
79	Homo sapiens	2021-06-29	Serbia	AY.122	MZ558052.1
79	Homo sapiens	2021-06-29	Serbia	AY.122	MZ558053.1
80	Homo sapiens	2021-07-06	Serbia	AY.45	EPI_ISL_2986987
84	Homo sapiens	2021-08-03	Serbia	AY.9	EPI_ISL_4468871
84	Homo sapiens	2021-08-02	Serbia	AY.122	EPI_ISL_4468869
84	Homo sapiens	2021-08-02	Serbia	AY.43	EPI_ISL_4468868
84	Homo sapiens	2021-08-02	Serbia	AY.44	EPI_ISL_4468870
82	Homo sapiens	2021-07-25	Serbia	AY.122	EPI_ISL_4468853
82	Homo sapiens	2021-07-25	Serbia	AY.122	EPI_ISL_4468851
82	Homo sapiens	2021-07-25	Serbia	AY.122	EPI_ISL_4468852
82	Homo sapiens	2021-07-24	Serbia	AY.126	EPI_ISL_4468850
82	Homo sapiens	2021-07-23	Serbia	AY.126	EPI_ISL_4468848
82	Homo sapiens	2021-07-23	Serbia	AY.46.6	EPI_ISL_4468849
82	Homo sapiens	2021-07-23	Serbia	AY.122	EPI_ISL_4468847
82	Homo sapiens	2021-07-19	Serbia	AY.122	EPI_ISL_4468846
81	Homo sapiens	2021-07-18	Serbia	AY.122	EPI_ISL_4468845
81	Homo sapiens	2021-07-17	Serbia	AY.84	EPI_ISL_4468844
81	Homo sapiens	2021-07-17	Serbia	AY.42	EPI_ISL_4468855
81	Homo sapiens	2021-07-16	Serbia	B.1.617.2	EPI_ISL_4468854
81	Homo sapiens	2021-07-13	Serbia	B.1.617.2	EPI_ISL_4468841
81	Homo sapiens	2021-07-13	Serbia	AY.46.6	EPI_ISL_4468843
79	Homo sapiens	2021-06-30	Serbia	AY.122	EPI_ISL_4468856
79	Homo sapiens	2021-06-29	Serbia	AY.122	EPI_ISL_4468859
78	Homo sapiens	2021-06-26	Serbia	AY.122	EPI_ISL_4468858
64	Homo sapiens	2021-03-18	Serbia	B.1.1.7	EPI_ISL_4468875
93	Homo sapiens	2021-10-05	Serbia	AY.43	EPI_ISL_5307625
93	Homo sapiens	2021-10-04	Serbia	AY.46.6	EPI_ISL_6698751
93	Homo sapiens	2021-10-04	Serbia	AY.46.6	EPI_ISL_6698752
93	Homo sapiens	2021-10-04	Serbia	AY.122	EPI_ISL_6698753
93	Homo sapiens	2021-10-04	Serbia	AY.46.6	EPI_ISL_6698754
93	Homo sapiens	2021-10-04	Serbia	AY.46.6	EPI_ISL_6698755
93	Homo sapiens	2021-10-04	Serbia	AY.98.1	EPI_ISL_6698756
93	Homo sapiens	2021-10-04	Serbia	AY.4	EPI_ISL_6698757
93	Homo sapiens	2021-10-04	Serbia	AY.122	EPI_ISL_6698758
93	Homo sapiens	2021-10-04	Serbia	AY.43	EPI_ISL_6698759
93	Homo sapiens	2021-10-04	Serbia	AY.122	EPI_ISL_6698760
88	Homo sapiens	2021-09-01	Serbia	AY.60	EPI_ISL_6698736
88	Homo sapiens	2021-09-01	Serbia	AY.9.2	EPI_ISL_6698737
88	Homo sapiens	2021-09-01	Serbia	AY.46.6	EPI_ISL_6698740
88	Homo sapiens	2021-09-01	Serbia	AY.122	EPI_ISL_6698741
87	Homo sapiens	2021-08-27	Serbia	AY.4.7	EPI_ISL_6698742
87	Homo sapiens	2021-08-26	Serbia	AY.43	EPI_ISL_6698738
87	Homo sapiens	2021-08-26	Serbia	AY.5	EPI_ISL_6698743
87	Homo sapiens	2021-08-26	Serbia	AY.43	EPI_ISL_6698744
87	Homo sapiens	2021-08-25	Serbia	AY.122	EPI_ISL_6698739
87	Homo sapiens	2021-08-25	Serbia	AY.122	EPI_ISL_6698745
87	Homo sapiens	2021-08-25	Serbia	AY.122	EPI_ISL_6698746
87	Homo sapiens	2021-08-25	Serbia	AY.122	EPI_ISL_6698747
85	Homo sapiens	2021-08-15	Serbia	AY.43	EPI_ISL_6698733
85	Homo sapiens	2021-08-14	Serbia	AY.46.6	EPI_ISL_6698734
84	Homo sapiens	2021-08-06	Serbia	AY.122	EPI_ISL_6698735
64	Homo sapiens	2021-03-18	Serbia	B.1.1.7	EPI_ISL_6698748
64	Homo sapiens	2021-03-18	Serbia	B.1.1.7	EPI_ISL_6698749
62	Homo sapiens	2021-03-03	Serbia	B.1.1.7	EPI_ISL_6698750
52	Homo sapiens	2020-12-23	Serbia	B.1.1	EPI_ISL_6698785
51	Homo sapiens	2020-12-15	Serbia	C.35	EPI_ISL_6698761
51	Homo sapiens	2020-12-15	Serbia	B.1.258	EPI_ISL_6698784
49	Homo sapiens	2020-12-02	Serbia	B.1.258	EPI_ISL_6698773
48	Homo sapiens	2020-11-25	Serbia	B.1.160	EPI_ISL_6698772
47	Homo sapiens	2020-11-18	Serbia	B.1.177	EPI_ISL_6698771
47	Homo sapiens	2020-11-17	Serbia	B.1.177	EPI_ISL_6698770
47	Homo sapiens	2020-11-16	Serbia	B.1.258	EPI_ISL_6698767
47	Homo sapiens	2020-11-16	Serbia	C.35	EPI_ISL_6698768
47	Homo sapiens	2020-11-16	Serbia	B.1.258	EPI_ISL_6698769
46	Homo sapiens	2020-11-15	Serbia	B.1.1.70	EPI_ISL_6698766
46	Homo sapiens	2020-11-13	Serbia	B.1.160	EPI_ISL_6698765
46	Homo sapiens	2020-11-10	Serbia	B.1.1.70	EPI_ISL_6698764
45	Homo sapiens	2020-11-07	Serbia	C.35	EPI_ISL_6698763
44	Homo sapiens	2020-10-27	Serbia	B.1.1.70	EPI_ISL_6698762
12	Homo sapiens	2020-03-19	Serbia	B.1	EPI_ISL_6698781
12	Homo sapiens	2020-03-19	Serbia	B.1	EPI_ISL_6698782
12	Homo sapiens	2020-03-18	Serbia	B.1	EPI_ISL_6698783
11	Homo sapiens	2020-03-14	Serbia	B.1.1.70	EPI_ISL_6698774
11	Homo sapiens	2020-03-14	Serbia	B.1.1	EPI_ISL_6698775
11	Homo sapiens	2020-03-14	Serbia	B.1.1	EPI_ISL_6698776
11	Homo sapiens	2020-03-13	Serbia	B.1.1.70	EPI_ISL_6698780
11	Homo sapiens	2020-03-12	Serbia	B.1.1.323	EPI_ISL_6698777
11	Homo sapiens	2020-03-11	Serbia	B.1.1.70	EPI_ISL_6698778
11	Homo sapiens	2020-03-11	Serbia	B.1.1.70	EPI_ISL_6698779
69	Homo sapiens	2021-04-25	Serbia	B.1.1.7	EPI_ISL_6851604
50	Homo sapiens	2020-12-08	Serbia	B.1.258	EPI_ISL_6852224
33	Homo sapiens	2020-08-12	Serbia	C.35	EPI_ISL_6841972
33	Homo sapiens	2020-08-12	Serbia	B.1.1.70	EPI_ISL_6842233
33	Homo sapiens	2020-08-12	Serbia	B.1.1.70	EPI_ISL_6842228
33	Homo sapiens	2020-08-11	Serbia	C.35	EPI_ISL_6841623
33	Homo sapiens	2020-08-11	Serbia	C.35	EPI_ISL_6834048
33	Homo sapiens	2020-08-11	Serbia	C.35	EPI_ISL_6841970
33	Homo sapiens	2020-08-11	Serbia	C.35	EPI_ISL_6841969
33	Homo sapiens	2020-08-11	Serbia	B.1.1.70	EPI_ISL_6841975
33	Homo sapiens	2020-08-11	Serbia	B.1.1.39	EPI_ISL_6848137
33	Homo sapiens	2020-08-10	Serbia	B.1.1.70	EPI_ISL_6841965
33	Homo sapiens	2020-08-10	Serbia	B.1.236	EPI_ISL_6848939
20	Homo sapiens	2020-05-17	Serbia	B.1.1.70	EPI_ISL_6840363
20	Homo sapiens	2020-05-17	Serbia	B.1	EPI_ISL_6841412
19	Homo sapiens	2020-05-07	Serbia	B.1.1.1	EPI_ISL_6841620
19	Homo sapiens	2020-05-07	Serbia	B.1.1.70	EPI_ISL_6841546
19	Homo sapiens	2020-05-07	Serbia	B.1.1.1	EPI_ISL_6847948
19	Homo sapiens	2020-05-06	Serbia	B.1	EPI_ISL_6841603
18	Homo sapiens	2020-05-01	Serbia	B.1.1.70	EPI_ISL_6842238
18	Homo sapiens	2020-05-01	Serbia	B.1.1.70	EPI_ISL_6851372
18	Homo sapiens	2020-05-01	Serbia	B.1.1.70	EPI_ISL_6851576
18	Homo sapiens	2020-04-30	Serbia	B.1.1.1	EPI_ISL_6841987
18	Homo sapiens	2020-04-30	Serbia	B.1.1.1	EPI_ISL_6842172
18	Homo sapiens	2020-04-29	Serbia	B.1.1.1	EPI_ISL_6849888
18	Homo sapiens	2020-04-28	Serbia	B.1.1.70	EPI_ISL_6835296
18	Homo sapiens	2020-04-28	Serbia	B.1.1.1	EPI_ISL_6842274
18	Homo sapiens	2020-04-27	Serbia	B.1.1.1	EPI_ISL_6841976
17	Homo sapiens	2020-04-26	Serbia	B.1.1.1	EPI_ISL_6849335
16	Homo sapiens	2020-04-19	Serbia	B.1.1.70	EPI_ISL_6835972
74	Homo sapiens	2021-05-27	Serbia	B.1.1.7	EPI_ISL_6915183
74	Homo sapiens	2021-05-27	Serbia	B.1.1.7	EPI_ISL_6878138
74	Homo sapiens	2021-05-26	Serbia	B.1.1.7	EPI_ISL_6877124
74	Homo sapiens	2021-05-25	Serbia	B.1.1.7	EPI_ISL_6930873
74	Homo sapiens	2021-05-25	Serbia	B.1.1.7	EPI_ISL_6878029
73	Homo sapiens	2021-05-22	Serbia	B.1.1.7	EPI_ISL_6929922
73	Homo sapiens	2021-05-20	Serbia	B.1.1.7	EPI_ISL_6877378
73	Homo sapiens	2021-05-20	Serbia	B.1.1.7	EPI_ISL_6915817
73	Homo sapiens	2021-05-19	Serbia	B.1.1.7	EPI_ISL_6916489
73	Homo sapiens	2021-05-19	Serbia	B.1.1.7	EPI_ISL_6877366
73	Homo sapiens	2021-05-19	Serbia	B.1.1.7	EPI_ISL_6915568
73	Homo sapiens	2021-05-18	Serbia	B.1.1.7	EPI_ISL_6877380
73	Homo sapiens	2021-05-18	Serbia	B.1.1.7	EPI_ISL_6929816
73	Homo sapiens	2021-05-17	Serbia	B.1.1.7	EPI_ISL_6915296
72	Homo sapiens	2021-05-15	Serbia	B.1.1.7	EPI_ISL_6877964
72	Homo sapiens	2021-05-15	Serbia	B.1.1.7	EPI_ISL_6876908
72	Homo sapiens	2021-05-15	Serbia	B.1.1.7	EPI_ISL_6877822
72	Homo sapiens	2021-05-14	Serbia	B.1.1.7	EPI_ISL_6877374
72	Homo sapiens	2021-05-14	Serbia	B.1.1.7	EPI_ISL_6877369
72	Homo sapiens	2021-05-13	Serbia	B.1.1.7	EPI_ISL_6877633
72	Homo sapiens	2021-05-12	Serbia	B.1.1.7	EPI_ISL_6915180
72	Homo sapiens	2021-05-10	Serbia	B.1.1.7	EPI_ISL_6915177
71	Homo sapiens	2021-05-09	Serbia	B.1.1.7	EPI_ISL_6915268
71	Homo sapiens	2021-05-08	Serbia	B.1.1.7	EPI_ISL_6915174
71	Homo sapiens	2021-05-08	Serbia	B.1.1.7	EPI_ISL_6880201
71	Homo sapiens	2021-05-05	Serbia	B.1.1.7	EPI_ISL_6879827
71	Homo sapiens	2021-05-05	Serbia	B.1.1.7	EPI_ISL_6878209
71	Homo sapiens	2021-05-04	Serbia	B.1.1.7	EPI_ISL_6915263
71	Homo sapiens	2021-05-04	Serbia	B.1.1.7	EPI_ISL_6877485
70	Homo sapiens	2021-04-30	Serbia	B.1.1.7	EPI_ISL_6939261
70	Homo sapiens	2021-04-30	Serbia	B.1.1.7	EPI_ISL_6878202
70	Homo sapiens	2021-04-29	Serbia	B.1.1.7	EPI_ISL_6938201
70	Homo sapiens	2021-04-29	Serbia	B.1.1.7	EPI_ISL_6937720
69	Homo sapiens	2021-04-25	Serbia	B.1.1.7	EPI_ISL_6866282
69	Homo sapiens	2021-04-23	Serbia	B.1.1.7	EPI_ISL_6939085
69	Homo sapiens	2021-04-22	Serbia	B.1.1.7	EPI_ISL_6939081
69	Homo sapiens	2021-04-20	Serbia	B.1.1.7	EPI_ISL_6937482
67	Homo sapiens	2021-04-08	Serbia	B.1.1.7	EPI_ISL_6939207
67	Homo sapiens	2021-04-07	Serbia	B.1.1.7	EPI_ISL_6940286
67	Homo sapiens	2021-04-05	Serbia	B.1.1.7	EPI_ISL_6939120
67	Homo sapiens	2021-04-05	Serbia	B.1.1.7	EPI_ISL_6937448
67	Homo sapiens	2021-04-05	Serbia	B.1.1.7	EPI_ISL_6940284
67	Homo sapiens	2021-04-05	Serbia	B.1.1.7	EPI_ISL_6937443
66	Homo sapiens	2021-04-03	Serbia	B.1.1.7	EPI_ISL_6937438
63	Homo sapiens	2021-03-09	Serbia	B.1.1.7	EPI_ISL_6875801
62	Homo sapiens	2021-03-04	Serbia	B.1.258	EPI_ISL_6938032
62	Homo sapiens	2021-03-03	Serbia	B.1.1.7	EPI_ISL_6937484
62	Homo sapiens	2021-03-03	Serbia	B.1.1.7	EPI_ISL_6937517
62	Homo sapiens	2021-03-03	Serbia	B.1.1	EPI_ISL_6939078
62	Homo sapiens	2021-03-01	Serbia	B.1.1.7	EPI_ISL_6930907
61	Homo sapiens	2021-02-26	Serbia	B.1.1.7	EPI_ISL_6940279
61	Homo sapiens	2021-02-26	Serbia	B.1.1.7	EPI_ISL_6937855
60	Homo sapiens	2021-02-17	Serbia	B.1.1.7	EPI_ISL_6866278
60	Homo sapiens	2021-02-17	Serbia	B.1.177.75	EPI_ISL_6866274
59	Homo sapiens	2021-02-09	Serbia	C.36	EPI_ISL_6866297
58	Homo sapiens	2021-02-02	Serbia	C.36	EPI_ISL_6937935
58	Homo sapiens	2021-02-01	Serbia	C.35	EPI_ISL_6939466
58	Homo sapiens	2021-02-01	Serbia	B.1.221	EPI_ISL_6940289
53	Homo sapiens	2020-12-31	Serbia	C.16	EPI_ISL_6940131
53	Homo sapiens	2020-12-31	Serbia	C.35	EPI_ISL_6937848
53	Homo sapiens	2020-12-28	Serbia	C.35	EPI_ISL_6939861
53	Homo sapiens	2020-12-28	Serbia	B.1.177	EPI_ISL_6937852
52	Homo sapiens	2020-12-23	Serbia	B.1.221	EPI_ISL_6866299
51	Homo sapiens	2020-12-15	Serbia	C.16	EPI_ISL_6875995
48	Homo sapiens	2020-11-24	Serbia	C.35	EPI_ISL_6866303
43	Homo sapiens	2020-10-23	Serbia	C.35	EPI_ISL_6929949
43	Homo sapiens	2020-10-21	Serbia	B.1.1	EPI_ISL_6929954
43	Homo sapiens	2020-10-21	Serbia	B.1.160	EPI_ISL_6937385
43	Homo sapiens	2020-10-20	Serbia	C.35	EPI_ISL_6930644
43	Homo sapiens	2020-10-20	Serbia	C.35	EPI_ISL_6929926
43	Homo sapiens	2020-10-19	Serbia	B.1.1	EPI_ISL_6929934
43	Homo sapiens	2020-10-19	Serbia	C.35	EPI_ISL_6929928
43	Homo sapiens	2020-10-19	Serbia	C.35	EPI_ISL_6929961
43	Homo sapiens	2020-10-19	Serbia	B.1.1.70	EPI_ISL_6930401
43	Homo sapiens	2020-10-19	Serbia	C.16	EPI_ISL_6930764
42	Homo sapiens	2020-10-13	Serbia	B.1.258	EPI_ISL_6930237
41	Homo sapiens	2020-10-09	Serbia	B.1.160	EPI_ISL_6929964
41	Homo sapiens	2020-10-09	Serbia	B.1.177.50	EPI_ISL_6929963
41	Homo sapiens	2020-10-08	Serbia	B.1.160	EPI_ISL_6930530
41	Homo sapiens	2020-10-07	Serbia	C.35	EPI_ISL_6929965
41	Homo sapiens	2020-10-07	Serbia	C.35	EPI_ISL_6929932
41	Homo sapiens	2020-10-05	Serbia	C.35	EPI_ISL_6930987
40	Homo sapiens	2020-10-03	Serbia	C.35	EPI_ISL_6929957
40	Homo sapiens	2020-10-03	Serbia	C.16	EPI_ISL_6929948
40	Homo sapiens	2020-10-03	Serbia	C.35	EPI_ISL_6929942
40	Homo sapiens	2020-09-28	Serbia	B.1.1.1	EPI_ISL_6930647
39	Homo sapiens	2020-09-26	Serbia	C.35	EPI_ISL_6930548
39	Homo sapiens	2020-09-24	Serbia	B.1.221	EPI_ISL_6939070
38	Homo sapiens	2020-09-19	Serbia	C.35	EPI_ISL_6940009
38	Homo sapiens	2020-09-18	Serbia	C.35	EPI_ISL_6929936
18	Homo sapiens	2020-04-29	Serbia	B.1.1.70	EPI_ISL_6937380
39	Homo sapiens	2020-09-26	Serbia	C.35	EPI_ISL_6959647
45	Homo sapiens	2020-11-02	Serbia	C.35	EPI_ISL_6959650
70	Homo sapiens	2021-04-26	Serbia	B.1.1.7	EPI_ISL_6959653
38	Homo sapiens	2020-09-19	Serbia	C.35	EPI_ISL_6959656
53	Homo sapiens	2020-12-31	Serbia	B.1.1	EPI_ISL_6959659
45	Homo sapiens	2020-11-02	Serbia	C.16	EPI_ISL_6959661
62	Homo sapiens	2021-03-04	Serbia	B.1.1.7	EPI_ISL_6959663
70	Homo sapiens	2021-04-29	Serbia	B.1.1.7	EPI_ISL_6959668
33	Homo sapiens	2020-08-12	Serbia	B.1	EPI_ISL_6959672
18	Homo sapiens	2020-04-28	Serbia	B.1.1.1	EPI_ISL_6959673
53	Homo sapiens	2020-12-31	Serbia	B.1.258	EPI_ISL_6959683
45	Homo sapiens	2020-11-02	Serbia	C.35	EPI_ISL_6959688
69	Homo sapiens	2021-04-22	Serbia	B.1.1.7	EPI_ISL_6959690
40	Homo sapiens	2020-09-30	Serbia	B.1.160	EPI_ISL_6959702
61	Homo sapiens	2021-02-26	Serbia	B.1.1.7	EPI_ISL_6959704
25	Homo sapiens	2020-06-18	Serbia	B.1.1.70	EPI_ISL_6959725
25	Homo sapiens	2020-06-18	Serbia	B.1.1.70	EPI_ISL_6959730
25	Homo sapiens	2020-06-19	Serbia	B.1.1.10	EPI_ISL_6959731
89	Homo sapiens	2021-09-07	Serbia	AY.60	EPI_ISL_6959734
33	Homo sapiens	2020-08-11	Serbia	B.1.1.39	EPI_ISL_6959744
33	Homo sapiens	2020-08-10	Serbia	B.1.1.70	EPI_ISL_6959746
33	Homo sapiens	2020-08-10	Serbia	C.35	EPI_ISL_6959753
11	Homo sapiens	2020-03-15	Serbia	B.1	EPI_ISL_7572734
12	Homo sapiens	2020-03-16	Serbia	B.1.1.70	EPI_ISL_7572745
94	Homo sapiens	2021-10-15	Serbia	AY.46.6	EPI_ISL_7586546
94	Homo sapiens	2021-10-15	Serbia	AY.46.6	EPI_ISL_7572735
94	Homo sapiens	2021-10-15	Serbia	AY.43	EPI_ISL_7572752
43	Homo sapiens	2020-10-22	Serbia	C.16	EPI_ISL_6930637
17	Homo sapiens	2020-04-25	Serbia	B.1.1.70	EPI_ISL_454795
15	Homo sapiens	2020-04-07	Serbia	B.1	EPI_ISL_455480
14	Homo sapiens	2020-04-04	Serbia	B.1.1.70	EPI_ISL_437435
14	Homo sapiens	2020-04-04	Serbia	B.1.1.70	EPI_ISL_437436
45	Homo sapiens	2020-11-02	Serbia	B.1	EPI_ISL_8146358
43	Homo sapiens	2020-10-21	Serbia	C.35	EPI_ISL_8133817
39	Homo sapiens	2020-09-24	Serbia	B.1.1.159	EPI_ISL_8133075
83	Homo sapiens	2021-07-26	Serbia	AY.122	EPI_ISL_8707700
39	Homo sapiens	2020-09-24	Serbia	C.35	EPI_ISL_8642779
39	Homo sapiens	2020-09-22	Serbia	C.35	EPI_ISL_8642780
37	Homo sapiens	2020-09-11	Serbia	C.35	EPI_ISL_8708153
104	Homo sapiens	2021-12-21	Serbia	BA.1.15	EPI_ISL_8748604
103	Homo sapiens	2021-12-16	Serbia	AY.122	EPI_ISL_8748615
103	Homo sapiens	2021-12-16	Serbia	AY.122	EPI_ISL_8748614
103	Homo sapiens	2021-12-15	Serbia	AY.122	EPI_ISL_8748603
103	Homo sapiens	2021-12-15	Serbia	BA.1.1	EPI_ISL_8748601
102	Homo sapiens	2021-12-12	Serbia	BA.1.1	EPI_ISL_8748599
101	Homo sapiens	2021-12-03	Serbia	B.1.617.2	EPI_ISL_8748600
101	Homo sapiens	2021-12-03	Serbia	AY.46.6	EPI_ISL_8748613
101	Homo sapiens	2021-12-03	Serbia	AY.43	EPI_ISL_8748609
101	Homo sapiens	2021-12-03	Serbia	AY.39	EPI_ISL_8748612
101	Homo sapiens	2021-12-02	Serbia	AY.122	EPI_ISL_8748616
101	Homo sapiens	2021-12-01	Serbia	AY.129	EPI_ISL_8748611
101	Homo sapiens	2021-12-01	Serbia	AY.43	EPI_ISL_8748606
101	Homo sapiens	2021-12-01	Serbia	AY.122	EPI_ISL_8748602
101	Homo sapiens	2021-12-01	Serbia	AY.9.2	EPI_ISL_8748608
101	Homo sapiens	2021-12-01	Serbia	AY.43	EPI_ISL_8748610
101	Homo sapiens	2021-12-01	Serbia	AY.46.6	EPI_ISL_8748607
101	Homo sapiens	2021-12-01	Serbia	AY.46.6	EPI_ISL_8757330
101	Homo sapiens	2021-11-30	Serbia	AY.122	EPI_ISL_8748591
101	Homo sapiens	2021-11-30	Serbia	AY.43	EPI_ISL_8748589
101	Homo sapiens	2021-11-30	Serbia	AY.122	EPI_ISL_8748590
101	Homo sapiens	2021-11-30	Serbia	AY.46.6	EPI_ISL_8748593
101	Homo sapiens	2021-11-30	Serbia	AY.43	EPI_ISL_8748598
101	Homo sapiens	2021-11-30	Serbia	AY.129	EPI_ISL_8748597
101	Homo sapiens	2021-11-30	Serbia	AY.122	EPI_ISL_8748595
101	Homo sapiens	2021-11-30	Serbia	AY.43	EPI_ISL_8748594
101	Homo sapiens	2021-11-30	Serbia	AY.43	EPI_ISL_8748592
101	Homo sapiens	2021-11-29	Serbia	AY.43	EPI_ISL_8748583
101	Homo sapiens	2021-11-29	Serbia	AY.43	EPI_ISL_8748585
101	Homo sapiens	2021-11-29	Serbia	AY.127	EPI_ISL_8748582
101	Homo sapiens	2021-11-29	Serbia	AY.43	EPI_ISL_8748586
101	Homo sapiens	2021-11-29	Serbia	AY.43	EPI_ISL_8748587
101	Homo sapiens	2021-11-29	Serbia	AY.43	EPI_ISL_8748584
101	Homo sapiens	2021-11-29	Serbia	AY.129	EPI_ISL_8748588
101	Homo sapiens	2021-11-29	Serbia	AY.46.6	EPI_ISL_8757329
99	Homo sapiens	2021-11-20	Serbia	AY.43	EPI_ISL_8748605
98	Homo sapiens	2021-11-10	Serbia	AY.46.6	EPI_ISL_8748568
97	Homo sapiens	2021-11-07	Serbia	AY.46.6	EPI_ISL_8748562
97	Homo sapiens	2021-11-07	Serbia	AY.46.6	EPI_ISL_8748563
97	Homo sapiens	2021-11-07	Serbia	AY.43	EPI_ISL_8748561
97	Homo sapiens	2021-11-07	Serbia	B.1.617.2	EPI_ISL_8748566
97	Homo sapiens	2021-11-07	Serbia	AY.43	EPI_ISL_8748571
97	Homo sapiens	2021-11-07	Serbia	AY.43	EPI_ISL_8748581
97	Homo sapiens	2021-11-07	Serbia	AY.46.6	EPI_ISL_8748567
97	Homo sapiens	2021-11-07	Serbia	AY.122	EPI_ISL_8748569
97	Homo sapiens	2021-11-07	Serbia	AY.46.6	EPI_ISL_8748572
97	Homo sapiens	2021-11-07	Serbia	AY.43	EPI_ISL_8748580
97	Homo sapiens	2021-11-07	Serbia	AY.43	EPI_ISL_8748570
97	Homo sapiens	2021-11-07	Serbia	AY.43	EPI_ISL_8748577
97	Homo sapiens	2021-11-07	Serbia	AY.36	EPI_ISL_8748579
97	Homo sapiens	2021-11-07	Serbia	AY.43	EPI_ISL_8748576
97	Homo sapiens	2021-11-07	Serbia	AY.43	EPI_ISL_8748573
97	Homo sapiens	2021-11-07	Serbia	AY.122	EPI_ISL_8748578
97	Homo sapiens	2021-11-07	Serbia	AY.46.6	EPI_ISL_8748575
97	Homo sapiens	2021-11-07	Serbia	AY.9.2	EPI_ISL_8748565
97	Homo sapiens	2021-11-06	Serbia	AY.36	EPI_ISL_8748574
97	Homo sapiens	2021-11-06	Serbia	AY.43	EPI_ISL_8748564
93	Homo sapiens	2021-10-04	Serbia	AY.122	EPI_ISL_8748553
93	Homo sapiens	2021-10-04	Serbia	AY.43	EPI_ISL_8748554
93	Homo sapiens	2021-10-04	Serbia	AY.43	EPI_ISL_8748559
93	Homo sapiens	2021-10-04	Serbia	B.1.617.2	EPI_ISL_8748555
93	Homo sapiens	2021-10-04	Serbia	AY.120.2.1	EPI_ISL_8748556
93	Homo sapiens	2021-10-04	Serbia	AY.122	EPI_ISL_8748558
93	Homo sapiens	2021-10-04	Serbia	AY.43	EPI_ISL_8748557
93	Homo sapiens	2021-10-04	Serbia	AY.46.6	EPI_ISL_8748560
93	Homo sapiens	2021-10-04	Serbia	AY.46.6	EPI_ISL_8757328
92	Homo sapiens	2021-09-30	Serbia	AY.4.3	EPI_ISL_8748547
88	Homo sapiens	2021-09-03	Serbia	AY.4.4	EPI_ISL_8748545
88	Homo sapiens	2021-09-03	Serbia	AY.112	EPI_ISL_8748544
84	Homo sapiens	2021-08-02	Serbia	AY.122	EPI_ISL_8748543
84	Homo sapiens	2021-08-02	Serbia	AY.122	EPI_ISL_8748541
83	Homo sapiens	2021-08-01	Serbia	AY.122	EPI_ISL_8748542
82	Homo sapiens	2021-07-25	Serbia	AY.122	EPI_ISL_8748546
82	Homo sapiens	2021-07-22	Serbia	AY.122	EPI_ISL_8748539
82	Homo sapiens	2021-07-20	Serbia	AY.122	EPI_ISL_8748538
80	Homo sapiens	2021-07-06	Serbia	AY.46.6	EPI_ISL_8748540
69	Homo sapiens	2021-04-19	Serbia	B.1.1.7	EPI_ISL_8748537
68	Homo sapiens	2021-04-14	Serbia	B.1.1.7	EPI_ISL_8748536
39	Homo sapiens	2020-09-22	Serbia	B.1.1.70	EPI_ISL_8748617
39	Homo sapiens	2020-09-22	Serbia	B.1.1.70	EPI_ISL_8748618
31	Homo sapiens	2020-08-01	Serbia	B.1	EPI_ISL_8748619
12	Homo sapiens	2020-03-18	Serbia	B.1.1.70	EPI_ISL_8748552
11	Homo sapiens	2020-03-12	Serbia	B.1.1.70	EPI_ISL_8748550
11	Homo sapiens	2020-03-11	Serbia	B.1.1.70	EPI_ISL_8748551
11	Homo sapiens	2020-03-09	Serbia	B.1.1.70	EPI_ISL_8748549
108	Homo sapiens	2022-01-21	Serbia	BA.1	EPI_ISL_9467257
108	Homo sapiens	2022-01-21	Serbia	BA.1.1.1	EPI_ISL_9467258
108	Homo sapiens	2022-01-21	Serbia	BA.1.1.1	EPI_ISL_9467255
108	Homo sapiens	2022-01-21	Serbia	BA.1	EPI_ISL_9467256
108	Homo sapiens	2022-01-21	Serbia	BA.1.1.1	EPI_ISL_9467247
108	Homo sapiens	2022-01-21	Serbia	BA.1.1.11	EPI_ISL_9467246
108	Homo sapiens	2022-01-21	Serbia	BA.1	EPI_ISL_9467252
108	Homo sapiens	2022-01-21	Serbia	BA.1.1	EPI_ISL_9467253
108	Homo sapiens	2022-01-21	Serbia	BA.1.17.2	EPI_ISL_9467254
108	Homo sapiens	2022-01-21	Serbia	BA.1.1.1	EPI_ISL_9467260
108	Homo sapiens	2022-01-21	Serbia	BA.1.17.2	EPI_ISL_9467248
108	Homo sapiens	2022-01-21	Serbia	BA.1.17.2	EPI_ISL_9467250
108	Homo sapiens	2022-01-21	Serbia	BA.1.1	EPI_ISL_9467249
108	Homo sapiens	2022-01-21	Serbia	BA.1.1.1	EPI_ISL_9467251
107	Homo sapiens	2022-01-11	Serbia	BA.1	EPI_ISL_9467245
107	Homo sapiens	2022-01-11	Serbia	BA.1.1	EPI_ISL_9467242
107	Homo sapiens	2022-01-11	Serbia	BA.1.17.2	EPI_ISL_9467244
107	Homo sapiens	2022-01-11	Serbia	BA.1.17.2	EPI_ISL_9467240
107	Homo sapiens	2022-01-11	Serbia	BA.1.1.1	EPI_ISL_9467241
107	Homo sapiens	2022-01-11	Serbia	BA.1.1.3	EPI_ISL_9467243
105	Homo sapiens	2022-01-02	Serbia	BA.1	EPI_ISL_9467230
105	Homo sapiens	2022-01-02	Serbia	BA.1.1	EPI_ISL_9467231
105	Homo sapiens	2022-01-02	Serbia	BA.1.1	EPI_ISL_9467232
105	Homo sapiens	2022-01-02	Serbia	BA.1.1	EPI_ISL_9467233
105	Homo sapiens	2022-01-02	Serbia	BA.1.17.2	EPI_ISL_9467234
105	Homo sapiens	2022-01-02	Serbia	BA.1.1	EPI_ISL_9467237
105	Homo sapiens	2022-01-01	Serbia	AY.122	EPI_ISL_9467229
105	Homo sapiens	2022-01-01	Serbia	BA.1.17.2	EPI_ISL_9467235
105	Homo sapiens	2022-01-01	Serbia	BA.1.17.2	EPI_ISL_9467236
105	Homo sapiens	2022-01-01	Serbia	BA.1.1	EPI_ISL_9467238
105	Homo sapiens	2022-01-01	Serbia	AY.129	EPI_ISL_9467239
92	Homo sapiens	2021-10-02	Serbia	AY.43	EPI_ISL_10123048
92	Homo sapiens	2021-10-03	Serbia	AY.122	EPI_ISL_10134143
68	Homo sapiens	2021-04-16	Serbia	B.1.1.7	EPI_ISL_10134152
88	Homo sapiens	2021-09-02	Serbia	AY.43	EPI_ISL_10134149
88	Homo sapiens	2021-09-03	Serbia	AY.43	EPI_ISL_10134147
88	Homo sapiens	2021-09-04	Serbia	AY.46.6	EPI_ISL_10134148
93	Homo sapiens	2021-10-09	Serbia	AY.122	EPI_ISL_10134142
93	Homo sapiens	2021-10-05	Serbia	AY.43	EPI_ISL_10134144
89	Homo sapiens	2021-09-06	Serbia	AY.43	EPI_ISL_10134145
69	Homo sapiens	2021-04-19	Serbia	B.1.1.7	EPI_ISL_10134151
103	Homo sapiens	2021-12-13	Serbia	AY.43	EPI_ISL_10134150
62	Homo sapiens	2021-03-03	Serbia	B.1.1.7	EPI_ISL_10134153
87	Homo sapiens	2021-08-23	Serbia	AY.43	EPI_ISL_10411466
102	Homo sapiens	2021-12-06	Serbia	AY.41	EPI_ISL_10411473
48	Homo sapiens	2020-11-29	Serbia	C.35	EPI_ISL_10411477
102	Homo sapiens	2021-12-06	Serbia	AY.4	EPI_ISL_10411484
102	Homo sapiens	2021-12-07	Serbia	AY.122	EPI_ISL_10411485
48	Homo sapiens	2020-11-29	Serbia	C.35	EPI_ISL_10411482
48	Homo sapiens	2020-11-29	Serbia	C.35	EPI_ISL_10411479
48	Homo sapiens	2020-11-29	Serbia	C.35	EPI_ISL_10411478
48	Homo sapiens	2020-11-29	Serbia	C.35	EPI_ISL_10411481
102	Homo sapiens	2021-12-06	Serbia	AY.122	EPI_ISL_10411483
48	Homo sapiens	2020-11-29	Serbia	B.1.1.83	EPI_ISL_10411480
102	Homo sapiens	2021-12-07	Serbia	AY.4	EPI_ISL_10411476
102	Homo sapiens	2021-12-06	Serbia	AY.122	EPI_ISL_10411474
102	Homo sapiens	2021-12-11	Serbia	AY.43	EPI_ISL_10411469
48	Homo sapiens	2020-11-29	Serbia	C.16	EPI_ISL_10411467
102	Homo sapiens	2021-12-11	Serbia	B.1.617.2	EPI_ISL_10411468
102	Homo sapiens	2021-12-06	Serbia	AY.43	EPI_ISL_10411475
102	Homo sapiens	2021-12-08	Serbia	AY.46.6	EPI_ISL_10411472
102	Homo sapiens	2021-12-08	Serbia	AY.43	EPI_ISL_10411471
102	Homo sapiens	2021-12-07	Serbia	AY.122	EPI_ISL_10411470
107	Homo sapiens	2022-01-11	Serbia	BA.1.1	EPI_ISL_10645386
107	Homo sapiens	2022-01-11	Serbia	BA.1.8	EPI_ISL_10645387
107	Homo sapiens	2022-01-11	Serbia	BA.1.1.11	EPI_ISL_10645388
107	Homo sapiens	2022-01-11	Serbia	BA.1.1.1	EPI_ISL_10645389
105	Homo sapiens	2021-12-27	Serbia	B.1.1.529	EPI_ISL_10645390
103	Homo sapiens	2021-12-14	Serbia	B.1.1.529	EPI_ISL_10645391
102	Homo sapiens	2021-12-12	Serbia	BA.1.1	EPI_ISL_10645392
82	Homo sapiens	2021-07-23	Serbia	AY.122	EPI_ISL_10645393
105	Homo sapiens	2021-12-28	Serbia	AY.122	EPI_ISL_10645394
105	Homo sapiens	2021-12-28	Serbia	AY.122	EPI_ISL_10645395
101	Homo sapiens	2021-11-30	Serbia	AY.122	EPI_ISL_10645396
101	Homo sapiens	2021-11-29	Serbia	AY.122	EPI_ISL_10645397
82	Homo sapiens	2021-07-24	Serbia	AY.43	EPI_ISL_10645398
109	Homo sapiens	2022-01-30	Serbia	BA.2	EPI_ISL_10645399
109	Homo sapiens	2022-01-29	Serbia	BA.1.1	EPI_ISL_10645400
100	Homo sapiens	2021-11-22	Serbia	AY.43	EPI_ISL_10645401
100	Homo sapiens	2021-11-22	Serbia	AY.127	EPI_ISL_10645402
112	Homo sapiens	2022-02-14	Serbia	BA.2	EPI_ISL_10645403
112	Homo sapiens	2022-02-18	Serbia	BA.2	EPI_ISL_10645404
104	Homo sapiens	2021-12-24	Serbia	BA.1.17.2	EPI_ISL_11165043
105	Homo sapiens	2021-12-30	Serbia	BA.1.17.2	EPI_ISL_11165042
88	Homo sapiens	2021-09-05	Serbia	AY.46.6	EPI_ISL_10138200
112	Homo sapiens	2022-02-18	Serbia	BA.1.1	EPI_ISL_11704797
108	Homo sapiens	2022-01-21	Serbia	BA.1.17	EPI_ISL_11704805
108	Homo sapiens	2022-01-21	Serbia	BA.1.17.2	EPI_ISL_11704803
109	Homo sapiens	2022-01-29	Serbia	BA.1.17.2	EPI_ISL_11704804
108	Homo sapiens	2022-01-21	Serbia	BA.1.1	EPI_ISL_11704795
110	Homo sapiens	2022-02-04	Serbia	BA.1.17.2	EPI_ISL_11704796
113	Homo sapiens	2022-02-23	Serbia	BA.1.1	EPI_ISL_11704798
112	Homo sapiens	2022-02-19	Serbia	BA.2	EPI_ISL_11704807
55	Homo sapiens	2021-01-11	Serbia	B.1.258.17	EPI_ISL_11704815
109	Homo sapiens	2022-01-30	Serbia	BA.1	EPI_ISL_11704800
112	Homo sapiens	2022-02-18	Serbia	BA.1.1	EPI_ISL_11704801
110	Homo sapiens	2022-02-03	Serbia	BA.1	EPI_ISL_11704814
112	Homo sapiens	2022-02-20	Serbia	BA.1.1	EPI_ISL_11704799
112	Homo sapiens	2022-02-17	Serbia	BA.2	EPI_ISL_11704806
112	Homo sapiens	2022-02-18	Serbia	BA.2	EPI_ISL_11704811
110	Homo sapiens	2022-02-04	Serbia	BA.1.1	EPI_ISL_11704812
108	Homo sapiens	2022-01-21	Serbia	BA.1.1	EPI_ISL_11704802
112	Homo sapiens	2022-02-19	Serbia	BA.2	EPI_ISL_11704809
110	Homo sapiens	2022-02-04	Serbia	BA.2	EPI_ISL_11704808
109	Homo sapiens	2022-01-30	Serbia	BA.2	EPI_ISL_11704810
108	Homo sapiens	2022-01-18	Serbia	BA.1.1	EPI_ISL_11704813
110	Homo sapiens	2022-02-04	Serbia	AY.4	EPI_ISL_11749571
106	Homo sapiens	2022-01-06	Serbia	BA.1.1	EPI_ISL_11834781
106	Homo sapiens	2022-01-06	Serbia	BA.1.1	EPI_ISL_11834782
106	Homo sapiens	2022-01-06	Serbia	BA.1.1	EPI_ISL_11834780
105	Homo sapiens	2021-12-28	Serbia	AY.46.6	EPI_ISL_11834783
106	Homo sapiens	2022-01-05	Serbia	BA.1.1	EPI_ISL_11834773
105	Homo sapiens	2021-12-29	Serbia	BA.1	EPI_ISL_11834771
105	Homo sapiens	2021-12-29	Serbia	BA.1	EPI_ISL_11834770
106	Homo sapiens	2022-01-05	Serbia	BA.1.1	EPI_ISL_11834774
106	Homo sapiens	2022-01-05	Serbia	BA.1.1	EPI_ISL_11834777
50	Homo sapiens	2020-12-09	Serbia	C.35	EPI_ISL_906787
118	Homo sapiens	2022-04-02	Serbia	BA.2	EPI_ISL_12643295
109	Homo sapiens	2022-01-26	Serbia	BA.1.1	EPI_ISL_12617010
107	Homo sapiens	2022-01-11	Serbia	BA.1.1	EPI_ISL_12617015
109	Homo sapiens	2022-01-25	Serbia	BA.1.1	EPI_ISL_12617009
118	Homo sapiens	2022-04-02	Serbia	BA.2	EPI_ISL_12705928
112	Homo sapiens	2022-02-14	Serbia	BA.1	EPI_ISL_12702066
113	Homo sapiens	2022-02-22	Serbia	BA.1.1	EPI_ISL_12702067
113	Homo sapiens	2022-02-22	Serbia	BA.1.1	EPI_ISL_12702068
119	Homo sapiens	2022-04-06	Serbia	BA.2	EPI_ISL_12782605
119	Homo sapiens	2022-04-09	Serbia	BA.2	EPI_ISL_12735846
119	Homo sapiens	2022-04-08	Serbia	BA.2	EPI_ISL_12735842
120	Homo sapiens	2022-04-11	Serbia	BA.1.1.10	EPI_ISL_12735853
120	Homo sapiens	2022-04-11	Serbia	BA.2	EPI_ISL_12735851
119	Homo sapiens	2022-04-09	Serbia	BA.2	EPI_ISL_12735849
120	Homo sapiens	2022-04-12	Serbia	BA.1.1	EPI_ISL_12735856
120	Homo sapiens	2022-04-11	Serbia	BA.2	EPI_ISL_12735855
120	Homo sapiens	2022-04-12	Serbia	BA.2	EPI_ISL_12735858
120	Homo sapiens	2022-04-12	Serbia	BA.2	EPI_ISL_12735857
120	Homo sapiens	2022-04-12	Serbia	BA.2	EPI_ISL_12735862
120	Homo sapiens	2022-04-12	Serbia	BA.2	EPI_ISL_12735860
120	Homo sapiens	2022-04-12	Serbia	BA.2	EPI_ISL_12735863
120	Homo sapiens	2022-04-11	Serbia	BA.2	EPI_ISL_12735854
119	Homo sapiens	2022-04-09	Serbia	BA.2.1	EPI_ISL_12735847
120	Homo sapiens	2022-04-12	Serbia	BA.2.72	EPI_ISL_12735861
120	Homo sapiens	2022-04-11	Serbia	BA.2	EPI_ISL_12735850
120	Homo sapiens	2022-04-11	Serbia	BA.2	EPI_ISL_12735848
120	Homo sapiens	2022-04-11	Serbia	BA.2	EPI_ISL_12735852
109	Homo sapiens	2022-01-25	Serbia	BA.1.1	EPI_ISL_12751865
40	Homo sapiens	2020-10-02	Serbia	C.35	EPI_ISL_6930245
42	Homo sapiens	2020-10-12	Serbia	B.1.1.189	EPI_ISL_6930240
118	Homo sapiens	2022-04-01	Serbia	BA.1	EPI_ISL_12918338
119	Homo sapiens	2022-04-07	Serbia	BA.1	EPI_ISL_12918332
119	Homo sapiens	2022-04-07	Serbia	BA.2	EPI_ISL_12918331
118	Homo sapiens	2022-04-01	Serbia	BA.2	EPI_ISL_12918335
119	Homo sapiens	2022-04-05	Serbia	BA.2	EPI_ISL_12918328
119	Homo sapiens	2022-04-07	Serbia	BA.2	EPI_ISL_12918334
118	Homo sapiens	2022-04-02	Serbia	BA.2	EPI_ISL_12918326
118	Homo sapiens	2022-04-01	Serbia	BA.2	EPI_ISL_12918327
119	Homo sapiens	2022-04-06	Serbia	BA.2	EPI_ISL_12918329
118	Homo sapiens	2022-04-01	Serbia	BA.1.17.2	EPI_ISL_12918337
118	Homo sapiens	2022-04-01	Serbia	BA.2	EPI_ISL_12918339
119	Homo sapiens	2022-04-05	Serbia	BA.2	EPI_ISL_12918341
118	Homo sapiens	2022-04-01	Serbia	BA.2	EPI_ISL_12918340
119	Homo sapiens	2022-04-06	Serbia	BA.2	EPI_ISL_12918344
119	Homo sapiens	2022-04-08	Serbia	BA.2	EPI_ISL_12918345
119	Homo sapiens	2022-04-06	Serbia	BA.2	EPI_ISL_12918342
119	Homo sapiens	2022-04-06	Serbia	BA.2	EPI_ISL_12918343
118	Homo sapiens	2022-04-01	Serbia	BA.2	EPI_ISL_12931387
118	Homo sapiens	2022-04-02	Serbia	BA.1.1	EPI_ISL_12931389
118	Homo sapiens	2022-04-01	Serbia	BA.2	EPI_ISL_12931399
118	Homo sapiens	2022-04-01	Serbia	BA.2	EPI_ISL_12931388
119	Homo sapiens	2022-04-07	Serbia	BA.2	EPI_ISL_12931397
119	Homo sapiens	2022-04-09	Serbia	BA.2	EPI_ISL_12931403
119	Homo sapiens	2022-04-08	Serbia	BA.2	EPI_ISL_12931402
119	Homo sapiens	2022-04-08	Serbia	BA.1.17.2	EPI_ISL_12931401
119	Homo sapiens	2022-04-06	Serbia	BA.2	EPI_ISL_12931400
118	Homo sapiens	2022-04-02	Serbia	BA.2	EPI_ISL_12931390
119	Homo sapiens	2022-04-05	Serbia	BA.2	EPI_ISL_12931395
119	Homo sapiens	2022-04-04	Serbia	BA.2	EPI_ISL_12931393
120	Homo sapiens	2022-04-13	Serbia	BA.2	EPI_ISL_12931410
120	Homo sapiens	2022-04-13	Serbia	BA.2	EPI_ISL_12931408
120	Homo sapiens	2022-04-13	Serbia	BA.2	EPI_ISL_12931409
120	Homo sapiens	2022-04-11	Serbia	BA.2	EPI_ISL_12957149
120	Homo sapiens	2022-04-11	Serbia	BA.2	EPI_ISL_12952774
119	Homo sapiens	2022-04-08	Serbia	BA.2	EPI_ISL_12958880
33	Homo sapiens	2020-08-10	Serbia	B.1.1.70	EPI_ISL_8133910
40	Homo sapiens	2020-09-28	Serbia	C.35	EPI_ISL_1017698
80	Homo sapiens	2021-07-09	Serbia	AY.84	EPI_ISL_4468866
80	Homo sapiens	2021-07-09	Serbia	AY.122	EPI_ISL_4468864
40	Homo sapiens	2020-10-02	Serbia	B.1.177	EPI_ISL_6929937
18	Homo sapiens	2020-04-30	Serbia	B.1.1.70	EPI_ISL_6959696
18	Homo sapiens	2020-04-30	Serbia	B.1.1.70	EPI_ISL_6959679
80	Homo sapiens	2021-07-09	Serbia	AY.43	EPI_ISL_4468865
123	Homo sapiens	2022-05-05	Serbia	BA.1.17.2	EPI_ISL_13094468
123	Homo sapiens	2022-05-04	Serbia	BA.2	EPI_ISL_13094469
123	Homo sapiens	2022-05-04	Serbia	BA.2	EPI_ISL_13094461
123	Homo sapiens	2022-05-03	Serbia	BA.2	EPI_ISL_13094460
122	Homo sapiens	2022-04-30	Serbia	BA.2	EPI_ISL_13094467
122	Homo sapiens	2022-05-01	Serbia	BA.2	EPI_ISL_13094457
123	Homo sapiens	2022-05-04	Serbia	BA.2	EPI_ISL_13094464
124	Homo sapiens	2022-05-12	Serbia	BA.2	EPI_ISL_13094448
123	Homo sapiens	2022-05-05	Serbia	BA.2.9	EPI_ISL_13094465
123	Homo sapiens	2022-05-05	Serbia	BA.2.71	EPI_ISL_13094466
122	Homo sapiens	2022-05-01	Serbia	BA.2	EPI_ISL_13094456
122	Homo sapiens	2022-05-01	Serbia	BA.2	EPI_ISL_13094472
122	Homo sapiens	2022-05-01	Serbia	BA.2	EPI_ISL_13094453
123	Homo sapiens	2022-05-02	Serbia	BA.2	EPI_ISL_13094450
123	Homo sapiens	2022-05-02	Serbia	BA.2	EPI_ISL_13094452
123	Homo sapiens	2022-05-06	Serbia	BA.2	EPI_ISL_13094470
123	Homo sapiens	2022-05-04	Serbia	BA.2	EPI_ISL_13159648
123	Homo sapiens	2022-05-02	Serbia	BA.2	EPI_ISL_13203416
124	Homo sapiens	2022-05-13	Serbia	BA.2	EPI_ISL_13203418
124	Homo sapiens	2022-05-13	Serbia	BA.2	EPI_ISL_13203417
123	Homo sapiens	2022-05-06	Serbia	BA.2	EPI_ISL_13203408
123	Homo sapiens	2022-05-06	Serbia	BA.2	EPI_ISL_13203409
123	Homo sapiens	2022-05-06	Serbia	BA.2	EPI_ISL_13203410
124	Homo sapiens	2022-05-13	Serbia	BA.2	EPI_ISL_13203411
124	Homo sapiens	2022-05-09	Serbia	BA.2	EPI_ISL_13203438
124	Homo sapiens	2022-05-09	Serbia	BA.2	EPI_ISL_13203439
123	Homo sapiens	2022-05-05	Serbia	BA.2	EPI_ISL_13203434
123	Homo sapiens	2022-05-05	Serbia	BA.2.3	EPI_ISL_13203435
124	Homo sapiens	2022-05-13	Serbia	BA.4.1	EPI_ISL_13203412
124	Homo sapiens	2022-05-10	Serbia	BA.2	EPI_ISL_13203419
124	Homo sapiens	2022-05-13	Serbia	BA.2	EPI_ISL_13203414
123	Homo sapiens	2022-05-02	Serbia	BA.2	EPI_ISL_13203415
124	Homo sapiens	2022-05-14	Serbia	BA.2	EPI_ISL_13203421
124	Homo sapiens	2022-05-10	Serbia	BA.2	EPI_ISL_13203422
124	Homo sapiens	2022-05-10	Serbia	BA.2	EPI_ISL_13203420
123	Homo sapiens	2022-05-05	Serbia	BA.2	EPI_ISL_13203429
123	Homo sapiens	2022-05-05	Serbia	BA.2	EPI_ISL_13203427
123	Homo sapiens	2022-05-05	Serbia	BA.2	EPI_ISL_13203428
123	Homo sapiens	2022-05-05	Serbia	BA.1.1	EPI_ISL_13203425
124	Homo sapiens	2022-05-14	Serbia	BA.2	EPI_ISL_13203423
123	Homo sapiens	2022-05-05	Serbia	BA.2	EPI_ISL_13203424
123	Homo sapiens	2022-05-05	Serbia	BA.1.1	EPI_ISL_13203433
123	Homo sapiens	2022-05-05	Serbia	BA.2	EPI_ISL_13203430
123	Homo sapiens	2022-05-05	Serbia	BA.2.1	EPI_ISL_13203431
123	Homo sapiens	2022-05-04	Serbia	BA.2	EPI_ISL_13204740
123	Homo sapiens	2022-05-03	Serbia	BA.2	EPI_ISL_13204758
123	Homo sapiens	2022-05-07	Serbia	BA.2.6	EPI_ISL_13204746
123	Homo sapiens	2022-05-08	Serbia	BA.2.6	EPI_ISL_13204748
123	Homo sapiens	2022-05-08	Serbia	BA.2	EPI_ISL_13204747
123	Homo sapiens	2022-05-04	Serbia	BA.2.71	EPI_ISL_13204769
123	Homo sapiens	2022-05-04	Serbia	BA.2.9	EPI_ISL_13204768
123	Homo sapiens	2022-05-04	Serbia	BA.2	EPI_ISL_13204767
123	Homo sapiens	2022-05-04	Serbia	BA.2	EPI_ISL_13204738
123	Homo sapiens	2022-05-04	Serbia	BA.2	EPI_ISL_13204766
123	Homo sapiens	2022-05-06	Serbia	BA.2	EPI_ISL_13204744
123	Homo sapiens	2022-05-03	Serbia	BA.2	EPI_ISL_13204757
123	Homo sapiens	2022-05-05	Serbia	BA.2	EPI_ISL_13204743
123	Homo sapiens	2022-05-04	Serbia	BA.2	EPI_ISL_13204765
124	Homo sapiens	2022-05-13	Serbia	BA.2	EPI_ISL_13204753
124	Homo sapiens	2022-05-11	Serbia	BA.2.9	EPI_ISL_13204752
123	Homo sapiens	2022-05-03	Serbia	BA.2	EPI_ISL_13204761
124	Homo sapiens	2022-05-14	Serbia	BA.1.1	EPI_ISL_13204754
123	Homo sapiens	2022-05-08	Serbia	BA.2.6	EPI_ISL_13204750
123	Homo sapiens	2022-05-04	Serbia	BA.1.1	EPI_ISL_13204739
123	Homo sapiens	2022-05-04	Serbia	BA.2.9	EPI_ISL_13204764
123	Homo sapiens	2022-05-03	Serbia	BA.2	EPI_ISL_13204763
125	Homo sapiens	2022-05-16	Serbia	BA.2.3	EPI_ISL_13204756
124	Homo sapiens	2022-05-14	Serbia	BA.1.1	EPI_ISL_13204755
123	Homo sapiens	2022-05-05	Serbia	BA.2.9	EPI_ISL_13204742
123	Homo sapiens	2022-05-05	Serbia	BA.2	EPI_ISL_13204741
123	Homo sapiens	2022-05-03	Serbia	BA.2	EPI_ISL_13204762
123	Homo sapiens	2022-05-03	Serbia	BA.2	EPI_ISL_13204760
125	Homo sapiens	2022-05-22	Serbia	BA.2	EPI_ISL_13257768
127	Homo sapiens	2022-06-04	Serbia	BA.2.12.1	EPI_ISL_13257767
125	Homo sapiens	2022-05-19	Serbia	BA.2	EPI_ISL_13257778
126	Homo sapiens	2022-05-24	Serbia	BA.2	EPI_ISL_13257776
127	Homo sapiens	2022-06-02	Serbia	BA.1.1	EPI_ISL_13257782
127	Homo sapiens	2022-06-02	Serbia	BA.5.1	EPI_ISL_13257781
124	Homo sapiens	2022-05-15	Serbia	BA.4.1	EPI_ISL_13262796
123	Homo sapiens	2022-05-07	Serbia	BA.2	EPI_ISL_13262797
125	Homo sapiens	2022-05-21	Serbia	BA.2	EPI_ISL_13262799
122	Homo sapiens	2022-04-30	Serbia	BA.2	EPI_ISL_13262794
127	Homo sapiens	2022-06-02	Serbia	BA.2	EPI_ISL_13262802
127	Homo sapiens	2022-06-02	Serbia	BA.2	EPI_ISL_13262804
127	Homo sapiens	2022-06-01	Serbia	BA.2	EPI_ISL_13262805
122	Homo sapiens	2022-05-01	Serbia	BA.2.36	EPI_ISL_13262803
123	Homo sapiens	2022-05-02	Serbia	BA.2.9	EPI_ISL_13270983
123	Homo sapiens	2022-05-02	Serbia	BA.2	EPI_ISL_13270984
124	Homo sapiens	2022-05-13	Serbia	BA.2	EPI_ISL_13270990
123	Homo sapiens	2022-05-02	Serbia	BA.2	EPI_ISL_13270985
123	Homo sapiens	2022-05-02	Serbia	BA.2.6	EPI_ISL_13270986
124	Homo sapiens	2022-05-09	Serbia	BA.2	EPI_ISL_13270987
124	Homo sapiens	2022-05-09	Serbia	BA.2	EPI_ISL_13270991
123	Homo sapiens	2022-05-06	Serbia	BA.2	EPI_ISL_13270992
123	Homo sapiens	2022-05-03	Serbia	BA.2	EPI_ISL_13270981
124	Homo sapiens	2022-05-10	Serbia	BA.2	EPI_ISL_13270993
124	Homo sapiens	2022-05-09	Serbia	BA.2	EPI_ISL_13270995
123	Homo sapiens	2022-05-06	Serbia	BA.2	EPI_ISL_13270997
124	Homo sapiens	2022-05-13	Serbia	BA.2	EPI_ISL_13270999
124	Homo sapiens	2022-05-09	Serbia	BA.2.71	EPI_ISL_13271000
124	Homo sapiens	2022-05-10	Serbia	BA.2.71	EPI_ISL_13271002
123	Homo sapiens	2022-05-05	Serbia	BA.2	EPI_ISL_13271004
124	Homo sapiens	2022-05-09	Serbia	BA.2	EPI_ISL_13271007
124	Homo sapiens	2022-05-09	Serbia	BA.2	EPI_ISL_13271010
124	Homo sapiens	2022-05-09	Serbia	BA.2.71	EPI_ISL_13282793
125	Homo sapiens	2022-05-18	Serbia	BA.2	EPI_ISL_13282800
125	Homo sapiens	2022-05-20	Serbia	BA.2.65	EPI_ISL_13282799
124	Homo sapiens	2022-05-13	Serbia	BA.2	EPI_ISL_13331597
123	Homo sapiens	2022-05-04	Serbia	BA.2	EPI_ISL_13289726
123	Homo sapiens	2022-05-05	Serbia	BA.2	EPI_ISL_13289725
123	Homo sapiens	2022-05-04	Serbia	BA.2	EPI_ISL_13289728
124	Homo sapiens	2022-05-13	Serbia	BA.2	EPI_ISL_13289721
125	Homo sapiens	2022-05-16	Serbia	BA.2	EPI_ISL_13289722
125	Homo sapiens	2022-05-17	Serbia	BA.2	EPI_ISL_13299101
125	Homo sapiens	2022-05-16	Serbia	BA.2	EPI_ISL_13299100
125	Homo sapiens	2022-05-16	Serbia	BA.2	EPI_ISL_13299109
125	Homo sapiens	2022-05-17	Serbia	BA.2	EPI_ISL_13299103
125	Homo sapiens	2022-05-17	Serbia	BA.2	EPI_ISL_13299104
125	Homo sapiens	2022-05-16	Serbia	BA.2	EPI_ISL_13299106
125	Homo sapiens	2022-05-16	Serbia	BA.2	EPI_ISL_13299107
124	Homo sapiens	2022-05-15	Serbia	BA.2	EPI_ISL_13299099
125	Homo sapiens	2022-05-16	Serbia	BA.2	EPI_ISL_13299110
125	Homo sapiens	2022-05-16	Serbia	BA.2	EPI_ISL_13299111
124	Homo sapiens	2022-05-11	Serbia	BA.2	EPI_ISL_13299116
124	Homo sapiens	2022-05-09	Serbia	BA.2	EPI_ISL_13299117
124	Homo sapiens	2022-05-09	Serbia	BA.1.1	EPI_ISL_13299118
123	Homo sapiens	2022-05-02	Serbia	BA.1.1	EPI_ISL_13299121
123	Homo sapiens	2022-05-02	Serbia	BA.1.1	EPI_ISL_13299122
122	Homo sapiens	2022-05-01	Serbia	BA.2	EPI_ISL_13301341
125	Homo sapiens	2022-05-19	Serbia	BA.2	EPI_ISL_13301361
125	Homo sapiens	2022-05-20	Serbia	BA.2	EPI_ISL_13301362
127	Homo sapiens	2022-06-02	Serbia	BA.2	EPI_ISL_13301343
127	Homo sapiens	2022-06-02	Serbia	BA.2.12.1	EPI_ISL_13301344
126	Homo sapiens	2022-05-23	Serbia	BA.2.72	EPI_ISL_13301363
125	Homo sapiens	2022-05-19	Serbia	BA.2	EPI_ISL_13301358
122	Homo sapiens	2022-04-29	Serbia	BA.2	EPI_ISL_13301336
124	Homo sapiens	2022-05-11	Serbia	BA.2	EPI_ISL_13301334
125	Homo sapiens	2022-05-19	Serbia	BA.1.1	EPI_ISL_13301357
124	Homo sapiens	2022-05-09	Serbia	BA.2	EPI_ISL_13301350
122	Homo sapiens	2022-05-01	Serbia	BA.2	EPI_ISL_13301333
122	Homo sapiens	2022-05-01	Serbia	BA.2	EPI_ISL_13301351
125	Homo sapiens	2022-05-18	Serbia	BA.2	EPI_ISL_13301354
125	Homo sapiens	2022-05-18	Serbia	BA.2	EPI_ISL_13301355
127	Homo sapiens	2022-05-30	Serbia	BA.2	EPI_ISL_13301375
126	Homo sapiens	2022-05-26	Serbia	BA.2	EPI_ISL_13301349
126	Homo sapiens	2022-05-26	Serbia	BA.2.72	EPI_ISL_13301372
125	Homo sapiens	2022-05-18	Serbia	BA.2	EPI_ISL_13301381
127	Homo sapiens	2022-06-02	Serbia	BA.2	EPI_ISL_13301380
127	Homo sapiens	2022-05-31	Serbia	BA.2	EPI_ISL_13301376
126	Homo sapiens	2022-05-23	Serbia	BA.2	EPI_ISL_13301369
126	Homo sapiens	2022-05-23	Serbia	BA.2	EPI_ISL_13301367
127	Homo sapiens	2022-06-02	Serbia	BA.1.1	EPI_ISL_13301379
124	Homo sapiens	2022-05-12	Serbia	BA.2.72	EPI_ISL_13311315
127	Homo sapiens	2022-06-04	Serbia	BA.2	EPI_ISL_13363141
129	Homo sapiens	2022-06-14	Serbia	BA.2	EPI_ISL_13860426
129	Homo sapiens	2022-06-17	Serbia	BA.5.1.22	EPI_ISL_13970283
131	Homo sapiens	2022-07-03	Serbia	BA.5.1	EPI_ISL_13970319
129	Homo sapiens	2022-06-19	Serbia	BA.5.1	EPI_ISL_13970318
129	Homo sapiens	2022-06-16	Serbia	BA.2	EPI_ISL_13970278
131	Homo sapiens	2022-07-03	Serbia	BA.5.2	EPI_ISL_13970314
129	Homo sapiens	2022-06-16	Serbia	BA.1.1	EPI_ISL_13970237
131	Homo sapiens	2022-07-02	Serbia	BA.5.2	EPI_ISL_13970294
131	Homo sapiens	2022-06-30	Serbia	BA.5.1	EPI_ISL_13970297
130	Homo sapiens	2022-06-25	Serbia	BA.2	EPI_ISL_13970289
129	Homo sapiens	2022-06-19	Serbia	BA.2	EPI_ISL_13970321
128	Homo sapiens	2022-06-09	Serbia	BA.2	EPI_ISL_13970255
128	Homo sapiens	2022-06-10	Serbia	BA.2	EPI_ISL_13970273
129	Homo sapiens	2022-06-15	Serbia	BA.5.1	EPI_ISL_13970239
129	Homo sapiens	2022-06-15	Serbia	BA.4.1	EPI_ISL_13970287
128	Homo sapiens	2022-06-11	Serbia	BA.1.1	EPI_ISL_13970250
128	Homo sapiens	2022-06-10	Serbia	BA.2.72	EPI_ISL_13970253
129	Homo sapiens	2022-06-16	Serbia	BA.2	EPI_ISL_13970232
129	Homo sapiens	2022-06-14	Serbia	BA.2	EPI_ISL_13970243
129	Homo sapiens	2022-06-15	Serbia	BA.4.1	EPI_ISL_13970240
128	Homo sapiens	2022-06-10	Serbia	BA.2	EPI_ISL_13970251
128	Homo sapiens	2022-06-11	Serbia	BA.1.1	EPI_ISL_13970249
130	Homo sapiens	2022-06-21	Serbia	BA.5.1	EPI_ISL_13970312
129	Homo sapiens	2022-06-15	Serbia	BA.2	EPI_ISL_13970241
128	Homo sapiens	2022-06-11	Serbia	BA.2	EPI_ISL_13970248
128	Homo sapiens	2022-06-10	Serbia	BA.2.71	EPI_ISL_13970252
128	Homo sapiens	2022-06-11	Serbia	BA.2	EPI_ISL_13970247
129	Homo sapiens	2022-06-17	Serbia	BA.5.1.22	EPI_ISL_13970235
131	Homo sapiens	2022-07-03	Serbia	BA.2	EPI_ISL_13970313
128	Homo sapiens	2022-06-11	Serbia	BA.2	EPI_ISL_13970246
129	Homo sapiens	2022-06-18	Serbia	BA.1.1	EPI_ISL_13970236
129	Homo sapiens	2022-06-15	Serbia	BA.2	EPI_ISL_13970233
129	Homo sapiens	2022-06-17	Serbia	BA.2	EPI_ISL_13970282
129	Homo sapiens	2022-06-13	Serbia	BA.2	EPI_ISL_13970244
129	Homo sapiens	2022-06-16	Serbia	BA.2.12.1	EPI_ISL_13970234
129	Homo sapiens	2022-06-13	Serbia	BA.2.71	EPI_ISL_13970245
129	Homo sapiens	2022-06-16	Serbia	BA.2.71	EPI_ISL_13970238
129	Homo sapiens	2022-06-18	Serbia	BA.2	EPI_ISL_13970280
129	Homo sapiens	2022-06-18	Serbia	BA.2	EPI_ISL_13970281
130	Homo sapiens	2022-06-24	Serbia	BA.5.1	EPI_ISL_13970320
129	Homo sapiens	2022-06-18	Serbia	BA.2	EPI_ISL_13970279
129	Homo sapiens	2022-06-17	Serbia	BA.2.12.1	EPI_ISL_13970286
129	Homo sapiens	2022-06-17	Serbia	BA.2	EPI_ISL_13970284
129	Homo sapiens	2022-06-16	Serbia	BA.2	EPI_ISL_13970285
128	Homo sapiens	2022-06-09	Serbia	BA.1.1	EPI_ISL_13970254
129	Homo sapiens	2022-06-16	Serbia	BA.2.12.1	EPI_ISL_13970277
129	Homo sapiens	2022-06-19	Serbia	BA.5.2	EPI_ISL_13970292
131	Homo sapiens	2022-06-29	Serbia	BA.5.1	EPI_ISL_13970310
131	Homo sapiens	2022-07-01	Serbia	BA.5.1	EPI_ISL_13970311
129	Homo sapiens	2022-06-15	Serbia	BA.2.64	EPI_ISL_13970316
130	Homo sapiens	2022-06-24	Serbia	BA.5.1	EPI_ISL_13970317
130	Homo sapiens	2022-06-25	Serbia	BA.5.2.1	EPI_ISL_13970291
130	Homo sapiens	2022-06-24	Serbia	BA.2.36	EPI_ISL_13970315
130	Homo sapiens	2022-06-25	Serbia	BE.1.1	EPI_ISL_13970293
131	Homo sapiens	2022-06-30	Serbia	BA.5.2	EPI_ISL_13970298
131	Homo sapiens	2022-06-27	Serbia	BA.5.2.2	EPI_ISL_13970295
131	Homo sapiens	2022-07-03	Serbia	BA.2.18	EPI_ISL_13970322
130	Homo sapiens	2022-06-22	Serbia	BE.1.1	EPI_ISL_13970290
130	Homo sapiens	2022-06-25	Serbia	BA.5.2.1	EPI_ISL_13970288
128	Homo sapiens	2022-06-06	Serbia	BA.2	EPI_ISL_13970260
127	Homo sapiens	2022-06-01	Serbia	BA.2	EPI_ISL_13970264
128	Homo sapiens	2022-06-06	Serbia	BA.2	EPI_ISL_13970261
129	Homo sapiens	2022-06-18	Serbia	BA.2.9	EPI_ISL_13970265
128	Homo sapiens	2022-06-10	Serbia	BA.2.23	EPI_ISL_13970272
128	Homo sapiens	2022-06-06	Serbia	BA.2	EPI_ISL_13970262
128	Homo sapiens	2022-06-07	Serbia	BA.1.1	EPI_ISL_13970257
128	Homo sapiens	2022-06-06	Serbia	BA.2	EPI_ISL_13970263
128	Homo sapiens	2022-06-08	Serbia	BA.2	EPI_ISL_13970256
128	Homo sapiens	2022-06-07	Serbia	BA.2	EPI_ISL_13970258
130	Homo sapiens	2022-06-26	Serbia	BA.5.2.1	EPI_ISL_13970299
128	Homo sapiens	2022-06-07	Serbia	BA.2.12.1	EPI_ISL_13970271
129	Homo sapiens	2022-06-15	Serbia	BA.5.1	EPI_ISL_13970304
128	Homo sapiens	2022-06-06	Serbia	BA.2.72	EPI_ISL_13970259
130	Homo sapiens	2022-06-23	Serbia	BA.5.1	EPI_ISL_13970301
128	Homo sapiens	2022-06-11	Serbia	BA.2.36	EPI_ISL_13970270
129	Homo sapiens	2022-06-15	Serbia	BA.5.1	EPI_ISL_13970303
127	Homo sapiens	2022-06-05	Serbia	BA.2	EPI_ISL_13970275
128	Homo sapiens	2022-06-07	Serbia	BA.1.1	EPI_ISL_13970276
128	Homo sapiens	2022-06-10	Serbia	BA.2.23	EPI_ISL_13970274
130	Homo sapiens	2022-06-23	Serbia	BA.4.1	EPI_ISL_13970300
131	Homo sapiens	2022-07-01	Serbia	BA.2.12.1	EPI_ISL_13970309
129	Homo sapiens	2022-06-14	Serbia	BA.2	EPI_ISL_13970307
131	Homo sapiens	2022-07-03	Serbia	BA.5.2.1	EPI_ISL_13970305
131	Homo sapiens	2022-07-01	Serbia	BA.5.1	EPI_ISL_13970308
128	Homo sapiens	2022-06-07	Serbia	BA.2	EPI_ISL_13970268
129	Homo sapiens	2022-06-15	Serbia	BA.2	EPI_ISL_13970302
128	Homo sapiens	2022-06-11	Serbia	BF.5	EPI_ISL_13970269
128	Homo sapiens	2022-06-12	Serbia	BA.2.3	EPI_ISL_13970267
130	Homo sapiens	2022-06-22	Serbia	BA.2	EPI_ISL_13970306
130	Homo sapiens	2022-06-22	Serbia	BE.1.1	EPI_ISL_13906710
130	Homo sapiens	2022-06-24	Serbia	BA.5.2.1	EPI_ISL_13906712
127	Homo sapiens	2022-06-04	Serbia	BA.2	EPI_ISL_13906717
130	Homo sapiens	2022-06-21	Serbia	BA.2.12.1	EPI_ISL_13906674
127	Homo sapiens	2022-06-03	Serbia	BA.5.2.1	EPI_ISL_13906715
129	Homo sapiens	2022-06-13	Serbia	BA.2.71	EPI_ISL_13906673
130	Homo sapiens	2022-06-25	Serbia	BE.1.1	EPI_ISL_13906713
127	Homo sapiens	2022-06-04	Serbia	BA.5.2.1	EPI_ISL_13906718
127	Homo sapiens	2022-06-03	Serbia	BA.5.2.1	EPI_ISL_13906714
130	Homo sapiens	2022-06-22	Serbia	BA.2.71	EPI_ISL_13906678
130	Homo sapiens	2022-06-23	Serbia	BA.2	EPI_ISL_13906711
127	Homo sapiens	2022-06-03	Serbia	BA.2	EPI_ISL_13906716
128	Homo sapiens	2022-06-08	Serbia	BA.2	EPI_ISL_13906679
130	Homo sapiens	2022-06-22	Serbia	BA.5.2	EPI_ISL_13906695
129	Homo sapiens	2022-06-13	Serbia	BA.2.71	EPI_ISL_13906672
130	Homo sapiens	2022-06-21	Serbia	BA.5.2.1	EPI_ISL_13906708
129	Homo sapiens	2022-06-13	Serbia	BA.2.71	EPI_ISL_13906671
127	Homo sapiens	2022-06-02	Serbia	BA.2.56	EPI_ISL_13906675
129	Homo sapiens	2022-06-13	Serbia	BA.5.2.10	EPI_ISL_13906676
129	Homo sapiens	2022-06-13	Serbia	BA.2.9	EPI_ISL_13906677
129	Homo sapiens	2022-06-18	Serbia	BA.2	EPI_ISL_13906701
130	Homo sapiens	2022-06-22	Serbia	BA.2	EPI_ISL_13906709
130	Homo sapiens	2022-06-24	Serbia	BA.5.2	EPI_ISL_13906700
127	Homo sapiens	2022-06-03	Serbia	BA.2.71	EPI_ISL_13906669
127	Homo sapiens	2022-06-03	Serbia	BA.2	EPI_ISL_13906702
130	Homo sapiens	2022-06-20	Serbia	BA.5.3.1	EPI_ISL_13906668
131	Homo sapiens	2022-06-27	Serbia	BA.2	EPI_ISL_13906703
129	Homo sapiens	2022-06-19	Serbia	BA.2	EPI_ISL_13906705
131	Homo sapiens	2022-06-29	Serbia	BA.4	EPI_ISL_13906667
130	Homo sapiens	2022-06-20	Serbia	BA.2	EPI_ISL_13906706
130	Homo sapiens	2022-06-21	Serbia	BA.5.2.1	EPI_ISL_13906707
127	Homo sapiens	2022-06-04	Serbia	BA.2.3	EPI_ISL_13906661
130	Homo sapiens	2022-06-23	Serbia	BA.2.71	EPI_ISL_13906699
131	Homo sapiens	2022-06-29	Serbia	BA.2.3	EPI_ISL_13906660
130	Homo sapiens	2022-06-23	Serbia	BA.2.12.1	EPI_ISL_13906665
127	Homo sapiens	2022-06-02	Serbia	BA.2	EPI_ISL_13906666
129	Homo sapiens	2022-06-13	Serbia	BA.2.12.1	EPI_ISL_13906663
131	Homo sapiens	2022-06-27	Serbia	BA.2.3	EPI_ISL_13906658
131	Homo sapiens	2022-06-28	Serbia	BA.2.12.1	EPI_ISL_13906659
129	Homo sapiens	2022-06-14	Serbia	BA.2.71	EPI_ISL_13906656
130	Homo sapiens	2022-06-23	Serbia	BA.2.71	EPI_ISL_13906657
130	Homo sapiens	2022-06-23	Serbia	BA.2	EPI_ISL_13906650
131	Homo sapiens	2022-06-28	Serbia	BF.28	EPI_ISL_13906694
128	Homo sapiens	2022-06-08	Serbia	BA.2	EPI_ISL_13906651
131	Homo sapiens	2022-06-27	Serbia	BA.5.1	EPI_ISL_13906692
131	Homo sapiens	2022-06-27	Serbia	BA.5.2	EPI_ISL_13906693
128	Homo sapiens	2022-06-08	Serbia	BA.2	EPI_ISL_13906645
129	Homo sapiens	2022-06-15	Serbia	BA.2.3	EPI_ISL_13906654
128	Homo sapiens	2022-06-08	Serbia	BA.2	EPI_ISL_13906653
130	Homo sapiens	2022-06-21	Serbia	BA.2	EPI_ISL_13906698
130	Homo sapiens	2022-06-23	Serbia	BA.5.1	EPI_ISL_13906655
129	Homo sapiens	2022-06-18	Serbia	BA.5.1	EPI_ISL_13906697
128	Homo sapiens	2022-06-09	Serbia	BA.5.3.1	EPI_ISL_13906730
131	Homo sapiens	2022-06-27	Serbia	BA.2	EPI_ISL_13906690
129	Homo sapiens	2022-06-13	Serbia	BA.2	EPI_ISL_13906648
127	Homo sapiens	2022-06-03	Serbia	BA.2.9	EPI_ISL_13906729
126	Homo sapiens	2022-05-28	Serbia	BA.2	EPI_ISL_13906691
128	Homo sapiens	2022-06-06	Serbia	BA.2	EPI_ISL_13906647
129	Homo sapiens	2022-06-14	Serbia	BA.2.12.1	EPI_ISL_13906724
129	Homo sapiens	2022-06-15	Serbia	BA.2.71	EPI_ISL_13906725
131	Homo sapiens	2022-06-27	Serbia	BA.2	EPI_ISL_13906689
128	Homo sapiens	2022-06-11	Serbia	BA.2	EPI_ISL_13906722
127	Homo sapiens	2022-06-02	Serbia	BA.2.71	EPI_ISL_13906728
128	Homo sapiens	2022-06-09	Serbia	BA.2	EPI_ISL_13906646
129	Homo sapiens	2022-06-14	Serbia	BA.2.12.1	EPI_ISL_13906723
130	Homo sapiens	2022-06-22	Serbia	BA.2	EPI_ISL_13906649
129	Homo sapiens	2022-06-15	Serbia	BA.2	EPI_ISL_13906726
130	Homo sapiens	2022-06-24	Serbia	BA.2	EPI_ISL_13906687
129	Homo sapiens	2022-06-16	Serbia	BA.2.71	EPI_ISL_13906727
127	Homo sapiens	2022-06-01	Serbia	BA.2.72	EPI_ISL_13906683
129	Homo sapiens	2022-06-13	Serbia	BA.4.1	EPI_ISL_13906684
127	Homo sapiens	2022-06-03	Serbia	BA.2	EPI_ISL_13906681
128	Homo sapiens	2022-06-11	Serbia	BA.2	EPI_ISL_13906682
128	Homo sapiens	2022-06-12	Serbia	BA.5.1	EPI_ISL_13906643
128	Homo sapiens	2022-06-11	Serbia	BA.2	EPI_ISL_13906720
129	Homo sapiens	2022-06-14	Serbia	BA.2	EPI_ISL_13906644
130	Homo sapiens	2022-06-25	Serbia	BA.2	EPI_ISL_13906688
128	Homo sapiens	2022-06-11	Serbia	BA.5.1	EPI_ISL_13906721
128	Homo sapiens	2022-06-11	Serbia	BA.2	EPI_ISL_13906641
130	Homo sapiens	2022-06-24	Serbia	BA.2	EPI_ISL_13906685
128	Homo sapiens	2022-06-11	Serbia	BA.5	EPI_ISL_13906642
130	Homo sapiens	2022-06-24	Serbia	BA.2	EPI_ISL_13906686
129	Homo sapiens	2022-06-19	Serbia	BA.5.3.1	EPI_ISL_13906680
127	Homo sapiens	2022-06-03	Serbia	BA.2	EPI_ISL_14177663
127	Homo sapiens	2022-06-02	Serbia	BA.2	EPI_ISL_14177668
129	Homo sapiens	2022-06-18	Serbia	BA.5.2.1	EPI_ISL_14177665
128	Homo sapiens	2022-06-07	Serbia	BA.1.1	EPI_ISL_14177664
127	Homo sapiens	2022-06-01	Serbia	BA.2.36	EPI_ISL_14177667
128	Homo sapiens	2022-06-06	Serbia	BA.2	EPI_ISL_14177666
131	Homo sapiens	2022-06-30	Serbia	BA.5.2	EPI_ISL_14177661
128	Homo sapiens	2022-06-08	Serbia	BA.2	EPI_ISL_14177662
132	Homo sapiens	2022-07-10	Serbia	BA.2.18	EPI_ISL_14437432
133	Homo sapiens	2022-07-17	Serbia	BA.5.2	EPI_ISL_14437435
132	Homo sapiens	2022-07-09	Serbia	BE.1	EPI_ISL_14437448
132	Homo sapiens	2022-07-05	Serbia	BA.5.1.24	EPI_ISL_14437461
133	Homo sapiens	2022-07-17	Serbia	BA.5.2.3	EPI_ISL_14437443
132	Homo sapiens	2022-07-08	Serbia	BA.5.2	EPI_ISL_14437450
133	Homo sapiens	2022-07-14	Serbia	BA.5.2.1	EPI_ISL_14437487
133	Homo sapiens	2022-07-11	Serbia	BA.5.2	EPI_ISL_14437479
132	Homo sapiens	2022-07-10	Serbia	BE.1.1	EPI_ISL_14437436
133	Homo sapiens	2022-07-13	Serbia	BA.5.2.1	EPI_ISL_14437510
132	Homo sapiens	2022-07-09	Serbia	BA.5.1	EPI_ISL_14437438
133	Homo sapiens	2022-07-17	Serbia	BA.5.2.1	EPI_ISL_14437431
133	Homo sapiens	2022-07-15	Serbia	BA.5.2	EPI_ISL_14437515
133	Homo sapiens	2022-07-17	Serbia	BA.5.2.20	EPI_ISL_14437433
133	Homo sapiens	2022-07-13	Serbia	BA.5.1	EPI_ISL_14437481
133	Homo sapiens	2022-07-13	Serbia	BE.1.1	EPI_ISL_14437483
133	Homo sapiens	2022-07-12	Serbia	BA.5.1	EPI_ISL_14437484
133	Homo sapiens	2022-07-12	Serbia	BA.5.1	EPI_ISL_14437488
133	Homo sapiens	2022-07-14	Serbia	BA.5.1	EPI_ISL_14437496
133	Homo sapiens	2022-07-14	Serbia	BA.5.2	EPI_ISL_14437451
133	Homo sapiens	2022-07-15	Serbia	BA.5.2	EPI_ISL_14437498
133	Homo sapiens	2022-07-15	Serbia	BA.5.1.24	EPI_ISL_14437506
132	Homo sapiens	2022-07-04	Serbia	BE.1.1	EPI_ISL_14437473
132	Homo sapiens	2022-07-08	Serbia	BA.5.1	EPI_ISL_14437445
133	Homo sapiens	2022-07-15	Serbia	BA.5.1	EPI_ISL_14437511
133	Homo sapiens	2022-07-13	Serbia	BA.5.2	EPI_ISL_14437512
132	Homo sapiens	2022-07-05	Serbia	BA.5.1	EPI_ISL_14437459
132	Homo sapiens	2022-07-05	Serbia	BA.5.1	EPI_ISL_14437444
132	Homo sapiens	2022-07-09	Serbia	BA.4.1	EPI_ISL_14437439
133	Homo sapiens	2022-07-17	Serbia	BA.5.1	EPI_ISL_14437462
133	Homo sapiens	2022-07-16	Serbia	BA.5.2.1	EPI_ISL_14437458
132	Homo sapiens	2022-07-05	Serbia	BA.5.2.1	EPI_ISL_14437442
133	Homo sapiens	2022-07-17	Serbia	BA.5.1	EPI_ISL_14437437
132	Homo sapiens	2022-07-06	Serbia	BA.5.1	EPI_ISL_14437453
132	Homo sapiens	2022-07-08	Serbia	BA.5.1	EPI_ISL_14437454
132	Homo sapiens	2022-07-06	Serbia	BE.1.1	EPI_ISL_14437460
133	Homo sapiens	2022-07-17	Serbia	BA.5.2.20	EPI_ISL_14437441
133	Homo sapiens	2022-07-16	Serbia	BF.5	EPI_ISL_14437463
133	Homo sapiens	2022-07-16	Serbia	BA.5.1	EPI_ISL_14437464
133	Homo sapiens	2022-07-12	Serbia	BA.5.1	EPI_ISL_14437440
132	Homo sapiens	2022-07-05	Serbia	BE.1.1	EPI_ISL_14437447
133	Homo sapiens	2022-07-14	Serbia	BA.4	EPI_ISL_14437467
133	Homo sapiens	2022-07-17	Serbia	BA.5.2	EPI_ISL_14437468
133	Homo sapiens	2022-07-11	Serbia	BA.5.1	EPI_ISL_14437469
133	Homo sapiens	2022-07-16	Serbia	BA.5.2	EPI_ISL_14437446
132	Homo sapiens	2022-07-07	Serbia	BA.5.1	EPI_ISL_14437465
132	Homo sapiens	2022-07-07	Serbia	BA.5.2.1	EPI_ISL_14437466
133	Homo sapiens	2022-07-13	Serbia	BE.1	EPI_ISL_14437516
133	Homo sapiens	2022-07-17	Serbia	BA.5.1	EPI_ISL_14437449
133	Homo sapiens	2022-07-17	Serbia	BA.5.2	EPI_ISL_14437452
132	Homo sapiens	2022-07-08	Serbia	BA.5.1	EPI_ISL_14437434
132	Homo sapiens	2022-07-08	Serbia	BA.5.1.24	EPI_ISL_14437457
133	Homo sapiens	2022-07-16	Serbia	BA.5.2.1	EPI_ISL_14437455
133	Homo sapiens	2022-07-12	Serbia	BA.5.2.1	EPI_ISL_14437482
133	Homo sapiens	2022-07-15	Serbia	BA.5.6	EPI_ISL_14437513
133	Homo sapiens	2022-07-13	Serbia	BA.5.2	EPI_ISL_14437514
133	Homo sapiens	2022-07-17	Serbia	BA.2	EPI_ISL_14437507
133	Homo sapiens	2022-07-15	Serbia	BF.5	EPI_ISL_14437519
133	Homo sapiens	2022-07-13	Serbia	BA.2.71	EPI_ISL_14437518
133	Homo sapiens	2022-07-14	Serbia	BA.5.1	EPI_ISL_14437492
133	Homo sapiens	2022-07-11	Serbia	BF.5	EPI_ISL_14437480
133	Homo sapiens	2022-07-14	Serbia	BA.5.2	EPI_ISL_14437485
133	Homo sapiens	2022-07-12	Serbia	BA.5.1	EPI_ISL_14437486
133	Homo sapiens	2022-07-14	Serbia	BA.5.2	EPI_ISL_14437489
133	Homo sapiens	2022-07-13	Serbia	BA.5.2	EPI_ISL_14437520
133	Homo sapiens	2022-07-14	Serbia	BA.5.1.4	EPI_ISL_14437493
133	Homo sapiens	2022-07-17	Serbia	BA.5.2	EPI_ISL_14437494
133	Homo sapiens	2022-07-17	Serbia	BA.5.2	EPI_ISL_14437490
133	Homo sapiens	2022-07-15	Serbia	BA.5.1	EPI_ISL_14437500
133	Homo sapiens	2022-07-14	Serbia	BA.5.1	EPI_ISL_14437491
133	Homo sapiens	2022-07-15	Serbia	BA.5.2	EPI_ISL_14437497
133	Homo sapiens	2022-07-15	Serbia	BA.5.2	EPI_ISL_14437499
133	Homo sapiens	2022-07-15	Serbia	BA.5.2	EPI_ISL_14437503
132	Homo sapiens	2022-07-07	Serbia	BA.4	EPI_ISL_14437471
133	Homo sapiens	2022-07-14	Serbia	BA.5.1	EPI_ISL_14437495
133	Homo sapiens	2022-07-17	Serbia	BA.5.1	EPI_ISL_14437502
133	Homo sapiens	2022-07-15	Serbia	BA.5.2	EPI_ISL_14437501
133	Homo sapiens	2022-07-17	Serbia	BA.5.2	EPI_ISL_14437504
133	Homo sapiens	2022-07-17	Serbia	BA.5.1.22	EPI_ISL_14437505
132	Homo sapiens	2022-07-10	Serbia	BA.5.2.1	EPI_ISL_14437508
133	Homo sapiens	2022-07-17	Serbia	BA.5.2.1	EPI_ISL_14437509
132	Homo sapiens	2022-07-07	Serbia	BA.5.2.1	EPI_ISL_14437470
133	Homo sapiens	2022-07-17	Serbia	BA.2.12.1	EPI_ISL_14437474
132	Homo sapiens	2022-07-07	Serbia	BA.2.12.1	EPI_ISL_14437475
132	Homo sapiens	2022-07-04	Serbia	BA.2	EPI_ISL_14437472
132	Homo sapiens	2022-07-04	Serbia	BA.5.2.1	EPI_ISL_14437478
133	Homo sapiens	2022-07-11	Serbia	BA.5.2.21	EPI_ISL_14437476
133	Homo sapiens	2022-07-14	Serbia	BA.5.2	EPI_ISL_14437477
133	Homo sapiens	2022-07-11	Serbia	BA.5.1	EPI_ISL_14469695
134	Homo sapiens	2022-07-22	Serbia	BA.5.1	EPI_ISL_14474369
134	Homo sapiens	2022-07-19	Serbia	XAZ	EPI_ISL_14474357
134	Homo sapiens	2022-07-23	Serbia	BA.5.1	EPI_ISL_14474400
132	Homo sapiens	2022-07-10	Serbia	BA.5.2	EPI_ISL_14474435
132	Homo sapiens	2022-07-05	Serbia	BA.2.12.1	EPI_ISL_14474372
132	Homo sapiens	2022-07-05	Serbia	BA.5.1	EPI_ISL_14474371
131	Homo sapiens	2022-07-01	Serbia	BE.1.1	EPI_ISL_14474370
132	Homo sapiens	2022-07-07	Serbia	BA.2.71	EPI_ISL_14474364
133	Homo sapiens	2022-07-11	Serbia	BA.5.2.1	EPI_ISL_14474365
134	Homo sapiens	2022-07-19	Serbia	BA.5.2	EPI_ISL_14474368
133	Homo sapiens	2022-07-15	Serbia	BA.5.1	EPI_ISL_14474367
132	Homo sapiens	2022-07-07	Serbia	BA.5.1	EPI_ISL_14474359
132	Homo sapiens	2022-07-07	Serbia	BA.2.71	EPI_ISL_14474360
134	Homo sapiens	2022-07-19	Serbia	BA.5.2.22	EPI_ISL_14474362
133	Homo sapiens	2022-07-13	Serbia	BA.5.1	EPI_ISL_14474361
132	Homo sapiens	2022-07-05	Serbia	BA.5.2.1	EPI_ISL_14474363
133	Homo sapiens	2022-07-13	Serbia	BF.4	EPI_ISL_14474366
133	Homo sapiens	2022-07-14	Serbia	BE.1	EPI_ISL_14474355
134	Homo sapiens	2022-07-19	Serbia	BA.5.9	EPI_ISL_14474354
132	Homo sapiens	2022-07-06	Serbia	BA.5.1	EPI_ISL_14474358
133	Homo sapiens	2022-07-14	Serbia	BA.5.1.30	EPI_ISL_14474378
132	Homo sapiens	2022-07-04	Serbia	BE.1.1	EPI_ISL_14474383
132	Homo sapiens	2022-07-08	Serbia	BA.5.2	EPI_ISL_14474380
133	Homo sapiens	2022-07-15	Serbia	BA.5.1	EPI_ISL_14474382
134	Homo sapiens	2022-07-20	Serbia	BA.5.1.12	EPI_ISL_14474381
134	Homo sapiens	2022-07-20	Serbia	BV.1	EPI_ISL_14474384
132	Homo sapiens	2022-07-04	Serbia	BA.2.71	EPI_ISL_14474376
132	Homo sapiens	2022-07-09	Serbia	BA.5.6	EPI_ISL_14474395
134	Homo sapiens	2022-07-19	Serbia	BA.5.2.9	EPI_ISL_14474374
132	Homo sapiens	2022-07-08	Serbia	BA.2	EPI_ISL_14474375
134	Homo sapiens	2022-07-21	Serbia	BA.5.2	EPI_ISL_14474377
133	Homo sapiens	2022-07-13	Serbia	BA.5.2.22	EPI_ISL_14474373
133	Homo sapiens	2022-07-13	Serbia	BA.5.2.22	EPI_ISL_14474379
132	Homo sapiens	2022-07-08	Serbia	BA.5.1	EPI_ISL_14474414
131	Homo sapiens	2022-07-02	Serbia	BA.4.1	EPI_ISL_14474396
132	Homo sapiens	2022-07-06	Serbia	BA.5.2	EPI_ISL_14474399
133	Homo sapiens	2022-07-15	Serbia	BA.5.1.5	EPI_ISL_14474388
131	Homo sapiens	2022-07-01	Serbia	BA.5.1	EPI_ISL_14474398
132	Homo sapiens	2022-07-04	Serbia	BV.1	EPI_ISL_14474391
132	Homo sapiens	2022-07-06	Serbia	BA.5.2	EPI_ISL_14474387
134	Homo sapiens	2022-07-18	Serbia	BA.5.2.1	EPI_ISL_14474390
132	Homo sapiens	2022-07-10	Serbia	BA.5.1.22	EPI_ISL_14474394
133	Homo sapiens	2022-07-11	Serbia	BA.5.1	EPI_ISL_14474386
133	Homo sapiens	2022-07-15	Serbia	BE.1.1	EPI_ISL_14474385
131	Homo sapiens	2022-07-01	Serbia	BV.1	EPI_ISL_14474416
131	Homo sapiens	2022-07-03	Serbia	BA.5.2	EPI_ISL_14474419
132	Homo sapiens	2022-07-08	Serbia	BA.5.2.1	EPI_ISL_14474389
132	Homo sapiens	2022-07-05	Serbia	BA.5.1	EPI_ISL_14474410
131	Homo sapiens	2022-07-03	Serbia	BE.1	EPI_ISL_14474418
134	Homo sapiens	2022-07-19	Serbia	BA.5.2.1	EPI_ISL_14474405
133	Homo sapiens	2022-07-11	Serbia	BA.5.1	EPI_ISL_14474415
131	Homo sapiens	2022-07-02	Serbia	BA.5.2	EPI_ISL_14474417
133	Homo sapiens	2022-07-12	Serbia	BA.5.2	EPI_ISL_14474411
132	Homo sapiens	2022-07-06	Serbia	BA.4.4	EPI_ISL_14474413
132	Homo sapiens	2022-07-08	Serbia	BA.5.2.20	EPI_ISL_14474409
133	Homo sapiens	2022-07-14	Serbia	BA.2.12.1	EPI_ISL_14474408
133	Homo sapiens	2022-07-14	Serbia	BA.5.2	EPI_ISL_14474402
133	Homo sapiens	2022-07-13	Serbia	BA.2.76	EPI_ISL_14474401
134	Homo sapiens	2022-07-22	Serbia	BA.5.2.22	EPI_ISL_14474403
134	Homo sapiens	2022-07-18	Serbia	BA.4.6	EPI_ISL_14474436
134	Homo sapiens	2022-07-18	Serbia	BA.5.1	EPI_ISL_14474437
132	Homo sapiens	2022-07-05	Serbia	BA.5.1.24	EPI_ISL_14474430
133	Homo sapiens	2022-07-11	Serbia	BA.5.2.9	EPI_ISL_14474429
132	Homo sapiens	2022-07-04	Serbia	BE.1	EPI_ISL_14474432
132	Homo sapiens	2022-07-04	Serbia	BA.5.2.3	EPI_ISL_14474420
134	Homo sapiens	2022-07-21	Serbia	BA.5.1	EPI_ISL_14474431
131	Homo sapiens	2022-07-02	Serbia	BA.4	EPI_ISL_14474428
132	Homo sapiens	2022-07-06	Serbia	BA.5.1.30	EPI_ISL_14474423
133	Homo sapiens	2022-07-11	Serbia	BA.5.2.1	EPI_ISL_14474424
132	Homo sapiens	2022-07-06	Serbia	BA.5.8	EPI_ISL_14474421
134	Homo sapiens	2022-07-21	Serbia	BA.5.2.20	EPI_ISL_14474422
134	Homo sapiens	2022-07-18	Serbia	BA.5.3	EPI_ISL_14474407
134	Homo sapiens	2022-07-20	Serbia	BE.1.1	EPI_ISL_14474392
133	Homo sapiens	2022-07-17	Serbia	BA.5.2.1	EPI_ISL_14474427
133	Homo sapiens	2022-07-13	Serbia	BA.5.2.1	EPI_ISL_14474412
132	Homo sapiens	2022-07-08	Serbia	BA.5.2.1	EPI_ISL_14474404
133	Homo sapiens	2022-07-14	Serbia	BA.5.1	EPI_ISL_14474426
133	Homo sapiens	2022-07-14	Serbia	BA.5.1.3	EPI_ISL_14474406
132	Homo sapiens	2022-07-10	Serbia	BA.5.1	EPI_ISL_14474434
132	Homo sapiens	2022-07-04	Serbia	BA.2	EPI_ISL_14474433
133	Homo sapiens	2022-07-12	Serbia	BE.1.1	EPI_ISL_14474425
133	Homo sapiens	2022-07-14	Serbia	BA.5.2.1	EPI_ISL_14463575
133	Homo sapiens	2022-07-15	Serbia	BA.5.2	EPI_ISL_14463577
133	Homo sapiens	2022-07-16	Serbia	BA.5.1	EPI_ISL_14463574
133	Homo sapiens	2022-07-13	Serbia	BA.5.2	EPI_ISL_14463576
131	Homo sapiens	2022-07-01	Serbia	BA.5.1	EPI_ISL_14543007
133	Homo sapiens	2022-07-12	Serbia	BA.5.1	EPI_ISL_14543006
132	Homo sapiens	2022-07-05	Serbia	BE.1.1	EPI_ISL_14551769
132	Homo sapiens	2022-07-10	Serbia	BA.5.1	EPI_ISL_14551768
140	Homo sapiens	2022-09-02	Serbia	BA.5.1.12	EPI_ISL_15316062
141	Homo sapiens	2022-09-05	Serbia	BA.5.2	EPI_ISL_15316070
141	Homo sapiens	2022-09-06	Serbia	BA.5.1.12	EPI_ISL_15316076
141	Homo sapiens	2022-09-06	Serbia	BA.5.2.1	EPI_ISL_15316075
140	Homo sapiens	2022-09-02	Serbia	BA.5.1	EPI_ISL_15316061
141	Homo sapiens	2022-09-05	Serbia	BA.5.2	EPI_ISL_15316069
140	Homo sapiens	2022-09-04	Serbia	BA.5.2.1	EPI_ISL_15316066
141	Homo sapiens	2022-09-05	Serbia	BA.5.2.1	EPI_ISL_15316071
141	Homo sapiens	2022-09-07	Serbia	BA.5.2	EPI_ISL_15316080
140	Homo sapiens	2022-09-03	Serbia	BE.1	EPI_ISL_15316063
140	Homo sapiens	2022-09-02	Serbia	BA.5.1	EPI_ISL_15316060
140	Homo sapiens	2022-09-04	Serbia	BA.5.2	EPI_ISL_15316068
141	Homo sapiens	2022-09-07	Serbia	BA.5.2	EPI_ISL_15316079
140	Homo sapiens	2022-09-04	Serbia	BA.5.1	EPI_ISL_15316065
141	Homo sapiens	2022-09-06	Serbia	BA.5.2	EPI_ISL_15316074
141	Homo sapiens	2022-09-07	Serbia	BF.7	EPI_ISL_15316085
140	Homo sapiens	2022-09-03	Serbia	BE.1	EPI_ISL_15316064
140	Homo sapiens	2022-09-01	Serbia	BE.1.1	EPI_ISL_15316056
141	Homo sapiens	2022-09-05	Serbia	BA.5.1	EPI_ISL_15316073
141	Homo sapiens	2022-09-05	Serbia	BA.5.1.22	EPI_ISL_15316072
141	Homo sapiens	2022-09-06	Serbia	BA.5.2	EPI_ISL_15316078
141	Homo sapiens	2022-09-06	Serbia	BA.5.1	EPI_ISL_15316077
140	Homo sapiens	2022-09-01	Serbia	BA.5.1	EPI_ISL_15316052
141	Homo sapiens	2022-09-07	Serbia	BA.5.3	EPI_ISL_15316083
141	Homo sapiens	2022-09-07	Serbia	BA.5.2	EPI_ISL_15316082
141	Homo sapiens	2022-09-09	Serbia	BA.5.2.1	EPI_ISL_15316094
140	Homo sapiens	2022-09-01	Serbia	BA.5.2	EPI_ISL_15316051
140	Homo sapiens	2022-09-02	Serbia	BA.5.1	EPI_ISL_15316058
140	Homo sapiens	2022-09-01	Serbia	BA.5.2.1	EPI_ISL_15316053
140	Homo sapiens	2022-09-02	Serbia	BA.5.1.12	EPI_ISL_15316059
141	Homo sapiens	2022-09-07	Serbia	BA.5.1	EPI_ISL_15316084
141	Homo sapiens	2022-09-07	Serbia	BA.5	EPI_ISL_15316086
140	Homo sapiens	2022-09-02	Serbia	BA.5.1.12	EPI_ISL_15316057
140	Homo sapiens	2022-09-01	Serbia	BA.5.2	EPI_ISL_15316054
141	Homo sapiens	2022-09-08	Serbia	BF.14	EPI_ISL_15316088
142	Homo sapiens	2022-09-12	Serbia	BA.5.2.22	EPI_ISL_15316102
141	Homo sapiens	2022-09-07	Serbia	BA.5.1.5	EPI_ISL_15316081
141	Homo sapiens	2022-09-11	Serbia	BA.5.1	EPI_ISL_15316099
142	Homo sapiens	2022-09-12	Serbia	BA.5.2	EPI_ISL_15316104
142	Homo sapiens	2022-09-12	Serbia	BF.14	EPI_ISL_15316100
141	Homo sapiens	2022-09-08	Serbia	BA.5.2	EPI_ISL_15316089
141	Homo sapiens	2022-09-10	Serbia	BA.5.2	EPI_ISL_15316097
142	Homo sapiens	2022-09-15	Serbia	BA.5.2	EPI_ISL_15316121
141	Homo sapiens	2022-09-08	Serbia	BA.5.2.8	EPI_ISL_15316087
141	Homo sapiens	2022-09-09	Serbia	BA.5.2	EPI_ISL_15316093
141	Homo sapiens	2022-09-09	Serbia	BA.5.2	EPI_ISL_15316090
142	Homo sapiens	2022-09-14	Serbia	BA.5.2	EPI_ISL_15316114
141	Homo sapiens	2022-09-10	Serbia	BA.5.1	EPI_ISL_15316096
141	Homo sapiens	2022-09-09	Serbia	BA.5.2	EPI_ISL_15316091
142	Homo sapiens	2022-09-12	Serbia	BA.5.1	EPI_ISL_15316101
142	Homo sapiens	2022-09-14	Serbia	BF.14	EPI_ISL_15316115
141	Homo sapiens	2022-09-10	Serbia	BE.1.1	EPI_ISL_15316095
142	Homo sapiens	2022-09-13	Serbia	BA.5.1	EPI_ISL_15316105
141	Homo sapiens	2022-09-11	Serbia	BA.5.1.5	EPI_ISL_15316098
142	Homo sapiens	2022-09-15	Serbia	BA.5.2	EPI_ISL_15316120
142	Homo sapiens	2022-09-12	Serbia	BA.5.1	EPI_ISL_15316103
142	Homo sapiens	2022-09-16	Serbia	BA.5.2	EPI_ISL_15316126
142	Homo sapiens	2022-09-18	Serbia	BA.5.2	EPI_ISL_15316133
142	Homo sapiens	2022-09-14	Serbia	BF.7	EPI_ISL_15316113
143	Homo sapiens	2022-09-19	Serbia	BE.1.1	EPI_ISL_15316134
142	Homo sapiens	2022-09-14	Serbia	BA.5.1.10	EPI_ISL_15316112
142	Homo sapiens	2022-09-13	Serbia	BA.5.2.1	EPI_ISL_15316110
142	Homo sapiens	2022-09-13	Serbia	BF.14	EPI_ISL_15316109
142	Homo sapiens	2022-09-13	Serbia	BA.5.2.1	EPI_ISL_15316108
142	Homo sapiens	2022-09-16	Serbia	BA.5.1.22	EPI_ISL_15316124
142	Homo sapiens	2022-09-13	Serbia	BA.5.1	EPI_ISL_15316106
142	Homo sapiens	2022-09-15	Serbia	BA.5.2	EPI_ISL_15316122
142	Homo sapiens	2022-09-15	Serbia	BA.5.2	EPI_ISL_15316119
142	Homo sapiens	2022-09-16	Serbia	BA.5.1	EPI_ISL_15316123
142	Homo sapiens	2022-09-17	Serbia	BF.7	EPI_ISL_15316130
142	Homo sapiens	2022-09-17	Serbia	BF.7	EPI_ISL_15316131
142	Homo sapiens	2022-09-14	Serbia	BF.7	EPI_ISL_15316117
142	Homo sapiens	2022-09-16	Serbia	BA.5.2	EPI_ISL_15316129
142	Homo sapiens	2022-09-16	Serbia	BA.5.1.5	EPI_ISL_15316128
142	Homo sapiens	2022-09-16	Serbia	BA.5.2	EPI_ISL_15316127
142	Homo sapiens	2022-09-18	Serbia	BA.5.1	EPI_ISL_15527096
142	Homo sapiens	2022-09-12	Serbia	BA.5.2	EPI_ISL_15527095
123	Homo sapiens	2022-05-05	Serbia	BA.2	EPI_ISL_13289717
88	Homo sapiens	2021-09-02	Serbia	AY.46.6	EPI_ISL_10411465
147	Homo sapiens	2022-10-18	Serbia	BA.5.1.10	EPI_ISL_16317003
150	Homo sapiens	2022-11-10	Serbia	BF.7	EPI_ISL_16317123
151	Homo sapiens	2022-11-19	Serbia	BF.7	EPI_ISL_16317004
150	Homo sapiens	2022-11-07	Serbia	BA.5.2	EPI_ISL_16317126
150	Homo sapiens	2022-11-10	Serbia	BA.5.2.18	EPI_ISL_16317121
152	Homo sapiens	2022-11-27	Serbia	DQ.1	EPI_ISL_16317005
153	Homo sapiens	2022-11-29	Serbia	BV.1	EPI_ISL_16317002
150	Homo sapiens	2022-11-10	Serbia	BA.5.1	EPI_ISL_16317124
152	Homo sapiens	2022-11-23	Serbia	BF.14	EPI_ISL_16317000
147	Homo sapiens	2022-10-23	Serbia	BF.14	EPI_ISL_16317122
149	Homo sapiens	2022-11-01	Serbia	BF.14	EPI_ISL_16317112
148	Homo sapiens	2022-10-24	Serbia	BA.5.2	EPI_ISL_16317113
149	Homo sapiens	2022-11-05	Serbia	BF.14	EPI_ISL_16317110
149	Homo sapiens	2022-11-03	Serbia	BA.5.2.6	EPI_ISL_16317111
149	Homo sapiens	2022-11-04	Serbia	BA.5	EPI_ISL_16317109
149	Homo sapiens	2022-11-04	Serbia	BF.14	EPI_ISL_16317107
149	Homo sapiens	2022-11-04	Serbia	BA.5.2	EPI_ISL_16317108
150	Homo sapiens	2022-11-10	Serbia	BA.5	EPI_ISL_16317105
148	Homo sapiens	2022-10-29	Serbia	BA.5.10	EPI_ISL_16317106
150	Homo sapiens	2022-11-10	Serbia	BA.5.2	EPI_ISL_16317147
152	Homo sapiens	2022-11-21	Serbia	BQ.1.1	EPI_ISL_16317026
150	Homo sapiens	2022-11-10	Serbia	BA.5.2.3	EPI_ISL_16317148
149	Homo sapiens	2022-11-04	Serbia	BE.1	EPI_ISL_16317027
150	Homo sapiens	2022-11-09	Serbia	BF.7	EPI_ISL_16317024
150	Homo sapiens	2022-11-10	Serbia	BA.5	EPI_ISL_16317145
150	Homo sapiens	2022-11-10	Serbia	XAZ	EPI_ISL_16317146
152	Homo sapiens	2022-11-27	Serbia	BA.5.2	EPI_ISL_16317022
149	Homo sapiens	2022-10-31	Serbia	BF.14	EPI_ISL_16317143
153	Homo sapiens	2022-11-28	Serbia	BF.29	EPI_ISL_16317023
151	Homo sapiens	2022-11-19	Serbia	BF.14	EPI_ISL_16317144
148	Homo sapiens	2022-10-25	Serbia	BF.14	EPI_ISL_16317020
150	Homo sapiens	2022-11-10	Serbia	BA.5.2	EPI_ISL_16317141
148	Homo sapiens	2022-10-26	Serbia	BQ.1.8	EPI_ISL_16317021
149	Homo sapiens	2022-11-05	Serbia	BA.5.2	EPI_ISL_16317140
148	Homo sapiens	2022-10-25	Serbia	BE.1.1	EPI_ISL_16317019
150	Homo sapiens	2022-11-11	Serbia	BQ.1.2	EPI_ISL_16317138
147	Homo sapiens	2022-10-22	Serbia	BA.5.2.6	EPI_ISL_16317017
150	Homo sapiens	2022-11-08	Serbia	BF.14	EPI_ISL_16317139
150	Homo sapiens	2022-11-11	Serbia	BA.5.2	EPI_ISL_16317136
147	Homo sapiens	2022-10-22	Serbia	BA.5.2	EPI_ISL_16317016
152	Homo sapiens	2022-11-26	Serbia	BF.14	EPI_ISL_16317135
152	Homo sapiens	2022-11-27	Serbia	BA.5.2.6	EPI_ISL_16317132
151	Homo sapiens	2022-11-20	Serbia	BQ.1.1	EPI_ISL_16317133
149	Homo sapiens	2022-11-06	Serbia	BF.11	EPI_ISL_16317130
152	Homo sapiens	2022-11-22	Serbia	BA.5.2	EPI_ISL_16317131
149	Homo sapiens	2022-11-03	Serbia	BA.5.1.10	EPI_ISL_16317129
148	Homo sapiens	2022-10-24	Serbia	BF.7	EPI_ISL_16317008
149	Homo sapiens	2022-11-01	Serbia	BA.5.1	EPI_ISL_16317127
150	Homo sapiens	2022-11-10	Serbia	BF.7.5	EPI_ISL_16317128
150	Homo sapiens	2022-11-10	Serbia	BA.5.1	EPI_ISL_16317169
150	Homo sapiens	2022-11-10	Serbia	BF.14	EPI_ISL_16317048
150	Homo sapiens	2022-11-13	Serbia	BA.5.1	EPI_ISL_16317049
151	Homo sapiens	2022-11-15	Serbia	BA.5.2	EPI_ISL_16317044
149	Homo sapiens	2022-11-06	Serbia	BA.5.2.27	EPI_ISL_16317167
149	Homo sapiens	2022-11-04	Serbia	BA.5.2	EPI_ISL_16317046
151	Homo sapiens	2022-11-17	Serbia	BA.5.1	EPI_ISL_16317168
151	Homo sapiens	2022-11-15	Serbia	BF.14	EPI_ISL_16317165
149	Homo sapiens	2022-11-06	Serbia	BF.7	EPI_ISL_16317166
150	Homo sapiens	2022-11-09	Serbia	BA.5.2	EPI_ISL_16317045
151	Homo sapiens	2022-11-14	Serbia	BA.5.2	EPI_ISL_16317042
149	Homo sapiens	2022-11-02	Serbia	BA.5.2.9	EPI_ISL_16317163
151	Homo sapiens	2022-11-16	Serbia	BQ.1.2	EPI_ISL_16317164
151	Homo sapiens	2022-11-14	Serbia	BA.5.2.1	EPI_ISL_16317043
150	Homo sapiens	2022-11-07	Serbia	BA.5.2.6	EPI_ISL_16317161
150	Homo sapiens	2022-11-07	Serbia	BA.5.2	EPI_ISL_16317162
150	Homo sapiens	2022-11-07	Serbia	BA.5.2	EPI_ISL_16317160
150	Homo sapiens	2022-11-08	Serbia	BA.5.2	EPI_ISL_16317039
151	Homo sapiens	2022-11-17	Serbia	BA.5.2	EPI_ISL_16317158
152	Homo sapiens	2022-11-23	Serbia	BF.7	EPI_ISL_16317037
147	Homo sapiens	2022-10-23	Serbia	BA.5.2	EPI_ISL_16317159
146	Homo sapiens	2022-10-16	Serbia	BA.5.2	EPI_ISL_16317035
150	Homo sapiens	2022-11-08	Serbia	BA.5.2	EPI_ISL_16317156
152	Homo sapiens	2022-11-24	Serbia	BA.5.2	EPI_ISL_16317157
147	Homo sapiens	2022-10-18	Serbia	BA.5.9	EPI_ISL_16317036
149	Homo sapiens	2022-11-04	Serbia	BF.14	EPI_ISL_16317154
151	Homo sapiens	2022-11-14	Serbia	BQ.1.1.7	EPI_ISL_16317033
149	Homo sapiens	2022-11-01	Serbia	BA.5.2	EPI_ISL_16317155
150	Homo sapiens	2022-11-07	Serbia	BA.5.2.1	EPI_ISL_16317034
152	Homo sapiens	2022-11-22	Serbia	BA.5.1	EPI_ISL_16317031
151	Homo sapiens	2022-11-14	Serbia	BA.5.1	EPI_ISL_16317032
148	Homo sapiens	2022-10-30	Serbia	BA.5.1.24	EPI_ISL_16317149
151	Homo sapiens	2022-11-16	Serbia	BF.29	EPI_ISL_16317028
151	Homo sapiens	2022-11-17	Serbia	BF.11	EPI_ISL_16317029
148	Homo sapiens	2022-10-30	Serbia	BA.5.2.14	EPI_ISL_16317068
148	Homo sapiens	2022-10-28	Serbia	BF.14	EPI_ISL_16317059
148	Homo sapiens	2022-10-30	Serbia	BF.14	EPI_ISL_16317067
149	Homo sapiens	2022-11-03	Serbia	BA.5.1.10	EPI_ISL_16317064
148	Homo sapiens	2022-10-27	Serbia	BA.5	EPI_ISL_16317065
149	Homo sapiens	2022-11-02	Serbia	BA.5.2	EPI_ISL_16317062
149	Homo sapiens	2022-11-02	Serbia	BQ.1.1	EPI_ISL_16317063
148	Homo sapiens	2022-10-29	Serbia	BA.5.2.6	EPI_ISL_16317060
151	Homo sapiens	2022-11-20	Serbia	BF.14	EPI_ISL_16317182
149	Homo sapiens	2022-11-01	Serbia	BA.5.2	EPI_ISL_16317061
151	Homo sapiens	2022-11-19	Serbia	BF.14	EPI_ISL_16317180
151	Homo sapiens	2022-11-14	Serbia	BA.5.1.10	EPI_ISL_16317178
148	Homo sapiens	2022-10-26	Serbia	BE.1.1	EPI_ISL_16317057
152	Homo sapiens	2022-11-22	Serbia	BF.14	EPI_ISL_16317179
148	Homo sapiens	2022-10-27	Serbia	BF.7	EPI_ISL_16317058
150	Homo sapiens	2022-11-12	Serbia	BA.5	EPI_ISL_16317176
149	Homo sapiens	2022-11-02	Serbia	BF.14	EPI_ISL_16317055
151	Homo sapiens	2022-11-14	Serbia	BA.5.2.3	EPI_ISL_16317177
150	Homo sapiens	2022-11-11	Serbia	BF.14	EPI_ISL_16317174
151	Homo sapiens	2022-11-19	Serbia	BA.5.1	EPI_ISL_16317053
150	Homo sapiens	2022-11-12	Serbia	BF.14	EPI_ISL_16317175
150	Homo sapiens	2022-11-07	Serbia	BA.5.2	EPI_ISL_16317054
150	Homo sapiens	2022-11-13	Serbia	BF.14	EPI_ISL_16317172
152	Homo sapiens	2022-11-21	Serbia	BA.5.1	EPI_ISL_16317051
150	Homo sapiens	2022-11-13	Serbia	BF.14	EPI_ISL_16317173
150	Homo sapiens	2022-11-08	Serbia	BA.5.1	EPI_ISL_16317052
148	Homo sapiens	2022-10-30	Serbia	BA.5.2.13	EPI_ISL_16317170
149	Homo sapiens	2022-10-31	Serbia	BA.5.1.23	EPI_ISL_16317171
151	Homo sapiens	2022-11-17	Serbia	BA.5.2	EPI_ISL_16316998
151	Homo sapiens	2022-11-14	Serbia	BE.1.1	EPI_ISL_16316997
152	Homo sapiens	2022-11-21	Serbia	BF.7	EPI_ISL_16317088
152	Homo sapiens	2022-11-21	Serbia	BF.7	EPI_ISL_16317089
148	Homo sapiens	2022-10-28	Serbia	BA.5.1.23	EPI_ISL_16317086
148	Homo sapiens	2022-10-28	Serbia	BE.1.1	EPI_ISL_16317087
148	Homo sapiens	2022-10-26	Serbia	BF.14	EPI_ISL_16317084
149	Homo sapiens	2022-11-05	Serbia	BA.5.2.1	EPI_ISL_16317085
148	Homo sapiens	2022-10-29	Serbia	BA.5.2.1	EPI_ISL_16317082
149	Homo sapiens	2022-11-01	Serbia	BA.5.2.6	EPI_ISL_16317083
147	Homo sapiens	2022-10-23	Serbia	BE.1.1	EPI_ISL_16317080
148	Homo sapiens	2022-10-27	Serbia	BF.7	EPI_ISL_16317081
151	Homo sapiens	2022-11-18	Serbia	BF.8	EPI_ISL_16317079
151	Homo sapiens	2022-11-16	Serbia	BA.5.2	EPI_ISL_16317077
151	Homo sapiens	2022-11-17	Serbia	BF.14	EPI_ISL_16317078
151	Homo sapiens	2022-11-20	Serbia	BF.7	EPI_ISL_16317075
150	Homo sapiens	2022-11-09	Serbia	BA.5.2.6	EPI_ISL_16317076
150	Homo sapiens	2022-11-08	Serbia	BA.5	EPI_ISL_16317073
151	Homo sapiens	2022-11-15	Serbia	BA.5.2	EPI_ISL_16317070
150	Homo sapiens	2022-11-09	Serbia	BF.14	EPI_ISL_16317074
151	Homo sapiens	2022-11-15	Serbia	BA.5	EPI_ISL_16317071
150	Homo sapiens	2022-11-08	Serbia	BF.14	EPI_ISL_16317072
150	Homo sapiens	2022-11-09	Serbia	BA.5.2.6	EPI_ISL_16317093
150	Homo sapiens	2022-11-10	Serbia	BA.5.2.6	EPI_ISL_16317091
150	Homo sapiens	2022-11-11	Serbia	BA.5.1	EPI_ISL_16317092
152	Homo sapiens	2022-11-21	Serbia	BA.5.2.6	EPI_ISL_16317090
147	Homo sapiens	2022-10-22	Serbia	BA.5.1.5	EPI_ISL_16317101
150	Homo sapiens	2022-11-10	Serbia	BA.5.2	EPI_ISL_16316950
153	Homo sapiens	2022-11-28	Serbia	BA.5.2.1	EPI_ISL_16316949
151	Homo sapiens	2022-11-18	Serbia	XBB.1	EPI_ISL_16316948
153	Homo sapiens	2022-11-29	Serbia	BF.14	EPI_ISL_16316970
151	Homo sapiens	2022-11-17	Serbia	BA.5.1	EPI_ISL_16316972
151	Homo sapiens	2022-11-16	Serbia	BA.5.1	EPI_ISL_16316971
150	Homo sapiens	2022-11-10	Serbia	BA.5.2.6	EPI_ISL_16316957
153	Homo sapiens	2022-11-29	Serbia	BA.5.2.6	EPI_ISL_16316969
153	Homo sapiens	2022-11-28	Serbia	CR.1.2	EPI_ISL_16316968
152	Homo sapiens	2022-11-27	Serbia	BA.5.1.2	EPI_ISL_16316967
152	Homo sapiens	2022-11-27	Serbia	BA.5.1.12	EPI_ISL_16316966
151	Homo sapiens	2022-11-15	Serbia	BE.1.1	EPI_ISL_16316963
152	Homo sapiens	2022-11-26	Serbia	BF.5	EPI_ISL_16316962
151	Homo sapiens	2022-11-17	Serbia	BQ.1.1.32	EPI_ISL_16316961
150	Homo sapiens	2022-11-07	Serbia	BA.5.1	EPI_ISL_16316959
149	Homo sapiens	2022-11-01	Serbia	BF.7	EPI_ISL_16316956
149	Homo sapiens	2022-11-06	Serbia	BA.5.2	EPI_ISL_16316952
145	Homo sapiens	2022-10-05	Serbia	BA.5.1.5	EPI_ISL_16316954
149	Homo sapiens	2022-11-03	Serbia	BA.5.1	EPI_ISL_16316953
149	Homo sapiens	2022-11-01	Serbia	BA.5.2	EPI_ISL_16316994
150	Homo sapiens	2022-11-11	Serbia	BA.5.2.6	EPI_ISL_16316990
150	Homo sapiens	2022-11-09	Serbia	BA.5.2	EPI_ISL_16316989
151	Homo sapiens	2022-11-14	Serbia	BA.5.1.5	EPI_ISL_16316988
150	Homo sapiens	2022-11-07	Serbia	BA.5.1	EPI_ISL_16316985
149	Homo sapiens	2022-11-06	Serbia	BA.5.2.6	EPI_ISL_16316984
150	Homo sapiens	2022-11-13	Serbia	BA.5.2.6	EPI_ISL_16316987
150	Homo sapiens	2022-11-12	Serbia	BA.5.1.5	EPI_ISL_16316986
149	Homo sapiens	2022-11-03	Serbia	BF.4	EPI_ISL_16316981
149	Homo sapiens	2022-11-02	Serbia	BF.4	EPI_ISL_16316980
149	Homo sapiens	2022-11-05	Serbia	BF.7	EPI_ISL_16316983
149	Homo sapiens	2022-11-04	Serbia	BQ.1.1	EPI_ISL_16316982
152	Homo sapiens	2022-11-24	Serbia	BA.5.2	EPI_ISL_16316978
152	Homo sapiens	2022-11-24	Serbia	BA.5.2	EPI_ISL_16316977
149	Homo sapiens	2022-11-02	Serbia	BA.5.1	EPI_ISL_16316979
151	Homo sapiens	2022-11-19	Serbia	BQ.1.1	EPI_ISL_16316974
151	Homo sapiens	2022-11-18	Serbia	BA.5.9	EPI_ISL_16316973
152	Homo sapiens	2022-11-23	Serbia	CK.1	EPI_ISL_16316976
152	Homo sapiens	2022-11-22	Serbia	BA.5.1	EPI_ISL_16316975
150	Homo sapiens	2022-11-10	Serbia	BA.5.2	EPI_ISL_16316996
150	Homo sapiens	2022-11-09	Serbia	BA.5.2	EPI_ISL_16316995
146	Homo sapiens	2022-10-14	Serbia	BA.5.2	EPI_ISL_16316914
146	Homo sapiens	2022-10-10	Serbia	BA.5.2	EPI_ISL_16316938
148	Homo sapiens	2022-10-25	Serbia	BA.5.1	EPI_ISL_16316944
146	Homo sapiens	2022-10-14	Serbia	BF.14	EPI_ISL_16316947
146	Homo sapiens	2022-10-11	Serbia	BA.5.2.1	EPI_ISL_16316946
147	Homo sapiens	2022-10-18	Serbia	BA.5.2	EPI_ISL_16316943
145	Homo sapiens	2022-10-07	Serbia	BF.14	EPI_ISL_16316942
146	Homo sapiens	2022-10-10	Serbia	BF.14	EPI_ISL_16316939
147	Homo sapiens	2022-10-19	Serbia	BF.14	EPI_ISL_16316930
146	Homo sapiens	2022-10-13	Serbia	BA.5.2	EPI_ISL_16316937
146	Homo sapiens	2022-10-15	Serbia	BA.5.2	EPI_ISL_16316936
146	Homo sapiens	2022-10-15	Serbia	BA.5.2	EPI_ISL_16316934
146	Homo sapiens	2022-10-11	Serbia	BF.14	EPI_ISL_16316935
147	Homo sapiens	2022-10-18	Serbia	BA.5.1	EPI_ISL_16316932
146	Homo sapiens	2022-10-15	Serbia	BA.5.1	EPI_ISL_16316931
146	Homo sapiens	2022-10-15	Serbia	BA.5.2	EPI_ISL_16316927
146	Homo sapiens	2022-10-15	Serbia	BA.5.2.7	EPI_ISL_16316926
147	Homo sapiens	2022-10-17	Serbia	BA.5.2	EPI_ISL_16316929
146	Homo sapiens	2022-10-11	Serbia	BA.5.1	EPI_ISL_16316928
147	Homo sapiens	2022-10-17	Serbia	BA.5.1.12	EPI_ISL_16316923
146	Homo sapiens	2022-10-13	Serbia	BA.5.1	EPI_ISL_16316922
146	Homo sapiens	2022-10-11	Serbia	BF.14	EPI_ISL_16316925
148	Homo sapiens	2022-10-26	Serbia	BA.5.2	EPI_ISL_16316924
146	Homo sapiens	2022-10-12	Serbia	BA.5.2.20	EPI_ISL_16316921
145	Homo sapiens	2022-10-03	Serbia	BA.5.2	EPI_ISL_16316919
146	Homo sapiens	2022-10-12	Serbia	BA.5.2	EPI_ISL_16316920
148	Homo sapiens	2022-10-28	Serbia	BA.5.2	EPI_ISL_16316917
145	Homo sapiens	2022-10-03	Serbia	BA.5.1	EPI_ISL_16316918
146	Homo sapiens	2022-10-14	Serbia	BN.1.3.1	EPI_ISL_16316940
148	Homo sapiens	2022-10-24	Serbia	BM.1.1.1	EPI_ISL_16317102
151	Homo sapiens	2022-11-17	Serbia	BN.1.5	EPI_ISL_16317181
149	Homo sapiens	2022-11-02	Serbia	BL.1	EPI_ISL_16317018
152	Homo sapiens	2022-11-22	Serbia	BF.7	EPI_ISL_16316999
147	Homo sapiens	2022-10-19	Serbia	BA.5.2	EPI_ISL_16316915
145	Homo sapiens	2022-10-04	Serbia	BA.5.2.29	EPI_ISL_16316912
146	Homo sapiens	2022-10-10	Serbia	BF.28	EPI_ISL_16316911
145	Homo sapiens	2022-10-04	Serbia	BA.5.1	EPI_ISL_16316913
147	Homo sapiens	2022-10-20	Serbia	BA.5.2.1	EPI_ISL_16316910
115	Homo sapiens	2022-03-09	Serbia	BA.1.1	EPI_ISL_17075637
137	Homo sapiens	2022-08-13	Serbia	BA.5.1	EPI_ISL_17075648
116	Homo sapiens	2022-03-14	Serbia	BA.2	EPI_ISL_17075638
137	Homo sapiens	2022-08-13	Serbia	BA.5.1	EPI_ISL_17075654
130	Homo sapiens	2022-06-22	Serbia	BA.5.1	EPI_ISL_17075642
152	Homo sapiens	2022-11-23	Serbia	BF.14	EPI_ISL_17075658
142	Homo sapiens	2022-09-16	Serbia	BA.5.2	EPI_ISL_17075657
141	Homo sapiens	2022-09-06	Serbia	BA.5.2	EPI_ISL_17075652
137	Homo sapiens	2022-08-13	Serbia	BA.5.2	EPI_ISL_17075653
140	Homo sapiens	2022-08-30	Serbia	BA.4.6	EPI_ISL_17075659
142	Homo sapiens	2022-09-16	Serbia	BA.5.2	EPI_ISL_17075655
141	Homo sapiens	2022-09-10	Serbia	BA.5.2	EPI_ISL_17075651
137	Homo sapiens	2022-08-13	Serbia	BF.28	EPI_ISL_17075647
129	Homo sapiens	2022-06-17	Serbia	BA.5.2	EPI_ISL_17075656
141	Homo sapiens	2022-09-10	Serbia	BA.5.1	EPI_ISL_17075662
131	Homo sapiens	2022-07-03	Serbia	BA.5.6	EPI_ISL_17075645
137	Homo sapiens	2022-08-13	Serbia	BA.5.2	EPI_ISL_17075649
140	Homo sapiens	2022-08-30	Serbia	BA.5.2	EPI_ISL_17075660
116	Homo sapiens	2022-03-14	Serbia	BA.2	EPI_ISL_17075641
116	Homo sapiens	2022-03-14	Serbia	BA.2	EPI_ISL_17075640
130	Homo sapiens	2022-06-23	Serbia	BA.5.2.1	EPI_ISL_17075643
115	Homo sapiens	2022-03-07	Serbia	BA.2	EPI_ISL_17075636
131	Homo sapiens	2022-06-28	Serbia	BA.5.1	EPI_ISL_17075644
133	Homo sapiens	2022-07-12	Serbia	BA.5	EPI_ISL_17075646
115	Homo sapiens	2022-03-10	Serbia	BA.2	EPI_ISL_17075639
114	Homo sapiens	2022-03-04	Serbia	BA.2	EPI_ISL_17075634
115	Homo sapiens	2022-03-07	Serbia	BA.2	EPI_ISL_17075633
115	Homo sapiens	2022-03-10	Serbia	BA.2	EPI_ISL_17075635
138	Homo sapiens	2022-08-17	Serbia	BA.5.2.1	EPI_ISL_17075650
141	Homo sapiens	2022-09-09	Serbia	BA.5.2	EPI_ISL_17075661
140	Homo sapiens	2022-08-29	Serbia	BA.5.9	EPI_ISL_17222305
115	Homo sapiens	2022-03-09	Serbia	BA.2	EPI_ISL_17222304
161	Homo sapiens	2023-01-23	Serbia	BN.1	EPI_ISL_17251024
158	Homo sapiens	2023-01-02	Serbia	BN.1.3.1	EPI_ISL_17250969
158	Homo sapiens	2023-01-02	Serbia	XBB.2	EPI_ISL_17250971
161	Homo sapiens	2023-01-24	Serbia	XBB.1	EPI_ISL_17251030
