15	Homo sapiens	2020-04-10	Sierra Leone	A.12	MT872492.1
14	Homo sapiens	2020-04-03	Sierra Leone	B.6	MT872493.1
14	Homo sapiens	2020-04-03	Sierra Leone	B.1.1	MT872494.1
15	Homo sapiens	2020-04-08	Sierra Leone	B.1.379	MT872495.1
15	Homo sapiens	2020-04-10	Sierra Leone	A.12	MT872496.1
14	Homo sapiens	2020-03-30	Sierra Leone	B.1	MT872497.1
16	Homo sapiens	2020-04-14	Sierra Leone	A.12	MT872498.1
17	Homo sapiens	2020-04-23	Sierra Leone	B.1	MT872499.1
18	Homo sapiens	2020-04-27	Sierra Leone	A.12	MT872501.1
14	Homo sapiens	2020-03-31	Sierra Leone	B.1.1	MT872502.1
57	Homo sapiens	2021-01-27	Sierra Leone	R.1	MZ149978.1
50	Homo sapiens	2020-12-08	Sierra Leone	B.1.509	MZ411524.1
50	Homo sapiens	2020-12-07	Sierra Leone	B.1.509	MZ411526.1
55	Homo sapiens	2021-01-15	Sierra Leone	R.1	MZ436884.1
55	Homo sapiens	2021-01-15	Sierra Leone	R.1	MZ436891.1
55	Homo sapiens	2021-01-14	Sierra Leone	R.1	MZ436898.1
55	Homo sapiens	2021-01-14	Sierra Leone	R.1	MZ436896.1
57	Homo sapiens	2021-01-31	Sierra Leone	R.1	EPI_ISL_2716628
57	Homo sapiens	2021-01-27	Sierra Leone	R.1	EPI_ISL_2716629
57	Homo sapiens	2021-01-27	Sierra Leone	R.1	EPI_ISL_2716630
57	Homo sapiens	2021-01-25	Sierra Leone	R.1	EPI_ISL_2716626
56	Homo sapiens	2021-01-20	Sierra Leone	R.1	EPI_ISL_2716625
56	Homo sapiens	2021-01-20	Sierra Leone	R.1	EPI_ISL_2716637
55	Homo sapiens	2021-01-15	Sierra Leone	B.1.1.83	EPI_ISL_2716632
55	Homo sapiens	2021-01-13	Sierra Leone	B.1.1.83	EPI_ISL_2716634
55	Homo sapiens	2021-01-13	Sierra Leone	R.1	EPI_ISL_2716635
54	Homo sapiens	2021-01-10	Sierra Leone	R.1	EPI_ISL_2716633
54	Homo sapiens	2021-01-10	Sierra Leone	R.1	EPI_ISL_2716639
53	Homo sapiens	2020-12-30	Sierra Leone	R.1	EPI_ISL_2716623
50	Homo sapiens	2020-12-08	Sierra Leone	B.1	EPI_ISL_2662727
50	Homo sapiens	2020-12-07	Sierra Leone	B.1.509	EPI_ISL_2662729
03	Homo sapiens	2020-01-14	Sierra Leone	R.1	EPI_ISL_2716627
75	Homo sapiens	2021-06-03	Sierra Leone	AY.30	MZ854386.1
75	Homo sapiens	2021-06-03	Sierra Leone	AY.30	MZ854387.1
75	Homo sapiens	2021-06-03	Sierra Leone	B.1.629	MZ854388.1
75	Homo sapiens	2021-06-03	Sierra Leone	AY.30	MZ854389.1
76	Homo sapiens	2021-06-07	Sierra Leone	AY.30	MZ854390.1
76	Homo sapiens	2021-06-07	Sierra Leone	B.1.617.2	MZ854391.1
76	Homo sapiens	2021-06-07	Sierra Leone	B.1.617.2	MZ854392.1
76	Homo sapiens	2021-06-07	Sierra Leone	B.1.525	MZ854393.1
76	Homo sapiens	2021-06-07	Sierra Leone	AY.30	MZ854394.1
76	Homo sapiens	2021-06-07	Sierra Leone	AY.30	MZ854395.1
76	Homo sapiens	2021-06-07	Sierra Leone	B.1.629	MZ854396.1
76	Homo sapiens	2021-06-07	Sierra Leone	B.1.617.2	MZ854397.1
76	Homo sapiens	2021-06-07	Sierra Leone	AY.30	MZ854398.1
76	Homo sapiens	2021-06-07	Sierra Leone	AY.30	MZ854399.1
76	Homo sapiens	2021-06-07	Sierra Leone	B.1.617.2	MZ854400.1
76	Homo sapiens	2021-06-08	Sierra Leone	AY.30	MZ854401.1
76	Homo sapiens	2021-06-08	Sierra Leone	AY.30	MZ854402.1
76	Homo sapiens	2021-06-08	Sierra Leone	AY.30	MZ854403.1
76	Homo sapiens	2021-06-08	Sierra Leone	AY.30	MZ854404.1
76	Homo sapiens	2021-06-08	Sierra Leone	AY.30	MZ854405.1
76	Homo sapiens	2021-06-08	Sierra Leone	AY.30	MZ854406.1
76	Homo sapiens	2021-06-08	Sierra Leone	AY.30	MZ854407.1
76	Homo sapiens	2021-06-08	Sierra Leone	AY.30	MZ854408.1
76	Homo sapiens	2021-06-08	Sierra Leone	B.1.1.318	MZ854409.1
76	Homo sapiens	2021-06-08	Sierra Leone	AY.30	MZ854410.1
77	Homo sapiens	2021-06-18	Sierra Leone	AY.30	MZ854411.1
77	Homo sapiens	2021-06-19	Sierra Leone	B.1.617.2	MZ854412.1
77	Homo sapiens	2021-06-19	Sierra Leone	AY.30	MZ854413.1
77	Homo sapiens	2021-06-19	Sierra Leone	AY.30	MZ854414.1
77	Homo sapiens	2021-06-19	Sierra Leone	AY.30	MZ854415.1
77	Homo sapiens	2021-06-19	Sierra Leone	AY.38	MZ854416.1
77	Homo sapiens	2021-06-19	Sierra Leone	AY.30	MZ854417.1
77	Homo sapiens	2021-06-14	Sierra Leone	AY.30	MZ854418.1
57	Homo sapiens	2021-01-27	Sierra Leone	R.1	EPI_ISL_15283206
57	Homo sapiens	2021-01-27	Sierra Leone	R.1	EPI_ISL_15283204
57	Homo sapiens	2021-01-26	Sierra Leone	B.1.1	EPI_ISL_15283194
57	Homo sapiens	2021-01-25	Sierra Leone	R.1	EPI_ISL_15283198
58	Homo sapiens	2021-02-01	Sierra Leone	R.1	EPI_ISL_15283193
57	Homo sapiens	2021-01-29	Sierra Leone	R.1	EPI_ISL_15283197
57	Homo sapiens	2021-01-27	Sierra Leone	R.1	EPI_ISL_15283210
58	Homo sapiens	2021-02-05	Sierra Leone	R.1	EPI_ISL_15283216
57	Homo sapiens	2021-01-29	Sierra Leone	R.1	EPI_ISL_15283199
57	Homo sapiens	2021-01-28	Sierra Leone	R.1	EPI_ISL_15283195
56	Homo sapiens	2021-01-24	Sierra Leone	R.1	EPI_ISL_15283196
58	Homo sapiens	2021-02-05	Sierra Leone	R.1	EPI_ISL_15283217
57	Homo sapiens	2021-01-28	Sierra Leone	R.1	EPI_ISL_15283215
57	Homo sapiens	2021-01-27	Sierra Leone	R.1	EPI_ISL_15283189
57	Homo sapiens	2021-01-29	Sierra Leone	R.1	EPI_ISL_15283200
57	Homo sapiens	2021-01-28	Sierra Leone	R.1	EPI_ISL_15283205
57	Homo sapiens	2021-01-25	Sierra Leone	R.1	EPI_ISL_15283202
57	Homo sapiens	2021-01-25	Sierra Leone	R.1	EPI_ISL_15283208
57	Homo sapiens	2021-01-29	Sierra Leone	R.1	EPI_ISL_15283201
57	Homo sapiens	2021-01-25	Sierra Leone	R.1	EPI_ISL_15283203
57	Homo sapiens	2021-01-25	Sierra Leone	R.1	EPI_ISL_15283209
57	Homo sapiens	2021-01-27	Sierra Leone	R.1	EPI_ISL_15283190
57	Homo sapiens	2021-01-27	Sierra Leone	R.1	EPI_ISL_15283191
58	Homo sapiens	2021-02-02	Sierra Leone	R.1	EPI_ISL_15283192
55	Homo sapiens	2021-01-14	Sierra Leone	R.1	EPI_ISL_15283154
