118	Homo sapiens	2022-03-29	Sint Maarten 	BA.2.9	EPI_ISL_11840819
117	Homo sapiens	2022-03-21	Sint Maarten 	BA.2	EPI_ISL_11840817
117	Homo sapiens	2022-03-21	Sint Maarten 	BA.2	EPI_ISL_11840816
117	Homo sapiens	2022-03-21	Sint Maarten 	BA.2	EPI_ISL_11840814
117	Homo sapiens	2022-03-21	Sint Maarten 	BA.2	EPI_ISL_11840815
117	Homo sapiens	2022-03-21	Sint Maarten 	BA.2	EPI_ISL_11840811
117	Homo sapiens	2022-03-21	Sint Maarten 	BA.2	EPI_ISL_11840813
117	Homo sapiens	2022-03-21	Sint Maarten 	BA.2	EPI_ISL_11840810
117	Homo sapiens	2022-03-21	Sint Maarten 	BA.2	EPI_ISL_11840812
117	Homo sapiens	2022-03-21	Sint Maarten 	BA.2	EPI_ISL_11840808
117	Homo sapiens	2022-03-21	Sint Maarten 	BA.2	EPI_ISL_11840806
118	Homo sapiens	2022-03-29	Sint Maarten 	BA.2	EPI_ISL_11840820
117	Homo sapiens	2022-03-21	Sint Maarten 	BA.2	EPI_ISL_11840807
118	Homo sapiens	2022-03-29	Sint Maarten 	BA.2.21	EPI_ISL_11840826
117	Homo sapiens	2022-03-21	Sint Maarten 	BA.2	EPI_ISL_11840805
118	Homo sapiens	2022-03-29	Sint Maarten 	BA.2	EPI_ISL_11840821
118	Homo sapiens	2022-03-29	Sint Maarten 	BA.2	EPI_ISL_11840825
118	Homo sapiens	2022-03-29	Sint Maarten 	BA.2	EPI_ISL_11840823
