47	Homo sapiens	2020-11-17	Solomon Islands	B.1.1.398	EPI_ISL_4771889
44	Homo sapiens	2020-11-01	Solomon Islands	B.1.177.57	EPI_ISL_4771871
44	Homo sapiens	2020-11-01	Solomon Islands	B.1.177.57	EPI_ISL_4771897
44	Homo sapiens	2020-10-30	Solomon Islands	B.1.177.57	EPI_ISL_4771882
44	Homo sapiens	2020-10-27	Solomon Islands	B.1.177.57	EPI_ISL_11207421
52	Homo sapiens	2020-12-24	Solomon Islands	B.1.177.57	EPI_ISL_11207418
52	Homo sapiens	2020-12-24	Solomon Islands	B.1.177.57	EPI_ISL_11207420
44	Homo sapiens	2020-10-30	Solomon Islands	B.1.177.57	EPI_ISL_11207419
150	Homo sapiens	2022-11-11	Solomon Islands	CH.1.1.3	EPI_ISL_16049715
151	Homo sapiens	2022-11-18	Solomon Islands	CM.5.1	EPI_ISL_16049751
152	Homo sapiens	2022-11-22	Solomon Islands	CH.1.1.3	EPI_ISL_16049755
141	Homo sapiens	2022-09-10	Solomon Islands	BA.5.2.1	EPI_ISL_16049698
141	Homo sapiens	2022-09-09	Solomon Islands	BA.5.2.1	EPI_ISL_16049697
150	Homo sapiens	2022-11-10	Solomon Islands	XBB.1.2	EPI_ISL_16049707
150	Homo sapiens	2022-11-12	Solomon Islands	XBB.1.2	EPI_ISL_16049730
152	Homo sapiens	2022-11-21	Solomon Islands	XBB.1.2	EPI_ISL_16049744
150	Homo sapiens	2022-11-11	Solomon Islands	CM.5.1	EPI_ISL_16049718
150	Homo sapiens	2022-11-10	Solomon Islands	CM.5.1	EPI_ISL_16049712
150	Homo sapiens	2022-11-10	Solomon Islands	CM.2	EPI_ISL_16049711
150	Homo sapiens	2022-11-10	Solomon Islands	CM.5.1	EPI_ISL_16049710
137	Homo sapiens	2022-08-10	Solomon Islands	BF.5	EPI_ISL_16049690
150	Homo sapiens	2022-11-10	Solomon Islands	BF.7.6	EPI_ISL_16049727
150	Homo sapiens	2022-11-10	Solomon Islands	BF.7.6	EPI_ISL_16049725
135	Homo sapiens	2022-07-25	Solomon Islands	BA.5.7	EPI_ISL_16049687
150	Homo sapiens	2022-11-10	Solomon Islands	CM.5.1	EPI_ISL_16049724
150	Homo sapiens	2022-11-11	Solomon Islands	CH.1.1.3	EPI_ISL_16049714
151	Homo sapiens	2022-11-17	Solomon Islands	CH.1.1.3	EPI_ISL_16049735
150	Homo sapiens	2022-11-07	Solomon Islands	CM.5.1	EPI_ISL_16049723
150	Homo sapiens	2022-11-07	Solomon Islands	CM.5.1	EPI_ISL_16049722
150	Homo sapiens	2022-11-11	Solomon Islands	CH.1.1.3	EPI_ISL_16049713
150	Homo sapiens	2022-11-07	Solomon Islands	CM.5.1	EPI_ISL_16049721
150	Homo sapiens	2022-11-12	Solomon Islands	CH.1.1.3	EPI_ISL_16049731
135	Homo sapiens	2022-07-27	Solomon Islands	BA.5.7	EPI_ISL_16049688
151	Homo sapiens	2022-11-20	Solomon Islands	CH.1.1.3	EPI_ISL_16049738
152	Homo sapiens	2022-11-22	Solomon Islands	CH.1.1.3	EPI_ISL_16049756
137	Homo sapiens	2022-08-10	Solomon Islands	BF.5	EPI_ISL_16049691
151	Homo sapiens	2022-11-18	Solomon Islands	CM.5.1	EPI_ISL_16049750
138	Homo sapiens	2022-08-15	Solomon Islands	BA.5.2.1	EPI_ISL_16049693
150	Homo sapiens	2022-11-11	Solomon Islands	CH.1.1.3	EPI_ISL_16049716
151	Homo sapiens	2022-11-17	Solomon Islands	CH.1.1.3	EPI_ISL_16049734
151	Homo sapiens	2022-11-18	Solomon Islands	CH.1.1.3	EPI_ISL_16049736
152	Homo sapiens	2022-11-21	Solomon Islands	CH.1.1.3	EPI_ISL_16049742
151	Homo sapiens	2022-11-17	Solomon Islands	CH.1.1.3	EPI_ISL_16049733
151	Homo sapiens	2022-11-15	Solomon Islands	CH.1.1.3	EPI_ISL_16049720
150	Homo sapiens	2022-11-13	Solomon Islands	CH.1.1.3	EPI_ISL_16049732
150	Homo sapiens	2022-11-10	Solomon Islands	CH.1.1.3	EPI_ISL_16049709
150	Homo sapiens	2022-11-10	Solomon Islands	CH.1.1.3	EPI_ISL_16049708
150	Homo sapiens	2022-11-10	Solomon Islands	BA.2.3	EPI_ISL_16049729
151	Homo sapiens	2022-11-20	Solomon Islands	CH.1.1.3	EPI_ISL_16049740
149	Homo sapiens	2022-11-02	Solomon Islands	CH.1.1.3	EPI_ISL_16049700
153	Homo sapiens	2022-11-29	Solomon Islands	CM.2	EPI_ISL_16134388
153	Homo sapiens	2022-11-29	Solomon Islands	BA.5.2.1	EPI_ISL_16134385
153	Homo sapiens	2022-11-29	Solomon Islands	BA.2.75.3	EPI_ISL_16134390
153	Homo sapiens	2022-11-28	Solomon Islands	CH.1.1.3	EPI_ISL_16134374
152	Homo sapiens	2022-11-23	Solomon Islands	XBB.1.2	EPI_ISL_16134367
153	Homo sapiens	2022-11-29	Solomon Islands	BA.5.2	EPI_ISL_16134389
153	Homo sapiens	2022-11-29	Solomon Islands	BA.5.2.1	EPI_ISL_16134391
153	Homo sapiens	2022-11-28	Solomon Islands	BA.5.2.6	EPI_ISL_16134377
153	Homo sapiens	2022-11-29	Solomon Islands	BA.5.2.1	EPI_ISL_16134394
153	Homo sapiens	2022-11-29	Solomon Islands	BA.5.2.1	EPI_ISL_16134392
153	Homo sapiens	2022-11-29	Solomon Islands	BA.5.2.1	EPI_ISL_16134382
153	Homo sapiens	2022-11-29	Solomon Islands	BA.5.2.1	EPI_ISL_16134379
153	Homo sapiens	2022-11-28	Solomon Islands	CH.1.1.3	EPI_ISL_16134375
152	Homo sapiens	2022-11-25	Solomon Islands	CH.1.1.3	EPI_ISL_16134370
152	Homo sapiens	2022-11-25	Solomon Islands	CH.1.1.3	EPI_ISL_16134371
152	Homo sapiens	2022-11-24	Solomon Islands	CH.1.1.3	EPI_ISL_16134369
152	Homo sapiens	2022-11-23	Solomon Islands	CH.1.1.3	EPI_ISL_16134368
153	Homo sapiens	2022-11-28	Solomon Islands	CH.1.1.3	EPI_ISL_16134372
153	Homo sapiens	2022-11-29	Solomon Islands	CH.1.1.3	EPI_ISL_16134387
153	Homo sapiens	2022-11-29	Solomon Islands	BL.1	EPI_ISL_16134384
153	Homo sapiens	2022-11-29	Solomon Islands	BA.2.75.3	EPI_ISL_16134393
153	Homo sapiens	2022-11-29	Solomon Islands	BA.2.75.3	EPI_ISL_16134381
153	Homo sapiens	2022-11-28	Solomon Islands	CH.1.1.3	EPI_ISL_16134373
153	Homo sapiens	2022-11-29	Solomon Islands	BL.1	EPI_ISL_16134380
