28	Homo sapiens	2020-07-08	Somalia	A	EPI_ISL_2107094
17	Homo sapiens	2020-04-26	Somalia	B.1	EPI_ISL_2107096
41	Homo sapiens	2020-10-07	Somalia	B.1.480	EPI_ISL_2308262
62	Homo sapiens	2021-03-05	Somalia	B.1.1.7	EPI_ISL_2533882
61	Homo sapiens	2021-02-28	Somalia	B.1.1.7	EPI_ISL_2533883
67	Homo sapiens	2021-04-06	Somalia	B.1.1.7	MZ394630.1
66	Homo sapiens	2021-04-04	Somalia	B.1.1.7	MZ394629.1
61	Homo sapiens	2021-02-28	Somalia	B.1.1.7	MZ520071.1
61	Homo sapiens	2021-02-28	Somalia	B.1.1.7	MZ520093.1
61	Homo sapiens	2021-02-28	Somalia	B.1.1.7	MZ520070.1
61	Homo sapiens	2021-02-28	Somalia	B.1.1.7	EPI_ISL_2858681
61	Homo sapiens	2021-02-28	Somalia	B.1.351	EPI_ISL_2858682
61	Homo sapiens	2021-02-28	Somalia	B.1.351	MZ970765.1
