12	Homo sapiens	2020-03-16	Sri Lanka	B.4	MT371047.1
11	Homo sapiens	2020-03-10	Sri Lanka	B.1.1	MT371048.1
12	Homo sapiens	2020-03-19	Sri Lanka	B.1	MT371049.1
14	Homo sapiens	2020-03-31	Sri Lanka	B	MT371050.1
18	Homo sapiens	2020-04-28	Sri Lanka	B.1	EPI_ISL_525476
25	Homo sapiens	2020-06-16	Sri Lanka	B	EPI_ISL_525481
30	Homo sapiens	2020-07-21	Sri Lanka	B.1	EPI_ISL_525486
30	Homo sapiens	2020-07-21	Sri Lanka	B.1	EPI_ISL_525489
53	Homo sapiens	2020-12-30	Sri Lanka	B.1.411	EPI_ISL_1184582
59	Homo sapiens	2021-02-08	Sri Lanka	B.1.411	EPI_ISL_1186201
61	Homo sapiens	2021-02-24	Sri Lanka	B.1.411	EPI_ISL_1233066
61	Homo sapiens	2021-02-24	Sri Lanka	B.1.411	EPI_ISL_1233067
61	Homo sapiens	2021-02-25	Sri Lanka	B.1.411	EPI_ISL_1233068
61	Homo sapiens	2021-02-25	Sri Lanka	B.1.411	EPI_ISL_1233069
61	Homo sapiens	2021-02-25	Sri Lanka	B.1.411	EPI_ISL_1233070
61	Homo sapiens	2021-02-24	Sri Lanka	B.1.411	EPI_ISL_1233102
62	Homo sapiens	2021-03-02	Sri Lanka	B.1.411	EPI_ISL_1233103
61	Homo sapiens	2021-02-27	Sri Lanka	B.1.411	EPI_ISL_1233107
62	Homo sapiens	2021-03-02	Sri Lanka	B.1.1.7	EPI_ISL_1233109
62	Homo sapiens	2021-03-02	Sri Lanka	B.1.1.7	EPI_ISL_1233110
62	Homo sapiens	2021-03-02	Sri Lanka	B.1.351	EPI_ISL_1233119
61	Homo sapiens	2021-02-25	Sri Lanka	B.1.411	EPI_ISL_1233127
61	Homo sapiens	2021-02-23	Sri Lanka	B.1.411	EPI_ISL_1233131
61	Homo sapiens	2021-02-24	Sri Lanka	B.1.411	EPI_ISL_1233133
62	Homo sapiens	2021-03-02	Sri Lanka	B.1.1.25	EPI_ISL_1233134
61	Homo sapiens	2021-02-24	Sri Lanka	B.1.411	EPI_ISL_1233138
59	Homo sapiens	2021-02-08	Sri Lanka	B.1.411	EPI_ISL_1233064
58	Homo sapiens	2021-02-04	Sri Lanka	B.1.411	EPI_ISL_1233071
58	Homo sapiens	2021-02-06	Sri Lanka	B.1.411	EPI_ISL_1233078
59	Homo sapiens	2021-02-09	Sri Lanka	B.1.411	EPI_ISL_1233079
60	Homo sapiens	2021-02-16	Sri Lanka	B.1.411	EPI_ISL_1233080
58	Homo sapiens	2021-02-03	Sri Lanka	B.1.411	EPI_ISL_1233082
58	Homo sapiens	2021-02-03	Sri Lanka	B.1.411	EPI_ISL_1233083
59	Homo sapiens	2021-02-08	Sri Lanka	B.1.411	EPI_ISL_1233084
59	Homo sapiens	2021-02-08	Sri Lanka	B.1.411	EPI_ISL_1233085
59	Homo sapiens	2021-02-08	Sri Lanka	B.1.411	EPI_ISL_1233086
59	Homo sapiens	2021-02-08	Sri Lanka	B.1.411	EPI_ISL_1233087
59	Homo sapiens	2021-02-12	Sri Lanka	B.1.411	EPI_ISL_1233088
59	Homo sapiens	2021-02-14	Sri Lanka	B.1.411	EPI_ISL_1233089
60	Homo sapiens	2021-02-15	Sri Lanka	B.1.411	EPI_ISL_1233090
59	Homo sapiens	2021-02-13	Sri Lanka	B.1.411	EPI_ISL_1233093
60	Homo sapiens	2021-02-15	Sri Lanka	B.1.411	EPI_ISL_1233095
60	Homo sapiens	2021-02-16	Sri Lanka	B.1.411	EPI_ISL_1233098
60	Homo sapiens	2021-02-17	Sri Lanka	B.1.411	EPI_ISL_1233099
60	Homo sapiens	2021-02-19	Sri Lanka	B.1.411	EPI_ISL_1233104
60	Homo sapiens	2021-02-17	Sri Lanka	B.1.411	EPI_ISL_1233105
60	Homo sapiens	2021-02-15	Sri Lanka	B.1.411	EPI_ISL_1233106
58	Homo sapiens	2021-02-06	Sri Lanka	B.1.411	EPI_ISL_1233108
60	Homo sapiens	2021-02-19	Sri Lanka	B.1.411	EPI_ISL_1233117
59	Homo sapiens	2021-02-08	Sri Lanka	B.1.411	EPI_ISL_1233118
58	Homo sapiens	2021-02-05	Sri Lanka	B.1.411	EPI_ISL_1233120
58	Homo sapiens	2021-02-06	Sri Lanka	B.1.411	EPI_ISL_1233121
58	Homo sapiens	2021-02-07	Sri Lanka	B.1.411	EPI_ISL_1233122
59	Homo sapiens	2021-02-09	Sri Lanka	B.1.411	EPI_ISL_1233123
59	Homo sapiens	2021-02-09	Sri Lanka	B.1.411	EPI_ISL_1233124
59	Homo sapiens	2021-02-09	Sri Lanka	B.1.411	EPI_ISL_1233125
60	Homo sapiens	2021-02-16	Sri Lanka	B.1.411	EPI_ISL_1233126
59	Homo sapiens	2021-02-08	Sri Lanka	B.1.411	EPI_ISL_1233128
60	Homo sapiens	2021-02-15	Sri Lanka	B.1.411	EPI_ISL_1233129
60	Homo sapiens	2021-02-18	Sri Lanka	B.1.411	EPI_ISL_1233135
60	Homo sapiens	2021-02-15	Sri Lanka	B.1.411	EPI_ISL_1233137
60	Homo sapiens	2021-02-16	Sri Lanka	B.1.411	EPI_ISL_1239364
60	Homo sapiens	2021-02-16	Sri Lanka	B.1.411	EPI_ISL_1239365
60	Homo sapiens	2021-02-17	Sri Lanka	B.1.411	EPI_ISL_1239368
63	Homo sapiens	2021-03-09	Sri Lanka	B.1.411	EPI_ISL_1533805
63	Homo sapiens	2021-03-10	Sri Lanka	B.1.1.7	EPI_ISL_1533806
63	Homo sapiens	2021-03-10	Sri Lanka	B.1.411	EPI_ISL_1533807
63	Homo sapiens	2021-03-10	Sri Lanka	B.1.411	EPI_ISL_1533808
63	Homo sapiens	2021-03-10	Sri Lanka	B.1.411	EPI_ISL_1533809
63	Homo sapiens	2021-03-10	Sri Lanka	B.1.391	EPI_ISL_1533810
63	Homo sapiens	2021-03-10	Sri Lanka	B.1.411	EPI_ISL_1533812
63	Homo sapiens	2021-03-10	Sri Lanka	B.1.411	EPI_ISL_1533813
63	Homo sapiens	2021-03-10	Sri Lanka	B.1.411	EPI_ISL_1533815
63	Homo sapiens	2021-03-10	Sri Lanka	B.1.411	EPI_ISL_1533816
64	Homo sapiens	2021-03-21	Sri Lanka	B.1.411	EPI_ISL_1533818
64	Homo sapiens	2021-03-21	Sri Lanka	B.1.411	EPI_ISL_1533819
64	Homo sapiens	2021-03-21	Sri Lanka	B.1.411	EPI_ISL_1533820
64	Homo sapiens	2021-03-17	Sri Lanka	B.1.411	EPI_ISL_1533821
63	Homo sapiens	2021-03-10	Sri Lanka	B.1.411	EPI_ISL_1533822
64	Homo sapiens	2021-03-15	Sri Lanka	B.1.411	EPI_ISL_1533823
64	Homo sapiens	2021-03-16	Sri Lanka	B.1.411	EPI_ISL_1533825
64	Homo sapiens	2021-03-16	Sri Lanka	B.1.411	EPI_ISL_1533826
64	Homo sapiens	2021-03-16	Sri Lanka	B.1.411	EPI_ISL_1533827
64	Homo sapiens	2021-03-16	Sri Lanka	B.1.411	EPI_ISL_1533828
64	Homo sapiens	2021-03-16	Sri Lanka	B.1.411	EPI_ISL_1533829
64	Homo sapiens	2021-03-16	Sri Lanka	B.1.411	EPI_ISL_1533830
64	Homo sapiens	2021-03-16	Sri Lanka	B.1.411	EPI_ISL_1533831
64	Homo sapiens	2021-03-17	Sri Lanka	B.1.411	EPI_ISL_1533832
64	Homo sapiens	2021-03-17	Sri Lanka	B.1.411	EPI_ISL_1533833
64	Homo sapiens	2021-03-17	Sri Lanka	B.1.411	EPI_ISL_1533834
64	Homo sapiens	2021-03-17	Sri Lanka	B.1.411	EPI_ISL_1533835
64	Homo sapiens	2021-03-17	Sri Lanka	B.1.411	EPI_ISL_1533836
64	Homo sapiens	2021-03-17	Sri Lanka	B.1.411	EPI_ISL_1533837
63	Homo sapiens	2021-03-12	Sri Lanka	B.1.1.7	EPI_ISL_1533847
63	Homo sapiens	2021-03-12	Sri Lanka	B.1.1.7	EPI_ISL_1533848
64	Homo sapiens	2021-03-21	Sri Lanka	B.1.1.7	EPI_ISL_1533849
64	Homo sapiens	2021-03-20	Sri Lanka	B.1.351	EPI_ISL_1533850
63	Homo sapiens	2021-03-12	Sri Lanka	B.1.1.7	EPI_ISL_1533851
64	Homo sapiens	2021-03-17	Sri Lanka	B.1.411	EPI_ISL_1582411
57	Homo sapiens	2021-01-29	Sri Lanka	B.1.1.7	EPI_ISL_1717090
53	Homo sapiens	2020-12-30	Sri Lanka	B.1.411	EPI_ISL_1717092
53	Homo sapiens	2020-12-30	Sri Lanka	B.1.411	EPI_ISL_1717093
55	Homo sapiens	2021-01-12	Sri Lanka	B.1.411	EPI_ISL_1717099
56	Homo sapiens	2021-01-19	Sri Lanka	B.1.411	EPI_ISL_1718055
70	Homo sapiens	2021-04-29	Sri Lanka	Q.8	EPI_ISL_1970351
70	Homo sapiens	2021-04-28	Sri Lanka	Q.8	EPI_ISL_1970378
70	Homo sapiens	2021-04-28	Sri Lanka	Q.8	EPI_ISL_1970382
70	Homo sapiens	2021-04-28	Sri Lanka	Q.8	EPI_ISL_1970402
70	Homo sapiens	2021-04-28	Sri Lanka	Q.8	EPI_ISL_1970401
70	Homo sapiens	2021-04-28	Sri Lanka	Q.8	EPI_ISL_1970386
70	Homo sapiens	2021-04-28	Sri Lanka	Q.8	EPI_ISL_1970393
70	Homo sapiens	2021-04-28	Sri Lanka	Q.8	EPI_ISL_1970394
70	Homo sapiens	2021-04-27	Sri Lanka	B.1.411	EPI_ISL_1970383
70	Homo sapiens	2021-04-27	Sri Lanka	Q.8	EPI_ISL_1970380
70	Homo sapiens	2021-04-27	Sri Lanka	Q.8	EPI_ISL_1970414
70	Homo sapiens	2021-04-27	Sri Lanka	Q.8	EPI_ISL_1970389
70	Homo sapiens	2021-04-27	Sri Lanka	Q.8	EPI_ISL_1970403
70	Homo sapiens	2021-04-27	Sri Lanka	Q.8	EPI_ISL_1970391
69	Homo sapiens	2021-04-23	Sri Lanka	Q.8	EPI_ISL_1970381
69	Homo sapiens	2021-04-22	Sri Lanka	Q.8	EPI_ISL_1970366
69	Homo sapiens	2021-04-22	Sri Lanka	B.1.1.7	EPI_ISL_1970392
69	Homo sapiens	2021-04-21	Sri Lanka	B.1.1.7	EPI_ISL_1970413
67	Homo sapiens	2021-04-07	Sri Lanka	B.1.411	EPI_ISL_1970370
67	Homo sapiens	2021-04-07	Sri Lanka	B.1.617.2	EPI_ISL_1970418
67	Homo sapiens	2021-04-06	Sri Lanka	Q.8	EPI_ISL_1970356
67	Homo sapiens	2021-04-06	Sri Lanka	Q.8	EPI_ISL_1970357
66	Homo sapiens	2021-03-30	Sri Lanka	B.1.1.7	EPI_ISL_1970417
65	Homo sapiens	2021-03-26	Sri Lanka	B.1.351	EPI_ISL_1970416
69	Homo sapiens	2021-04-22	Sri Lanka	B.1.1.7	EPI_ISL_1972233
70	Homo sapiens	2021-04-26	Sri Lanka	C.36	EPI_ISL_2101017
69	Homo sapiens	2021-04-23	Sri Lanka	C.36	EPI_ISL_2101016
75	Homo sapiens	2021-06-01	Sri Lanka	B.1.1.7	EPI_ISL_2481438
75	Homo sapiens	2021-05-31	Sri Lanka	Q.8	EPI_ISL_2481437
74	Homo sapiens	2021-05-28	Sri Lanka	Q.8	EPI_ISL_2481424
74	Homo sapiens	2021-05-27	Sri Lanka	Q.8	EPI_ISL_2481421
74	Homo sapiens	2021-05-27	Sri Lanka	Q.8	EPI_ISL_2481422
73	Homo sapiens	2021-05-20	Sri Lanka	Q.8	EPI_ISL_2481399
73	Homo sapiens	2021-05-18	Sri Lanka	B.1.1.7	EPI_ISL_2481394
73	Homo sapiens	2021-05-17	Sri Lanka	Q.8	EPI_ISL_2481385
73	Homo sapiens	2021-05-17	Sri Lanka	Q.8	EPI_ISL_2481382
73	Homo sapiens	2021-05-17	Sri Lanka	Q.8	EPI_ISL_2481384
73	Homo sapiens	2021-05-17	Sri Lanka	AY.102	EPI_ISL_2481390
72	Homo sapiens	2021-05-13	Sri Lanka	Q.8	EPI_ISL_2481374
72	Homo sapiens	2021-05-13	Sri Lanka	Q.8	EPI_ISL_2481371
72	Homo sapiens	2021-05-12	Sri Lanka	Q.8	EPI_ISL_2481355
72	Homo sapiens	2021-05-12	Sri Lanka	B.1.1.7	EPI_ISL_2481356
72	Homo sapiens	2021-05-12	Sri Lanka	Q.8	EPI_ISL_2481364
72	Homo sapiens	2021-05-12	Sri Lanka	Q.8	EPI_ISL_2481363
72	Homo sapiens	2021-05-12	Sri Lanka	Q.8	EPI_ISL_2481358
72	Homo sapiens	2021-05-12	Sri Lanka	Q.8	EPI_ISL_2481366
72	Homo sapiens	2021-05-12	Sri Lanka	Q.8	EPI_ISL_2481367
72	Homo sapiens	2021-05-12	Sri Lanka	B.1.1.7	EPI_ISL_2481370
72	Homo sapiens	2021-05-10	Sri Lanka	Q.8	EPI_ISL_2481351
71	Homo sapiens	2021-05-07	Sri Lanka	Q.8	EPI_ISL_2481341
71	Homo sapiens	2021-05-07	Sri Lanka	Q.8	EPI_ISL_2481342
71	Homo sapiens	2021-05-07	Sri Lanka	Q.8	EPI_ISL_2481343
71	Homo sapiens	2021-05-07	Sri Lanka	Q.8	EPI_ISL_2481345
71	Homo sapiens	2021-05-06	Sri Lanka	Q.8	EPI_ISL_2481336
71	Homo sapiens	2021-05-05	Sri Lanka	B.1.1.7	EPI_ISL_2481333
71	Homo sapiens	2021-05-04	Sri Lanka	B.1.1	EPI_ISL_2481329
71	Homo sapiens	2021-05-04	Sri Lanka	B.1.1.7	EPI_ISL_2481327
71	Homo sapiens	2021-05-04	Sri Lanka	Q.8	EPI_ISL_2481330
76	Homo sapiens	2021-06-10	Sri Lanka	Q.8	EPI_ISL_2600345
76	Homo sapiens	2021-06-07	Sri Lanka	B.1.1.7	EPI_ISL_2600340
75	Homo sapiens	2021-06-04	Sri Lanka	Q.8	EPI_ISL_2600339
78	Homo sapiens	2021-06-25	Sri Lanka	Q.8	EPI_ISL_2803303
78	Homo sapiens	2021-06-25	Sri Lanka	Q.8	EPI_ISL_2803304
78	Homo sapiens	2021-06-25	Sri Lanka	Q.8	EPI_ISL_2803305
78	Homo sapiens	2021-06-23	Sri Lanka	Q.8	EPI_ISL_2803290
78	Homo sapiens	2021-06-23	Sri Lanka	Q.8	EPI_ISL_2803298
78	Homo sapiens	2021-06-23	Sri Lanka	Q.8	EPI_ISL_2803293
78	Homo sapiens	2021-06-22	Sri Lanka	AY.28	EPI_ISL_2803270
77	Homo sapiens	2021-06-19	Sri Lanka	Q.8	EPI_ISL_2803240
77	Homo sapiens	2021-06-17	Sri Lanka	Q.8	EPI_ISL_2803231
77	Homo sapiens	2021-06-17	Sri Lanka	Q.8	EPI_ISL_2803232
77	Homo sapiens	2021-06-17	Sri Lanka	Q.8	EPI_ISL_2803229
77	Homo sapiens	2021-06-16	Sri Lanka	Q.8	EPI_ISL_2803226
77	Homo sapiens	2021-06-16	Sri Lanka	Q.8	EPI_ISL_2803217
77	Homo sapiens	2021-06-15	Sri Lanka	Q.8	EPI_ISL_2803213
77	Homo sapiens	2021-06-15	Sri Lanka	Q.8	EPI_ISL_2803212
77	Homo sapiens	2021-06-17	Sri Lanka	Q.8	EPI_ISL_2877007
77	Homo sapiens	2021-06-16	Sri Lanka	Q.8	EPI_ISL_2877024
77	Homo sapiens	2021-06-16	Sri Lanka	Q.8	EPI_ISL_2877025
77	Homo sapiens	2021-06-16	Sri Lanka	Q.8	EPI_ISL_2877026
77	Homo sapiens	2021-06-16	Sri Lanka	Q.8	EPI_ISL_2877027
77	Homo sapiens	2021-06-15	Sri Lanka	Q.8	EPI_ISL_2877008
76	Homo sapiens	2021-06-12	Sri Lanka	Q.8	EPI_ISL_2877019
76	Homo sapiens	2021-06-12	Sri Lanka	Q.8	EPI_ISL_2877020
76	Homo sapiens	2021-06-12	Sri Lanka	Q.8	EPI_ISL_2877021
76	Homo sapiens	2021-06-12	Sri Lanka	Q.8	EPI_ISL_2877022
76	Homo sapiens	2021-06-12	Sri Lanka	B.1.1.7	EPI_ISL_2877023
75	Homo sapiens	2021-06-01	Sri Lanka	B.1.1.7	EPI_ISL_2877013
75	Homo sapiens	2021-05-31	Sri Lanka	Q.8	EPI_ISL_2877017
75	Homo sapiens	2021-05-31	Sri Lanka	Q.8	EPI_ISL_2877014
75	Homo sapiens	2021-05-31	Sri Lanka	Q.8	EPI_ISL_2877012
75	Homo sapiens	2021-05-31	Sri Lanka	Q.8	EPI_ISL_2877015
74	Homo sapiens	2021-05-30	Sri Lanka	Q.8	EPI_ISL_2877011
74	Homo sapiens	2021-05-29	Sri Lanka	Q.8	EPI_ISL_2877009
80	Homo sapiens	2021-07-09	Sri Lanka	B.1.617.2	EPI_ISL_2984996
80	Homo sapiens	2021-07-08	Sri Lanka	Q.8	EPI_ISL_2984998
80	Homo sapiens	2021-07-07	Sri Lanka	AY.121	EPI_ISL_2984975
79	Homo sapiens	2021-07-03	Sri Lanka	Q.8	EPI_ISL_2984964
79	Homo sapiens	2021-07-01	Sri Lanka	B.1.1.7	EPI_ISL_2985012
79	Homo sapiens	2021-07-01	Sri Lanka	B.1.1.7	EPI_ISL_2984984
79	Homo sapiens	2021-07-01	Sri Lanka	B.1.1.7	EPI_ISL_2984965
79	Homo sapiens	2021-07-01	Sri Lanka	B.1.1.7	EPI_ISL_2984970
79	Homo sapiens	2021-06-29	Sri Lanka	Q.8	EPI_ISL_2984977
79	Homo sapiens	2021-06-29	Sri Lanka	Q.8	EPI_ISL_2985005
79	Homo sapiens	2021-06-29	Sri Lanka	Q.8	EPI_ISL_2984986
79	Homo sapiens	2021-06-28	Sri Lanka	Q.8	EPI_ISL_2984963
78	Homo sapiens	2021-06-27	Sri Lanka	Q.8	EPI_ISL_2984997
78	Homo sapiens	2021-06-24	Sri Lanka	B.1.1.7	EPI_ISL_2984973
78	Homo sapiens	2021-06-24	Sri Lanka	B.1.1.7	EPI_ISL_2984987
78	Homo sapiens	2021-06-23	Sri Lanka	Q.8	EPI_ISL_2984969
78	Homo sapiens	2021-06-23	Sri Lanka	B.1.1.7	EPI_ISL_2984966
78	Homo sapiens	2021-06-23	Sri Lanka	Q.8	EPI_ISL_2984974
78	Homo sapiens	2021-06-23	Sri Lanka	Q.8	EPI_ISL_2984980
78	Homo sapiens	2021-06-22	Sri Lanka	B.1.1.7	EPI_ISL_2985007
78	Homo sapiens	2021-06-22	Sri Lanka	Q.8	EPI_ISL_2984967
78	Homo sapiens	2021-06-22	Sri Lanka	Q.8	EPI_ISL_2984968
78	Homo sapiens	2021-06-22	Sri Lanka	Q.8	EPI_ISL_2984979
78	Homo sapiens	2021-06-22	Sri Lanka	Q.8	EPI_ISL_2984993
78	Homo sapiens	2021-06-22	Sri Lanka	Q.8	EPI_ISL_2984988
78	Homo sapiens	2021-06-21	Sri Lanka	Q.8	EPI_ISL_2985014
77	Homo sapiens	2021-06-19	Sri Lanka	B.1.1.7	EPI_ISL_2984995
77	Homo sapiens	2021-06-18	Sri Lanka	Q.8	EPI_ISL_2984981
77	Homo sapiens	2021-06-18	Sri Lanka	Q.8	EPI_ISL_2985002
77	Homo sapiens	2021-06-18	Sri Lanka	B.1.1.7	EPI_ISL_2985006
77	Homo sapiens	2021-06-18	Sri Lanka	B.1.1.7	EPI_ISL_2984976
77	Homo sapiens	2021-06-18	Sri Lanka	B.1.617.2	EPI_ISL_2985011
81	Homo sapiens	2021-07-16	Sri Lanka	Q.8	EPI_ISL_3070837
81	Homo sapiens	2021-07-16	Sri Lanka	AY.104	EPI_ISL_3070847
81	Homo sapiens	2021-07-16	Sri Lanka	Q.8	EPI_ISL_3070825
81	Homo sapiens	2021-07-16	Sri Lanka	AY.39	EPI_ISL_3070849
81	Homo sapiens	2021-07-16	Sri Lanka	B.1.617.2	EPI_ISL_3070851
81	Homo sapiens	2021-07-16	Sri Lanka	Q.8	EPI_ISL_3070817
81	Homo sapiens	2021-07-15	Sri Lanka	Q.8	EPI_ISL_3070838
81	Homo sapiens	2021-07-15	Sri Lanka	Q.8	EPI_ISL_3070813
81	Homo sapiens	2021-07-15	Sri Lanka	Q.8	EPI_ISL_3070809
81	Homo sapiens	2021-07-15	Sri Lanka	Q.8	EPI_ISL_3070814
81	Homo sapiens	2021-07-14	Sri Lanka	Q.8	EPI_ISL_3070832
81	Homo sapiens	2021-07-14	Sri Lanka	B.1.1.7	EPI_ISL_3070803
81	Homo sapiens	2021-07-13	Sri Lanka	Q.8	EPI_ISL_3070815
81	Homo sapiens	2021-07-13	Sri Lanka	B.1.1.7	EPI_ISL_3070806
81	Homo sapiens	2021-07-13	Sri Lanka	Q.8	EPI_ISL_3070819
81	Homo sapiens	2021-07-13	Sri Lanka	B.1.1.7	EPI_ISL_3070796
81	Homo sapiens	2021-07-12	Sri Lanka	Q.8	EPI_ISL_3070818
81	Homo sapiens	2021-07-12	Sri Lanka	Q.8	EPI_ISL_3070834
81	Homo sapiens	2021-07-12	Sri Lanka	Q.8	EPI_ISL_3070829
81	Homo sapiens	2021-07-12	Sri Lanka	Q.8	EPI_ISL_3070811
81	Homo sapiens	2021-07-12	Sri Lanka	Q.8	EPI_ISL_3070812
81	Homo sapiens	2021-07-12	Sri Lanka	Q.8	EPI_ISL_3070830
80	Homo sapiens	2021-07-11	Sri Lanka	B.1.1.7	EPI_ISL_3070802
80	Homo sapiens	2021-07-10	Sri Lanka	Q.8	EPI_ISL_3070823
80	Homo sapiens	2021-07-10	Sri Lanka	Q.8	EPI_ISL_3070828
80	Homo sapiens	2021-07-10	Sri Lanka	Q.8	EPI_ISL_3070824
80	Homo sapiens	2021-07-10	Sri Lanka	Q.8	EPI_ISL_3070822
80	Homo sapiens	2021-07-09	Sri Lanka	Q.8	EPI_ISL_3070827
80	Homo sapiens	2021-07-09	Sri Lanka	Q.8	EPI_ISL_3070840
80	Homo sapiens	2021-07-08	Sri Lanka	Q.8	EPI_ISL_3070839
80	Homo sapiens	2021-07-08	Sri Lanka	Q.8	EPI_ISL_3070836
80	Homo sapiens	2021-07-08	Sri Lanka	Q.8	EPI_ISL_3070821
80	Homo sapiens	2021-07-08	Sri Lanka	AY.95	EPI_ISL_3070852
80	Homo sapiens	2021-07-08	Sri Lanka	AY.95	EPI_ISL_3070853
80	Homo sapiens	2021-07-07	Sri Lanka	B.1.1.7	EPI_ISL_3070808
80	Homo sapiens	2021-07-05	Sri Lanka	AY.104	EPI_ISL_3070846
80	Homo sapiens	2021-07-05	Sri Lanka	B.1.1.7	EPI_ISL_3070805
79	Homo sapiens	2021-07-04	Sri Lanka	Q.8	EPI_ISL_3070835
79	Homo sapiens	2021-07-04	Sri Lanka	AY.39	EPI_ISL_3070848
79	Homo sapiens	2021-06-29	Sri Lanka	B.1.617.2	EPI_ISL_3070850
78	Homo sapiens	2021-06-27	Sri Lanka	Q.8	EPI_ISL_3070820
78	Homo sapiens	2021-06-26	Sri Lanka	Q.8	EPI_ISL_3070831
78	Homo sapiens	2021-06-26	Sri Lanka	B.1.1.7	EPI_ISL_3070804
78	Homo sapiens	2021-06-26	Sri Lanka	Q.8	EPI_ISL_3070826
78	Homo sapiens	2021-06-25	Sri Lanka	B.1.1.7	EPI_ISL_3070801
78	Homo sapiens	2021-06-22	Sri Lanka	B.1.1.7	EPI_ISL_3070807
62	Homo sapiens	2021-03-07	Sri Lanka	Q.8	EPI_ISL_3070816
81	Homo sapiens	2021-07-12	Sri Lanka	Q.8	EPI_ISL_3099532
79	Homo sapiens	2021-07-02	Sri Lanka	Q.8	EPI_ISL_3099528
78	Homo sapiens	2021-06-23	Sri Lanka	B.1.1.7	EPI_ISL_3099525
77	Homo sapiens	2021-06-18	Sri Lanka	B.1.351.3	EPI_ISL_3099526
83	Homo sapiens	2021-07-31	Sri Lanka	AY.104	EPI_ISL_3275478
83	Homo sapiens	2021-07-31	Sri Lanka	AY.95	EPI_ISL_3275464
83	Homo sapiens	2021-07-30	Sri Lanka	Q.8	EPI_ISL_3275433
83	Homo sapiens	2021-07-30	Sri Lanka	B.1.617.2	EPI_ISL_3275458
83	Homo sapiens	2021-07-30	Sri Lanka	B.1.617.2	EPI_ISL_3275450
83	Homo sapiens	2021-07-30	Sri Lanka	AY.104	EPI_ISL_3275477
83	Homo sapiens	2021-07-29	Sri Lanka	AY.104	EPI_ISL_3275484
83	Homo sapiens	2021-07-29	Sri Lanka	Q.8	EPI_ISL_3275447
83	Homo sapiens	2021-07-28	Sri Lanka	AY.104	EPI_ISL_3275486
83	Homo sapiens	2021-07-28	Sri Lanka	AY.104	EPI_ISL_3275463
83	Homo sapiens	2021-07-27	Sri Lanka	AY.104	EPI_ISL_3275471
83	Homo sapiens	2021-07-27	Sri Lanka	AY.104	EPI_ISL_3275472
83	Homo sapiens	2021-07-27	Sri Lanka	B.1.617.2	EPI_ISL_3275473
83	Homo sapiens	2021-07-27	Sri Lanka	B.1.617.2	EPI_ISL_3275467
83	Homo sapiens	2021-07-27	Sri Lanka	B.1.617.2	EPI_ISL_3275470
83	Homo sapiens	2021-07-27	Sri Lanka	Q.8	EPI_ISL_3275453
83	Homo sapiens	2021-07-26	Sri Lanka	Q.8	EPI_ISL_3275427
83	Homo sapiens	2021-07-26	Sri Lanka	Q.8	EPI_ISL_3275428
83	Homo sapiens	2021-07-26	Sri Lanka	AY.104	EPI_ISL_3275456
83	Homo sapiens	2021-07-26	Sri Lanka	AY.104	EPI_ISL_3275459
83	Homo sapiens	2021-07-26	Sri Lanka	Q.8	EPI_ISL_3275437
83	Homo sapiens	2021-07-26	Sri Lanka	Q.8	EPI_ISL_3275443
83	Homo sapiens	2021-07-26	Sri Lanka	AY.104	EPI_ISL_3275476
82	Homo sapiens	2021-07-25	Sri Lanka	Q.8	EPI_ISL_3275434
82	Homo sapiens	2021-07-25	Sri Lanka	AY.104	EPI_ISL_3275475
82	Homo sapiens	2021-07-24	Sri Lanka	AY.104	EPI_ISL_3275466
82	Homo sapiens	2021-07-22	Sri Lanka	Q.8	EPI_ISL_3275445
82	Homo sapiens	2021-07-22	Sri Lanka	B.1.617.2	EPI_ISL_3275479
82	Homo sapiens	2021-07-19	Sri Lanka	Q.8	EPI_ISL_3275448
82	Homo sapiens	2021-07-19	Sri Lanka	Q.8	EPI_ISL_3275446
82	Homo sapiens	2021-07-19	Sri Lanka	AY.104	EPI_ISL_3275462
82	Homo sapiens	2021-07-19	Sri Lanka	AY.104	EPI_ISL_3275483
82	Homo sapiens	2021-07-19	Sri Lanka	AY.104	EPI_ISL_3275474
82	Homo sapiens	2021-07-19	Sri Lanka	AY.104	EPI_ISL_3275469
82	Homo sapiens	2021-07-19	Sri Lanka	Q.8	EPI_ISL_3275430
82	Homo sapiens	2021-07-19	Sri Lanka	Q.8	EPI_ISL_3275431
82	Homo sapiens	2021-07-19	Sri Lanka	AY.104	EPI_ISL_3275482
82	Homo sapiens	2021-07-19	Sri Lanka	B.1.617.2	EPI_ISL_3275468
82	Homo sapiens	2021-07-19	Sri Lanka	AY.104	EPI_ISL_3275461
81	Homo sapiens	2021-07-18	Sri Lanka	Q.8	EPI_ISL_3275435
81	Homo sapiens	2021-07-18	Sri Lanka	AY.104	EPI_ISL_3275455
81	Homo sapiens	2021-07-17	Sri Lanka	Q.8	EPI_ISL_3275438
81	Homo sapiens	2021-07-17	Sri Lanka	Q.8	EPI_ISL_3275441
81	Homo sapiens	2021-07-17	Sri Lanka	Q.8	EPI_ISL_3275429
80	Homo sapiens	2021-07-11	Sri Lanka	B.1.1.7	EPI_ISL_3275424
80	Homo sapiens	2021-07-10	Sri Lanka	B.1.351.3	EPI_ISL_3275454
80	Homo sapiens	2021-07-08	Sri Lanka	AY.95	EPI_ISL_3275481
80	Homo sapiens	2021-07-06	Sri Lanka	B.1.617.2	EPI_ISL_3275457
57	Homo sapiens	2021-01-29	Sri Lanka	B.1.411	EPI_ISL_1717078
57	Homo sapiens	2021-01-29	Sri Lanka	B.1.411	EPI_ISL_1717079
57	Homo sapiens	2021-01-29	Sri Lanka	B.1.411	EPI_ISL_1717080
57	Homo sapiens	2021-01-28	Sri Lanka	B.1.411	EPI_ISL_1718058
57	Homo sapiens	2021-01-27	Sri Lanka	B.1.411	EPI_ISL_1717035
57	Homo sapiens	2021-01-27	Sri Lanka	B.1.411	EPI_ISL_1717064
57	Homo sapiens	2021-01-27	Sri Lanka	B.1.411	EPI_ISL_1717075
57	Homo sapiens	2021-01-27	Sri Lanka	B.1.411	EPI_ISL_1717076
57	Homo sapiens	2021-01-27	Sri Lanka	B.1.411	EPI_ISL_1717077
57	Homo sapiens	2021-01-27	Sri Lanka	B.1.411	EPI_ISL_1717082
57	Homo sapiens	2021-01-26	Sri Lanka	B.1.411	EPI_ISL_1717061
57	Homo sapiens	2021-01-26	Sri Lanka	B.1.1.7	EPI_ISL_1717096
56	Homo sapiens	2021-01-23	Sri Lanka	B.1.411	EPI_ISL_1717033
56	Homo sapiens	2021-01-23	Sri Lanka	B.1.411	EPI_ISL_1717094
56	Homo sapiens	2021-01-22	Sri Lanka	B.1.1.7	EPI_ISL_1717098
56	Homo sapiens	2021-01-21	Sri Lanka	B.1.1.7	EPI_ISL_1717101
56	Homo sapiens	2021-01-21	Sri Lanka	B.1.411	EPI_ISL_1717103
56	Homo sapiens	2021-01-19	Sri Lanka	B.1.411	EPI_ISL_1718049
56	Homo sapiens	2021-01-19	Sri Lanka	B.1.411	EPI_ISL_1718050
56	Homo sapiens	2021-01-19	Sri Lanka	B.1.411	EPI_ISL_1717032
56	Homo sapiens	2021-01-19	Sri Lanka	B.1.411	EPI_ISL_1717049
56	Homo sapiens	2021-01-19	Sri Lanka	B.1.411	EPI_ISL_1717051
56	Homo sapiens	2021-01-19	Sri Lanka	B.1.411	EPI_ISL_1717084
55	Homo sapiens	2021-01-11	Sri Lanka	B.1.411	EPI_ISL_1717091
53	Homo sapiens	2020-12-30	Sri Lanka	B.1.411	EPI_ISL_1717040
53	Homo sapiens	2020-12-30	Sri Lanka	B.1.411	EPI_ISL_1717041
84	Homo sapiens	2021-08-05	Sri Lanka	Q.8	EPI_ISL_3534201
84	Homo sapiens	2021-08-03	Sri Lanka	AY.104	EPI_ISL_3534206
84	Homo sapiens	2021-08-03	Sri Lanka	AY.104	EPI_ISL_3534207
84	Homo sapiens	2021-08-08	Sri Lanka	AY.104	EPI_ISL_3534208
84	Homo sapiens	2021-08-02	Sri Lanka	AY.104	EPI_ISL_3534210
84	Homo sapiens	2021-08-02	Sri Lanka	AY.104	EPI_ISL_3534212
85	Homo sapiens	2021-08-09	Sri Lanka	AY.104	EPI_ISL_3534214
84	Homo sapiens	2021-08-03	Sri Lanka	AY.104	EPI_ISL_3534218
84	Homo sapiens	2021-08-03	Sri Lanka	AY.104	EPI_ISL_3534219
84	Homo sapiens	2021-08-03	Sri Lanka	AY.104	EPI_ISL_3534220
84	Homo sapiens	2021-08-02	Sri Lanka	B.1.617.2	EPI_ISL_3534222
85	Homo sapiens	2021-08-10	Sri Lanka	AY.104	EPI_ISL_3534223
84	Homo sapiens	2021-08-05	Sri Lanka	B.1.617.2	EPI_ISL_3534224
84	Homo sapiens	2021-08-02	Sri Lanka	B.1.617.2	EPI_ISL_3534226
84	Homo sapiens	2021-08-02	Sri Lanka	B.1.617.2	EPI_ISL_3534227
84	Homo sapiens	2021-08-02	Sri Lanka	AY.104	EPI_ISL_3534230
84	Homo sapiens	2021-08-03	Sri Lanka	AY.104	EPI_ISL_3534244
84	Homo sapiens	2021-08-03	Sri Lanka	AY.104	EPI_ISL_3534255
84	Homo sapiens	2021-08-03	Sri Lanka	B.1.617.2	EPI_ISL_3534260
84	Homo sapiens	2021-08-03	Sri Lanka	AY.104	EPI_ISL_3534263
84	Homo sapiens	2021-08-04	Sri Lanka	AY.104	EPI_ISL_3534273
84	Homo sapiens	2021-08-05	Sri Lanka	Q.8	EPI_ISL_3534202
85	Homo sapiens	2021-08-12	Sri Lanka	AY.104	EPI_ISL_3534278
85	Homo sapiens	2021-08-12	Sri Lanka	AY.104	EPI_ISL_3534279
85	Homo sapiens	2021-08-12	Sri Lanka	Q.8	EPI_ISL_3534203
85	Homo sapiens	2021-08-12	Sri Lanka	Q.8	EPI_ISL_3534204
85	Homo sapiens	2021-08-12	Sri Lanka	AY.104	EPI_ISL_3534281
85	Homo sapiens	2021-08-12	Sri Lanka	B.1.617.2	EPI_ISL_3534283
85	Homo sapiens	2021-08-12	Sri Lanka	AY.104	EPI_ISL_3534289
85	Homo sapiens	2021-08-15	Sri Lanka	AY.95	EPI_ISL_3720920
85	Homo sapiens	2021-08-15	Sri Lanka	AY.95	EPI_ISL_3720921
86	Homo sapiens	2021-08-20	Sri Lanka	B.1.1.7	EPI_ISL_3720926
87	Homo sapiens	2021-08-23	Sri Lanka	AY.104	EPI_ISL_3720906
87	Homo sapiens	2021-08-23	Sri Lanka	AY.104	EPI_ISL_3720908
87	Homo sapiens	2021-08-23	Sri Lanka	AY.104	EPI_ISL_3720905
86	Homo sapiens	2021-08-21	Sri Lanka	AY.28	EPI_ISL_3720897
86	Homo sapiens	2021-08-20	Sri Lanka	AY.104	EPI_ISL_3720890
86	Homo sapiens	2021-08-20	Sri Lanka	AY.104	EPI_ISL_3720879
86	Homo sapiens	2021-08-20	Sri Lanka	AY.95	EPI_ISL_3720875
86	Homo sapiens	2021-08-20	Sri Lanka	AY.104	EPI_ISL_3720884
86	Homo sapiens	2021-08-20	Sri Lanka	AY.104	EPI_ISL_3720877
85	Homo sapiens	2021-08-14	Sri Lanka	AY.104	EPI_ISL_3720865
85	Homo sapiens	2021-08-14	Sri Lanka	AY.104	EPI_ISL_3720844
85	Homo sapiens	2021-08-14	Sri Lanka	B.1.617.2	EPI_ISL_3720846
85	Homo sapiens	2021-08-14	Sri Lanka	AY.104	EPI_ISL_3720867
85	Homo sapiens	2021-08-14	Sri Lanka	B.1.617.2	EPI_ISL_3720840
85	Homo sapiens	2021-08-14	Sri Lanka	B.1.617.2	EPI_ISL_3720848
85	Homo sapiens	2021-08-14	Sri Lanka	AY.104	EPI_ISL_3720862
85	Homo sapiens	2021-08-14	Sri Lanka	B.1.617.2	EPI_ISL_3720855
87	Homo sapiens	2021-08-23	Sri Lanka	B.1.1.7	EPI_ISL_3720909
86	Homo sapiens	2021-08-21	Sri Lanka	AY.95	EPI_ISL_3720894
86	Homo sapiens	2021-08-21	Sri Lanka	B.1.617.2	EPI_ISL_3720898
87	Homo sapiens	2021-08-23	Sri Lanka	AY.104	EPI_ISL_3720922
85	Homo sapiens	2021-08-14	Sri Lanka	B.1.617.2	EPI_ISL_3720853
86	Homo sapiens	2021-08-21	Sri Lanka	AY.104	EPI_ISL_3720913
86	Homo sapiens	2021-08-20	Sri Lanka	AY.104	EPI_ISL_3720917
86	Homo sapiens	2021-08-20	Sri Lanka	Q.8	EPI_ISL_3720918
87	Homo sapiens	2021-08-23	Sri Lanka	AY.104	EPI_ISL_3720912
86	Homo sapiens	2021-08-20	Sri Lanka	AY.104	EPI_ISL_3720927
85	Homo sapiens	2021-08-14	Sri Lanka	B.1.617.2	EPI_ISL_3720860
86	Homo sapiens	2021-08-20	Sri Lanka	AY.104	EPI_ISL_3720925
17	Homo sapiens	2020-04-23	Sri Lanka	B.1	EPI_ISL_3664314
17	Homo sapiens	2020-04-23	Sri Lanka	B.1	EPI_ISL_3664351
17	Homo sapiens	2020-04-23	Sri Lanka	B.1	EPI_ISL_3664329
17	Homo sapiens	2020-04-23	Sri Lanka	B.1	EPI_ISL_3664333
17	Homo sapiens	2020-04-23	Sri Lanka	B.1	EPI_ISL_3663690
17	Homo sapiens	2020-04-23	Sri Lanka	B.1	EPI_ISL_3664353
30	Homo sapiens	2020-07-20	Sri Lanka	B.1	EPI_ISL_3803028
30	Homo sapiens	2020-07-20	Sri Lanka	B.1	EPI_ISL_3803642
17	Homo sapiens	2020-04-23	Sri Lanka	B.1	EPI_ISL_3801793
17	Homo sapiens	2020-04-23	Sri Lanka	B.1	EPI_ISL_3802154
17	Homo sapiens	2020-04-23	Sri Lanka	B.1	EPI_ISL_3802145
17	Homo sapiens	2020-04-23	Sri Lanka	B.1	EPI_ISL_3802287
88	Homo sapiens	2021-08-31	Sri Lanka	AY.104	EPI_ISL_3946692
88	Homo sapiens	2021-08-31	Sri Lanka	AY.104	EPI_ISL_3946693
88	Homo sapiens	2021-08-31	Sri Lanka	AY.104	EPI_ISL_3946699
88	Homo sapiens	2021-08-30	Sri Lanka	AY.95	EPI_ISL_3946690
88	Homo sapiens	2021-08-30	Sri Lanka	AY.95	EPI_ISL_3946696
88	Homo sapiens	2021-08-30	Sri Lanka	AY.104	EPI_ISL_3946694
88	Homo sapiens	2021-08-30	Sri Lanka	AY.104	EPI_ISL_3946702
88	Homo sapiens	2021-08-30	Sri Lanka	AY.104	EPI_ISL_3946703
87	Homo sapiens	2021-08-28	Sri Lanka	AY.104	EPI_ISL_3946695
88	Homo sapiens	2021-09-02	Sri Lanka	AY.104	EPI_ISL_4105415
88	Homo sapiens	2021-09-03	Sri Lanka	AY.104	EPI_ISL_4105427
88	Homo sapiens	2021-09-03	Sri Lanka	B.1.617.2	EPI_ISL_4105428
89	Homo sapiens	2021-09-08	Sri Lanka	AY.102	EPI_ISL_4414111
89	Homo sapiens	2021-09-08	Sri Lanka	Q.8	EPI_ISL_4414104
88	Homo sapiens	2021-09-03	Sri Lanka	B.1.617.2	EPI_ISL_4469227
88	Homo sapiens	2021-09-02	Sri Lanka	AY.104	EPI_ISL_4469234
88	Homo sapiens	2021-08-30	Sri Lanka	AY.104	EPI_ISL_4469229
87	Homo sapiens	2021-08-25	Sri Lanka	B.1.617.2	EPI_ISL_4469224
90	Homo sapiens	2021-09-16	Sri Lanka	Q.8	EPI_ISL_5001590
89	Homo sapiens	2021-09-11	Sri Lanka	B.1.617.2	EPI_ISL_5001599
89	Homo sapiens	2021-09-10	Sri Lanka	AY.104	EPI_ISL_5001614
89	Homo sapiens	2021-09-09	Sri Lanka	AY.23	EPI_ISL_5001586
88	Homo sapiens	2021-09-04	Sri Lanka	AY.104	EPI_ISL_5001520
88	Homo sapiens	2021-09-02	Sri Lanka	AY.104	EPI_ISL_5001627
88	Homo sapiens	2021-08-31	Sri Lanka	Q.8	EPI_ISL_5001514
88	Homo sapiens	2021-08-31	Sri Lanka	AY.28	EPI_ISL_5001652
87	Homo sapiens	2021-08-23	Sri Lanka	AY.112	EPI_ISL_5001531
86	Homo sapiens	2021-08-17	Sri Lanka	B.1.617.2	EPI_ISL_5001507
93	Homo sapiens	2021-10-05	Sri Lanka	AY.104	EPI_ISL_5314115
93	Homo sapiens	2021-10-05	Sri Lanka	AY.104	EPI_ISL_5314117
93	Homo sapiens	2021-10-05	Sri Lanka	AY.104	EPI_ISL_5314120
93	Homo sapiens	2021-10-04	Sri Lanka	AY.28	EPI_ISL_5032231
93	Homo sapiens	2021-10-04	Sri Lanka	AY.28	EPI_ISL_5032232
93	Homo sapiens	2021-10-04	Sri Lanka	AY.28	EPI_ISL_5032233
93	Homo sapiens	2021-10-04	Sri Lanka	AY.28	EPI_ISL_5032234
93	Homo sapiens	2021-10-04	Sri Lanka	AY.28	EPI_ISL_5032235
93	Homo sapiens	2021-10-04	Sri Lanka	AY.28	EPI_ISL_5032236
93	Homo sapiens	2021-10-04	Sri Lanka	AY.28	EPI_ISL_5032237
93	Homo sapiens	2021-10-04	Sri Lanka	AY.28	EPI_ISL_5032238
93	Homo sapiens	2021-10-04	Sri Lanka	AY.28	EPI_ISL_5032239
93	Homo sapiens	2021-10-04	Sri Lanka	AY.28	EPI_ISL_5032240
93	Homo sapiens	2021-10-04	Sri Lanka	AY.28	EPI_ISL_5032241
93	Homo sapiens	2021-10-04	Sri Lanka	AY.28	EPI_ISL_5032242
93	Homo sapiens	2021-10-04	Sri Lanka	AY.28	EPI_ISL_5032243
93	Homo sapiens	2021-10-04	Sri Lanka	AY.28	EPI_ISL_5032244
93	Homo sapiens	2021-10-04	Sri Lanka	AY.28	EPI_ISL_5032245
93	Homo sapiens	2021-10-04	Sri Lanka	AY.28	EPI_ISL_5032246
93	Homo sapiens	2021-10-04	Sri Lanka	AY.28	EPI_ISL_5032247
93	Homo sapiens	2021-10-04	Sri Lanka	AY.28	EPI_ISL_5032248
93	Homo sapiens	2021-10-04	Sri Lanka	AY.28	EPI_ISL_5032250
92	Homo sapiens	2021-09-30	Sri Lanka	AY.104	EPI_ISL_5032191
92	Homo sapiens	2021-09-30	Sri Lanka	AY.104	EPI_ISL_5314121
92	Homo sapiens	2021-09-29	Sri Lanka	AY.28	EPI_ISL_5032193
92	Homo sapiens	2021-09-29	Sri Lanka	AY.28	EPI_ISL_5032230
92	Homo sapiens	2021-09-28	Sri Lanka	AY.104	EPI_ISL_5032190
92	Homo sapiens	2021-09-27	Sri Lanka	AY.104	EPI_ISL_5032196
91	Homo sapiens	2021-09-24	Sri Lanka	AY.104	EPI_ISL_5032214
91	Homo sapiens	2021-09-24	Sri Lanka	AY.95	EPI_ISL_5032215
91	Homo sapiens	2021-09-24	Sri Lanka	AY.104	EPI_ISL_5032218
91	Homo sapiens	2021-09-24	Sri Lanka	AY.104	EPI_ISL_5032216
91	Homo sapiens	2021-09-24	Sri Lanka	AY.104	EPI_ISL_5032217
91	Homo sapiens	2021-09-24	Sri Lanka	AY.28	EPI_ISL_5032179
91	Homo sapiens	2021-09-23	Sri Lanka	AY.104	EPI_ISL_5032185
91	Homo sapiens	2021-09-23	Sri Lanka	AY.104	EPI_ISL_5032186
91	Homo sapiens	2021-09-23	Sri Lanka	AY.104	EPI_ISL_5032228
91	Homo sapiens	2021-09-22	Sri Lanka	AY.104	EPI_ISL_5032226
91	Homo sapiens	2021-09-22	Sri Lanka	AY.104	EPI_ISL_5032227
91	Homo sapiens	2021-09-22	Sri Lanka	AY.104	EPI_ISL_5032251
91	Homo sapiens	2021-09-21	Sri Lanka	AY.104	EPI_ISL_5032172
91	Homo sapiens	2021-09-21	Sri Lanka	AY.104	EPI_ISL_5032173
91	Homo sapiens	2021-09-21	Sri Lanka	AY.104	EPI_ISL_5032225
91	Homo sapiens	2021-09-21	Sri Lanka	AY.104	EPI_ISL_5032229
91	Homo sapiens	2021-09-20	Sri Lanka	AY.104	EPI_ISL_5032208
91	Homo sapiens	2021-09-20	Sri Lanka	AY.104	EPI_ISL_5032223
91	Homo sapiens	2021-09-20	Sri Lanka	AY.104	EPI_ISL_5032224
91	Homo sapiens	2021-09-20	Sri Lanka	AY.104	EPI_ISL_5032206
91	Homo sapiens	2021-09-20	Sri Lanka	B.1.617.2	EPI_ISL_5032178
90	Homo sapiens	2021-09-18	Sri Lanka	AY.104	EPI_ISL_5032181
90	Homo sapiens	2021-09-17	Sri Lanka	AY.104	EPI_ISL_5032202
90	Homo sapiens	2021-09-16	Sri Lanka	AY.104	EPI_ISL_5032169
90	Homo sapiens	2021-09-16	Sri Lanka	AY.104	EPI_ISL_5032170
90	Homo sapiens	2021-09-16	Sri Lanka	AY.104	EPI_ISL_5032171
90	Homo sapiens	2021-09-16	Sri Lanka	AY.104	EPI_ISL_5032182
90	Homo sapiens	2021-09-16	Sri Lanka	AY.28	EPI_ISL_5032184
90	Homo sapiens	2021-09-16	Sri Lanka	AY.104	EPI_ISL_5032197
90	Homo sapiens	2021-09-16	Sri Lanka	B.1.617.2	EPI_ISL_5032199
90	Homo sapiens	2021-09-16	Sri Lanka	B.1.617.2	EPI_ISL_5032200
90	Homo sapiens	2021-09-16	Sri Lanka	AY.104	EPI_ISL_5032201
90	Homo sapiens	2021-09-16	Sri Lanka	AY.104	EPI_ISL_5032219
90	Homo sapiens	2021-09-16	Sri Lanka	AY.104	EPI_ISL_5032220
90	Homo sapiens	2021-09-16	Sri Lanka	AY.24	EPI_ISL_5032175
89	Homo sapiens	2021-09-11	Sri Lanka	AY.104	EPI_ISL_5032177
89	Homo sapiens	2021-09-07	Sri Lanka	AY.104	EPI_ISL_5032180
95	Homo sapiens	2021-10-18	Sri Lanka	AY.28	EPI_ISL_5494926
95	Homo sapiens	2021-10-18	Sri Lanka	AY.28	EPI_ISL_5494934
95	Homo sapiens	2021-10-18	Sri Lanka	AY.104	EPI_ISL_5494942
94	Homo sapiens	2021-10-15	Sri Lanka	AY.104	EPI_ISL_5494739
94	Homo sapiens	2021-10-14	Sri Lanka	AY.28	EPI_ISL_5494463
94	Homo sapiens	2021-10-14	Sri Lanka	AY.28	EPI_ISL_5494471
94	Homo sapiens	2021-10-14	Sri Lanka	AY.104	EPI_ISL_5494572
94	Homo sapiens	2021-10-14	Sri Lanka	AY.28	EPI_ISL_5494590
94	Homo sapiens	2021-10-14	Sri Lanka	AY.28	EPI_ISL_5494709
94	Homo sapiens	2021-10-14	Sri Lanka	B.1.617.2	EPI_ISL_5494727
94	Homo sapiens	2021-10-14	Sri Lanka	AY.104	EPI_ISL_5494846
94	Homo sapiens	2021-10-14	Sri Lanka	AY.104	EPI_ISL_5494854
94	Homo sapiens	2021-10-14	Sri Lanka	AY.104	EPI_ISL_5494861
94	Homo sapiens	2021-10-14	Sri Lanka	AY.104	EPI_ISL_5494869
94	Homo sapiens	2021-10-14	Sri Lanka	AY.28	EPI_ISL_5494877
94	Homo sapiens	2021-10-14	Sri Lanka	AY.28	EPI_ISL_5494890
94	Homo sapiens	2021-10-14	Sri Lanka	B.1.617.2	EPI_ISL_5494897
94	Homo sapiens	2021-10-13	Sri Lanka	AY.104	EPI_ISL_5494708
94	Homo sapiens	2021-10-13	Sri Lanka	AY.28	EPI_ISL_5494746
94	Homo sapiens	2021-10-12	Sri Lanka	AY.104	EPI_ISL_5494685
94	Homo sapiens	2021-10-12	Sri Lanka	AY.28	EPI_ISL_5494690
94	Homo sapiens	2021-10-12	Sri Lanka	AY.104	EPI_ISL_5494703
94	Homo sapiens	2021-10-12	Sri Lanka	AY.28	EPI_ISL_5494760
94	Homo sapiens	2021-10-12	Sri Lanka	B.1.617.2	EPI_ISL_5494765
93	Homo sapiens	2021-10-09	Sri Lanka	AY.104	EPI_ISL_5494663
93	Homo sapiens	2021-10-08	Sri Lanka	AY.104	EPI_ISL_5494649
93	Homo sapiens	2021-10-08	Sri Lanka	AY.28	EPI_ISL_5494658
93	Homo sapiens	2021-10-08	Sri Lanka	AY.28	EPI_ISL_5494774
93	Homo sapiens	2021-10-08	Sri Lanka	AY.28	EPI_ISL_5494780
93	Homo sapiens	2021-10-07	Sri Lanka	AY.28	EPI_ISL_5494497
93	Homo sapiens	2021-10-07	Sri Lanka	AY.28	EPI_ISL_5494506
93	Homo sapiens	2021-10-07	Sri Lanka	AY.28	EPI_ISL_5494521
93	Homo sapiens	2021-10-07	Sri Lanka	AY.28	EPI_ISL_5494531
93	Homo sapiens	2021-10-07	Sri Lanka	AY.28	EPI_ISL_5494535
93	Homo sapiens	2021-10-07	Sri Lanka	AY.28	EPI_ISL_5494541
93	Homo sapiens	2021-10-07	Sri Lanka	AY.28	EPI_ISL_5494554
93	Homo sapiens	2021-10-07	Sri Lanka	AY.28	EPI_ISL_5494555
93	Homo sapiens	2021-10-07	Sri Lanka	B.1.617.2	EPI_ISL_5494556
93	Homo sapiens	2021-10-07	Sri Lanka	B.1.617.2	EPI_ISL_5494557
93	Homo sapiens	2021-10-07	Sri Lanka	AY.28	EPI_ISL_5494561
93	Homo sapiens	2021-10-07	Sri Lanka	AY.104	EPI_ISL_5494566
93	Homo sapiens	2021-10-07	Sri Lanka	AY.104	EPI_ISL_5494791
93	Homo sapiens	2021-10-07	Sri Lanka	AY.104	EPI_ISL_5494798
93	Homo sapiens	2021-10-07	Sri Lanka	AY.28	EPI_ISL_5494805
93	Homo sapiens	2021-10-07	Sri Lanka	B.1.617.2	EPI_ISL_5494810
93	Homo sapiens	2021-10-07	Sri Lanka	AY.28	EPI_ISL_5494816
93	Homo sapiens	2021-10-07	Sri Lanka	B.1.617.2	EPI_ISL_5494822
93	Homo sapiens	2021-10-07	Sri Lanka	AY.28	EPI_ISL_5494828
93	Homo sapiens	2021-10-07	Sri Lanka	AY.28	EPI_ISL_5494832
93	Homo sapiens	2021-10-07	Sri Lanka	AY.28	EPI_ISL_5494836
93	Homo sapiens	2021-10-07	Sri Lanka	AY.28	EPI_ISL_5494841
93	Homo sapiens	2021-10-06	Sri Lanka	AY.104	EPI_ISL_5494623
93	Homo sapiens	2021-10-06	Sri Lanka	AY.104	EPI_ISL_5494629
93	Homo sapiens	2021-10-06	Sri Lanka	AY.28	EPI_ISL_5494783
93	Homo sapiens	2021-10-06	Sri Lanka	AY.28	EPI_ISL_5494919
92	Homo sapiens	2021-10-01	Sri Lanka	AY.104	EPI_ISL_5494476
93	Homo sapiens	2021-10-08	Sri Lanka	AY.104	EPI_ISL_5883578
93	Homo sapiens	2021-10-08	Sri Lanka	AY.104	EPI_ISL_5883603
93	Homo sapiens	2021-10-04	Sri Lanka	AY.104	EPI_ISL_5883444
93	Homo sapiens	2021-10-04	Sri Lanka	B.1.617.2	EPI_ISL_5883452
93	Homo sapiens	2021-10-04	Sri Lanka	B.1.617.2	EPI_ISL_5883458
93	Homo sapiens	2021-10-04	Sri Lanka	AY.112	EPI_ISL_5883466
93	Homo sapiens	2021-10-04	Sri Lanka	AY.112	EPI_ISL_5883474
92	Homo sapiens	2021-10-02	Sri Lanka	AY.104	EPI_ISL_5883432
92	Homo sapiens	2021-10-02	Sri Lanka	B.1.617.2	EPI_ISL_5883537
96	Homo sapiens	2021-10-28	Sri Lanka	B.1.617.2	EPI_ISL_5990038
96	Homo sapiens	2021-10-28	Sri Lanka	AY.104	EPI_ISL_5990039
96	Homo sapiens	2021-10-28	Sri Lanka	AY.104	EPI_ISL_5990040
96	Homo sapiens	2021-10-28	Sri Lanka	AY.104	EPI_ISL_5990041
96	Homo sapiens	2021-10-28	Sri Lanka	AY.104	EPI_ISL_5990042
96	Homo sapiens	2021-10-28	Sri Lanka	AY.28	EPI_ISL_5990055
96	Homo sapiens	2021-10-28	Sri Lanka	AY.28	EPI_ISL_5990056
96	Homo sapiens	2021-10-28	Sri Lanka	AY.28	EPI_ISL_5990057
96	Homo sapiens	2021-10-28	Sri Lanka	B.1.617.2	EPI_ISL_5990058
96	Homo sapiens	2021-10-28	Sri Lanka	AY.28	EPI_ISL_5990059
96	Homo sapiens	2021-10-28	Sri Lanka	AY.104	EPI_ISL_5990060
96	Homo sapiens	2021-10-28	Sri Lanka	AY.28	EPI_ISL_5990062
96	Homo sapiens	2021-10-28	Sri Lanka	AY.28	EPI_ISL_5990063
96	Homo sapiens	2021-10-28	Sri Lanka	AY.104	EPI_ISL_5990066
96	Homo sapiens	2021-10-28	Sri Lanka	B.1.617.2	EPI_ISL_5990067
96	Homo sapiens	2021-10-28	Sri Lanka	AY.28	EPI_ISL_5990068
96	Homo sapiens	2021-10-28	Sri Lanka	AY.104	EPI_ISL_5990069
96	Homo sapiens	2021-10-28	Sri Lanka	AY.28	EPI_ISL_5990070
96	Homo sapiens	2021-10-28	Sri Lanka	AY.104	EPI_ISL_5990075
96	Homo sapiens	2021-10-28	Sri Lanka	AY.28	EPI_ISL_5990076
96	Homo sapiens	2021-10-28	Sri Lanka	AY.28	EPI_ISL_5990077
96	Homo sapiens	2021-10-28	Sri Lanka	AY.28	EPI_ISL_5990078
96	Homo sapiens	2021-10-28	Sri Lanka	AY.28	EPI_ISL_5990079
96	Homo sapiens	2021-10-28	Sri Lanka	AY.104	EPI_ISL_5990086
96	Homo sapiens	2021-10-28	Sri Lanka	AY.28	EPI_ISL_5990087
96	Homo sapiens	2021-10-28	Sri Lanka	AY.28	EPI_ISL_5990088
96	Homo sapiens	2021-10-28	Sri Lanka	AY.104	EPI_ISL_5990089
96	Homo sapiens	2021-10-28	Sri Lanka	AY.28	EPI_ISL_5990095
96	Homo sapiens	2021-10-28	Sri Lanka	AY.104	EPI_ISL_5990096
96	Homo sapiens	2021-10-28	Sri Lanka	AY.28	EPI_ISL_5990097
96	Homo sapiens	2021-10-28	Sri Lanka	B.1.617.2	EPI_ISL_5990098
96	Homo sapiens	2021-10-28	Sri Lanka	B.1.617.2	EPI_ISL_5990099
96	Homo sapiens	2021-10-28	Sri Lanka	AY.104	EPI_ISL_5990112
96	Homo sapiens	2021-10-28	Sri Lanka	AY.28	EPI_ISL_5990113
96	Homo sapiens	2021-10-28	Sri Lanka	B.1.617.2	EPI_ISL_5990114
96	Homo sapiens	2021-10-28	Sri Lanka	AY.104	EPI_ISL_5990115
96	Homo sapiens	2021-10-27	Sri Lanka	AY.104	EPI_ISL_5990031
96	Homo sapiens	2021-10-27	Sri Lanka	AY.28	EPI_ISL_5990032
96	Homo sapiens	2021-10-27	Sri Lanka	AY.104	EPI_ISL_5990033
96	Homo sapiens	2021-10-27	Sri Lanka	AY.104	EPI_ISL_5990043
96	Homo sapiens	2021-10-27	Sri Lanka	B.1.617.2	EPI_ISL_5990044
96	Homo sapiens	2021-10-27	Sri Lanka	AY.28	EPI_ISL_5990045
96	Homo sapiens	2021-10-27	Sri Lanka	AY.104	EPI_ISL_5990122
96	Homo sapiens	2021-10-27	Sri Lanka	AY.104	EPI_ISL_5990123
96	Homo sapiens	2021-10-27	Sri Lanka	AY.104	EPI_ISL_5990124
96	Homo sapiens	2021-10-26	Sri Lanka	AY.28	EPI_ISL_5990048
96	Homo sapiens	2021-10-26	Sri Lanka	AY.95	EPI_ISL_5990049
96	Homo sapiens	2021-10-25	Sri Lanka	AY.28	EPI_ISL_5990071
96	Homo sapiens	2021-10-25	Sri Lanka	AY.28	EPI_ISL_5990072
96	Homo sapiens	2021-10-25	Sri Lanka	AY.28	EPI_ISL_5990073
96	Homo sapiens	2021-10-25	Sri Lanka	AY.28	EPI_ISL_5990074
95	Homo sapiens	2021-10-21	Sri Lanka	AY.95	EPI_ISL_5990034
95	Homo sapiens	2021-10-21	Sri Lanka	AY.104	EPI_ISL_5990035
95	Homo sapiens	2021-10-21	Sri Lanka	AY.28	EPI_ISL_5990036
95	Homo sapiens	2021-10-21	Sri Lanka	AY.28	EPI_ISL_5990037
95	Homo sapiens	2021-10-21	Sri Lanka	AY.28	EPI_ISL_5990050
95	Homo sapiens	2021-10-21	Sri Lanka	AY.28	EPI_ISL_5990051
95	Homo sapiens	2021-10-21	Sri Lanka	AY.28	EPI_ISL_5990052
95	Homo sapiens	2021-10-21	Sri Lanka	B.1.617.2	EPI_ISL_5990053
95	Homo sapiens	2021-10-21	Sri Lanka	AY.28	EPI_ISL_5990054
95	Homo sapiens	2021-10-21	Sri Lanka	AY.28	EPI_ISL_5990064
95	Homo sapiens	2021-10-21	Sri Lanka	B.1.617.2	EPI_ISL_5990065
95	Homo sapiens	2021-10-21	Sri Lanka	AY.28	EPI_ISL_5990081
95	Homo sapiens	2021-10-21	Sri Lanka	B.1.617.2	EPI_ISL_5990082
95	Homo sapiens	2021-10-21	Sri Lanka	AY.28	EPI_ISL_5990083
95	Homo sapiens	2021-10-21	Sri Lanka	AY.28	EPI_ISL_5990084
95	Homo sapiens	2021-10-21	Sri Lanka	AY.28	EPI_ISL_5990085
95	Homo sapiens	2021-10-21	Sri Lanka	AY.28	EPI_ISL_5990091
95	Homo sapiens	2021-10-21	Sri Lanka	AY.28	EPI_ISL_5990092
95	Homo sapiens	2021-10-21	Sri Lanka	B.1.617.2	EPI_ISL_5990093
95	Homo sapiens	2021-10-21	Sri Lanka	AY.28	EPI_ISL_5990094
95	Homo sapiens	2021-10-21	Sri Lanka	AY.28	EPI_ISL_5990102
95	Homo sapiens	2021-10-21	Sri Lanka	AY.104	EPI_ISL_5990103
95	Homo sapiens	2021-10-21	Sri Lanka	B.1.617.2	EPI_ISL_5990104
95	Homo sapiens	2021-10-21	Sri Lanka	AY.28	EPI_ISL_5990108
95	Homo sapiens	2021-10-21	Sri Lanka	AY.28	EPI_ISL_5990109
95	Homo sapiens	2021-10-21	Sri Lanka	AY.104	EPI_ISL_5990110
95	Homo sapiens	2021-10-21	Sri Lanka	AY.28	EPI_ISL_5990117
95	Homo sapiens	2021-10-21	Sri Lanka	AY.104	EPI_ISL_5990118
95	Homo sapiens	2021-10-21	Sri Lanka	AY.28	EPI_ISL_5990120
95	Homo sapiens	2021-10-21	Sri Lanka	B.1.617.2	EPI_ISL_5990121
95	Homo sapiens	2021-10-20	Sri Lanka	AY.28	EPI_ISL_5990090
95	Homo sapiens	2021-10-20	Sri Lanka	AY.104	EPI_ISL_5990105
95	Homo sapiens	2021-10-20	Sri Lanka	AY.28	EPI_ISL_5990106
95	Homo sapiens	2021-10-20	Sri Lanka	AY.28	EPI_ISL_5990107
95	Homo sapiens	2021-10-19	Sri Lanka	AY.95	EPI_ISL_5990116
95	Homo sapiens	2021-10-18	Sri Lanka	B.1.617.2	EPI_ISL_5990046
99	Homo sapiens	2021-11-21	Sri Lanka	AY.95	EPI_ISL_6810414
99	Homo sapiens	2021-11-21	Sri Lanka	AY.104	EPI_ISL_6810442
99	Homo sapiens	2021-11-18	Sri Lanka	AY.28	EPI_ISL_6810410
99	Homo sapiens	2021-11-18	Sri Lanka	AY.28	EPI_ISL_6810457
99	Homo sapiens	2021-11-18	Sri Lanka	AY.28	EPI_ISL_6810459
99	Homo sapiens	2021-11-16	Sri Lanka	AY.28	EPI_ISL_6810423
99	Homo sapiens	2021-11-16	Sri Lanka	AY.28	EPI_ISL_6810441
99	Homo sapiens	2021-11-16	Sri Lanka	AY.104	EPI_ISL_6810443
99	Homo sapiens	2021-11-16	Sri Lanka	AY.104	EPI_ISL_6810449
99	Homo sapiens	2021-11-16	Sri Lanka	AY.28	EPI_ISL_6810461
99	Homo sapiens	2021-11-16	Sri Lanka	AY.28	EPI_ISL_6810462
99	Homo sapiens	2021-11-15	Sri Lanka	AY.28	EPI_ISL_6810379
99	Homo sapiens	2021-11-15	Sri Lanka	AY.28	EPI_ISL_6810382
99	Homo sapiens	2021-11-15	Sri Lanka	AY.104	EPI_ISL_6810391
99	Homo sapiens	2021-11-15	Sri Lanka	AY.28	EPI_ISL_6810405
99	Homo sapiens	2021-11-15	Sri Lanka	AY.104	EPI_ISL_6810407
99	Homo sapiens	2021-11-15	Sri Lanka	AY.104	EPI_ISL_6810452
99	Homo sapiens	2021-11-15	Sri Lanka	AY.28	EPI_ISL_6810464
98	Homo sapiens	2021-11-11	Sri Lanka	AY.28	EPI_ISL_6810387
98	Homo sapiens	2021-11-11	Sri Lanka	AY.28	EPI_ISL_6810389
98	Homo sapiens	2021-11-11	Sri Lanka	AY.28	EPI_ISL_6810393
98	Homo sapiens	2021-11-11	Sri Lanka	AY.104	EPI_ISL_6810398
98	Homo sapiens	2021-11-11	Sri Lanka	AY.28	EPI_ISL_6810399
98	Homo sapiens	2021-11-11	Sri Lanka	AY.28	EPI_ISL_6810402
98	Homo sapiens	2021-11-11	Sri Lanka	AY.104	EPI_ISL_6810404
98	Homo sapiens	2021-11-11	Sri Lanka	AY.28	EPI_ISL_6810416
98	Homo sapiens	2021-11-11	Sri Lanka	AY.28	EPI_ISL_6810417
98	Homo sapiens	2021-11-11	Sri Lanka	AY.104	EPI_ISL_6810422
98	Homo sapiens	2021-11-11	Sri Lanka	AY.28	EPI_ISL_6810427
98	Homo sapiens	2021-11-11	Sri Lanka	AY.104	EPI_ISL_6810429
98	Homo sapiens	2021-11-11	Sri Lanka	AY.28	EPI_ISL_6810432
98	Homo sapiens	2021-11-11	Sri Lanka	AY.28	EPI_ISL_6810437
98	Homo sapiens	2021-11-11	Sri Lanka	AY.28	EPI_ISL_6810438
98	Homo sapiens	2021-11-10	Sri Lanka	AY.104	EPI_ISL_6810401
98	Homo sapiens	2021-11-10	Sri Lanka	AY.104	EPI_ISL_6810440
98	Homo sapiens	2021-11-10	Sri Lanka	AY.104	EPI_ISL_6810445
98	Homo sapiens	2021-11-09	Sri Lanka	AY.104	EPI_ISL_6810451
98	Homo sapiens	2021-11-08	Sri Lanka	AY.104	EPI_ISL_6810409
98	Homo sapiens	2021-11-08	Sri Lanka	AY.28	EPI_ISL_6810426
98	Homo sapiens	2021-11-08	Sri Lanka	AY.28	EPI_ISL_6810447
98	Homo sapiens	2021-11-08	Sri Lanka	B.1.617.2	EPI_ISL_6810448
98	Homo sapiens	2021-11-08	Sri Lanka	AY.28	EPI_ISL_6810455
98	Homo sapiens	2021-11-08	Sri Lanka	AY.28	EPI_ISL_6810458
98	Homo sapiens	2021-11-08	Sri Lanka	B.1.617.2	EPI_ISL_6810466
97	Homo sapiens	2021-11-07	Sri Lanka	AY.28	EPI_ISL_6810400
97	Homo sapiens	2021-11-07	Sri Lanka	AY.104	EPI_ISL_6810467
97	Homo sapiens	2021-11-05	Sri Lanka	AY.104	EPI_ISL_6810385
97	Homo sapiens	2021-11-05	Sri Lanka	AY.28	EPI_ISL_6810386
97	Homo sapiens	2021-11-05	Sri Lanka	AY.28	EPI_ISL_6810390
97	Homo sapiens	2021-11-05	Sri Lanka	AY.104	EPI_ISL_6810408
97	Homo sapiens	2021-11-05	Sri Lanka	AY.104	EPI_ISL_6810412
97	Homo sapiens	2021-11-05	Sri Lanka	B.1.617.2	EPI_ISL_6810428
97	Homo sapiens	2021-11-05	Sri Lanka	AY.95	EPI_ISL_6810431
97	Homo sapiens	2021-11-05	Sri Lanka	B.1.617.2	EPI_ISL_6810434
97	Homo sapiens	2021-11-04	Sri Lanka	AY.104	EPI_ISL_6810384
97	Homo sapiens	2021-11-04	Sri Lanka	AY.28	EPI_ISL_6810388
97	Homo sapiens	2021-11-04	Sri Lanka	AY.104	EPI_ISL_6810392
97	Homo sapiens	2021-11-04	Sri Lanka	B.1.617.2	EPI_ISL_6810419
97	Homo sapiens	2021-11-04	Sri Lanka	AY.28	EPI_ISL_6810425
97	Homo sapiens	2021-11-04	Sri Lanka	AY.104	EPI_ISL_6810436
97	Homo sapiens	2021-11-03	Sri Lanka	AY.28	EPI_ISL_6810383
97	Homo sapiens	2021-11-03	Sri Lanka	AY.95	EPI_ISL_6810403
97	Homo sapiens	2021-11-02	Sri Lanka	AY.104	EPI_ISL_6810395
97	Homo sapiens	2021-11-02	Sri Lanka	AY.104	EPI_ISL_6810396
97	Homo sapiens	2021-11-02	Sri Lanka	AY.104	EPI_ISL_6810415
97	Homo sapiens	2021-11-02	Sri Lanka	AY.104	EPI_ISL_6810453
97	Homo sapiens	2021-11-02	Sri Lanka	AY.104	EPI_ISL_6810454
97	Homo sapiens	2021-11-02	Sri Lanka	AY.104	EPI_ISL_6810456
97	Homo sapiens	2021-11-02	Sri Lanka	AY.104	EPI_ISL_6810465
101	Homo sapiens	2021-12-01	Sri Lanka	AY.104	EPI_ISL_7146439
101	Homo sapiens	2021-11-30	Sri Lanka	AY.28	EPI_ISL_7146448
101	Homo sapiens	2021-11-30	Sri Lanka	AY.104	EPI_ISL_7146443
101	Homo sapiens	2021-11-30	Sri Lanka	AY.28	EPI_ISL_7146435
101	Homo sapiens	2021-11-30	Sri Lanka	AY.104	EPI_ISL_7146468
101	Homo sapiens	2021-11-30	Sri Lanka	AY.128	EPI_ISL_7146441
101	Homo sapiens	2021-11-30	Sri Lanka	AY.104	EPI_ISL_7146471
101	Homo sapiens	2021-11-30	Sri Lanka	AY.28	EPI_ISL_7146456
101	Homo sapiens	2021-11-29	Sri Lanka	AY.28	EPI_ISL_7146458
101	Homo sapiens	2021-11-29	Sri Lanka	AY.28	EPI_ISL_7146469
101	Homo sapiens	2021-11-29	Sri Lanka	AY.28	EPI_ISL_7146466
101	Homo sapiens	2021-11-29	Sri Lanka	AY.28	EPI_ISL_7146429
101	Homo sapiens	2021-11-29	Sri Lanka	AY.28	EPI_ISL_7146427
101	Homo sapiens	2021-11-29	Sri Lanka	AY.104	EPI_ISL_7146474
101	Homo sapiens	2021-11-29	Sri Lanka	AY.104	EPI_ISL_7146450
100	Homo sapiens	2021-11-28	Sri Lanka	AY.104	EPI_ISL_7146451
100	Homo sapiens	2021-11-28	Sri Lanka	AY.28	EPI_ISL_7146481
100	Homo sapiens	2021-11-28	Sri Lanka	B.1.617.2	EPI_ISL_7146480
100	Homo sapiens	2021-11-28	Sri Lanka	AY.104	EPI_ISL_7146444
100	Homo sapiens	2021-11-28	Sri Lanka	AY.104	EPI_ISL_7146457
100	Homo sapiens	2021-11-28	Sri Lanka	AY.104	EPI_ISL_7146472
100	Homo sapiens	2021-11-27	Sri Lanka	AY.28	EPI_ISL_7146425
100	Homo sapiens	2021-11-27	Sri Lanka	AY.28	EPI_ISL_7146461
100	Homo sapiens	2021-11-26	Sri Lanka	AY.104	EPI_ISL_7146442
100	Homo sapiens	2021-11-26	Sri Lanka	AY.104	EPI_ISL_7146460
100	Homo sapiens	2021-11-25	Sri Lanka	AY.104	EPI_ISL_7146396
100	Homo sapiens	2021-11-25	Sri Lanka	AY.28	EPI_ISL_7146419
100	Homo sapiens	2021-11-25	Sri Lanka	AY.104	EPI_ISL_7146401
100	Homo sapiens	2021-11-25	Sri Lanka	B.1.617.2	EPI_ISL_7146417
100	Homo sapiens	2021-11-25	Sri Lanka	AY.28	EPI_ISL_7146467
100	Homo sapiens	2021-11-24	Sri Lanka	AY.104	EPI_ISL_7146409
100	Homo sapiens	2021-11-24	Sri Lanka	AY.4	EPI_ISL_7146440
100	Homo sapiens	2021-11-24	Sri Lanka	AY.104	EPI_ISL_7146426
100	Homo sapiens	2021-11-24	Sri Lanka	AY.104	EPI_ISL_7146462
100	Homo sapiens	2021-11-24	Sri Lanka	AY.104	EPI_ISL_7146424
100	Homo sapiens	2021-11-23	Sri Lanka	AY.28	EPI_ISL_7146408
100	Homo sapiens	2021-11-23	Sri Lanka	AY.104	EPI_ISL_7146398
100	Homo sapiens	2021-11-23	Sri Lanka	AY.104	EPI_ISL_7146416
100	Homo sapiens	2021-11-23	Sri Lanka	AY.104	EPI_ISL_7146414
100	Homo sapiens	2021-11-23	Sri Lanka	AY.104	EPI_ISL_7146400
100	Homo sapiens	2021-11-23	Sri Lanka	AY.104	EPI_ISL_7146464
100	Homo sapiens	2021-11-23	Sri Lanka	AY.104	EPI_ISL_7146431
100	Homo sapiens	2021-11-22	Sri Lanka	AY.104	EPI_ISL_7146421
100	Homo sapiens	2021-11-22	Sri Lanka	AY.104	EPI_ISL_7146483
100	Homo sapiens	2021-11-22	Sri Lanka	AY.104	EPI_ISL_7146484
100	Homo sapiens	2021-11-22	Sri Lanka	AY.28	EPI_ISL_7146485
100	Homo sapiens	2021-11-22	Sri Lanka	AY.104	EPI_ISL_7146486
100	Homo sapiens	2021-11-22	Sri Lanka	AY.104	EPI_ISL_7146487
99	Homo sapiens	2021-11-21	Sri Lanka	AY.28	EPI_ISL_7146473
99	Homo sapiens	2021-11-21	Sri Lanka	B.1.617.2	EPI_ISL_7146433
99	Homo sapiens	2021-11-21	Sri Lanka	AY.28	EPI_ISL_7146453
99	Homo sapiens	2021-11-19	Sri Lanka	AY.104	EPI_ISL_7146404
99	Homo sapiens	2021-11-19	Sri Lanka	AY.104	EPI_ISL_7146406
99	Homo sapiens	2021-11-19	Sri Lanka	AY.104	EPI_ISL_7146394
99	Homo sapiens	2021-11-19	Sri Lanka	AY.28	EPI_ISL_7146393
99	Homo sapiens	2021-11-19	Sri Lanka	AY.104	EPI_ISL_7146420
99	Homo sapiens	2021-11-19	Sri Lanka	AY.104	EPI_ISL_7146422
99	Homo sapiens	2021-11-19	Sri Lanka	AY.104	EPI_ISL_7146397
99	Homo sapiens	2021-11-19	Sri Lanka	AY.104	EPI_ISL_7146432
99	Homo sapiens	2021-11-19	Sri Lanka	AY.104	EPI_ISL_7146430
99	Homo sapiens	2021-11-19	Sri Lanka	AY.28	EPI_ISL_7146478
99	Homo sapiens	2021-11-19	Sri Lanka	AY.28	EPI_ISL_7146463
99	Homo sapiens	2021-11-18	Sri Lanka	AY.33	EPI_ISL_7146437
99	Homo sapiens	2021-11-18	Sri Lanka	AY.33	EPI_ISL_7146477
99	Homo sapiens	2021-11-17	Sri Lanka	AY.112	EPI_ISL_7146402
99	Homo sapiens	2021-11-17	Sri Lanka	AY.28	EPI_ISL_7146410
99	Homo sapiens	2021-11-17	Sri Lanka	AY.28	EPI_ISL_7146412
99	Homo sapiens	2021-11-17	Sri Lanka	B.1.617.2	EPI_ISL_7146395
99	Homo sapiens	2021-11-16	Sri Lanka	AY.104	EPI_ISL_7146399
98	Homo sapiens	2021-11-13	Sri Lanka	B.1.617.2	EPI_ISL_7146454
98	Homo sapiens	2021-11-13	Sri Lanka	AY.104	EPI_ISL_7146459
98	Homo sapiens	2021-11-12	Sri Lanka	AY.104	EPI_ISL_7146475
98	Homo sapiens	2021-11-09	Sri Lanka	AY.28	EPI_ISL_7146470
98	Homo sapiens	2021-11-09	Sri Lanka	AY.28	EPI_ISL_7146476
98	Homo sapiens	2021-11-09	Sri Lanka	AY.28	EPI_ISL_7146479
98	Homo sapiens	2021-11-08	Sri Lanka	AY.28	EPI_ISL_7146403
97	Homo sapiens	2021-11-07	Sri Lanka	AY.28	EPI_ISL_7146411
97	Homo sapiens	2021-11-05	Sri Lanka	AY.104	EPI_ISL_7146407
97	Homo sapiens	2021-11-05	Sri Lanka	AY.28	EPI_ISL_7146465
96	Homo sapiens	2021-10-25	Sri Lanka	AY.28	EPI_ISL_7146449
101	Homo sapiens	2021-12-01	Sri Lanka	AY.104	EPI_ISL_7506709
101	Homo sapiens	2021-12-01	Sri Lanka	AY.28	EPI_ISL_7506752
101	Homo sapiens	2021-12-01	Sri Lanka	B.1.617.2	EPI_ISL_7506711
101	Homo sapiens	2021-12-01	Sri Lanka	AY.28	EPI_ISL_7506710
101	Homo sapiens	2021-12-01	Sri Lanka	AY.28	EPI_ISL_7506708
101	Homo sapiens	2021-12-01	Sri Lanka	AY.104	EPI_ISL_7506707
101	Homo sapiens	2021-12-01	Sri Lanka	AY.104	EPI_ISL_7506724
101	Homo sapiens	2021-12-02	Sri Lanka	AY.104	EPI_ISL_7506749
101	Homo sapiens	2021-12-02	Sri Lanka	B.1.617.2	EPI_ISL_7506732
101	Homo sapiens	2021-12-02	Sri Lanka	AY.28	EPI_ISL_7506716
101	Homo sapiens	2021-12-02	Sri Lanka	B.1.617.2	EPI_ISL_7506719
101	Homo sapiens	2021-12-02	Sri Lanka	AY.104	EPI_ISL_7506728
101	Homo sapiens	2021-12-02	Sri Lanka	AY.104	EPI_ISL_7506717
101	Homo sapiens	2021-12-02	Sri Lanka	AY.104	EPI_ISL_7506713
101	Homo sapiens	2021-12-02	Sri Lanka	AY.28	EPI_ISL_7506730
101	Homo sapiens	2021-12-02	Sri Lanka	B.1.617.2	EPI_ISL_7506729
101	Homo sapiens	2021-12-02	Sri Lanka	B.1.617.2	EPI_ISL_7506727
101	Homo sapiens	2021-12-02	Sri Lanka	B.1.617.2	EPI_ISL_7506720
101	Homo sapiens	2021-12-02	Sri Lanka	AY.104	EPI_ISL_7506725
101	Homo sapiens	2021-12-02	Sri Lanka	AY.28	EPI_ISL_7506715
101	Homo sapiens	2021-12-02	Sri Lanka	AY.28	EPI_ISL_7506721
101	Homo sapiens	2021-12-03	Sri Lanka	AY.104	EPI_ISL_7506738
101	Homo sapiens	2021-12-03	Sri Lanka	BA.1.15	EPI_ISL_7506705
101	Homo sapiens	2021-12-03	Sri Lanka	AY.104	EPI_ISL_7506745
101	Homo sapiens	2021-12-03	Sri Lanka	AY.104	EPI_ISL_7506740
101	Homo sapiens	2021-12-03	Sri Lanka	AY.28	EPI_ISL_7506712
101	Homo sapiens	2021-12-03	Sri Lanka	AY.28	EPI_ISL_7506748
101	Homo sapiens	2021-12-03	Sri Lanka	AY.104	EPI_ISL_7506743
101	Homo sapiens	2021-12-03	Sri Lanka	AY.28	EPI_ISL_7506741
101	Homo sapiens	2021-12-03	Sri Lanka	AY.104	EPI_ISL_7506744
101	Homo sapiens	2021-12-03	Sri Lanka	AY.104	EPI_ISL_7506746
101	Homo sapiens	2021-12-03	Sri Lanka	AY.28	EPI_ISL_7506739
101	Homo sapiens	2021-12-04	Sri Lanka	AY.28	EPI_ISL_7506766
101	Homo sapiens	2021-12-04	Sri Lanka	AY.28	EPI_ISL_7506769
101	Homo sapiens	2021-12-04	Sri Lanka	B.1.617.2	EPI_ISL_7506750
101	Homo sapiens	2021-12-04	Sri Lanka	AY.104	EPI_ISL_7506767
101	Homo sapiens	2021-12-04	Sri Lanka	AY.28	EPI_ISL_7506773
101	Homo sapiens	2021-12-04	Sri Lanka	AY.104	EPI_ISL_7506770
101	Homo sapiens	2021-12-04	Sri Lanka	AY.28	EPI_ISL_7506760
101	Homo sapiens	2021-12-04	Sri Lanka	AY.104	EPI_ISL_7506762
101	Homo sapiens	2021-12-04	Sri Lanka	AY.28	EPI_ISL_7506771
101	Homo sapiens	2021-12-04	Sri Lanka	AY.104	EPI_ISL_7506774
101	Homo sapiens	2021-12-04	Sri Lanka	AY.104	EPI_ISL_7506758
101	Homo sapiens	2021-12-04	Sri Lanka	AY.28	EPI_ISL_7506764
101	Homo sapiens	2021-12-04	Sri Lanka	AY.28	EPI_ISL_7506772
101	Homo sapiens	2021-12-04	Sri Lanka	AY.104	EPI_ISL_7506768
101	Homo sapiens	2021-12-04	Sri Lanka	B.1.617.2	EPI_ISL_7506763
101	Homo sapiens	2021-12-05	Sri Lanka	AY.104	EPI_ISL_7506755
101	Homo sapiens	2021-12-05	Sri Lanka	AY.104	EPI_ISL_7506756
102	Homo sapiens	2021-12-06	Sri Lanka	AY.28	EPI_ISL_7506714
102	Homo sapiens	2021-12-06	Sri Lanka	AY.104	EPI_ISL_7506751
102	Homo sapiens	2021-12-06	Sri Lanka	AY.4	EPI_ISL_7506782
102	Homo sapiens	2021-12-06	Sri Lanka	AY.104	EPI_ISL_7506780
102	Homo sapiens	2021-12-06	Sri Lanka	B.1.617.2	EPI_ISL_7506778
102	Homo sapiens	2021-12-06	Sri Lanka	AY.28	EPI_ISL_7506775
102	Homo sapiens	2021-12-06	Sri Lanka	B.1.617.2	EPI_ISL_7506777
102	Homo sapiens	2021-12-06	Sri Lanka	B.1.617.2	EPI_ISL_7506776
102	Homo sapiens	2021-12-06	Sri Lanka	AY.104	EPI_ISL_7506784
102	Homo sapiens	2021-12-06	Sri Lanka	AY.104	EPI_ISL_7506785
103	Homo sapiens	2021-12-14	Sri Lanka	AY.28	EPI_ISL_7877228
103	Homo sapiens	2021-12-13	Sri Lanka	AY.112	EPI_ISL_7877289
103	Homo sapiens	2021-12-13	Sri Lanka	AY.43	EPI_ISL_7877214
103	Homo sapiens	2021-12-13	Sri Lanka	AY.104	EPI_ISL_7877215
102	Homo sapiens	2021-12-12	Sri Lanka	AY.28	EPI_ISL_7877224
102	Homo sapiens	2021-12-11	Sri Lanka	AY.104	EPI_ISL_7877223
102	Homo sapiens	2021-12-11	Sri Lanka	AY.112	EPI_ISL_7877250
102	Homo sapiens	2021-12-10	Sri Lanka	AY.104	EPI_ISL_7877260
102	Homo sapiens	2021-12-10	Sri Lanka	AY.104	EPI_ISL_7877261
102	Homo sapiens	2021-12-10	Sri Lanka	AY.104	EPI_ISL_7877231
102	Homo sapiens	2021-12-10	Sri Lanka	AY.28	EPI_ISL_7877286
102	Homo sapiens	2021-12-09	Sri Lanka	AY.104	EPI_ISL_7877208
102	Homo sapiens	2021-12-09	Sri Lanka	AY.28	EPI_ISL_7877210
102	Homo sapiens	2021-12-09	Sri Lanka	AY.28	EPI_ISL_7877259
102	Homo sapiens	2021-12-09	Sri Lanka	AY.28	EPI_ISL_7877209
102	Homo sapiens	2021-12-09	Sri Lanka	AY.104	EPI_ISL_7877217
102	Homo sapiens	2021-12-09	Sri Lanka	AY.104	EPI_ISL_7877288
102	Homo sapiens	2021-12-09	Sri Lanka	AY.28	EPI_ISL_7877285
102	Homo sapiens	2021-12-09	Sri Lanka	AY.28	EPI_ISL_7877229
102	Homo sapiens	2021-12-09	Sri Lanka	AY.104	EPI_ISL_7877291
102	Homo sapiens	2021-12-09	Sri Lanka	AY.104	EPI_ISL_7877211
102	Homo sapiens	2021-12-09	Sri Lanka	AY.104	EPI_ISL_7877216
102	Homo sapiens	2021-12-09	Sri Lanka	AY.28	EPI_ISL_7877220
102	Homo sapiens	2021-12-09	Sri Lanka	AY.104	EPI_ISL_7877251
102	Homo sapiens	2021-12-09	Sri Lanka	AY.104	EPI_ISL_7877232
102	Homo sapiens	2021-12-09	Sri Lanka	B.1.617.2	EPI_ISL_7877235
102	Homo sapiens	2021-12-09	Sri Lanka	AY.104	EPI_ISL_7877238
102	Homo sapiens	2021-12-09	Sri Lanka	AY.104	EPI_ISL_7877247
102	Homo sapiens	2021-12-09	Sri Lanka	AY.104	EPI_ISL_7877246
102	Homo sapiens	2021-12-09	Sri Lanka	AY.104	EPI_ISL_7877253
102	Homo sapiens	2021-12-09	Sri Lanka	AY.104	EPI_ISL_7877252
102	Homo sapiens	2021-12-09	Sri Lanka	AY.104	EPI_ISL_7877273
102	Homo sapiens	2021-12-09	Sri Lanka	AY.104	EPI_ISL_7877269
102	Homo sapiens	2021-12-09	Sri Lanka	AY.28	EPI_ISL_7877270
102	Homo sapiens	2021-12-09	Sri Lanka	AY.104	EPI_ISL_7877278
102	Homo sapiens	2021-12-09	Sri Lanka	AY.104	EPI_ISL_7877279
102	Homo sapiens	2021-12-09	Sri Lanka	AY.28	EPI_ISL_7877239
102	Homo sapiens	2021-12-09	Sri Lanka	AY.104	EPI_ISL_7877290
102	Homo sapiens	2021-12-09	Sri Lanka	AY.104	EPI_ISL_7877241
102	Homo sapiens	2021-12-09	Sri Lanka	AY.104	EPI_ISL_7877242
102	Homo sapiens	2021-12-09	Sri Lanka	AY.104	EPI_ISL_7877222
102	Homo sapiens	2021-12-09	Sri Lanka	AY.104	EPI_ISL_7877227
102	Homo sapiens	2021-12-09	Sri Lanka	AY.28	EPI_ISL_7877243
102	Homo sapiens	2021-12-09	Sri Lanka	AY.28	EPI_ISL_7877296
102	Homo sapiens	2021-12-09	Sri Lanka	AY.9.2	EPI_ISL_7877213
102	Homo sapiens	2021-12-08	Sri Lanka	AY.104	EPI_ISL_7877204
102	Homo sapiens	2021-12-08	Sri Lanka	AY.104	EPI_ISL_7877205
102	Homo sapiens	2021-12-08	Sri Lanka	AY.104	EPI_ISL_7877206
102	Homo sapiens	2021-12-08	Sri Lanka	AY.28	EPI_ISL_7877207
102	Homo sapiens	2021-12-08	Sri Lanka	AY.104	EPI_ISL_7877292
102	Homo sapiens	2021-12-08	Sri Lanka	B.1.617.2	EPI_ISL_7877293
102	Homo sapiens	2021-12-08	Sri Lanka	AY.28	EPI_ISL_7877276
102	Homo sapiens	2021-12-08	Sri Lanka	AY.43	EPI_ISL_7877294
102	Homo sapiens	2021-12-08	Sri Lanka	B.1.617.2	EPI_ISL_7877254
102	Homo sapiens	2021-12-08	Sri Lanka	AY.104	EPI_ISL_7877255
102	Homo sapiens	2021-12-08	Sri Lanka	AY.112	EPI_ISL_7877262
102	Homo sapiens	2021-12-08	Sri Lanka	AY.112	EPI_ISL_7877263
102	Homo sapiens	2021-12-08	Sri Lanka	B.1.617.2	EPI_ISL_7877264
102	Homo sapiens	2021-12-08	Sri Lanka	B.1.617.2	EPI_ISL_7877265
102	Homo sapiens	2021-12-08	Sri Lanka	AY.28	EPI_ISL_7877277
102	Homo sapiens	2021-12-08	Sri Lanka	AY.104	EPI_ISL_7877256
102	Homo sapiens	2021-12-08	Sri Lanka	AY.28	EPI_ISL_7877218
102	Homo sapiens	2021-12-08	Sri Lanka	AY.104	EPI_ISL_7877219
102	Homo sapiens	2021-12-08	Sri Lanka	AY.104	EPI_ISL_7877221
102	Homo sapiens	2021-12-07	Sri Lanka	AY.28	EPI_ISL_7877274
102	Homo sapiens	2021-12-07	Sri Lanka	AY.28	EPI_ISL_7877271
102	Homo sapiens	2021-12-07	Sri Lanka	AY.28	EPI_ISL_7877272
102	Homo sapiens	2021-12-07	Sri Lanka	AY.104	EPI_ISL_7877268
102	Homo sapiens	2021-12-07	Sri Lanka	B.1.617.2	EPI_ISL_7877245
102	Homo sapiens	2021-12-06	Sri Lanka	AY.104	EPI_ISL_7877244
102	Homo sapiens	2021-12-06	Sri Lanka	B.1.617.2	EPI_ISL_7877284
102	Homo sapiens	2021-12-06	Sri Lanka	AY.104	EPI_ISL_7877248
102	Homo sapiens	2021-12-06	Sri Lanka	AY.28	EPI_ISL_7877236
102	Homo sapiens	2021-12-06	Sri Lanka	AY.28	EPI_ISL_7877237
101	Homo sapiens	2021-12-05	Sri Lanka	B.1.617.2	EPI_ISL_7877249
101	Homo sapiens	2021-12-04	Sri Lanka	B.1.617.2	EPI_ISL_7877280
101	Homo sapiens	2021-12-04	Sri Lanka	AY.28	EPI_ISL_7877266
101	Homo sapiens	2021-12-03	Sri Lanka	AY.104	EPI_ISL_7877282
101	Homo sapiens	2021-12-03	Sri Lanka	AY.104	EPI_ISL_7877234
101	Homo sapiens	2021-12-01	Sri Lanka	AY.104	EPI_ISL_7877212
101	Homo sapiens	2021-12-01	Sri Lanka	AY.28	EPI_ISL_7877233
100	Homo sapiens	2021-11-27	Sri Lanka	AY.104	EPI_ISL_8131942
105	Homo sapiens	2021-12-27	Sri Lanka	AY.104	EPI_ISL_8281658
105	Homo sapiens	2021-12-27	Sri Lanka	AY.104	EPI_ISL_8281659
104	Homo sapiens	2021-12-25	Sri Lanka	AY.104	EPI_ISL_8281564
104	Homo sapiens	2021-12-24	Sri Lanka	AY.104	EPI_ISL_8281648
104	Homo sapiens	2021-12-24	Sri Lanka	AY.104	EPI_ISL_8281649
104	Homo sapiens	2021-12-24	Sri Lanka	AY.104	EPI_ISL_8281651
104	Homo sapiens	2021-12-24	Sri Lanka	AY.104	EPI_ISL_8281650
104	Homo sapiens	2021-12-24	Sri Lanka	AY.104	EPI_ISL_8281646
104	Homo sapiens	2021-12-23	Sri Lanka	AY.104	EPI_ISL_8281559
104	Homo sapiens	2021-12-23	Sri Lanka	AY.28	EPI_ISL_8281558
104	Homo sapiens	2021-12-23	Sri Lanka	AY.104	EPI_ISL_8281588
104	Homo sapiens	2021-12-23	Sri Lanka	AY.104	EPI_ISL_8281625
104	Homo sapiens	2021-12-23	Sri Lanka	AY.104	EPI_ISL_8281623
104	Homo sapiens	2021-12-23	Sri Lanka	AY.28	EPI_ISL_8281557
104	Homo sapiens	2021-12-23	Sri Lanka	AY.104	EPI_ISL_8281556
104	Homo sapiens	2021-12-23	Sri Lanka	BA.1.1	EPI_ISL_8281653
104	Homo sapiens	2021-12-23	Sri Lanka	AY.28	EPI_ISL_8281654
104	Homo sapiens	2021-12-23	Sri Lanka	AY.104	EPI_ISL_8281642
104	Homo sapiens	2021-12-23	Sri Lanka	AY.125	EPI_ISL_8281640
104	Homo sapiens	2021-12-23	Sri Lanka	AY.36	EPI_ISL_8281635
104	Homo sapiens	2021-12-23	Sri Lanka	AY.104	EPI_ISL_8281643
104	Homo sapiens	2021-12-23	Sri Lanka	AY.104	EPI_ISL_8281639
104	Homo sapiens	2021-12-23	Sri Lanka	AY.104	EPI_ISL_8281630
104	Homo sapiens	2021-12-23	Sri Lanka	AY.104	EPI_ISL_8281624
104	Homo sapiens	2021-12-23	Sri Lanka	AY.28	EPI_ISL_8281626
104	Homo sapiens	2021-12-22	Sri Lanka	AY.104	EPI_ISL_8281553
104	Homo sapiens	2021-12-22	Sri Lanka	AY.104	EPI_ISL_8281551
104	Homo sapiens	2021-12-22	Sri Lanka	B.1.617.2	EPI_ISL_8281560
104	Homo sapiens	2021-12-22	Sri Lanka	BA.1.17.2	EPI_ISL_8281492
104	Homo sapiens	2021-12-22	Sri Lanka	AY.104	EPI_ISL_8281518
104	Homo sapiens	2021-12-22	Sri Lanka	AY.28	EPI_ISL_8281519
104	Homo sapiens	2021-12-22	Sri Lanka	AY.104	EPI_ISL_8281552
104	Homo sapiens	2021-12-22	Sri Lanka	AY.104	EPI_ISL_8281550
104	Homo sapiens	2021-12-21	Sri Lanka	AY.104	EPI_ISL_8281486
104	Homo sapiens	2021-12-21	Sri Lanka	AY.28	EPI_ISL_8281488
104	Homo sapiens	2021-12-20	Sri Lanka	B.1.617.2	EPI_ISL_8281527
103	Homo sapiens	2021-12-19	Sri Lanka	B.1.617.2	EPI_ISL_8281483
103	Homo sapiens	2021-12-19	Sri Lanka	B.1.617.2	EPI_ISL_8281543
103	Homo sapiens	2021-12-19	Sri Lanka	B.1.617.2	EPI_ISL_8281544
103	Homo sapiens	2021-12-19	Sri Lanka	AY.104	EPI_ISL_8281605
103	Homo sapiens	2021-12-18	Sri Lanka	AY.104	EPI_ISL_8281609
103	Homo sapiens	2021-12-18	Sri Lanka	AY.104	EPI_ISL_8281608
103	Homo sapiens	2021-12-17	Sri Lanka	AY.104	EPI_ISL_8281612
103	Homo sapiens	2021-12-17	Sri Lanka	AY.127	EPI_ISL_8281613
103	Homo sapiens	2021-12-17	Sri Lanka	AY.104	EPI_ISL_8281611
103	Homo sapiens	2021-12-17	Sri Lanka	AY.104	EPI_ISL_8281604
103	Homo sapiens	2021-12-16	Sri Lanka	B.1.617.2	EPI_ISL_8281541
103	Homo sapiens	2021-12-16	Sri Lanka	AY.28	EPI_ISL_8281537
103	Homo sapiens	2021-12-16	Sri Lanka	AY.28	EPI_ISL_8281538
103	Homo sapiens	2021-12-16	Sri Lanka	AY.28	EPI_ISL_8281571
103	Homo sapiens	2021-12-16	Sri Lanka	AY.104	EPI_ISL_8281594
103	Homo sapiens	2021-12-16	Sri Lanka	AY.104	EPI_ISL_8281603
103	Homo sapiens	2021-12-16	Sri Lanka	AY.104	EPI_ISL_8281570
103	Homo sapiens	2021-12-16	Sri Lanka	AY.120	EPI_ISL_8281549
103	Homo sapiens	2021-12-16	Sri Lanka	AY.104	EPI_ISL_8281628
103	Homo sapiens	2021-12-16	Sri Lanka	AY.104	EPI_ISL_8281585
103	Homo sapiens	2021-12-16	Sri Lanka	AY.104	EPI_ISL_8281600
103	Homo sapiens	2021-12-15	Sri Lanka	AY.28	EPI_ISL_8281516
103	Homo sapiens	2021-12-15	Sri Lanka	B.1.617.2	EPI_ISL_8281536
103	Homo sapiens	2021-12-15	Sri Lanka	AY.28	EPI_ISL_8281478
103	Homo sapiens	2021-12-15	Sri Lanka	AY.28	EPI_ISL_8281596
103	Homo sapiens	2021-12-15	Sri Lanka	AY.104	EPI_ISL_8281598
103	Homo sapiens	2021-12-15	Sri Lanka	AY.28	EPI_ISL_8281601
103	Homo sapiens	2021-12-15	Sri Lanka	AY.28	EPI_ISL_8281533
103	Homo sapiens	2021-12-15	Sri Lanka	AY.104	EPI_ISL_8281534
103	Homo sapiens	2021-12-15	Sri Lanka	AY.104	EPI_ISL_8281548
103	Homo sapiens	2021-12-15	Sri Lanka	AY.28	EPI_ISL_8281547
103	Homo sapiens	2021-12-15	Sri Lanka	AY.104	EPI_ISL_8281599
103	Homo sapiens	2021-12-15	Sri Lanka	B.1.617.2	EPI_ISL_8281627
103	Homo sapiens	2021-12-15	Sri Lanka	AY.104	EPI_ISL_8281589
103	Homo sapiens	2021-12-15	Sri Lanka	B.1.617.2	EPI_ISL_8281615
103	Homo sapiens	2021-12-15	Sri Lanka	AY.104	EPI_ISL_8281614
103	Homo sapiens	2021-12-14	Sri Lanka	AY.104	EPI_ISL_8281479
103	Homo sapiens	2021-12-14	Sri Lanka	AY.104	EPI_ISL_8281522
103	Homo sapiens	2021-12-14	Sri Lanka	AY.28	EPI_ISL_8281575
103	Homo sapiens	2021-12-14	Sri Lanka	AY.104	EPI_ISL_8281576
103	Homo sapiens	2021-12-13	Sri Lanka	AY.28	EPI_ISL_8281528
101	Homo sapiens	2021-12-03	Sri Lanka	AY.104	EPI_ISL_8281618
107	Homo sapiens	2022-01-10	Sri Lanka	AY.104	EPI_ISL_8769549
106	Homo sapiens	2022-01-09	Sri Lanka	BA.1.1.7	EPI_ISL_8769539
106	Homo sapiens	2022-01-08	Sri Lanka	BA.1	EPI_ISL_8769528
106	Homo sapiens	2022-01-08	Sri Lanka	AY.104	EPI_ISL_8769527
106	Homo sapiens	2022-01-07	Sri Lanka	AY.28	EPI_ISL_8769517
106	Homo sapiens	2022-01-06	Sri Lanka	BA.1.1	EPI_ISL_8769508
106	Homo sapiens	2022-01-06	Sri Lanka	AY.104	EPI_ISL_8769494
106	Homo sapiens	2022-01-06	Sri Lanka	AY.28	EPI_ISL_8769511
106	Homo sapiens	2022-01-04	Sri Lanka	AY.104	EPI_ISL_8769477
106	Homo sapiens	2022-01-03	Sri Lanka	BA.1	EPI_ISL_8769435
106	Homo sapiens	2022-01-03	Sri Lanka	AY.104	EPI_ISL_8769452
106	Homo sapiens	2022-01-03	Sri Lanka	AY.104	EPI_ISL_8769456
106	Homo sapiens	2022-01-03	Sri Lanka	AY.104	EPI_ISL_8769444
106	Homo sapiens	2022-01-03	Sri Lanka	AY.28	EPI_ISL_8769448
105	Homo sapiens	2022-01-02	Sri Lanka	BA.1.1	EPI_ISL_8769421
105	Homo sapiens	2022-01-01	Sri Lanka	BA.1.1	EPI_ISL_8769407
105	Homo sapiens	2022-01-01	Sri Lanka	BA.1.15	EPI_ISL_8769406
105	Homo sapiens	2022-01-01	Sri Lanka	AY.104	EPI_ISL_8769415
105	Homo sapiens	2022-01-01	Sri Lanka	AY.104	EPI_ISL_8769414
105	Homo sapiens	2021-12-31	Sri Lanka	AY.28	EPI_ISL_8769396
105	Homo sapiens	2021-12-31	Sri Lanka	BA.1	EPI_ISL_8769394
105	Homo sapiens	2021-12-31	Sri Lanka	BA.1.1	EPI_ISL_8769400
105	Homo sapiens	2021-12-31	Sri Lanka	B.1.617.2	EPI_ISL_8769403
105	Homo sapiens	2021-12-30	Sri Lanka	B.1.617.2	EPI_ISL_8769390
105	Homo sapiens	2021-12-30	Sri Lanka	BA.1	EPI_ISL_8769392
105	Homo sapiens	2021-12-30	Sri Lanka	BA.1.1.15	EPI_ISL_8769387
105	Homo sapiens	2021-12-28	Sri Lanka	BA.1.1	EPI_ISL_8769375
105	Homo sapiens	2021-12-28	Sri Lanka	BA.1.1	EPI_ISL_8769377
105	Homo sapiens	2021-12-28	Sri Lanka	BA.1.1	EPI_ISL_8769378
104	Homo sapiens	2021-12-22	Sri Lanka	AY.104	EPI_ISL_8769372
104	Homo sapiens	2021-12-22	Sri Lanka	AY.28	EPI_ISL_8769373
102	Homo sapiens	2021-12-06	Sri Lanka	AY.104	EPI_ISL_8889620
102	Homo sapiens	2021-12-06	Sri Lanka	AY.104	EPI_ISL_8889621
102	Homo sapiens	2021-12-06	Sri Lanka	AY.104	EPI_ISL_8889611
101	Homo sapiens	2021-12-05	Sri Lanka	B.1.617.2	EPI_ISL_8889617
101	Homo sapiens	2021-12-01	Sri Lanka	AY.104	EPI_ISL_8889612
101	Homo sapiens	2021-12-01	Sri Lanka	AY.104	EPI_ISL_8889610
101	Homo sapiens	2021-12-01	Sri Lanka	B.1.617.2	EPI_ISL_8889613
101	Homo sapiens	2021-12-01	Sri Lanka	AY.104	EPI_ISL_8889614
101	Homo sapiens	2021-12-01	Sri Lanka	AY.104	EPI_ISL_8889618
100	Homo sapiens	2021-11-27	Sri Lanka	AY.104	EPI_ISL_8889616
100	Homo sapiens	2021-11-26	Sri Lanka	B.1.411	EPI_ISL_8889632
97	Homo sapiens	2021-11-07	Sri Lanka	AY.104	EPI_ISL_8879873
97	Homo sapiens	2021-11-07	Sri Lanka	AY.104	EPI_ISL_8879877
97	Homo sapiens	2021-11-07	Sri Lanka	AY.104	EPI_ISL_8879878
97	Homo sapiens	2021-11-07	Sri Lanka	AY.104	EPI_ISL_8879879
97	Homo sapiens	2021-11-06	Sri Lanka	AY.104	EPI_ISL_8879868
97	Homo sapiens	2021-11-03	Sri Lanka	AY.104	EPI_ISL_8879864
96	Homo sapiens	2021-10-28	Sri Lanka	AY.104	EPI_ISL_8879843
108	Homo sapiens	2022-01-18	Sri Lanka	AY.104	EPI_ISL_9072090
109	Homo sapiens	2022-01-25	Sri Lanka	BA.1.1	EPI_ISL_9285979
109	Homo sapiens	2022-01-24	Sri Lanka	BA.2	EPI_ISL_9285973
108	Homo sapiens	2022-01-20	Sri Lanka	BA.1.1	EPI_ISL_9285960
107	Homo sapiens	2022-01-11	Sri Lanka	BA.1.21	EPI_ISL_9285937
106	Homo sapiens	2022-01-04	Sri Lanka	AY.95	EPI_ISL_9285974
106	Homo sapiens	2022-01-04	Sri Lanka	AY.104	EPI_ISL_9285911
106	Homo sapiens	2022-01-04	Sri Lanka	B.1.617.2	EPI_ISL_9285907
109	Homo sapiens	2022-01-25	Sri Lanka	AY.104	EPI_ISL_9570765
110	Homo sapiens	2022-02-02	Sri Lanka	BA.1.18	EPI_ISL_9829901
110	Homo sapiens	2022-02-03	Sri Lanka	BA.1	EPI_ISL_9829914
111	Homo sapiens	2022-02-07	Sri Lanka	BA.2	EPI_ISL_9829966
110	Homo sapiens	2022-02-03	Sri Lanka	BA.2	EPI_ISL_9829964
110	Homo sapiens	2022-02-02	Sri Lanka	BA.2	EPI_ISL_9829924
110	Homo sapiens	2022-02-03	Sri Lanka	BA.1.1	EPI_ISL_11438023
121	Homo sapiens	2022-04-19	Sri Lanka	BA.2	EPI_ISL_13232322
121	Homo sapiens	2022-04-19	Sri Lanka	BA.2	EPI_ISL_13232320
132	Homo sapiens	2022-07-07	Sri Lanka	BF.15	EPI_ISL_14155945
133	Homo sapiens	2022-07-11	Sri Lanka	BF.15	EPI_ISL_14155936
133	Homo sapiens	2022-07-17	Sri Lanka	BA.5.2.1	EPI_ISL_14155935
133	Homo sapiens	2022-07-17	Sri Lanka	BA.5.1	EPI_ISL_14155946
137	Homo sapiens	2022-08-12	Sri Lanka	BA.5.2.1	EPI_ISL_14915721
137	Homo sapiens	2022-08-09	Sri Lanka	BA.5.2	EPI_ISL_14915713
138	Homo sapiens	2022-08-19	Sri Lanka	BA.5.2	EPI_ISL_14915718
138	Homo sapiens	2022-08-18	Sri Lanka	BF.15	EPI_ISL_14915717
137	Homo sapiens	2022-08-10	Sri Lanka	BA.5.2.1	EPI_ISL_14915720
137	Homo sapiens	2022-08-10	Sri Lanka	BF.15	EPI_ISL_14915709
155	Homo sapiens	2022-12-13	Sri Lanka	CH.1.1.1	EPI_ISL_16970902
