19	Homo sapiens	2020-05-07	Suriname	B.1.219	EPI_ISL_517616
25	Homo sapiens	2020-06-17	Suriname	B.1.219	EPI_ISL_517622
25	Homo sapiens	2020-06-20	Suriname	B.1.219	EPI_ISL_517623
26	Homo sapiens	2020-06-24	Suriname	B.1.219	EPI_ISL_517624
26	Homo sapiens	2020-06-25	Suriname	B.1.219	EPI_ISL_517625
26	Homo sapiens	2020-06-25	Suriname	B.1.219	EPI_ISL_517626
26	Homo sapiens	2020-06-25	Suriname	B.1.219	EPI_ISL_517627
26	Homo sapiens	2020-06-25	Suriname	B.1.219	EPI_ISL_517628
26	Homo sapiens	2020-06-25	Suriname	B.1.219	EPI_ISL_517629
26	Homo sapiens	2020-06-25	Suriname	B.1.219	EPI_ISL_517630
26	Homo sapiens	2020-06-25	Suriname	B.1.219	EPI_ISL_517631
26	Homo sapiens	2020-06-25	Suriname	B.1.219	EPI_ISL_517633
26	Homo sapiens	2020-06-25	Suriname	B.1.219	EPI_ISL_517638
26	Homo sapiens	2020-06-25	Suriname	B.1.219	EPI_ISL_517639
26	Homo sapiens	2020-06-25	Suriname	B.1.219	EPI_ISL_517640
26	Homo sapiens	2020-06-25	Suriname	B.1.219	EPI_ISL_517641
26	Homo sapiens	2020-06-25	Suriname	B.1.219	EPI_ISL_517644
26	Homo sapiens	2020-06-25	Suriname	B.1.219	EPI_ISL_517645
26	Homo sapiens	2020-06-26	Suriname	B.1.219	EPI_ISL_517646
26	Homo sapiens	2020-06-26	Suriname	B.1.219	EPI_ISL_517648
26	Homo sapiens	2020-06-26	Suriname	B.1.219	EPI_ISL_517650
26	Homo sapiens	2020-06-26	Suriname	B.1.219	EPI_ISL_517651
26	Homo sapiens	2020-06-26	Suriname	B.1.219	EPI_ISL_517652
26	Homo sapiens	2020-06-26	Suriname	B.1.219	EPI_ISL_517653
26	Homo sapiens	2020-06-27	Suriname	B.1.219	EPI_ISL_517654
29	Homo sapiens	2020-07-13	Suriname	B.1.219	EPI_ISL_517658
29	Homo sapiens	2020-07-14	Suriname	B.1.219	EPI_ISL_517659
29	Homo sapiens	2020-07-16	Suriname	B.1.219	EPI_ISL_518799
29	Homo sapiens	2020-07-16	Suriname	B.1.219	EPI_ISL_518801
29	Homo sapiens	2020-07-16	Suriname	B.1.219	EPI_ISL_518802
29	Homo sapiens	2020-07-16	Suriname	B.1.219	EPI_ISL_518803
29	Homo sapiens	2020-07-16	Suriname	B.1.219	EPI_ISL_518804
29	Homo sapiens	2020-07-16	Suriname	N.2	EPI_ISL_518805
29	Homo sapiens	2020-07-16	Suriname	B.1.219	EPI_ISL_518806
29	Homo sapiens	2020-07-16	Suriname	B.1.219	EPI_ISL_518808
29	Homo sapiens	2020-07-16	Suriname	B.1.219	EPI_ISL_518809
29	Homo sapiens	2020-07-16	Suriname	B.1.219	EPI_ISL_518810
29	Homo sapiens	2020-07-16	Suriname	N.2	EPI_ISL_518812
29	Homo sapiens	2020-07-18	Suriname	B.1.219	EPI_ISL_518814
29	Homo sapiens	2020-07-19	Suriname	B.1.219	EPI_ISL_518817
62	Homo sapiens	2021-03-05	Suriname	B.1.1.7	EPI_ISL_1520866
62	Homo sapiens	2021-03-01	Suriname	B.1.1.7	EPI_ISL_1520868
60	Homo sapiens	2021-02-18	Suriname	B.1.1.7	EPI_ISL_1520874
64	Homo sapiens	2021-03-21	Suriname	B.1.1.7	EPI_ISL_1521188
64	Homo sapiens	2021-03-19	Suriname	A.2.5	EPI_ISL_1521293
61	Homo sapiens	2021-02-23	Suriname	P.1	EPI_ISL_1521321
65	Homo sapiens	2021-03-22	Suriname	P.1	EPI_ISL_1521322
64	Homo sapiens	2021-03-20	Suriname	P.1	EPI_ISL_1521323
62	Homo sapiens	2021-03-01	Suriname	P.1	EPI_ISL_1521324
62	Homo sapiens	2021-03-05	Suriname	P.1	EPI_ISL_1521325
61	Homo sapiens	2021-02-22	Suriname	P.1	EPI_ISL_1521326
65	Homo sapiens	2021-03-23	Suriname	P.1	EPI_ISL_1521327
65	Homo sapiens	2021-03-23	Suriname	P.1	EPI_ISL_1521328
64	Homo sapiens	2021-03-19	Suriname	B.1.1.7	EPI_ISL_1521824
65	Homo sapiens	2021-03-22	Suriname	B.1.1.7	EPI_ISL_1521833
64	Homo sapiens	2021-03-17	Suriname	B.1.1.7	EPI_ISL_1521836
64	Homo sapiens	2021-03-19	Suriname	A.2.5	EPI_ISL_1522075
64	Homo sapiens	2021-03-20	Suriname	A.2.5	EPI_ISL_1522076
64	Homo sapiens	2021-03-20	Suriname	B.1.351	EPI_ISL_1522125
65	Homo sapiens	2021-03-22	Suriname	B.1.351	EPI_ISL_1522127
64	Homo sapiens	2021-03-19	Suriname	B.1.351	EPI_ISL_1522128
60	Homo sapiens	2021-02-20	Suriname	P.2	EPI_ISL_1522175
61	Homo sapiens	2021-02-22	Suriname	P.2	EPI_ISL_1522176
61	Homo sapiens	2021-02-26	Suriname	P.2	EPI_ISL_1522177
61	Homo sapiens	2021-02-24	Suriname	P.2	EPI_ISL_1522178
62	Homo sapiens	2021-03-03	Suriname	P.2	EPI_ISL_1522179
60	Homo sapiens	2021-02-20	Suriname	P.2	EPI_ISL_1522180
61	Homo sapiens	2021-02-25	Suriname	P.2	EPI_ISL_1522181
62	Homo sapiens	2021-03-02	Suriname	P.2	EPI_ISL_1522182
62	Homo sapiens	2021-03-06	Suriname	P.2	EPI_ISL_1522183
61	Homo sapiens	2021-02-22	Suriname	P.2	EPI_ISL_1522185
61	Homo sapiens	2021-02-23	Suriname	P.2	EPI_ISL_1522186
61	Homo sapiens	2021-02-27	Suriname	P.2	EPI_ISL_1522187
60	Homo sapiens	2021-02-16	Suriname	P.2	EPI_ISL_1522188
61	Homo sapiens	2021-02-22	Suriname	P.2	EPI_ISL_1522189
62	Homo sapiens	2021-03-01	Suriname	P.2	EPI_ISL_1522190
63	Homo sapiens	2021-03-11	Suriname	P.2	EPI_ISL_1522191
62	Homo sapiens	2021-03-06	Suriname	P.2	EPI_ISL_1522192
60	Homo sapiens	2021-02-18	Suriname	P.2	EPI_ISL_1522193
61	Homo sapiens	2021-02-22	Suriname	P.2	EPI_ISL_1522194
61	Homo sapiens	2021-02-26	Suriname	P.2	EPI_ISL_1522195
63	Homo sapiens	2021-03-11	Suriname	P.2	EPI_ISL_1522196
61	Homo sapiens	2021-02-26	Suriname	P.2	EPI_ISL_1522197
62	Homo sapiens	2021-03-02	Suriname	P.2	EPI_ISL_1522200
64	Homo sapiens	2021-03-18	Suriname	P.2	EPI_ISL_1522201
61	Homo sapiens	2021-02-22	Suriname	P.2	EPI_ISL_1522202
61	Homo sapiens	2021-02-24	Suriname	P.2	EPI_ISL_1522203
62	Homo sapiens	2021-03-03	Suriname	P.2	EPI_ISL_1522204
62	Homo sapiens	2021-03-03	Suriname	P.2	EPI_ISL_1522206
64	Homo sapiens	2021-03-20	Suriname	P.2	EPI_ISL_1522207
65	Homo sapiens	2021-03-22	Suriname	P.2	EPI_ISL_1522208
61	Homo sapiens	2021-02-22	Suriname	P.2	EPI_ISL_1522210
61	Homo sapiens	2021-02-25	Suriname	P.2	EPI_ISL_1522211
65	Homo sapiens	2021-03-22	Suriname	P.2	EPI_ISL_1522214
65	Homo sapiens	2021-03-22	Suriname	P.2	EPI_ISL_1522220
59	Homo sapiens	2021-02-13	Suriname	P.2	EPI_ISL_1522184
59	Homo sapiens	2021-02-08	Suriname	P.2	EPI_ISL_1522199
58	Homo sapiens	2021-02-03	Suriname	P.2	EPI_ISL_1522213
58	Homo sapiens	2021-02-05	Suriname	P.2	EPI_ISL_1522215
59	Homo sapiens	2021-02-08	Suriname	P.2	EPI_ISL_1522216
58	Homo sapiens	2021-02-02	Suriname	P.2	EPI_ISL_1522217
58	Homo sapiens	2021-02-06	Suriname	P.2	EPI_ISL_1522218
58	Homo sapiens	2021-02-02	Suriname	P.2	EPI_ISL_1522219
58	Homo sapiens	2021-02-01	Suriname	P.2	EPI_ISL_1522222
58	Homo sapiens	2021-02-03	Suriname	P.2	EPI_ISL_1522223
58	Homo sapiens	2021-02-04	Suriname	P.2	EPI_ISL_1522224
73	Homo sapiens	2021-05-18	Suriname	P.1	EPI_ISL_2502505
73	Homo sapiens	2021-05-17	Suriname	P.1	EPI_ISL_2502503
73	Homo sapiens	2021-05-17	Suriname	P.1	EPI_ISL_2502504
72	Homo sapiens	2021-05-16	Suriname	P.1	EPI_ISL_2502499
72	Homo sapiens	2021-05-16	Suriname	P.1	EPI_ISL_2502500
72	Homo sapiens	2021-05-15	Suriname	P.1	EPI_ISL_2502495
72	Homo sapiens	2021-05-15	Suriname	P.1	EPI_ISL_2502496
72	Homo sapiens	2021-05-15	Suriname	P.1	EPI_ISL_2502497
72	Homo sapiens	2021-05-15	Suriname	P.1	EPI_ISL_2502498
72	Homo sapiens	2021-05-14	Suriname	P.1	EPI_ISL_2502492
72	Homo sapiens	2021-05-14	Suriname	P.1	EPI_ISL_2502493
72	Homo sapiens	2021-05-14	Suriname	P.1	EPI_ISL_2502494
72	Homo sapiens	2021-05-13	Suriname	P.1	EPI_ISL_2502490
72	Homo sapiens	2021-05-13	Suriname	P.1	EPI_ISL_2502491
72	Homo sapiens	2021-05-12	Suriname	P.1	EPI_ISL_2502489
72	Homo sapiens	2021-05-11	Suriname	P.1	EPI_ISL_2502484
72	Homo sapiens	2021-05-11	Suriname	P.1	EPI_ISL_2502485
72	Homo sapiens	2021-05-11	Suriname	P.1	EPI_ISL_2502486
72	Homo sapiens	2021-05-11	Suriname	P.1	EPI_ISL_2502508
72	Homo sapiens	2021-05-11	Suriname	P.1	EPI_ISL_2502487
72	Homo sapiens	2021-05-10	Suriname	P.1	EPI_ISL_2502483
71	Homo sapiens	2021-05-05	Suriname	B.1.1.7	EPI_ISL_2502421
71	Homo sapiens	2021-05-05	Suriname	B.1.1.7	EPI_ISL_2502420
70	Homo sapiens	2021-04-30	Suriname	P.2	EPI_ISL_2502575
70	Homo sapiens	2021-04-26	Suriname	P.1	EPI_ISL_2502478
69	Homo sapiens	2021-04-20	Suriname	P.1	EPI_ISL_2502476
69	Homo sapiens	2021-04-20	Suriname	P.1	EPI_ISL_2502477
69	Homo sapiens	2021-04-19	Suriname	P.1	EPI_ISL_2502475
68	Homo sapiens	2021-04-18	Suriname	P.1	EPI_ISL_2502474
68	Homo sapiens	2021-04-17	Suriname	B.1.637	EPI_ISL_2502518
68	Homo sapiens	2021-04-15	Suriname	P.1	EPI_ISL_2502471
68	Homo sapiens	2021-04-13	Suriname	P.2	EPI_ISL_2502574
68	Homo sapiens	2021-04-13	Suriname	P.1	EPI_ISL_2502468
68	Homo sapiens	2021-04-13	Suriname	P.1	EPI_ISL_2502469
68	Homo sapiens	2021-04-13	Suriname	P.1	EPI_ISL_2502470
68	Homo sapiens	2021-04-12	Suriname	P.1	EPI_ISL_2502463
68	Homo sapiens	2021-04-12	Suriname	P.1	EPI_ISL_2502464
68	Homo sapiens	2021-04-12	Suriname	P.1	EPI_ISL_2502465
67	Homo sapiens	2021-04-10	Suriname	P.2	EPI_ISL_2502573
67	Homo sapiens	2021-04-10	Suriname	P.1	EPI_ISL_2502462
67	Homo sapiens	2021-04-09	Suriname	P.2	EPI_ISL_2502513
67	Homo sapiens	2021-04-08	Suriname	B.1.637	EPI_ISL_2502517
67	Homo sapiens	2021-04-07	Suriname	P.1	EPI_ISL_2502458
67	Homo sapiens	2021-04-07	Suriname	P.2	EPI_ISL_2502511
67	Homo sapiens	2021-04-07	Suriname	P.2	EPI_ISL_2502572
67	Homo sapiens	2021-04-07	Suriname	P.2	EPI_ISL_2502512
66	Homo sapiens	2021-04-03	Suriname	P.1	EPI_ISL_2502455
66	Homo sapiens	2021-04-03	Suriname	P.1	EPI_ISL_2502456
66	Homo sapiens	2021-04-02	Suriname	P.1	EPI_ISL_2502453
66	Homo sapiens	2021-04-02	Suriname	P.1	EPI_ISL_2502454
66	Homo sapiens	2021-04-01	Suriname	P.1	EPI_ISL_2502451
66	Homo sapiens	2021-03-31	Suriname	P.1	EPI_ISL_2502449
66	Homo sapiens	2021-03-31	Suriname	P.1	EPI_ISL_2502450
66	Homo sapiens	2021-03-30	Suriname	P.2	EPI_ISL_2502570
66	Homo sapiens	2021-03-30	Suriname	P.1	EPI_ISL_2502448
66	Homo sapiens	2021-03-29	Suriname	P.2	EPI_ISL_2502565
66	Homo sapiens	2021-03-29	Suriname	P.2	EPI_ISL_2502566
65	Homo sapiens	2021-03-28	Suriname	P.1	EPI_ISL_2502442
65	Homo sapiens	2021-03-28	Suriname	P.1	EPI_ISL_2502443
65	Homo sapiens	2021-03-28	Suriname	P.1	EPI_ISL_2502444
65	Homo sapiens	2021-03-28	Suriname	P.1	EPI_ISL_2502445
65	Homo sapiens	2021-03-28	Suriname	P.1	EPI_ISL_2502446
65	Homo sapiens	2021-03-26	Suriname	P.2	EPI_ISL_2502563
65	Homo sapiens	2021-03-26	Suriname	P.2	EPI_ISL_2502564
65	Homo sapiens	2021-03-25	Suriname	B.1.1.7	EPI_ISL_2502419
56	Homo sapiens	2021-01-22	Suriname	P.2	EPI_ISL_2502557
56	Homo sapiens	2021-01-22	Suriname	P.2	EPI_ISL_2502558
56	Homo sapiens	2021-01-22	Suriname	P.2	EPI_ISL_2502559
56	Homo sapiens	2021-01-22	Suriname	P.2	EPI_ISL_2502560
56	Homo sapiens	2021-01-22	Suriname	P.2	EPI_ISL_2502562
56	Homo sapiens	2021-01-21	Suriname	P.2	EPI_ISL_2502554
56	Homo sapiens	2021-01-21	Suriname	P.2	EPI_ISL_2502556
56	Homo sapiens	2021-01-20	Suriname	P.2	EPI_ISL_2502553
52	Homo sapiens	2020-12-27	Suriname	P.2	EPI_ISL_2502552
52	Homo sapiens	2020-12-25	Suriname	P.2	EPI_ISL_2502551
51	Homo sapiens	2020-12-19	Suriname	P.2	EPI_ISL_2502548
51	Homo sapiens	2020-12-19	Suriname	P.2	EPI_ISL_2502549
51	Homo sapiens	2020-12-17	Suriname	P.2	EPI_ISL_2502546
51	Homo sapiens	2020-12-16	Suriname	P.2	EPI_ISL_2502545
51	Homo sapiens	2020-12-15	Suriname	P.2	EPI_ISL_2502544
34	Homo sapiens	2020-08-20	Suriname	N.2	EPI_ISL_2502543
34	Homo sapiens	2020-08-19	Suriname	B.1.1.33	EPI_ISL_2502542
34	Homo sapiens	2020-08-17	Suriname	B.1.1.33	EPI_ISL_2502541
33	Homo sapiens	2020-08-15	Suriname	B.1.219	EPI_ISL_2502540
33	Homo sapiens	2020-08-14	Suriname	B.1.1.33	EPI_ISL_2502535
33	Homo sapiens	2020-08-14	Suriname	B.1.219	EPI_ISL_2502537
33	Homo sapiens	2020-08-14	Suriname	B.1.219	EPI_ISL_2502538
33	Homo sapiens	2020-08-10	Suriname	B.1.219	EPI_ISL_2502532
33	Homo sapiens	2020-08-10	Suriname	B.1.219	EPI_ISL_2502533
32	Homo sapiens	2020-08-06	Suriname	B.1.219	EPI_ISL_2502530
32	Homo sapiens	2020-08-06	Suriname	B.1.1.33	EPI_ISL_2502531
32	Homo sapiens	2020-08-04	Suriname	B.1.219	EPI_ISL_2502528
32	Homo sapiens	2020-08-03	Suriname	B.1.219	EPI_ISL_2502525
32	Homo sapiens	2020-08-03	Suriname	B.1.219	EPI_ISL_2502526
32	Homo sapiens	2020-08-03	Suriname	B.1.219	EPI_ISL_2502527
31	Homo sapiens	2020-07-29	Suriname	B.1.219	EPI_ISL_2502524
73	Homo sapiens	2021-05-19	Suriname	P.1	EPI_ISL_3462589
73	Homo sapiens	2021-05-20	Suriname	P.1	EPI_ISL_3462623
73	Homo sapiens	2021-05-20	Suriname	P.1	EPI_ISL_3462624
73	Homo sapiens	2021-05-20	Suriname	P.1	EPI_ISL_3462625
73	Homo sapiens	2021-05-20	Suriname	P.1	EPI_ISL_3462626
73	Homo sapiens	2021-05-23	Suriname	P.1	EPI_ISL_3462627
73	Homo sapiens	2021-05-23	Suriname	P.1	EPI_ISL_3462628
73	Homo sapiens	2021-05-23	Suriname	P.1	EPI_ISL_3462629
74	Homo sapiens	2021-05-24	Suriname	P.1	EPI_ISL_3462728
74	Homo sapiens	2021-05-24	Suriname	P.1	EPI_ISL_3462631
74	Homo sapiens	2021-05-24	Suriname	B.1.1.7	EPI_ISL_3462587
74	Homo sapiens	2021-05-24	Suriname	P.1	EPI_ISL_3462632
74	Homo sapiens	2021-05-25	Suriname	P.1	EPI_ISL_3462633
74	Homo sapiens	2021-05-25	Suriname	P.1	EPI_ISL_3462634
74	Homo sapiens	2021-05-26	Suriname	P.1	EPI_ISL_3462635
74	Homo sapiens	2021-05-26	Suriname	P.1	EPI_ISL_3462636
74	Homo sapiens	2021-05-26	Suriname	P.1	EPI_ISL_3462637
74	Homo sapiens	2021-05-26	Suriname	P.1	EPI_ISL_3462638
74	Homo sapiens	2021-05-27	Suriname	P.1	EPI_ISL_3462639
74	Homo sapiens	2021-05-28	Suriname	P.1	EPI_ISL_3462640
74	Homo sapiens	2021-05-29	Suriname	P.1	EPI_ISL_3462645
75	Homo sapiens	2021-05-31	Suriname	P.1	EPI_ISL_3462647
75	Homo sapiens	2021-06-04	Suriname	P.1	EPI_ISL_3462651
75	Homo sapiens	2021-06-06	Suriname	P.1	EPI_ISL_3462654
76	Homo sapiens	2021-06-07	Suriname	P.1	EPI_ISL_3462656
76	Homo sapiens	2021-06-10	Suriname	B.1.637	EPI_ISL_3462733
76	Homo sapiens	2021-06-13	Suriname	B.1.637	EPI_ISL_3462734
76	Homo sapiens	2021-06-13	Suriname	P.1	EPI_ISL_3462659
77	Homo sapiens	2021-06-14	Suriname	P.1	EPI_ISL_3462660
79	Homo sapiens	2021-07-03	Suriname	P.1	EPI_ISL_3462686
82	Homo sapiens	2021-07-22	Suriname	P.1	EPI_ISL_3462729
82	Homo sapiens	2021-07-22	Suriname	P.1	EPI_ISL_3462697
82	Homo sapiens	2021-07-22	Suriname	P.1	EPI_ISL_3462698
82	Homo sapiens	2021-07-22	Suriname	P.1	EPI_ISL_3462699
82	Homo sapiens	2021-07-22	Suriname	P.1	EPI_ISL_3462700
82	Homo sapiens	2021-07-22	Suriname	P.1	EPI_ISL_3462701
82	Homo sapiens	2021-07-23	Suriname	P.1	EPI_ISL_3462703
82	Homo sapiens	2021-07-23	Suriname	P.1	EPI_ISL_3462704
82	Homo sapiens	2021-07-23	Suriname	P.1	EPI_ISL_3462730
82	Homo sapiens	2021-07-24	Suriname	P.1	EPI_ISL_3462709
82	Homo sapiens	2021-07-25	Suriname	P.1	EPI_ISL_3462710
82	Homo sapiens	2021-07-25	Suriname	AY.9.2	EPI_ISL_3462739
83	Homo sapiens	2021-07-26	Suriname	P.1	EPI_ISL_3462711
83	Homo sapiens	2021-07-26	Suriname	P.1	EPI_ISL_3462712
83	Homo sapiens	2021-07-26	Suriname	P.1	EPI_ISL_3462713
83	Homo sapiens	2021-07-26	Suriname	P.1	EPI_ISL_3462714
83	Homo sapiens	2021-07-26	Suriname	P.1	EPI_ISL_3462715
83	Homo sapiens	2021-07-26	Suriname	P.1	EPI_ISL_3462716
83	Homo sapiens	2021-07-26	Suriname	P.1	EPI_ISL_3462717
83	Homo sapiens	2021-07-26	Suriname	P.1	EPI_ISL_3462718
83	Homo sapiens	2021-07-26	Suriname	P.1	EPI_ISL_3462719
83	Homo sapiens	2021-07-26	Suriname	P.1	EPI_ISL_3462720
83	Homo sapiens	2021-07-27	Suriname	P.1	EPI_ISL_3462722
84	Homo sapiens	2021-08-02	Suriname	P.1	EPI_ISL_3462723
84	Homo sapiens	2021-08-02	Suriname	P.1	EPI_ISL_3462724
86	Homo sapiens	2021-08-16	Suriname	AY.43.8	EPI_ISL_4003157
86	Homo sapiens	2021-08-16	Suriname	AY.43.8	EPI_ISL_4003158
86	Homo sapiens	2021-08-16	Suriname	AY.43.8	EPI_ISL_4003159
85	Homo sapiens	2021-08-15	Suriname	AY.43.8	EPI_ISL_4003160
85	Homo sapiens	2021-08-12	Suriname	P.1	EPI_ISL_4003143
85	Homo sapiens	2021-08-12	Suriname	P.1	EPI_ISL_4003145
85	Homo sapiens	2021-08-12	Suriname	P.1	EPI_ISL_4003146
85	Homo sapiens	2021-08-12	Suriname	P.1	EPI_ISL_4003147
85	Homo sapiens	2021-08-12	Suriname	P.1	EPI_ISL_4003148
85	Homo sapiens	2021-08-09	Suriname	P.1	EPI_ISL_4003137
85	Homo sapiens	2021-08-09	Suriname	AY.43	EPI_ISL_4003138
84	Homo sapiens	2021-08-08	Suriname	AY.43.8	EPI_ISL_4003134
84	Homo sapiens	2021-08-07	Suriname	P.1	EPI_ISL_4003132
84	Homo sapiens	2021-08-06	Suriname	P.1	EPI_ISL_4003129
84	Homo sapiens	2021-08-06	Suriname	AY.43.8	EPI_ISL_4003130
84	Homo sapiens	2021-08-05	Suriname	AY.43.8	EPI_ISL_4003124
84	Homo sapiens	2021-08-05	Suriname	P.1	EPI_ISL_4003126
84	Homo sapiens	2021-08-05	Suriname	AY.43.8	EPI_ISL_4003128
84	Homo sapiens	2021-08-04	Suriname	P.1	EPI_ISL_4003120
84	Homo sapiens	2021-08-04	Suriname	P.1	EPI_ISL_4003121
84	Homo sapiens	2021-08-04	Suriname	P.1	EPI_ISL_4003122
89	Homo sapiens	2021-09-12	Suriname	AY.43.8	EPI_ISL_5017981
88	Homo sapiens	2021-09-02	Suriname	P.1	EPI_ISL_5017977
88	Homo sapiens	2021-09-02	Suriname	AY.43.8	EPI_ISL_5017978
88	Homo sapiens	2021-08-31	Suriname	AY.43.8	EPI_ISL_5017975
88	Homo sapiens	2021-08-31	Suriname	AY.43.8	EPI_ISL_5017979
88	Homo sapiens	2021-08-31	Suriname	P.1	EPI_ISL_5017980
88	Homo sapiens	2021-08-30	Suriname	AY.43.8	EPI_ISL_5017958
88	Homo sapiens	2021-08-30	Suriname	AY.43.8	EPI_ISL_5017961
87	Homo sapiens	2021-08-26	Suriname	AY.43.8	EPI_ISL_5017936
87	Homo sapiens	2021-08-24	Suriname	AY.43.8	EPI_ISL_5017926
86	Homo sapiens	2021-08-20	Suriname	P.1	EPI_ISL_5017917
86	Homo sapiens	2021-08-18	Suriname	AY.43.8	EPI_ISL_5017918
71	Homo sapiens	2021-05-06	Suriname	B.1.1.7	EPI_ISL_5032786
71	Homo sapiens	2021-05-06	Suriname	B.1.1.7	EPI_ISL_5032788
71	Homo sapiens	2021-05-03	Suriname	B.1.1.7	EPI_ISL_5032785
70	Homo sapiens	2021-04-28	Suriname	B.1.1.7	EPI_ISL_5032784
69	Homo sapiens	2021-04-19	Suriname	B.1.1.7	EPI_ISL_5032776
68	Homo sapiens	2021-04-12	Suriname	B.1.1.7	EPI_ISL_5032775
67	Homo sapiens	2021-04-08	Suriname	B.1.1.7	EPI_ISL_5032772
67	Homo sapiens	2021-04-08	Suriname	B.1.1.7	EPI_ISL_5032773
67	Homo sapiens	2021-04-08	Suriname	B.1.1.7	EPI_ISL_5032774
66	Homo sapiens	2021-04-01	Suriname	B.1.1.7	EPI_ISL_5032767
66	Homo sapiens	2021-03-31	Suriname	B.1.1.7	EPI_ISL_5032766
66	Homo sapiens	2021-03-30	Suriname	B.1.1.7	EPI_ISL_5032764
66	Homo sapiens	2021-03-30	Suriname	B.1.1.7	EPI_ISL_5032765
65	Homo sapiens	2021-03-24	Suriname	B.1.1.7	EPI_ISL_5032762
65	Homo sapiens	2021-03-24	Suriname	B.1.1.7	EPI_ISL_5032763
65	Homo sapiens	2021-03-23	Suriname	B.1.1.7	EPI_ISL_5032761
32	Homo sapiens	2020-08-04	Suriname	B.1.219	EPI_ISL_5032783
92	Homo sapiens	2021-10-01	Suriname	AY.43.8	EPI_ISL_5656458
92	Homo sapiens	2021-10-01	Suriname	AY.43.8	EPI_ISL_5656459
92	Homo sapiens	2021-10-01	Suriname	AY.43.8	EPI_ISL_5656460
92	Homo sapiens	2021-10-01	Suriname	AY.43.8	EPI_ISL_5656461
92	Homo sapiens	2021-09-28	Suriname	AY.43.8	EPI_ISL_5656457
92	Homo sapiens	2021-09-27	Suriname	AY.43.8	EPI_ISL_5656452
92	Homo sapiens	2021-09-27	Suriname	AY.43.8	EPI_ISL_5656453
92	Homo sapiens	2021-09-27	Suriname	AY.43.8	EPI_ISL_5656455
91	Homo sapiens	2021-09-23	Suriname	AY.43.8	EPI_ISL_5656449
91	Homo sapiens	2021-09-20	Suriname	AY.43.8	EPI_ISL_5656439
91	Homo sapiens	2021-09-20	Suriname	AY.43.8	EPI_ISL_5656445
91	Homo sapiens	2021-09-20	Suriname	AY.43.8	EPI_ISL_5656446
89	Homo sapiens	2021-09-11	Suriname	AY.43	EPI_ISL_5656441
89	Homo sapiens	2021-09-06	Suriname	AY.43.8	EPI_ISL_5656435
93	Homo sapiens	2021-10-10	Suriname	AY.43.8	EPI_ISL_7730621
93	Homo sapiens	2021-10-10	Suriname	AY.43.8	EPI_ISL_7730626
93	Homo sapiens	2021-10-10	Suriname	AY.43.8	EPI_ISL_7730631
93	Homo sapiens	2021-10-09	Suriname	AY.43.8	EPI_ISL_7730680
93	Homo sapiens	2021-10-08	Suriname	AY.43.8	EPI_ISL_7730617
93	Homo sapiens	2021-10-07	Suriname	AY.43.8	EPI_ISL_7730612
93	Homo sapiens	2021-10-05	Suriname	AY.43.8	EPI_ISL_7730592
93	Homo sapiens	2021-10-04	Suriname	AY.43	EPI_ISL_7730567
93	Homo sapiens	2021-10-04	Suriname	AY.43	EPI_ISL_7730573
93	Homo sapiens	2021-10-04	Suriname	AY.43	EPI_ISL_7730582
90	Homo sapiens	2021-09-15	Suriname	AY.43.8	EPI_ISL_7730558
102	Homo sapiens	2021-12-08	Suriname	AY.43.8	EPI_ISL_7957580
102	Homo sapiens	2021-12-06	Suriname	AY.43.8	EPI_ISL_7957575
101	Homo sapiens	2021-12-05	Suriname	AY.43.8	EPI_ISL_7957574
101	Homo sapiens	2021-12-03	Suriname	AY.43.8	EPI_ISL_7957573
101	Homo sapiens	2021-11-30	Suriname	AY.43.8	EPI_ISL_7957562
100	Homo sapiens	2021-11-23	Suriname	AY.43.8	EPI_ISL_7957554
99	Homo sapiens	2021-11-21	Suriname	AY.43.8	EPI_ISL_7957549
99	Homo sapiens	2021-11-21	Suriname	AY.43.8	EPI_ISL_7957547
99	Homo sapiens	2021-11-17	Suriname	AY.43.8	EPI_ISL_7957544
98	Homo sapiens	2021-11-10	Suriname	AY.43.8	EPI_ISL_7957537
98	Homo sapiens	2021-11-09	Suriname	AY.43.8	EPI_ISL_7957535
98	Homo sapiens	2021-11-09	Suriname	AY.43.8	EPI_ISL_7957536
98	Homo sapiens	2021-11-08	Suriname	AY.43.8	EPI_ISL_7957532
105	Homo sapiens	2021-12-29	Suriname	AY.43.8	EPI_ISL_8572438
104	Homo sapiens	2021-12-20	Suriname	AY.43.8	EPI_ISL_8572401
117	Homo sapiens	2022-03-21	Suriname	BA.2	EPI_ISL_13131251
116	Homo sapiens	2022-03-14	Suriname	BA.2.10	EPI_ISL_13131240
116	Homo sapiens	2022-03-16	Suriname	BA.2.10	EPI_ISL_13131243
116	Homo sapiens	2022-03-16	Suriname	BA.2	EPI_ISL_13131242
116	Homo sapiens	2022-03-16	Suriname	BA.2.40.1	EPI_ISL_13131241
116	Homo sapiens	2022-03-20	Suriname	BA.2	EPI_ISL_13131248
116	Homo sapiens	2022-03-19	Suriname	BA.2.10	EPI_ISL_13131247
114	Homo sapiens	2022-03-05	Suriname	BA.2.10	EPI_ISL_13131235
123	Homo sapiens	2022-05-06	Suriname	BA.2.30	EPI_ISL_13131282
114	Homo sapiens	2022-03-05	Suriname	BA.1.1	EPI_ISL_13131236
120	Homo sapiens	2022-04-17	Suriname	BA.2	EPI_ISL_13131261
122	Homo sapiens	2022-04-28	Suriname	BA.2.1	EPI_ISL_13131270
122	Homo sapiens	2022-04-26	Suriname	BA.2	EPI_ISL_13131269
122	Homo sapiens	2022-04-29	Suriname	BA.2.40.1	EPI_ISL_13131271
123	Homo sapiens	2022-05-03	Suriname	BA.2	EPI_ISL_13131276
122	Homo sapiens	2022-04-30	Suriname	BA.2	EPI_ISL_13131273
121	Homo sapiens	2022-04-21	Suriname	BA.2	EPI_ISL_13131266
121	Homo sapiens	2022-04-20	Suriname	BA.2	EPI_ISL_13131263
123	Homo sapiens	2022-05-08	Suriname	BA.2.40.1	EPI_ISL_13131285
51	Homo sapiens	2020-12-16	Suriname	P.2	ON745569.1
