101	Homo sapiens	2021-12-01	Syria 	AY.121	EPI_ISL_7964029
101	Homo sapiens	2021-12-01	Syria 	AY.121	EPI_ISL_7964030
101	Homo sapiens	2021-12-01	Syria 	AY.121	EPI_ISL_7964035
101	Homo sapiens	2021-12-01	Syria 	AY.121	EPI_ISL_7964034
101	Homo sapiens	2021-12-01	Syria 	AY.121	EPI_ISL_7964036
102	Homo sapiens	2021-12-11	Syria 	AY.43	EPI_ISL_8192524
102	Homo sapiens	2021-12-09	Syria 	AY.121	EPI_ISL_8192519
102	Homo sapiens	2021-12-09	Syria 	AY.43	EPI_ISL_8192525
102	Homo sapiens	2021-12-09	Syria 	AY.126	EPI_ISL_8192526
102	Homo sapiens	2021-12-09	Syria 	AY.121	EPI_ISL_8192520
102	Homo sapiens	2021-12-09	Syria 	AY.121	EPI_ISL_8192521
102	Homo sapiens	2021-12-09	Syria 	AY.121	EPI_ISL_8192522
102	Homo sapiens	2021-12-09	Syria 	AY.121	EPI_ISL_8192523
102	Homo sapiens	2021-12-09	Syria 	AY.121	EPI_ISL_8192517
102	Homo sapiens	2021-12-09	Syria 	AY.78	EPI_ISL_8192516
102	Homo sapiens	2021-12-09	Syria 	AY.126	EPI_ISL_8192518
107	Homo sapiens	2022-01-15	Syria 	BA.1.1	EPI_ISL_10038241
110	Homo sapiens	2022-01-31	Syria 	BA.1.1	EPI_ISL_10038253
110	Homo sapiens	2022-02-02	Syria 	BA.1	EPI_ISL_10038256
107	Homo sapiens	2022-01-15	Syria 	BA.1.1	EPI_ISL_10038246
110	Homo sapiens	2022-02-02	Syria 	BA.1.1	EPI_ISL_10038252
110	Homo sapiens	2022-01-31	Syria 	BA.1.18	EPI_ISL_10038251
108	Homo sapiens	2022-01-20	Syria 	BA.1.1	EPI_ISL_10038250
107	Homo sapiens	2022-01-15	Syria 	BA.1.1	EPI_ISL_10038242
110	Homo sapiens	2022-02-02	Syria 	BA.1.14	EPI_ISL_10038255
110	Homo sapiens	2022-01-31	Syria 	BA.1.1	EPI_ISL_10038254
108	Homo sapiens	2022-01-19	Syria 	BA.1.1	EPI_ISL_10038249
107	Homo sapiens	2022-01-15	Syria 	AY.126	EPI_ISL_10038240
108	Homo sapiens	2022-01-18	Syria 	BA.1	EPI_ISL_10038248
108	Homo sapiens	2022-01-18	Syria 	BA.1	EPI_ISL_10038247
107	Homo sapiens	2022-01-15	Syria 	BA.1.1	EPI_ISL_10038245
107	Homo sapiens	2022-01-15	Syria 	BA.1.1	EPI_ISL_10038244
107	Homo sapiens	2022-01-15	Syria 	BA.1.1	EPI_ISL_10038243
105	Homo sapiens	2022-01-02	Syria 	AY.121	EPI_ISL_10129602
107	Homo sapiens	2022-01-10	Syria 	B.1.617.2	EPI_ISL_10129610
106	Homo sapiens	2022-01-06	Syria 	BA.1	EPI_ISL_10129609
110	Homo sapiens	2022-02-01	Syria 	B.1.617.2	EPI_ISL_10127233
107	Homo sapiens	2022-01-10	Syria 	AY.100	EPI_ISL_10129611
107	Homo sapiens	2022-01-12	Syria 	BA.1.1	EPI_ISL_10129614
107	Homo sapiens	2022-01-12	Syria 	BA.1.1	EPI_ISL_10129615
106	Homo sapiens	2022-01-09	Syria 	BA.1.1	EPI_ISL_10129612
106	Homo sapiens	2022-01-04	Syria 	AY.121	EPI_ISL_10129605
107	Homo sapiens	2022-01-12	Syria 	BA.1.1	EPI_ISL_10129613
106	Homo sapiens	2022-01-05	Syria 	AY.121	EPI_ISL_10129607
105	Homo sapiens	2022-01-02	Syria 	AY.121	EPI_ISL_10129604
106	Homo sapiens	2022-01-06	Syria 	AY.121	EPI_ISL_10129608
106	Homo sapiens	2022-01-05	Syria 	BA.1	EPI_ISL_10129606
106	Homo sapiens	2022-01-03	Syria 	AY.121	EPI_ISL_10129603
106	Homo sapiens	2022-01-04	Syria 	AY.78	EPI_ISL_10129601
111	Homo sapiens	2022-02-10	Syria 	BA.2	EPI_ISL_10875757
112	Homo sapiens	2022-02-15	Syria 	BA.2	EPI_ISL_10875772
112	Homo sapiens	2022-02-15	Syria 	BA.2	EPI_ISL_10875774
112	Homo sapiens	2022-02-16	Syria 	BA.2	EPI_ISL_10875777
112	Homo sapiens	2022-02-16	Syria 	BA.1.1	EPI_ISL_10875778
111	Homo sapiens	2022-02-10	Syria 	BA.2	EPI_ISL_10875754
111	Homo sapiens	2022-02-12	Syria 	BA.1	EPI_ISL_10875768
111	Homo sapiens	2022-02-10	Syria 	BA.2	EPI_ISL_10875762
112	Homo sapiens	2022-02-16	Syria 	BA.2	EPI_ISL_10875780
111	Homo sapiens	2022-02-12	Syria 	BA.1.1	EPI_ISL_10875766
111	Homo sapiens	2022-02-12	Syria 	BA.1.1	EPI_ISL_10875770
112	Homo sapiens	2022-02-16	Syria 	BA.2	EPI_ISL_10875779
111	Homo sapiens	2022-02-10	Syria 	BA.2	EPI_ISL_10875764
111	Homo sapiens	2022-02-11	Syria 	BA.1	EPI_ISL_10875765
111	Homo sapiens	2022-02-12	Syria 	BA.1	EPI_ISL_10875769
112	Homo sapiens	2022-02-17	Syria 	BA.2	EPI_ISL_10875783
112	Homo sapiens	2022-02-17	Syria 	BA.2	EPI_ISL_10875785
112	Homo sapiens	2022-02-17	Syria 	BA.1.1	EPI_ISL_10875787
111	Homo sapiens	2022-02-10	Syria 	BA.1.1	EPI_ISL_10875755
111	Homo sapiens	2022-02-10	Syria 	BA.1	EPI_ISL_10875756
111	Homo sapiens	2022-02-10	Syria 	BA.2	EPI_ISL_10875760
111	Homo sapiens	2022-02-10	Syria 	BA.2	EPI_ISL_10875758
112	Homo sapiens	2022-02-16	Syria 	BA.2	EPI_ISL_10875776
111	Homo sapiens	2022-02-10	Syria 	BA.2	EPI_ISL_10875759
111	Homo sapiens	2022-02-10	Syria 	BA.2	EPI_ISL_10875763
111	Homo sapiens	2022-02-12	Syria 	BA.2	EPI_ISL_10875767
112	Homo sapiens	2022-02-15	Syria 	BA.2	EPI_ISL_10875771
112	Homo sapiens	2022-02-15	Syria 	BA.2	EPI_ISL_10875773
112	Homo sapiens	2022-02-15	Syria 	BA.2	EPI_ISL_10875775
112	Homo sapiens	2022-02-16	Syria 	BA.2	EPI_ISL_10875781
112	Homo sapiens	2022-02-16	Syria 	BA.2	EPI_ISL_10875782
112	Homo sapiens	2022-02-17	Syria 	BA.2	EPI_ISL_10875784
112	Homo sapiens	2022-02-17	Syria 	BA.2	EPI_ISL_10875786
139	Homo sapiens	2022-08-25	Syria 	A	EPI_ISL_14987039
