12	Homo sapiens	2020-03-20	Togo	A	EPI_ISL_1293351
13	Homo sapiens	2020-03-29	Togo	A	EPI_ISL_1303031
14	Homo sapiens	2020-03-31	Togo	A	EPI_ISL_1321604
14	Homo sapiens	2020-03-31	Togo	B.1.8	EPI_ISL_1404615
14	Homo sapiens	2020-04-02	Togo	B.1	EPI_ISL_1406177
14	Homo sapiens	2020-04-03	Togo	A	EPI_ISL_1415293
14	Homo sapiens	2020-04-03	Togo	B.1	EPI_ISL_1415425
14	Homo sapiens	2020-04-05	Togo	B.1	EPI_ISL_1415428
28	Homo sapiens	2020-07-10	Togo	B.1.1.487	EPI_ISL_1435763
28	Homo sapiens	2020-07-10	Togo	B.1	EPI_ISL_1436817
12	Homo sapiens	2020-03-18	Togo	B.1	EPI_ISL_1439647
13	Homo sapiens	2020-03-23	Togo	A	EPI_ISL_1440879
12	Homo sapiens	2020-03-22	Togo	A	EPI_ISL_1442993
13	Homo sapiens	2020-03-25	Togo	B.1.1	EPI_ISL_1443000
13	Homo sapiens	2020-03-29	Togo	B	EPI_ISL_1443001
40	Homo sapiens	2020-09-29	Togo	B.1	EPI_ISL_1443002
39	Homo sapiens	2020-09-22	Togo	B.1.1.135	EPI_ISL_1443003
39	Homo sapiens	2020-09-22	Togo	B.1.1.359	EPI_ISL_1445275
60	Homo sapiens	2021-02-16	Togo	B.1.1.318	EPI_ISL_1508947
60	Homo sapiens	2021-02-17	Togo	A.27	EPI_ISL_1508949
56	Homo sapiens	2021-01-22	Togo	B.1.1.7	EPI_ISL_1500948
58	Homo sapiens	2021-02-04	Togo	B.1.1.7	EPI_ISL_1502567
57	Homo sapiens	2021-01-25	Togo	A.27	EPI_ISL_1508849
58	Homo sapiens	2021-02-04	Togo	A.27	EPI_ISL_1508894
58	Homo sapiens	2021-02-04	Togo	B.1.525	EPI_ISL_1508896
58	Homo sapiens	2021-02-04	Togo	B.1.525	EPI_ISL_1508897
58	Homo sapiens	2021-02-04	Togo	B.1	EPI_ISL_1508941
58	Homo sapiens	2021-02-04	Togo	B.1	EPI_ISL_1508944
52	Homo sapiens	2020-12-25	Togo	B.1.1.1	EPI_ISL_1508953
58	Homo sapiens	2021-02-01	Togo	B.1.525	EPI_ISL_1508957
47	Homo sapiens	2020-11-20	Togo	B.1.1.404	EPI_ISL_1508958
58	Homo sapiens	2021-02-05	Togo	A.27	EPI_ISL_1508959
53	Homo sapiens	2020-12-31	Togo	B.1.1.404	EPI_ISL_1508960
59	Homo sapiens	2021-02-08	Togo	B.1.1.318	EPI_ISL_1508961
59	Homo sapiens	2021-02-08	Togo	B.1.525	EPI_ISL_1508962
58	Homo sapiens	2021-02-05	Togo	B.1.525	EPI_ISL_1508988
59	Homo sapiens	2021-02-08	Togo	A.27	EPI_ISL_1508990
59	Homo sapiens	2021-02-08	Togo	B.1.1.7	EPI_ISL_1508991
58	Homo sapiens	2021-02-05	Togo	B.1.1.7	EPI_ISL_1508998
58	Homo sapiens	2021-02-05	Togo	B.1.1.7	EPI_ISL_1509002
59	Homo sapiens	2021-02-14	Togo	B.1.525	EPI_ISL_1509095
59	Homo sapiens	2021-02-09	Togo	B.1.525	EPI_ISL_1509096
59	Homo sapiens	2021-02-11	Togo	B.1.525	EPI_ISL_1509098
59	Homo sapiens	2021-02-13	Togo	B.1.525	EPI_ISL_1509099
59	Homo sapiens	2021-02-11	Togo	B.1.525	EPI_ISL_1509100
59	Homo sapiens	2021-02-12	Togo	B.1.1.7	EPI_ISL_1509101
59	Homo sapiens	2021-02-12	Togo	B.1.525	EPI_ISL_1524650
60	Homo sapiens	2021-02-15	Togo	B.1.1.7	EPI_ISL_1524720
50	Homo sapiens	2020-12-09	Togo	B.1	EPI_ISL_1575297
57	Homo sapiens	2021-01-28	Togo	A.27	EPI_ISL_1675141
58	Homo sapiens	2021-02-03	Togo	B.1.525	EPI_ISL_1800014
57	Homo sapiens	2021-01-30	Togo	B.1.1.7	EPI_ISL_2001064
55	Homo sapiens	2021-01-15	Togo	B.1.1.7	EPI_ISL_2001062
55	Homo sapiens	2021-01-12	Togo	B.1.1.7	EPI_ISL_2001063
52	Homo sapiens	2020-12-22	Togo	L.3	EPI_ISL_2001061
61	Homo sapiens	2021-02-25	Togo	B.1.1.7	EPI_ISL_2151341
21	Homo sapiens	2020-05-23	Togo	B.1.441	EPI_ISL_2278896
50	Homo sapiens	2020-12-09	Togo	B.1	EPI_ISL_1575298
50	Homo sapiens	2020-12-09	Togo	B.1	EPI_ISL_1575299
83	Homo sapiens	2021-07-31	Togo	AY.34	EPI_ISL_3915134
83	Homo sapiens	2021-07-31	Togo	AY.122	EPI_ISL_3915135
83	Homo sapiens	2021-07-31	Togo	AY.88	EPI_ISL_3915136
83	Homo sapiens	2021-07-30	Togo	AY.122	EPI_ISL_3915106
83	Homo sapiens	2021-07-30	Togo	AY.122	EPI_ISL_3915107
83	Homo sapiens	2021-07-30	Togo	AY.122	EPI_ISL_3915108
83	Homo sapiens	2021-07-30	Togo	AY.122	EPI_ISL_3915109
83	Homo sapiens	2021-07-30	Togo	AY.122	EPI_ISL_3915110
83	Homo sapiens	2021-07-30	Togo	AY.34	EPI_ISL_3915112
83	Homo sapiens	2021-07-30	Togo	AY.122	EPI_ISL_3915111
83	Homo sapiens	2021-07-30	Togo	AY.122	EPI_ISL_3915113
83	Homo sapiens	2021-07-30	Togo	AY.112	EPI_ISL_3915104
83	Homo sapiens	2021-07-30	Togo	AY.122	EPI_ISL_3915105
83	Homo sapiens	2021-07-29	Togo	B.1.617.2	EPI_ISL_3915101
83	Homo sapiens	2021-07-29	Togo	AY.122	EPI_ISL_3915102
83	Homo sapiens	2021-07-29	Togo	AY.122	EPI_ISL_3915128
83	Homo sapiens	2021-07-29	Togo	AY.36	EPI_ISL_3915129
83	Homo sapiens	2021-07-29	Togo	AY.122	EPI_ISL_3915130
83	Homo sapiens	2021-07-29	Togo	B.1.617.2	EPI_ISL_3915131
83	Homo sapiens	2021-07-29	Togo	B.1.617.2	EPI_ISL_3915132
83	Homo sapiens	2021-07-29	Togo	AY.122	EPI_ISL_3915103
83	Homo sapiens	2021-07-28	Togo	AY.122	EPI_ISL_3915088
83	Homo sapiens	2021-07-28	Togo	AY.122	EPI_ISL_3915089
83	Homo sapiens	2021-07-28	Togo	AY.122	EPI_ISL_3915090
83	Homo sapiens	2021-07-28	Togo	AY.122	EPI_ISL_3915091
83	Homo sapiens	2021-07-28	Togo	AY.122	EPI_ISL_3915092
83	Homo sapiens	2021-07-28	Togo	AY.122	EPI_ISL_3915093
83	Homo sapiens	2021-07-28	Togo	AY.122	EPI_ISL_3915094
83	Homo sapiens	2021-07-28	Togo	AY.122	EPI_ISL_3915096
83	Homo sapiens	2021-07-28	Togo	AY.122	EPI_ISL_3915098
83	Homo sapiens	2021-07-28	Togo	AY.122	EPI_ISL_3915099
83	Homo sapiens	2021-07-28	Togo	AY.122	EPI_ISL_3915100
83	Homo sapiens	2021-07-28	Togo	AY.122	EPI_ISL_3915126
83	Homo sapiens	2021-07-28	Togo	AY.122	EPI_ISL_3915127
83	Homo sapiens	2021-07-26	Togo	AY.122	EPI_ISL_3915084
83	Homo sapiens	2021-07-26	Togo	B.1.617.2	EPI_ISL_3915085
83	Homo sapiens	2021-07-26	Togo	AY.122	EPI_ISL_3915086
83	Homo sapiens	2021-07-26	Togo	AY.122	EPI_ISL_3915087
83	Homo sapiens	2021-07-26	Togo	B.1.617.2	EPI_ISL_3915124
83	Homo sapiens	2021-07-26	Togo	AY.36	EPI_ISL_3915125
82	Homo sapiens	2021-07-25	Togo	AY.122	EPI_ISL_3915123
82	Homo sapiens	2021-07-24	Togo	AY.122	EPI_ISL_3915122
82	Homo sapiens	2021-07-22	Togo	AY.122	EPI_ISL_3915118
82	Homo sapiens	2021-07-22	Togo	AY.122	EPI_ISL_3915119
82	Homo sapiens	2021-07-22	Togo	AY.88	EPI_ISL_3915120
82	Homo sapiens	2021-07-22	Togo	B.1.617.2	EPI_ISL_3915121
82	Homo sapiens	2021-07-22	Togo	AY.36	EPI_ISL_3915082
82	Homo sapiens	2021-07-22	Togo	B.1.617.2	EPI_ISL_3915080
82	Homo sapiens	2021-07-22	Togo	AY.122	EPI_ISL_3915081
82	Homo sapiens	2021-07-20	Togo	AY.122	EPI_ISL_3915076
82	Homo sapiens	2021-07-19	Togo	AY.122	EPI_ISL_3915073
82	Homo sapiens	2021-07-19	Togo	AY.122	EPI_ISL_3915074
81	Homo sapiens	2021-07-18	Togo	B.1.617.2	EPI_ISL_3915117
81	Homo sapiens	2021-07-16	Togo	B.1.617.2	EPI_ISL_3915069
81	Homo sapiens	2021-07-16	Togo	AY.88	EPI_ISL_3915070
81	Homo sapiens	2021-07-16	Togo	AY.122	EPI_ISL_3915071
81	Homo sapiens	2021-07-16	Togo	AY.122	EPI_ISL_3915078
81	Homo sapiens	2021-07-13	Togo	B.1.617.2	EPI_ISL_3915068
80	Homo sapiens	2021-07-07	Togo	AY.122	EPI_ISL_3915066
80	Homo sapiens	2021-07-06	Togo	B.1.617.2	EPI_ISL_3915065
79	Homo sapiens	2021-07-01	Togo	B.1.617.2	EPI_ISL_3915115
79	Homo sapiens	2021-06-30	Togo	AY.122	EPI_ISL_3915045
79	Homo sapiens	2021-06-30	Togo	AY.122	EPI_ISL_3915046
79	Homo sapiens	2021-06-30	Togo	B.1.617.2	EPI_ISL_3915047
79	Homo sapiens	2021-06-30	Togo	AY.122	EPI_ISL_3915048
79	Homo sapiens	2021-06-30	Togo	B.1.1.318	EPI_ISL_3915050
79	Homo sapiens	2021-06-30	Togo	AY.122	EPI_ISL_3915053
79	Homo sapiens	2021-06-30	Togo	AY.122	EPI_ISL_3915055
79	Homo sapiens	2021-06-30	Togo	B.1.617.2	EPI_ISL_3915056
79	Homo sapiens	2021-06-29	Togo	AY.34	EPI_ISL_3915043
79	Homo sapiens	2021-06-29	Togo	B.1.617.2	EPI_ISL_3915044
79	Homo sapiens	2021-06-29	Togo	B.1.617.2	EPI_ISL_3915052
79	Homo sapiens	2021-06-28	Togo	B.1.617.2	EPI_ISL_3915023
79	Homo sapiens	2021-06-28	Togo	AY.122	EPI_ISL_3915036
79	Homo sapiens	2021-06-28	Togo	AY.122	EPI_ISL_3915038
79	Homo sapiens	2021-06-28	Togo	AY.122	EPI_ISL_3915039
79	Homo sapiens	2021-06-28	Togo	B.1.1.318	EPI_ISL_3915040
79	Homo sapiens	2021-06-28	Togo	B.1.617.2	EPI_ISL_3915041
79	Homo sapiens	2021-06-28	Togo	AY.37	EPI_ISL_3915042
78	Homo sapiens	2021-06-27	Togo	AY.122	EPI_ISL_3915064
78	Homo sapiens	2021-06-26	Togo	AY.122	EPI_ISL_3915034
78	Homo sapiens	2021-06-26	Togo	AY.122	EPI_ISL_3915035
78	Homo sapiens	2021-06-26	Togo	B.1.617.2	EPI_ISL_3915061
78	Homo sapiens	2021-06-26	Togo	B.1.617.2	EPI_ISL_3915062
78	Homo sapiens	2021-06-26	Togo	AY.122	EPI_ISL_3915063
78	Homo sapiens	2021-06-25	Togo	B.1.1.318	EPI_ISL_3915030
78	Homo sapiens	2021-06-25	Togo	AY.122	EPI_ISL_3915033
78	Homo sapiens	2021-06-25	Togo	B.1.617.2	EPI_ISL_3915032
78	Homo sapiens	2021-06-24	Togo	B.1.617.2	EPI_ISL_3915026
78	Homo sapiens	2021-06-24	Togo	B.1.617.2	EPI_ISL_3915027
78	Homo sapiens	2021-06-24	Togo	B.1.617.2	EPI_ISL_3915028
78	Homo sapiens	2021-06-23	Togo	AY.122	EPI_ISL_3915024
78	Homo sapiens	2021-06-22	Togo	B.1.617.2	EPI_ISL_3915021
78	Homo sapiens	2021-06-22	Togo	B.1.1.318	EPI_ISL_3915022
78	Homo sapiens	2021-06-21	Togo	B.1.1.318	EPI_ISL_3915020
77	Homo sapiens	2021-06-16	Togo	AY.122	EPI_ISL_3915019
77	Homo sapiens	2021-06-14	Togo	B.1.617.2	EPI_ISL_3915014
77	Homo sapiens	2021-06-14	Togo	AY.37	EPI_ISL_3915015
77	Homo sapiens	2021-06-14	Togo	B.1.617.2	EPI_ISL_3915017
76	Homo sapiens	2021-06-12	Togo	B.1.617.2	EPI_ISL_3915013
76	Homo sapiens	2021-06-10	Togo	AY.122	EPI_ISL_3915009
76	Homo sapiens	2021-06-10	Togo	B.1.617.2	EPI_ISL_3915010
76	Homo sapiens	2021-06-10	Togo	B.1.617.2	EPI_ISL_3915011
76	Homo sapiens	2021-06-07	Togo	B.1.1.318	EPI_ISL_3915007
75	Homo sapiens	2021-06-05	Togo	AY.122	EPI_ISL_3915006
75	Homo sapiens	2021-06-05	Togo	AY.122	EPI_ISL_3915057
75	Homo sapiens	2021-06-04	Togo	B.1.1.318	EPI_ISL_3915002
75	Homo sapiens	2021-06-04	Togo	B.1.1.318	EPI_ISL_3915003
75	Homo sapiens	2021-06-04	Togo	B.1.1.318	EPI_ISL_3915004
75	Homo sapiens	2021-06-04	Togo	B.1.525	EPI_ISL_3915005
75	Homo sapiens	2021-06-03	Togo	AY.122	EPI_ISL_3914996
75	Homo sapiens	2021-06-03	Togo	B.1.617.2	EPI_ISL_3915001
75	Homo sapiens	2021-06-03	Togo	B.1.617.2	EPI_ISL_3914997
75	Homo sapiens	2021-06-03	Togo	B.1.617.2	EPI_ISL_3914999
75	Homo sapiens	2021-06-03	Togo	B.1.617.2	EPI_ISL_3914995
75	Homo sapiens	2021-06-01	Togo	AY.122	EPI_ISL_3914987
75	Homo sapiens	2021-06-01	Togo	B.1.617.2	EPI_ISL_3914988
75	Homo sapiens	2021-06-01	Togo	B.1.617.2	EPI_ISL_3914989
75	Homo sapiens	2021-06-01	Togo	B.1.617.2	EPI_ISL_3914991
75	Homo sapiens	2021-06-01	Togo	AY.122	EPI_ISL_3914994
70	Homo sapiens	2021-04-26	Togo	B.1.1.7	EPI_ISL_3914977
70	Homo sapiens	2021-04-26	Togo	B.1.1.318	EPI_ISL_3914985
70	Homo sapiens	2021-04-26	Togo	B.1.617.2	EPI_ISL_3914986
70	Homo sapiens	2021-04-26	Togo	B.1.1.7	EPI_ISL_3914981
69	Homo sapiens	2021-04-25	Togo	B.1.1.318	EPI_ISL_3914976
68	Homo sapiens	2021-04-12	Togo	AY.88	EPI_ISL_3914982
68	Homo sapiens	2021-04-12	Togo	B.1.1.318	EPI_ISL_3914975
67	Homo sapiens	2021-04-07	Togo	B.1.525	EPI_ISL_3914966
67	Homo sapiens	2021-04-07	Togo	B.1.1.318	EPI_ISL_3914968
66	Homo sapiens	2021-04-01	Togo	B.1.1.7	EPI_ISL_3914954
66	Homo sapiens	2021-04-01	Togo	B.1.1.318	EPI_ISL_3914960
66	Homo sapiens	2021-04-01	Togo	B.1.525	EPI_ISL_3914962
64	Homo sapiens	2021-03-18	Togo	B.1.1.7	EPI_ISL_3914928
63	Homo sapiens	2021-03-09	Togo	B.1.1.7	EPI_ISL_3914922
62	Homo sapiens	2021-03-07	Togo	B.1.351.2	EPI_ISL_3914946
62	Homo sapiens	2021-03-04	Togo	B.1.1.7	EPI_ISL_3914911
62	Homo sapiens	2021-03-04	Togo	B.1.1.7	EPI_ISL_3914912
62	Homo sapiens	2021-03-01	Togo	B.1.1.318	EPI_ISL_3914943
62	Homo sapiens	2021-03-01	Togo	B.1.525	EPI_ISL_3914902
62	Homo sapiens	2021-03-01	Togo	B.1.525	EPI_ISL_3914904
62	Homo sapiens	2021-03-01	Togo	B.1.1.318	EPI_ISL_3914905
62	Homo sapiens	2021-03-01	Togo	B.1.1.7	EPI_ISL_3914930
62	Homo sapiens	2021-03-01	Togo	B.1.1.7	EPI_ISL_3914937
62	Homo sapiens	2021-03-01	Togo	B.1.351	EPI_ISL_3914942
12	Homo sapiens	2020-03-20	Togo	A	EPI_ISL_1500151
12	Homo sapiens	2020-03-18	Togo	B.1.1	EPI_ISL_1500086
10	Homo sapiens	2020-03-04	Togo	B.1.9	EPI_ISL_1499727
83	Homo sapiens	2021-07-29	Togo	AY.88	EPI_ISL_12521321
83	Homo sapiens	2021-07-28	Togo	B.1.617.2	EPI_ISL_12521318
84	Homo sapiens	2021-08-08	Togo	B.1.617.2	EPI_ISL_12521341
84	Homo sapiens	2021-08-05	Togo	AY.122	EPI_ISL_12521338
87	Homo sapiens	2021-08-28	Togo	AY.122	EPI_ISL_12521367
88	Homo sapiens	2021-08-30	Togo	AY.36	EPI_ISL_12521370
88	Homo sapiens	2021-09-01	Togo	AY.122	EPI_ISL_12521383
91	Homo sapiens	2021-09-24	Togo	AY.122	EPI_ISL_12521508
88	Homo sapiens	2021-09-01	Togo	AY.122	EPI_ISL_12521497
90	Homo sapiens	2021-09-17	Togo	AY.122	EPI_ISL_12521507
90	Homo sapiens	2021-09-15	Togo	B.1.617.2	EPI_ISL_12521504
102	Homo sapiens	2021-12-12	Togo	AY.133	EPI_ISL_12627881
103	Homo sapiens	2021-12-18	Togo	AY.133	EPI_ISL_12627892
96	Homo sapiens	2021-10-30	Togo	AY.122	EPI_ISL_12628008
96	Homo sapiens	2021-10-25	Togo	AY.4.11	EPI_ISL_12628003
96	Homo sapiens	2021-10-25	Togo	AY.109	EPI_ISL_12628002
95	Homo sapiens	2021-10-24	Togo	B.1.617.2	EPI_ISL_12628001
96	Homo sapiens	2021-10-29	Togo	AY.122	EPI_ISL_12628007
96	Homo sapiens	2021-10-26	Togo	AY.36	EPI_ISL_12628005
94	Homo sapiens	2021-10-16	Togo	B.1.617.2	EPI_ISL_12627992
95	Homo sapiens	2021-10-22	Togo	AY.121	EPI_ISL_12627998
94	Homo sapiens	2021-10-15	Togo	AY.122	EPI_ISL_12627990
95	Homo sapiens	2021-10-22	Togo	B.1.617.2	EPI_ISL_12627997
94	Homo sapiens	2021-10-15	Togo	B.1.617.2	EPI_ISL_12627991
95	Homo sapiens	2021-10-22	Togo	AY.37	EPI_ISL_12627999
94	Homo sapiens	2021-10-13	Togo	B.1.617.2	EPI_ISL_12628018
145	Homo sapiens	2022-10-03	Togo	BQ.1.1.1	EPI_ISL_17075734
137	Homo sapiens	2022-08-10	Togo	BE.1	EPI_ISL_17075698
137	Homo sapiens	2022-08-10	Togo	BE.1.1.1	EPI_ISL_17075697
148	Homo sapiens	2022-10-29	Togo	BQ.1.1	EPI_ISL_17075715
148	Homo sapiens	2022-10-26	Togo	BQ.1.1	EPI_ISL_17075712
135	Homo sapiens	2022-07-28	Togo	BA.5	EPI_ISL_17075671
133	Homo sapiens	2022-07-11	Togo	BA.5.1	EPI_ISL_17075729
137	Homo sapiens	2022-08-10	Togo	BA.4	EPI_ISL_17075681
132	Homo sapiens	2022-07-07	Togo	BA.4.1	EPI_ISL_17075727
139	Homo sapiens	2022-08-25	Togo	BE.1.1.1	EPI_ISL_17075688
142	Homo sapiens	2022-09-14	Togo	BQ.1.1	EPI_ISL_17075721
150	Homo sapiens	2022-11-07	Togo	BQ.1.1	EPI_ISL_17075737
147	Homo sapiens	2022-10-17	Togo	BQ.1.1	EPI_ISL_17075694
147	Homo sapiens	2022-10-17	Togo	BQ.1.1.1	EPI_ISL_17075695
137	Homo sapiens	2022-08-10	Togo	BE.1	EPI_ISL_17075696
145	Homo sapiens	2022-10-07	Togo	BQ.1.1	EPI_ISL_17075690
147	Homo sapiens	2022-10-20	Togo	BA.5.2.39	EPI_ISL_17075709
134	Homo sapiens	2022-07-21	Togo	BA.2	EPI_ISL_17075672
134	Homo sapiens	2022-07-21	Togo	BA.2	EPI_ISL_17075670
130	Homo sapiens	2022-06-21	Togo	BA.2	EPI_ISL_17075678
133	Homo sapiens	2022-07-15	Togo	BA.2	EPI_ISL_17075675
134	Homo sapiens	2022-07-18	Togo	BA.2	EPI_ISL_17075726
124	Homo sapiens	2022-05-10	Togo	BA.2.38	EPI_ISL_17075724
106	Homo sapiens	2022-01-04	Togo	B.1.1.529	EPI_ISL_17512186
142	Homo sapiens	2022-09-13	Togo	BQ.1.1	EPI_ISL_17512726
