12	Homo sapiens	2020-03-18	Tunisia	A	MT499215.1
14	Homo sapiens	2020-03-30	Tunisia	B.1.9	MT499217.1
14	Homo sapiens	2020-04-01	Tunisia	B.1	MT499218.1
13	Homo sapiens	2020-03-27	Tunisia	B.1	MT499219.1
14	Homo sapiens	2020-03-31	Tunisia	B.1	MT499220.1
22	Homo sapiens	2020-05-27	Tunisia	B.1.1	MT955168.1
22	Homo sapiens	2020-05-30	Tunisia	B.1	MT955169.1
22	Homo sapiens	2020-05-31	Tunisia	B.1	MT955170.1
28	Homo sapiens	2020-07-07	Tunisia	A	MT955171.1
28	Homo sapiens	2020-07-07	Tunisia	B.1.1	MT955172.1
28	Homo sapiens	2020-07-07	Tunisia	B.1.36	MT955173.1
28	Homo sapiens	2020-07-09	Tunisia	B.1.597	MT955174.1
44	Homo sapiens	2020-10-31	Tunisia	B.1.428.2	EPI_ISL_634977
45	Homo sapiens	2020-11-02	Tunisia	B.1.160	MW251511.1
44	Homo sapiens	2020-10-31	Tunisia	B.1.177	MW267131.1
44	Homo sapiens	2020-10-31	Tunisia	B.1.428.2	MW273779.1
44	Homo sapiens	2020-10-31	Tunisia	B.1.160	MW279302.1
44	Homo sapiens	2020-10-31	Tunisia	B.1.1	MW279303.1
12	Homo sapiens	2020-03-16	Tunisia	B.1.1	EPI_ISL_654016
45	Homo sapiens	2020-11-02	Tunisia	B.1.177	EPI_ISL_654017
45	Homo sapiens	2020-11-02	Tunisia	B.1.160	EPI_ISL_654018
44	Homo sapiens	2020-10-26	Tunisia	B.1.160	EPI_ISL_654020
12	Homo sapiens	2020-03-18	Tunisia	B.1.177	MW346179.1
48	Homo sapiens	2020-11-23	Tunisia	B.1	MW362553.1
48	Homo sapiens	2020-11-23	Tunisia	B.1.1.189	MW365357.1
10	Homo sapiens	2020-03-02	Tunisia	B.1	MW366724.1
15	Homo sapiens	2020-04-11	Tunisia	B.1.1.189	MW366750.1
42	Homo sapiens	2020-10-14	Tunisia	B.1.1.1	MW452531.1
42	Homo sapiens	2020-10-14	Tunisia	B.1.428.2	MW452532.1
42	Homo sapiens	2020-10-16	Tunisia	B.1.1.198	MW452534.1
43	Homo sapiens	2020-10-19	Tunisia	B.1.1.1	MW452537.1
45	Homo sapiens	2020-11-08	Tunisia	B.1.428.2	MW452539.1
45	Homo sapiens	2020-11-08	Tunisia	B.1.160	MW452542.1
45	Homo sapiens	2020-11-08	Tunisia	B.1.160	MW452543.1
45	Homo sapiens	2020-11-08	Tunisia	B.1.177	MW452544.1
49	Homo sapiens	2020-12-01	Tunisia	B.1.177	EPI_ISL_733499
28	Homo sapiens	2020-07-12	Tunisia	B.1.177	EPI_ISL_733500
14	Homo sapiens	2020-04-01	Tunisia	B.1.1	EPI_ISL_763065
15	Homo sapiens	2020-04-06	Tunisia	B.4	EPI_ISL_763067
12	Homo sapiens	2020-03-16	Tunisia	B.1.177	MW426406.1
54	Homo sapiens	2021-01-06	Tunisia	B.1.1	EPI_ISL_794735
54	Homo sapiens	2021-01-06	Tunisia	B.1.160	EPI_ISL_794736
54	Homo sapiens	2021-01-06	Tunisia	B.1.177	EPI_ISL_794738
52	Homo sapiens	2020-12-24	Tunisia	B.1.177.6	EPI_ISL_796782
54	Homo sapiens	2021-01-07	Tunisia	B.1.160	EPI_ISL_803120
15	Homo sapiens	2020-04-07	Tunisia	B.1.428.2	EPI_ISL_803817
54	Homo sapiens	2021-01-08	Tunisia	B.1.177	EPI_ISL_803851
15	Homo sapiens	2020-04-07	Tunisia	B.1.428.2	MW463456.1
54	Homo sapiens	2021-01-08	Tunisia	B.1.177	MW463458.1
37	Homo sapiens	2020-09-11	Tunisia	B.1.1.198	EPI_ISL_855558
37	Homo sapiens	2020-09-13	Tunisia	B.1.1.198	EPI_ISL_855559
37	Homo sapiens	2020-09-13	Tunisia	B.1.160	EPI_ISL_855560
37	Homo sapiens	2020-09-13	Tunisia	B.1.1	EPI_ISL_855561
38	Homo sapiens	2020-09-15	Tunisia	B.1.177	EPI_ISL_855563
38	Homo sapiens	2020-09-15	Tunisia	B.1.177	EPI_ISL_855566
37	Homo sapiens	2020-09-11	Tunisia	B.1.1.241	EPI_ISL_855567
37	Homo sapiens	2020-09-13	Tunisia	B.1.1	EPI_ISL_855568
38	Homo sapiens	2020-09-14	Tunisia	B.1.160	EPI_ISL_855569
38	Homo sapiens	2020-09-15	Tunisia	B.1.177	EPI_ISL_855570
38	Homo sapiens	2020-09-15	Tunisia	B.1.1	EPI_ISL_855571
38	Homo sapiens	2020-09-15	Tunisia	B.1.177	EPI_ISL_855572
45	Homo sapiens	2020-11-02	Tunisia	B.1.1	EPI_ISL_635059
45	Homo sapiens	2020-11-02	Tunisia	B.1.160	EPI_ISL_635060
45	Homo sapiens	2020-11-02	Tunisia	B.1.177	EPI_ISL_635061
43	Homo sapiens	2020-10-19	Tunisia	B.1.597	EPI_ISL_1116467
34	Homo sapiens	2020-08-22	Tunisia	B.1.597	EPI_ISL_1116468
39	Homo sapiens	2020-09-21	Tunisia	B.1.428.2	EPI_ISL_1118675
57	Homo sapiens	2021-01-28	Tunisia	B.1.160	EPI_ISL_1118923
54	Homo sapiens	2021-01-10	Tunisia	B.1.160	EPI_ISL_1138747
60	Homo sapiens	2021-02-20	Tunisia	B.1.1.7	MW721182.1
63	Homo sapiens	2021-03-08	Tunisia	B.1.160	EPI_ISL_2035949
63	Homo sapiens	2021-03-08	Tunisia	B.1.160	EPI_ISL_2035988
63	Homo sapiens	2021-03-08	Tunisia	B.1.1.7	EPI_ISL_2036077
62	Homo sapiens	2021-03-05	Tunisia	B.1.525	EPI_ISL_2035947
62	Homo sapiens	2021-03-04	Tunisia	B.1.177	EPI_ISL_2035948
62	Homo sapiens	2021-03-03	Tunisia	B.1.1.7	EPI_ISL_2035945
62	Homo sapiens	2021-03-03	Tunisia	A.27	EPI_ISL_2035946
59	Homo sapiens	2021-02-10	Tunisia	B.1.160	EPI_ISL_2035943
59	Homo sapiens	2021-02-10	Tunisia	B.1.177	EPI_ISL_2035944
58	Homo sapiens	2021-02-07	Tunisia	A.27	EPI_ISL_2035941
58	Homo sapiens	2021-02-07	Tunisia	A.27	EPI_ISL_2035942
58	Homo sapiens	2021-02-01	Tunisia	B.1.160	EPI_ISL_2035940
57	Homo sapiens	2021-01-31	Tunisia	B.1.160	EPI_ISL_2035752
57	Homo sapiens	2021-01-30	Tunisia	B.1.177	EPI_ISL_2035734
57	Homo sapiens	2021-01-29	Tunisia	B.1.160	EPI_ISL_2035753
57	Homo sapiens	2021-01-28	Tunisia	B.1.160	EPI_ISL_2035720
57	Homo sapiens	2021-01-25	Tunisia	B.1.177	EPI_ISL_2035563
56	Homo sapiens	2021-01-23	Tunisia	B.1.160	EPI_ISL_2035560
70	Homo sapiens	2021-04-26	Tunisia	B.1.351.2	MZ227558.1
69	Homo sapiens	2021-04-24	Tunisia	B.1.351	EPI_ISL_2153433
59	Homo sapiens	2021-02-09	Tunisia	A.27	EPI_ISL_1208403
58	Homo sapiens	2021-02-07	Tunisia	A.27	EPI_ISL_1207287
88	Homo sapiens	2021-08-31	Tunisia	AY.122	EPI_ISL_8298409
89	Homo sapiens	2021-09-11	Tunisia	AY.122	EPI_ISL_8298526
86	Homo sapiens	2021-08-16	Tunisia	AY.122	EPI_ISL_8298422
86	Homo sapiens	2021-08-18	Tunisia	AY.122	EPI_ISL_8298435
86	Homo sapiens	2021-08-18	Tunisia	AY.122	EPI_ISL_8298440
90	Homo sapiens	2021-09-14	Tunisia	AY.34	EPI_ISL_8298441
85	Homo sapiens	2021-08-09	Tunisia	AY.122	EPI_ISL_8298455
87	Homo sapiens	2021-08-23	Tunisia	AY.122	EPI_ISL_8298480
87	Homo sapiens	2021-08-24	Tunisia	AY.122	EPI_ISL_8298483
87	Homo sapiens	2021-08-23	Tunisia	AY.122	EPI_ISL_8298479
87	Homo sapiens	2021-08-26	Tunisia	AY.122	EPI_ISL_8298492
89	Homo sapiens	2021-09-06	Tunisia	AY.122	EPI_ISL_8298506
88	Homo sapiens	2021-09-01	Tunisia	AY.122	EPI_ISL_8298494
88	Homo sapiens	2021-09-02	Tunisia	AY.122	EPI_ISL_8298498
89	Homo sapiens	2021-09-08	Tunisia	AY.122	EPI_ISL_8298516
89	Homo sapiens	2021-09-07	Tunisia	AY.122	EPI_ISL_8298510
89	Homo sapiens	2021-09-08	Tunisia	AY.122	EPI_ISL_8298514
89	Homo sapiens	2021-09-08	Tunisia	AY.122	EPI_ISL_8298517
89	Homo sapiens	2021-09-09	Tunisia	AY.122	EPI_ISL_8298518
90	Homo sapiens	2021-09-13	Tunisia	AY.122	EPI_ISL_8298529
90	Homo sapiens	2021-09-16	Tunisia	AY.122	EPI_ISL_8298538
90	Homo sapiens	2021-09-17	Tunisia	AY.122	EPI_ISL_8298540
91	Homo sapiens	2021-09-23	Tunisia	AY.122	EPI_ISL_8298549
92	Homo sapiens	2021-09-30	Tunisia	AY.122	EPI_ISL_8298554
86	Homo sapiens	2021-08-19	Tunisia	AY.122	EPI_ISL_8298553
90	Homo sapiens	2021-09-18	Tunisia	AY.122	EPI_ISL_8298415
85	Homo sapiens	2021-08-14	Tunisia	AY.122	EPI_ISL_8298419
85	Homo sapiens	2021-08-12	Tunisia	AY.122	EPI_ISL_8298418
91	Homo sapiens	2021-09-20	Tunisia	AY.122	EPI_ISL_8298542
91	Homo sapiens	2021-09-21	Tunisia	AY.122	EPI_ISL_8298544
90	Homo sapiens	2021-09-16	Tunisia	AY.122	EPI_ISL_8298537
90	Homo sapiens	2021-09-16	Tunisia	AY.122	EPI_ISL_8298536
90	Homo sapiens	2021-09-15	Tunisia	AY.122	EPI_ISL_8298535
84	Homo sapiens	2021-08-04	Tunisia	AY.122	EPI_ISL_8298429
90	Homo sapiens	2021-09-18	Tunisia	AY.122	EPI_ISL_8298541
85	Homo sapiens	2021-08-14	Tunisia	AY.122	EPI_ISL_8298420
88	Homo sapiens	2021-08-30	Tunisia	AY.122	EPI_ISL_8298426
84	Homo sapiens	2021-08-02	Tunisia	AY.122	EPI_ISL_8298552
89	Homo sapiens	2021-09-06	Tunisia	AY.122	EPI_ISL_8298428
91	Homo sapiens	2021-09-24	Tunisia	AY.122	EPI_ISL_8298439
86	Homo sapiens	2021-08-16	Tunisia	AY.122	EPI_ISL_8298433
91	Homo sapiens	2021-09-21	Tunisia	AY.122	EPI_ISL_8298546
92	Homo sapiens	2021-09-27	Tunisia	AY.122	EPI_ISL_8298551
90	Homo sapiens	2021-09-18	Tunisia	AY.122	EPI_ISL_8298432
90	Homo sapiens	2021-09-13	Tunisia	AY.122	EPI_ISL_8298430
84	Homo sapiens	2021-08-03	Tunisia	AY.122	EPI_ISL_8298448
84	Homo sapiens	2021-08-02	Tunisia	AY.122	EPI_ISL_8298446
85	Homo sapiens	2021-08-10	Tunisia	AY.122	EPI_ISL_8298456
84	Homo sapiens	2021-08-03	Tunisia	AY.122	EPI_ISL_8298450
88	Homo sapiens	2021-09-03	Tunisia	AY.122	EPI_ISL_8298501
84	Homo sapiens	2021-08-03	Tunisia	AY.122	EPI_ISL_8298449
84	Homo sapiens	2021-08-03	Tunisia	AY.122	EPI_ISL_8298451
84	Homo sapiens	2021-08-03	Tunisia	AY.122	EPI_ISL_8298447
84	Homo sapiens	2021-08-06	Tunisia	AY.122	EPI_ISL_8298453
89	Homo sapiens	2021-09-09	Tunisia	AY.122	EPI_ISL_8298519
89	Homo sapiens	2021-09-06	Tunisia	AY.122	EPI_ISL_8298508
89	Homo sapiens	2021-09-07	Tunisia	AY.122	EPI_ISL_8298512
89	Homo sapiens	2021-09-06	Tunisia	AY.122	EPI_ISL_8298507
89	Homo sapiens	2021-09-06	Tunisia	AY.122	EPI_ISL_8298505
88	Homo sapiens	2021-09-04	Tunisia	AY.122	EPI_ISL_8298502
89	Homo sapiens	2021-09-06	Tunisia	AY.122	EPI_ISL_8298503
89	Homo sapiens	2021-09-07	Tunisia	AY.122	EPI_ISL_8298511
88	Homo sapiens	2021-09-02	Tunisia	AY.122	EPI_ISL_8298410
89	Homo sapiens	2021-09-08	Tunisia	AY.122	EPI_ISL_8298515
89	Homo sapiens	2021-09-07	Tunisia	AY.122	EPI_ISL_8298513
86	Homo sapiens	2021-08-21	Tunisia	AY.122	EPI_ISL_8298402
89	Homo sapiens	2021-09-10	Tunisia	AY.122	EPI_ISL_8298521
86	Homo sapiens	2021-08-21	Tunisia	AY.122	EPI_ISL_8298404
90	Homo sapiens	2021-09-15	Tunisia	AY.122	EPI_ISL_8298534
89	Homo sapiens	2021-09-09	Tunisia	AY.122	EPI_ISL_8298520
89	Homo sapiens	2021-09-07	Tunisia	AY.122	EPI_ISL_8298412
89	Homo sapiens	2021-09-10	Tunisia	AY.122	EPI_ISL_8298525
86	Homo sapiens	2021-08-21	Tunisia	AY.122	EPI_ISL_8298403
90	Homo sapiens	2021-09-15	Tunisia	AY.122	EPI_ISL_8298533
90	Homo sapiens	2021-09-14	Tunisia	AY.122	EPI_ISL_8298532
89	Homo sapiens	2021-09-06	Tunisia	AY.122	EPI_ISL_8298411
90	Homo sapiens	2021-09-14	Tunisia	AY.122	EPI_ISL_8298531
85	Homo sapiens	2021-08-09	Tunisia	AY.122	EPI_ISL_8298395
86	Homo sapiens	2021-08-18	Tunisia	AY.122	EPI_ISL_8298399
84	Homo sapiens	2021-08-05	Tunisia	AY.122	EPI_ISL_8298390
86	Homo sapiens	2021-08-16	Tunisia	AY.122	EPI_ISL_8298468
85	Homo sapiens	2021-08-11	Tunisia	AY.122	EPI_ISL_8298460
85	Homo sapiens	2021-08-11	Tunisia	AY.122	EPI_ISL_8298459
85	Homo sapiens	2021-08-14	Tunisia	AY.122	EPI_ISL_8298466
85	Homo sapiens	2021-08-14	Tunisia	AY.122	EPI_ISL_8298464
85	Homo sapiens	2021-08-13	Tunisia	AY.122	EPI_ISL_8298462
85	Homo sapiens	2021-08-12	Tunisia	AY.122	EPI_ISL_8298461
87	Homo sapiens	2021-08-23	Tunisia	AY.122	EPI_ISL_8298477
86	Homo sapiens	2021-08-18	Tunisia	AY.122	EPI_ISL_8298472
86	Homo sapiens	2021-08-18	Tunisia	AY.122	EPI_ISL_8298471
87	Homo sapiens	2021-08-23	Tunisia	AY.122	EPI_ISL_8298475
86	Homo sapiens	2021-08-21	Tunisia	AY.122	EPI_ISL_8298474
87	Homo sapiens	2021-08-25	Tunisia	AY.122	EPI_ISL_8298487
86	Homo sapiens	2021-08-21	Tunisia	AY.122	EPI_ISL_8298473
87	Homo sapiens	2021-08-23	Tunisia	AY.122	EPI_ISL_8298481
88	Homo sapiens	2021-09-01	Tunisia	AY.122	EPI_ISL_8298497
87	Homo sapiens	2021-08-25	Tunisia	AY.122	EPI_ISL_8298486
87	Homo sapiens	2021-08-25	Tunisia	AY.122	EPI_ISL_8298485
87	Homo sapiens	2021-08-23	Tunisia	AY.122	EPI_ISL_8298482
88	Homo sapiens	2021-09-03	Tunisia	AY.122	EPI_ISL_8298499
88	Homo sapiens	2021-09-01	Tunisia	AY.122	EPI_ISL_8298495
88	Homo sapiens	2021-09-03	Tunisia	AY.122	EPI_ISL_8309617
84	Homo sapiens	2021-08-05	Tunisia	AY.122	EPI_ISL_8309615
92	Homo sapiens	2021-09-28	Tunisia	AY.122	EPI_ISL_8309620
92	Homo sapiens	2021-09-27	Tunisia	AY.122	EPI_ISL_8309619
89	Homo sapiens	2021-09-07	Tunisia	AY.122	EPI_ISL_8309618
84	Homo sapiens	2021-08-07	Tunisia	AY.122	EPI_ISL_8309616
101	Homo sapiens	2021-12-02	Tunisia	BA.1	EPI_ISL_9058825
101	Homo sapiens	2021-11-30	Tunisia	B.1.160	EPI_ISL_10101197
94	Homo sapiens	2021-10-15	Tunisia	B.1.1.189	EPI_ISL_10101205
77	Homo sapiens	2021-06-16	Tunisia	B.1.36	EPI_ISL_10101211
92	Homo sapiens	2021-09-30	Tunisia	B.1.177	EPI_ISL_10101212
103	Homo sapiens	2021-12-14	Tunisia	B.1.160	EPI_ISL_10101199
65	Homo sapiens	2021-03-27	Tunisia	B.1	EPI_ISL_10101191
64	Homo sapiens	2021-03-17	Tunisia	A.27	EPI_ISL_10101222
77	Homo sapiens	2021-06-19	Tunisia	B.1.398	EPI_ISL_10101185
95	Homo sapiens	2021-10-24	Tunisia	B.1.160	EPI_ISL_10101216
94	Homo sapiens	2021-10-16	Tunisia	B.1.177	EPI_ISL_10101217
95	Homo sapiens	2021-10-18	Tunisia	B.1.177	EPI_ISL_10101215
96	Homo sapiens	2021-10-27	Tunisia	B.1.22	EPI_ISL_10101202
66	Homo sapiens	2021-04-02	Tunisia	B.4	EPI_ISL_10101192
66	Homo sapiens	2021-03-31	Tunisia	B.1.177	EPI_ISL_10141386
79	Homo sapiens	2021-06-29	Tunisia	AY.122	EPI_ISL_10141395
69	Homo sapiens	2021-04-21	Tunisia	B.1.1.7	EPI_ISL_10141469
68	Homo sapiens	2021-04-16	Tunisia	B.1.1.7	EPI_ISL_10141478
68	Homo sapiens	2021-04-14	Tunisia	B.1.1.7	EPI_ISL_10141473
67	Homo sapiens	2021-04-07	Tunisia	B.1.1.7	EPI_ISL_10141470
69	Homo sapiens	2021-04-22	Tunisia	B.1.1.7	EPI_ISL_10141467
70	Homo sapiens	2021-04-30	Tunisia	B.1.1.7	EPI_ISL_10141471
69	Homo sapiens	2021-04-21	Tunisia	B.1.1.7	EPI_ISL_10141472
69	Homo sapiens	2021-04-19	Tunisia	B.1.1.318	EPI_ISL_10141465
69	Homo sapiens	2021-04-20	Tunisia	B.1.1.7	EPI_ISL_10141466
69	Homo sapiens	2021-04-22	Tunisia	B.1.1.7	EPI_ISL_10141492
69	Homo sapiens	2021-04-25	Tunisia	B.1.1.7	EPI_ISL_10141495
70	Homo sapiens	2021-04-28	Tunisia	B.1.1.7	EPI_ISL_10141474
111	Homo sapiens	2022-02-07	Tunisia	BA.1.1	EPI_ISL_10863121
111	Homo sapiens	2022-02-07	Tunisia	BA.1.1	EPI_ISL_10863093
111	Homo sapiens	2022-02-07	Tunisia	BA.2	EPI_ISL_10863109
111	Homo sapiens	2022-02-07	Tunisia	BA.1.1	EPI_ISL_10863110
111	Homo sapiens	2022-02-07	Tunisia	BA.1.17.2	EPI_ISL_10863114
111	Homo sapiens	2022-02-07	Tunisia	BA.2	EPI_ISL_10863123
111	Homo sapiens	2022-02-07	Tunisia	BA.2	EPI_ISL_10863125
111	Homo sapiens	2022-02-07	Tunisia	BA.2	EPI_ISL_10863124
70	Homo sapiens	2021-04-26	Tunisia	B.1	EPI_ISL_10863147
69	Homo sapiens	2021-04-21	Tunisia	B.1.1.7	EPI_ISL_10863144
67	Homo sapiens	2021-04-05	Tunisia	B.1.1.7	EPI_ISL_10863143
60	Homo sapiens	2021-02-16	Tunisia	B.1.160	EPI_ISL_11172701
60	Homo sapiens	2021-02-16	Tunisia	B.1.160	EPI_ISL_11172700
37	Homo sapiens	2020-09-09	Tunisia	B.1.1	EPI_ISL_11172708
39	Homo sapiens	2020-09-26	Tunisia	B.1.160	EPI_ISL_11172723
65	Homo sapiens	2021-03-24	Tunisia	B.1.160	EPI_ISL_11172690
15	Homo sapiens	2020-04-12	Tunisia	B	EPI_ISL_11172672
56	Homo sapiens	2021-01-20	Tunisia	B.1.177	EPI_ISL_11172679
37	Homo sapiens	2020-09-09	Tunisia	B.1.1	EPI_ISL_11172709
37	Homo sapiens	2020-09-09	Tunisia	B.1.1	EPI_ISL_11172707
43	Homo sapiens	2020-10-23	Tunisia	B.1.428.2	EPI_ISL_11172725
43	Homo sapiens	2020-10-21	Tunisia	B.1.177	EPI_ISL_11172724
65	Homo sapiens	2021-03-23	Tunisia	B.1.177	EPI_ISL_11172681
13	Homo sapiens	2020-03-25	Tunisia	B.1.1.198	EPI_ISL_11172675
46	Homo sapiens	2020-11-11	Tunisia	B.1.177	EPI_ISL_11172671
13	Homo sapiens	2020-03-25	Tunisia	B.1	EPI_ISL_11172674
45	Homo sapiens	2020-11-06	Tunisia	B.1.160	EPI_ISL_11172670
43	Homo sapiens	2020-10-24	Tunisia	B.1.160	EPI_ISL_11172678
16	Homo sapiens	2020-04-13	Tunisia	B.1.1	EPI_ISL_11172673
65	Homo sapiens	2021-03-27	Tunisia	B.1.160	EPI_ISL_11172651
14	Homo sapiens	2020-04-03	Tunisia	B.1	EPI_ISL_11172653
13	Homo sapiens	2020-03-28	Tunisia	B.1	EPI_ISL_11172657
55	Homo sapiens	2021-01-13	Tunisia	B.1.160	EPI_ISL_11172662
44	Homo sapiens	2020-10-26	Tunisia	B.1.428.2	EPI_ISL_11172664
51	Homo sapiens	2020-12-16	Tunisia	B.1.177	EPI_ISL_11172660
44	Homo sapiens	2020-10-27	Tunisia	B.1.1.198	EPI_ISL_11172665
55	Homo sapiens	2021-01-15	Tunisia	B.1.177.81	EPI_ISL_11172663
65	Homo sapiens	2021-03-23	Tunisia	B.1.1.7	EPI_ISL_11172683
45	Homo sapiens	2020-11-06	Tunisia	B.1.177	EPI_ISL_11172669
44	Homo sapiens	2020-11-01	Tunisia	B.1.1.198	EPI_ISL_11172668
44	Homo sapiens	2020-11-01	Tunisia	B.1.160	EPI_ISL_11172667
76	Homo sapiens	2021-06-12	Tunisia	AY.122	EPI_ISL_11172694
76	Homo sapiens	2021-06-10	Tunisia	AY.122	EPI_ISL_11172692
66	Homo sapiens	2021-03-29	Tunisia	B.1.160	EPI_ISL_11172688
76	Homo sapiens	2021-06-11	Tunisia	AY.122	EPI_ISL_11172693
46	Homo sapiens	2020-11-10	Tunisia	B.1.160	EPI_ISL_11172726
35	Homo sapiens	2020-08-28	Tunisia	B.1.1	EPI_ISL_11172645
37	Homo sapiens	2020-09-07	Tunisia	B.1.22	EPI_ISL_11172704
37	Homo sapiens	2020-09-09	Tunisia	B.1.1	EPI_ISL_11172706
37	Homo sapiens	2020-09-09	Tunisia	B.1.1	EPI_ISL_11172705
43	Homo sapiens	2020-10-20	Tunisia	B.1.177	EPI_ISL_11172720
39	Homo sapiens	2020-09-23	Tunisia	B.1.1.44	EPI_ISL_11172722
43	Homo sapiens	2020-10-22	Tunisia	B.1.160	EPI_ISL_11172721
38	Homo sapiens	2020-09-19	Tunisia	B.1	EPI_ISL_11172713
42	Homo sapiens	2020-10-16	Tunisia	B.1.389	EPI_ISL_11172719
42	Homo sapiens	2020-10-16	Tunisia	B.1.428.2	EPI_ISL_11172718
37	Homo sapiens	2020-09-09	Tunisia	B.1	EPI_ISL_11172710
42	Homo sapiens	2020-10-13	Tunisia	B.1.160	EPI_ISL_11172717
40	Homo sapiens	2020-09-29	Tunisia	B.1	EPI_ISL_11172715
41	Homo sapiens	2020-10-05	Tunisia	B.1.22	EPI_ISL_11172716
39	Homo sapiens	2020-09-21	Tunisia	B.1.428.2	EPI_ISL_11172714
38	Homo sapiens	2020-09-18	Tunisia	B.1.177	EPI_ISL_11172711
65	Homo sapiens	2021-03-28	Tunisia	B.1.525	EPI_ISL_11172697
69	Homo sapiens	2021-04-21	Tunisia	B.1.1.7	EPI_ISL_11172698
44	Homo sapiens	2020-10-27	Tunisia	B.1.177	EPI_ISL_11172666
77	Homo sapiens	2021-06-14	Tunisia	AY.122	EPI_ISL_11172695
13	Homo sapiens	2020-03-28	Tunisia	B.1	EPI_ISL_11172659
13	Homo sapiens	2020-03-27	Tunisia	B.1	EPI_ISL_11172656
56	Homo sapiens	2021-01-21	Tunisia	B.1.1.198	EPI_ISL_11172680
13	Homo sapiens	2020-03-28	Tunisia	B.1	EPI_ISL_11172658
42	Homo sapiens	2020-10-13	Tunisia	B.1.428.2	EPI_ISL_11172677
14	Homo sapiens	2020-04-02	Tunisia	B.1.1	EPI_ISL_11172655
41	Homo sapiens	2020-10-10	Tunisia	B.1.1.189	EPI_ISL_11172676
69	Homo sapiens	2021-04-19	Tunisia	B.1.1.7	EPI_ISL_11172652
74	Homo sapiens	2021-05-25	Tunisia	B.1.1.7	EPI_ISL_11266036
66	Homo sapiens	2021-04-02	Tunisia	B.1.1.7	EPI_ISL_11266024
70	Homo sapiens	2021-04-29	Tunisia	B.1.1.7	EPI_ISL_11266013
66	Homo sapiens	2021-04-02	Tunisia	A.23.1	EPI_ISL_11266033
70	Homo sapiens	2021-04-30	Tunisia	B.1.525	EPI_ISL_11266020
66	Homo sapiens	2021-03-31	Tunisia	B.1.1.318	EPI_ISL_11266029
66	Homo sapiens	2021-04-02	Tunisia	B.1.1.7	EPI_ISL_11266010
66	Homo sapiens	2021-03-31	Tunisia	B.1.1.7	EPI_ISL_11266012
57	Homo sapiens	2021-01-27	Tunisia	B.1.1.7	EPI_ISL_11266007
67	Homo sapiens	2021-04-10	Tunisia	B.1.160	EPI_ISL_11266021
66	Homo sapiens	2021-04-02	Tunisia	B.1.525	EPI_ISL_11266022
68	Homo sapiens	2021-04-12	Tunisia	B.1.1.7	EPI_ISL_11266050
67	Homo sapiens	2021-04-06	Tunisia	B.1.160	EPI_ISL_11266017
66	Homo sapiens	2021-04-01	Tunisia	B.1.525	EPI_ISL_11266019
94	Homo sapiens	2021-10-14	Tunisia	AY.122	EPI_ISL_11333966
96	Homo sapiens	2021-10-25	Tunisia	AY.122	EPI_ISL_11333973
96	Homo sapiens	2021-10-25	Tunisia	AY.122	EPI_ISL_11333971
94	Homo sapiens	2021-10-11	Tunisia	AY.122	EPI_ISL_11333962
92	Homo sapiens	2021-10-02	Tunisia	AY.122	EPI_ISL_11333995
92	Homo sapiens	2021-10-03	Tunisia	AY.122	EPI_ISL_11333997
98	Homo sapiens	2021-11-09	Tunisia	AY.122	EPI_ISL_11334018
100	Homo sapiens	2021-11-25	Tunisia	AY.122	EPI_ISL_11334052
91	Homo sapiens	2021-09-22	Tunisia	AY.122	EPI_ISL_11333898
97	Homo sapiens	2021-11-02	Tunisia	AY.122	EPI_ISL_11334015
94	Homo sapiens	2021-10-11	Tunisia	AY.122	EPI_ISL_11333961
93	Homo sapiens	2021-10-08	Tunisia	AY.122	EPI_ISL_11333958
93	Homo sapiens	2021-10-07	Tunisia	AY.122	EPI_ISL_11333957
96	Homo sapiens	2021-10-29	Tunisia	B.1.1.7	EPI_ISL_11333927
96	Homo sapiens	2021-10-29	Tunisia	AY.122	EPI_ISL_11333910
100	Homo sapiens	2021-11-24	Tunisia	AY.122	EPI_ISL_11334081
97	Homo sapiens	2021-11-02	Tunisia	AY.70	EPI_ISL_11334080
100	Homo sapiens	2021-11-24	Tunisia	AY.122	EPI_ISL_11334063
100	Homo sapiens	2021-11-26	Tunisia	AY.122	EPI_ISL_11334070
100	Homo sapiens	2021-11-26	Tunisia	AY.122	EPI_ISL_11334074
96	Homo sapiens	2021-10-25	Tunisia	AY.122	EPI_ISL_11333984
99	Homo sapiens	2021-11-17	Tunisia	AY.43	EPI_ISL_11334049
97	Homo sapiens	2021-11-07	Tunisia	AY.122	EPI_ISL_11334041
97	Homo sapiens	2021-11-04	Tunisia	AY.122	EPI_ISL_11333989
98	Homo sapiens	2021-11-09	Tunisia	AY.5.4	EPI_ISL_11334056
98	Homo sapiens	2021-11-09	Tunisia	AY.9.2	EPI_ISL_11334057
95	Homo sapiens	2021-10-20	Tunisia	AY.122	EPI_ISL_11334034
96	Homo sapiens	2021-10-27	Tunisia	AY.122	EPI_ISL_11333976
97	Homo sapiens	2021-11-02	Tunisia	AY.122	EPI_ISL_11333979
93	Homo sapiens	2021-10-08	Tunisia	AY.122	EPI_ISL_11349042
92	Homo sapiens	2021-09-29	Tunisia	AY.122	EPI_ISL_11349037
99	Homo sapiens	2021-11-16	Tunisia	AY.122	EPI_ISL_11349059
99	Homo sapiens	2021-11-17	Tunisia	AY.4	EPI_ISL_11349051
99	Homo sapiens	2021-11-17	Tunisia	AY.4	EPI_ISL_11349050
99	Homo sapiens	2021-11-17	Tunisia	AY.4	EPI_ISL_11349053
96	Homo sapiens	2021-10-27	Tunisia	AY.122	EPI_ISL_11349043
44	Homo sapiens	2020-10-31	Tunisia	B.1.428.2	EPI_ISL_632310
44	Homo sapiens	2020-10-31	Tunisia	B.1.428.2	MW250244.1
37	Homo sapiens	2020-09-13	Tunisia	B.1	EPI_ISL_11782574
76	Homo sapiens	2021-06-12	Tunisia	AY.122	EPI_ISL_11782570
43	Homo sapiens	2020-10-21	Tunisia	B.1.160	EPI_ISL_11782575
43	Homo sapiens	2020-10-21	Tunisia	B.1.160	EPI_ISL_11782576
37	Homo sapiens	2020-09-08	Tunisia	B.1	EPI_ISL_11782573
60	Homo sapiens	2021-02-16	Tunisia	B.1.160	EPI_ISL_11782572
69	Homo sapiens	2021-04-19	Tunisia	B.1.1.7	EPI_ISL_11782563
67	Homo sapiens	2021-04-08	Tunisia	B	EPI_ISL_11782562
13	Homo sapiens	2020-03-28	Tunisia	B.1	EPI_ISL_11782564
76	Homo sapiens	2021-06-10	Tunisia	AY.122	EPI_ISL_11782568
63	Homo sapiens	2021-03-09	Tunisia	A.27	EPI_ISL_11782561
77	Homo sapiens	2021-06-15	Tunisia	AY.122	EPI_ISL_11881895
78	Homo sapiens	2021-06-22	Tunisia	AY.122	EPI_ISL_11881881
77	Homo sapiens	2021-06-14	Tunisia	AY.122	EPI_ISL_11881893
77	Homo sapiens	2021-06-16	Tunisia	AY.122	EPI_ISL_11881894
77	Homo sapiens	2021-06-17	Tunisia	AY.122	EPI_ISL_11881902
78	Homo sapiens	2021-06-22	Tunisia	AY.122	EPI_ISL_11881903
79	Homo sapiens	2021-06-30	Tunisia	AY.122	EPI_ISL_11881922
77	Homo sapiens	2021-06-17	Tunisia	AY.122	EPI_ISL_11881880
78	Homo sapiens	2021-06-23	Tunisia	AY.122	EPI_ISL_11881884
77	Homo sapiens	2021-06-17	Tunisia	AY.122	EPI_ISL_11881896
77	Homo sapiens	2021-06-16	Tunisia	AY.122	EPI_ISL_11881883
77	Homo sapiens	2021-06-17	Tunisia	AY.122	EPI_ISL_11881882
77	Homo sapiens	2021-06-17	Tunisia	AY.122	EPI_ISL_11881899
77	Homo sapiens	2021-06-17	Tunisia	AY.122	EPI_ISL_11881886
76	Homo sapiens	2021-06-07	Tunisia	AY.122	EPI_ISL_11881909
74	Homo sapiens	2021-05-27	Tunisia	AY.122	EPI_ISL_11881908
77	Homo sapiens	2021-06-16	Tunisia	AY.122	EPI_ISL_11881897
78	Homo sapiens	2021-06-22	Tunisia	AY.122	EPI_ISL_11881898
78	Homo sapiens	2021-06-26	Tunisia	AY.122	EPI_ISL_11881905
75	Homo sapiens	2021-06-06	Tunisia	AY.122	EPI_ISL_11881911
78	Homo sapiens	2021-06-22	Tunisia	AY.122	EPI_ISL_11881885
78	Homo sapiens	2021-06-22	Tunisia	AY.122	EPI_ISL_11881889
78	Homo sapiens	2021-06-22	Tunisia	AY.122	EPI_ISL_11881888
74	Homo sapiens	2021-05-28	Tunisia	AY.75	EPI_ISL_11881879
77	Homo sapiens	2021-06-17	Tunisia	AY.122	EPI_ISL_11881890
78	Homo sapiens	2021-06-22	Tunisia	AY.122	EPI_ISL_11881887
77	Homo sapiens	2021-06-18	Tunisia	AY.122	EPI_ISL_11881892
78	Homo sapiens	2021-06-21	Tunisia	AY.122	EPI_ISL_11881891
80	Homo sapiens	2021-07-09	Tunisia	AY.122	EPI_ISL_11881925
78	Homo sapiens	2021-06-26	Tunisia	AY.122	EPI_ISL_11881907
78	Homo sapiens	2021-06-27	Tunisia	AY.122	EPI_ISL_11881906
79	Homo sapiens	2021-06-28	Tunisia	AY.122	EPI_ISL_11881923
79	Homo sapiens	2021-07-01	Tunisia	AY.122	EPI_ISL_11881920
78	Homo sapiens	2021-06-22	Tunisia	AY.122	EPI_ISL_11881901
77	Homo sapiens	2021-06-15	Tunisia	AY.122	EPI_ISL_11881928
76	Homo sapiens	2021-06-12	Tunisia	AY.122	EPI_ISL_11881910
79	Homo sapiens	2021-07-01	Tunisia	AY.122	EPI_ISL_11881919
78	Homo sapiens	2021-06-22	Tunisia	AY.122	EPI_ISL_11881900
78	Homo sapiens	2021-06-24	Tunisia	AY.122	EPI_ISL_11881904
79	Homo sapiens	2021-06-30	Tunisia	AY.122	EPI_ISL_11881921
80	Homo sapiens	2021-07-05	Tunisia	AY.122	EPI_ISL_11881927
77	Homo sapiens	2021-06-19	Tunisia	AY.122	EPI_ISL_11881912
79	Homo sapiens	2021-07-01	Tunisia	AY.122	EPI_ISL_11881916
80	Homo sapiens	2021-07-09	Tunisia	AY.122	EPI_ISL_11881926
79	Homo sapiens	2021-06-29	Tunisia	AY.122	EPI_ISL_11881914
77	Homo sapiens	2021-06-14	Tunisia	AY.122	EPI_ISL_11881924
79	Homo sapiens	2021-07-01	Tunisia	AY.122	EPI_ISL_11881918
79	Homo sapiens	2021-07-01	Tunisia	AY.122	EPI_ISL_11881917
78	Homo sapiens	2021-06-23	Tunisia	AY.122	EPI_ISL_11881915
76	Homo sapiens	2021-06-08	Tunisia	AY.122	EPI_ISL_11881913
115	Homo sapiens	2022-03-08	Tunisia	BA.2	EPI_ISL_11986456
109	Homo sapiens	2022-01-28	Tunisia	BA.1.1	EPI_ISL_11986458
115	Homo sapiens	2022-03-10	Tunisia	BA.2	EPI_ISL_11986481
112	Homo sapiens	2022-02-14	Tunisia	BA.1.18	EPI_ISL_11986459
114	Homo sapiens	2022-02-28	Tunisia	BA.2	EPI_ISL_11986452
116	Homo sapiens	2022-03-14	Tunisia	BA.1	EPI_ISL_11986455
116	Homo sapiens	2022-03-17	Tunisia	BA.1.18	EPI_ISL_11986454
116	Homo sapiens	2022-03-15	Tunisia	BA.2.3	EPI_ISL_11986457
111	Homo sapiens	2022-02-09	Tunisia	BA.1.1	EPI_ISL_11986449
115	Homo sapiens	2022-03-08	Tunisia	BA.2	EPI_ISL_11986451
112	Homo sapiens	2022-02-16	Tunisia	BA.1.17.2	EPI_ISL_11986480
112	Homo sapiens	2022-02-14	Tunisia	BA.2	EPI_ISL_11986468
112	Homo sapiens	2022-02-16	Tunisia	BA.1.1	EPI_ISL_11986463
111	Homo sapiens	2022-02-07	Tunisia	BA.2	EPI_ISL_11986464
110	Homo sapiens	2022-02-02	Tunisia	BA.1.17.2	EPI_ISL_11986460
116	Homo sapiens	2022-03-15	Tunisia	BA.2	EPI_ISL_11986477
107	Homo sapiens	2022-01-11	Tunisia	BA.1.1	EPI_ISL_11986466
110	Homo sapiens	2022-01-31	Tunisia	BA.1.1	EPI_ISL_11986467
111	Homo sapiens	2022-02-09	Tunisia	BA.1.1	EPI_ISL_11986461
113	Homo sapiens	2022-02-24	Tunisia	BA.1.1	EPI_ISL_11986465
110	Homo sapiens	2022-02-01	Tunisia	BA.1.1	EPI_ISL_11986475
112	Homo sapiens	2022-02-18	Tunisia	BA.1.17.2	EPI_ISL_11986462
113	Homo sapiens	2022-02-21	Tunisia	BA.2	EPI_ISL_11986478
115	Homo sapiens	2022-03-09	Tunisia	BA.2	EPI_ISL_11986476
111	Homo sapiens	2022-02-11	Tunisia	BA.2	EPI_ISL_11986479
115	Homo sapiens	2022-03-07	Tunisia	BA.2	EPI_ISL_11986471
95	Homo sapiens	2021-10-20	Tunisia	AY.127.1	EPI_ISL_11986473
111	Homo sapiens	2022-02-12	Tunisia	BA.1.1.1	EPI_ISL_11986470
114	Homo sapiens	2022-02-28	Tunisia	BA.1.1	EPI_ISL_11986485
112	Homo sapiens	2022-02-19	Tunisia	BA.2	EPI_ISL_11986489
116	Homo sapiens	2022-03-16	Tunisia	BA.2	EPI_ISL_11986488
107	Homo sapiens	2022-01-12	Tunisia	BA.1.1	EPI_ISL_11986491
111	Homo sapiens	2022-02-10	Tunisia	BA.2	EPI_ISL_11986486
85	Homo sapiens	2021-08-12	Tunisia	AY.122	EPI_ISL_11986493
111	Homo sapiens	2022-02-09	Tunisia	BA.2	EPI_ISL_11986483
115	Homo sapiens	2022-03-08	Tunisia	BA.2	EPI_ISL_11986484
114	Homo sapiens	2022-03-05	Tunisia	BA.2	EPI_ISL_11986482
116	Homo sapiens	2022-03-16	Tunisia	BA.2.3	EPI_ISL_11986495
105	Homo sapiens	2022-01-02	Tunisia	BA.1.1	EPI_ISL_11986492
115	Homo sapiens	2022-03-12	Tunisia	BA.2	EPI_ISL_11986490
64	Homo sapiens	2021-03-17	Tunisia	A.27	EPI_ISL_12280586
13	Homo sapiens	2020-03-24	Tunisia	B.1.597	EPI_ISL_699656
10	Homo sapiens	2020-03-02	Tunisia	B.1	EPI_ISL_707791
12	Homo sapiens	2020-03-16	Tunisia	B.1.177	EPI_ISL_699657
48	Homo sapiens	2020-11-23	Tunisia	B.1.160	EPI_ISL_707700
48	Homo sapiens	2020-11-23	Tunisia	B.1.1.189	EPI_ISL_707699
48	Homo sapiens	2020-11-23	Tunisia	B.1.9	EPI_ISL_707698
48	Homo sapiens	2020-11-23	Tunisia	B.1.356	EPI_ISL_707697
48	Homo sapiens	2020-11-23	Tunisia	B.1	EPI_ISL_699655
14	Homo sapiens	2020-03-31	Tunisia	B.4	EPI_ISL_707792
15	Homo sapiens	2020-04-11	Tunisia	B.1.1.189	EPI_ISL_707793
48	Homo sapiens	2020-11-23	Tunisia	B.1.160	MW365356.1
48	Homo sapiens	2020-11-23	Tunisia	B.1.356	MW365358.1
48	Homo sapiens	2020-11-23	Tunisia	B.1.9	MW365359.1
13	Homo sapiens	2020-03-24	Tunisia	B.1.597	MW362554.1
131	Homo sapiens	2022-06-29	Tunisia	BA.5.2	EPI_ISL_15022204
131	Homo sapiens	2022-06-29	Tunisia	BA.5.2	EPI_ISL_15022202
131	Homo sapiens	2022-06-30	Tunisia	BA.5.2	EPI_ISL_15022208
131	Homo sapiens	2022-06-29	Tunisia	BA.5.2	EPI_ISL_15022200
131	Homo sapiens	2022-06-29	Tunisia	BA.5.2	EPI_ISL_15022203
131	Homo sapiens	2022-07-02	Tunisia	BA.5.2.20	EPI_ISL_15022209
132	Homo sapiens	2022-07-04	Tunisia	BA.4	EPI_ISL_15022211
131	Homo sapiens	2022-06-30	Tunisia	BA.5.2	EPI_ISL_15022207
133	Homo sapiens	2022-07-12	Tunisia	BA.5.2	EPI_ISL_15022219
132	Homo sapiens	2022-07-05	Tunisia	BA.5.2	EPI_ISL_15022212
133	Homo sapiens	2022-07-11	Tunisia	BA.4	EPI_ISL_15022214
133	Homo sapiens	2022-07-11	Tunisia	BA.5.2	EPI_ISL_15022215
131	Homo sapiens	2022-07-02	Tunisia	BA.5.2.20	EPI_ISL_15022210
133	Homo sapiens	2022-07-12	Tunisia	BA.4	EPI_ISL_15022216
133	Homo sapiens	2022-07-12	Tunisia	BA.5.2	EPI_ISL_15022220
133	Homo sapiens	2022-07-14	Tunisia	BA.5.2	EPI_ISL_15022225
133	Homo sapiens	2022-07-16	Tunisia	BA.4	EPI_ISL_15022227
134	Homo sapiens	2022-07-21	Tunisia	BA.5.2.20	EPI_ISL_15022229
135	Homo sapiens	2022-07-27	Tunisia	BA.5.2	EPI_ISL_15022233
134	Homo sapiens	2022-07-19	Tunisia	BA.5.2	EPI_ISL_15022228
134	Homo sapiens	2022-07-23	Tunisia	BA.5.2	EPI_ISL_15022231
130	Homo sapiens	2022-06-22	Tunisia	BA.5.2	EPI_ISL_15022193
130	Homo sapiens	2022-06-25	Tunisia	BA.5.2	EPI_ISL_15022195
130	Homo sapiens	2022-06-23	Tunisia	BA.5.2	EPI_ISL_15022194
130	Homo sapiens	2022-06-25	Tunisia	BA.5.2	EPI_ISL_15022197
128	Homo sapiens	2022-06-08	Tunisia	BA.5.2.1	EPI_ISL_15022564
128	Homo sapiens	2022-06-07	Tunisia	BA.4	EPI_ISL_15022563
128	Homo sapiens	2022-06-08	Tunisia	BA.5.2	EPI_ISL_15022565
129	Homo sapiens	2022-06-19	Tunisia	BA.5.2	EPI_ISL_15022560
128	Homo sapiens	2022-06-06	Tunisia	BA.5.2	EPI_ISL_15022562
129	Homo sapiens	2022-06-17	Tunisia	BA.5.2	EPI_ISL_15022567
129	Homo sapiens	2022-06-17	Tunisia	BA.5.2	EPI_ISL_15022568
130	Homo sapiens	2022-06-20	Tunisia	BA.5.2	EPI_ISL_15022569
130	Homo sapiens	2022-06-21	Tunisia	BA.4	EPI_ISL_15022570
131	Homo sapiens	2022-06-27	Tunisia	BA.5.2	EPI_ISL_15022573
130	Homo sapiens	2022-06-25	Tunisia	BA.5.2	EPI_ISL_15022572
105	Homo sapiens	2021-12-31	Tunisia	BA.1.1	EPI_ISL_15022551
117	Homo sapiens	2022-03-21	Tunisia	AY.122	EPI_ISL_15022557
122	Homo sapiens	2022-04-26	Tunisia	BA.2	EPI_ISL_15022521
122	Homo sapiens	2022-04-26	Tunisia	BA.2	EPI_ISL_15022520
122	Homo sapiens	2022-04-26	Tunisia	BA.2	EPI_ISL_15022522
120	Homo sapiens	2022-04-14	Tunisia	BA.2	EPI_ISL_15022524
120	Homo sapiens	2022-04-14	Tunisia	BA.2	EPI_ISL_15022523
120	Homo sapiens	2022-04-14	Tunisia	BA.1.1	EPI_ISL_15022511
120	Homo sapiens	2022-04-14	Tunisia	BA.2	EPI_ISL_15022525
107	Homo sapiens	2022-01-13	Tunisia	AY.122	EPI_ISL_15022537
120	Homo sapiens	2022-04-14	Tunisia	BA.1.1	EPI_ISL_15022510
122	Homo sapiens	2022-04-26	Tunisia	BA.2	EPI_ISL_15022517
122	Homo sapiens	2022-04-26	Tunisia	BA.2	EPI_ISL_15022516
122	Homo sapiens	2022-04-26	Tunisia	BA.2	EPI_ISL_15022518
120	Homo sapiens	2022-04-14	Tunisia	BA.1.1	EPI_ISL_15022513
120	Homo sapiens	2022-04-14	Tunisia	BA.1.1	EPI_ISL_15022512
122	Homo sapiens	2022-04-26	Tunisia	BA.2	EPI_ISL_15022515
120	Homo sapiens	2022-04-14	Tunisia	BA.2	EPI_ISL_15022514
109	Homo sapiens	2022-01-26	Tunisia	BA.1	EPI_ISL_15022532
129	Homo sapiens	2022-06-15	Tunisia	BA.5.2	EPI_ISL_15022566
131	Homo sapiens	2022-06-30	Tunisia	BA.5.2.20	EPI_ISL_15298405
130	Homo sapiens	2022-06-25	Tunisia	BA.5.2.20	EPI_ISL_15298464
131	Homo sapiens	2022-06-30	Tunisia	BA.2.40.1	EPI_ISL_15298469
131	Homo sapiens	2022-07-02	Tunisia	BA.2	EPI_ISL_15298424
131	Homo sapiens	2022-07-02	Tunisia	BA.5.2	EPI_ISL_15298421
131	Homo sapiens	2022-06-27	Tunisia	BA.5.2	EPI_ISL_15298465
130	Homo sapiens	2022-06-21	Tunisia	BA.5.2	EPI_ISL_15298463
133	Homo sapiens	2022-07-15	Tunisia	BA.5.2	EPI_ISL_15298429
130	Homo sapiens	2022-06-23	Tunisia	BA.5.1	EPI_ISL_15298449
131	Homo sapiens	2022-07-02	Tunisia	BA.5.2.20	EPI_ISL_15298427
131	Homo sapiens	2022-06-30	Tunisia	BA.5.2	EPI_ISL_15298433
131	Homo sapiens	2022-07-02	Tunisia	BA.5.1.10	EPI_ISL_15298440
131	Homo sapiens	2022-06-30	Tunisia	BA.5.2.20	EPI_ISL_15298434
131	Homo sapiens	2022-06-30	Tunisia	BA.5.2.20	EPI_ISL_15298436
133	Homo sapiens	2022-07-13	Tunisia	BA.5.2.20	EPI_ISL_15298438
128	Homo sapiens	2022-06-11	Tunisia	BA.5.2.20	EPI_ISL_15298444
130	Homo sapiens	2022-06-22	Tunisia	BA.5.2	EPI_ISL_15298448
130	Homo sapiens	2022-06-25	Tunisia	BA.2	EPI_ISL_15298439
129	Homo sapiens	2022-06-13	Tunisia	BA.5.2	EPI_ISL_15298445
131	Homo sapiens	2022-06-30	Tunisia	BA.5.2.20	EPI_ISL_15298402
130	Homo sapiens	2022-06-21	Tunisia	BA.5.2	EPI_ISL_15298446
130	Homo sapiens	2022-06-22	Tunisia	BA.5.2.20	EPI_ISL_15298447
131	Homo sapiens	2022-06-30	Tunisia	BA.5.2	EPI_ISL_15298403
130	Homo sapiens	2022-06-23	Tunisia	BA.5.2.20	EPI_ISL_15298404
130	Homo sapiens	2022-06-25	Tunisia	BA.5.2.20	EPI_ISL_15298455
131	Homo sapiens	2022-07-01	Tunisia	BA.5.2.20	EPI_ISL_15298412
130	Homo sapiens	2022-06-25	Tunisia	BA.5.2.20	EPI_ISL_15298457
130	Homo sapiens	2022-06-23	Tunisia	BA.5.2.20	EPI_ISL_15298451
130	Homo sapiens	2022-06-25	Tunisia	BA.5.2	EPI_ISL_15298453
131	Homo sapiens	2022-07-02	Tunisia	BA.5.2.20	EPI_ISL_15298415
132	Homo sapiens	2022-07-04	Tunisia	BA.5.2	EPI_ISL_15298458
131	Homo sapiens	2022-07-02	Tunisia	BE.1	EPI_ISL_15298417
130	Homo sapiens	2022-06-25	Tunisia	BA.5.2	EPI_ISL_15298481
132	Homo sapiens	2022-07-04	Tunisia	BA.5.2	EPI_ISL_15298482
130	Homo sapiens	2022-06-25	Tunisia	BA.5.2.20	EPI_ISL_15298471
131	Homo sapiens	2022-06-28	Tunisia	BA.5.2	EPI_ISL_15298467
131	Homo sapiens	2022-06-29	Tunisia	BA.5.2	EPI_ISL_15298468
132	Homo sapiens	2022-07-06	Tunisia	BA.5.2	EPI_ISL_15298483
132	Homo sapiens	2022-07-08	Tunisia	BA.2	EPI_ISL_15298484
131	Homo sapiens	2022-06-29	Tunisia	BA.2.40.1	EPI_ISL_15298470
132	Homo sapiens	2022-07-08	Tunisia	BA.2	EPI_ISL_15298441
128	Homo sapiens	2022-06-11	Tunisia	BA.2	EPI_ISL_15298407
127	Homo sapiens	2022-05-31	Tunisia	BA.2	EPI_ISL_15298476
130	Homo sapiens	2022-06-25	Tunisia	BA.2	EPI_ISL_15298454
131	Homo sapiens	2022-06-30	Tunisia	BA.2	EPI_ISL_15298435
130	Homo sapiens	2022-06-23	Tunisia	BA.2.40.1	EPI_ISL_15298450
130	Homo sapiens	2022-06-24	Tunisia	BA.2	EPI_ISL_15298452
106	Homo sapiens	2022-01-07	Tunisia	AY.122	EPI_ISL_16398474
78	Homo sapiens	2021-06-23	Tunisia	AY.122	EPI_ISL_16847403
65	Homo sapiens	2021-03-24	Tunisia	B.1.1.7	EPI_ISL_16847409
77	Homo sapiens	2021-06-16	Tunisia	AY.122	EPI_ISL_16847402
107	Homo sapiens	2022-01-11	Tunisia	BA.1.1.1	EPI_ISL_16847407
82	Homo sapiens	2021-07-23	Tunisia	AY.122	EPI_ISL_16847400
73	Homo sapiens	2021-05-21	Tunisia	B.1.1.7	EPI_ISL_16847405
83	Homo sapiens	2021-07-28	Tunisia	AY.122	EPI_ISL_16854726
148	Homo sapiens	2022-10-25	Tunisia	BQ.1.1.32	EPI_ISL_16862243
148	Homo sapiens	2022-10-29	Tunisia	BQ.1	EPI_ISL_16862246
148	Homo sapiens	2022-10-29	Tunisia	BQ.1	EPI_ISL_16862244
150	Homo sapiens	2022-11-08	Tunisia	BQ.1	EPI_ISL_16862249
149	Homo sapiens	2022-11-04	Tunisia	BQ.1	EPI_ISL_16862247
150	Homo sapiens	2022-11-08	Tunisia	BQ.1.1.28	EPI_ISL_16862248
150	Homo sapiens	2022-11-11	Tunisia	BE.1.1	EPI_ISL_16862250
150	Homo sapiens	2022-11-12	Tunisia	BQ.1.1.28	EPI_ISL_16862251
151	Homo sapiens	2022-11-15	Tunisia	BQ.1.1	EPI_ISL_16862256
151	Homo sapiens	2022-11-14	Tunisia	BQ.1.1.18	EPI_ISL_16862254
150	Homo sapiens	2022-11-12	Tunisia	BQ.1.1.28	EPI_ISL_16862255
147	Homo sapiens	2022-10-20	Tunisia	BQ.1	EPI_ISL_16862239
147	Homo sapiens	2022-10-23	Tunisia	BQ.1	EPI_ISL_16862241
148	Homo sapiens	2022-10-24	Tunisia	BQ.1	EPI_ISL_16862242
152	Homo sapiens	2022-11-24	Tunisia	BN.1.3	EPI_ISL_16862262
44	Homo sapiens	2020-10-31	Tunisia	B.1.160	EPI_ISL_16913952
74	Homo sapiens	2021-05-25	Tunisia	B.1.1.7	EPI_ISL_16944007
74	Homo sapiens	2021-05-25	Tunisia	B.1.1.7	EPI_ISL_16944009
74	Homo sapiens	2021-05-25	Tunisia	B.1.1.7	EPI_ISL_16944010
74	Homo sapiens	2021-05-26	Tunisia	B.1.1.7	EPI_ISL_16944032
74	Homo sapiens	2021-05-25	Tunisia	B.1.1.7	EPI_ISL_16943974
74	Homo sapiens	2021-05-25	Tunisia	B.1.1.7	EPI_ISL_16943997
74	Homo sapiens	2021-05-25	Tunisia	B.1.1.7	EPI_ISL_16943976
74	Homo sapiens	2021-05-24	Tunisia	B.1.1.7	EPI_ISL_16943995
63	Homo sapiens	2021-03-10	Tunisia	B.1.1.7	EPI_ISL_16943981
74	Homo sapiens	2021-05-26	Tunisia	B.1.1.7	EPI_ISL_16944066
64	Homo sapiens	2021-03-18	Tunisia	B.1.1.7	EPI_ISL_16943983
74	Homo sapiens	2021-05-26	Tunisia	B.1.1.7	EPI_ISL_16944067
64	Homo sapiens	2021-03-18	Tunisia	B.1.1.7	EPI_ISL_16943984
65	Homo sapiens	2021-03-24	Tunisia	B.1.1.7	EPI_ISL_16943963
74	Homo sapiens	2021-05-26	Tunisia	B.1.1.7	EPI_ISL_16944062
68	Homo sapiens	2021-04-13	Tunisia	B.1.1.7	EPI_ISL_16943991
74	Homo sapiens	2021-05-26	Tunisia	B.1.1.7	EPI_ISL_16944061
74	Homo sapiens	2021-05-26	Tunisia	B.1.1.7	EPI_ISL_16944063
74	Homo sapiens	2021-05-25	Tunisia	B.1.1.7	EPI_ISL_16944008
74	Homo sapiens	2021-05-25	Tunisia	B.1.1.7	EPI_ISL_16944006
74	Homo sapiens	2021-05-25	Tunisia	B.1.1.7	EPI_ISL_16944011
75	Homo sapiens	2021-06-05	Tunisia	B.1.1.7	EPI_ISL_16944308
74	Homo sapiens	2021-05-25	Tunisia	B.1.1.7	EPI_ISL_16944016
74	Homo sapiens	2021-05-25	Tunisia	B.1.1.7	EPI_ISL_16944000
75	Homo sapiens	2021-06-01	Tunisia	B.1.1.7	EPI_ISL_16944166
76	Homo sapiens	2021-06-07	Tunisia	B.1.1.7	EPI_ISL_16944168
75	Homo sapiens	2021-06-01	Tunisia	B.1.1.7	EPI_ISL_16944150
75	Homo sapiens	2021-06-01	Tunisia	B.1.1.7	EPI_ISL_16944151
71	Homo sapiens	2021-05-03	Tunisia	B.1.1.7	EPI_ISL_16943970
75	Homo sapiens	2021-06-01	Tunisia	B.1.1.7	EPI_ISL_16944152
74	Homo sapiens	2021-05-28	Tunisia	B.1.1.7	EPI_ISL_16944109
71	Homo sapiens	2021-05-03	Tunisia	B.1.1.7	EPI_ISL_16943964
75	Homo sapiens	2021-06-01	Tunisia	B.1.1.7	EPI_ISL_16944147
66	Homo sapiens	2021-04-02	Tunisia	B.1.1.7	EPI_ISL_16943967
74	Homo sapiens	2021-05-27	Tunisia	B.1.1.7	EPI_ISL_16944105
75	Homo sapiens	2021-06-01	Tunisia	B.1.1.7	EPI_ISL_16944143
75	Homo sapiens	2021-06-01	Tunisia	B.1.1.7	EPI_ISL_16944144
74	Homo sapiens	2021-05-28	Tunisia	B.1.1.7	EPI_ISL_16944108
74	Homo sapiens	2021-05-28	Tunisia	B.1.1.7	EPI_ISL_16944114
74	Homo sapiens	2021-05-28	Tunisia	B.1.1.7	EPI_ISL_16944112
74	Homo sapiens	2021-05-27	Tunisia	B.1.1.7	EPI_ISL_16944100
74	Homo sapiens	2021-05-28	Tunisia	B.1.1.7	EPI_ISL_16944125
75	Homo sapiens	2021-06-01	Tunisia	B.1.1.7	EPI_ISL_16944127
75	Homo sapiens	2021-06-01	Tunisia	B.1.1.7	EPI_ISL_16944136
75	Homo sapiens	2021-06-01	Tunisia	B.1.1.7	EPI_ISL_16944132
74	Homo sapiens	2021-05-26	Tunisia	B.1.1.7	EPI_ISL_16944038
74	Homo sapiens	2021-05-27	Tunisia	B.1.1.7	EPI_ISL_16944086
74	Homo sapiens	2021-05-26	Tunisia	B.1.1.7	EPI_ISL_16944029
74	Homo sapiens	2021-05-25	Tunisia	B.1.1.7	EPI_ISL_16943975
69	Homo sapiens	2021-04-21	Tunisia	B.1.1.7	EPI_ISL_16943973
74	Homo sapiens	2021-05-26	Tunisia	B.1.1.7	EPI_ISL_16944028
74	Homo sapiens	2021-05-25	Tunisia	B.1.1.7	EPI_ISL_16943979
74	Homo sapiens	2021-05-26	Tunisia	B.1.1.7	EPI_ISL_16944035
74	Homo sapiens	2021-05-26	Tunisia	B.1.1.7	EPI_ISL_16944036
74	Homo sapiens	2021-05-26	Tunisia	B.1.1.7	EPI_ISL_16944030
74	Homo sapiens	2021-05-26	Tunisia	B.1.1.7	EPI_ISL_16944037
74	Homo sapiens	2021-05-26	Tunisia	B.1.1.7	EPI_ISL_16944031
74	Homo sapiens	2021-05-26	Tunisia	B.1.1.7	EPI_ISL_16944033
74	Homo sapiens	2021-05-26	Tunisia	B.1.1.7	EPI_ISL_16944053
74	Homo sapiens	2021-05-25	Tunisia	B.1.1.7	EPI_ISL_16944027
74	Homo sapiens	2021-05-26	Tunisia	B.1.1.7	EPI_ISL_16944034
74	Homo sapiens	2021-05-25	Tunisia	B.1.1.7	EPI_ISL_16943972
74	Homo sapiens	2021-05-25	Tunisia	B.1.1.7	EPI_ISL_16944024
74	Homo sapiens	2021-05-25	Tunisia	B.1.1.7	EPI_ISL_16944026
74	Homo sapiens	2021-05-25	Tunisia	B.1.1.7	EPI_ISL_16944019
64	Homo sapiens	2021-03-18	Tunisia	B.1.1.7	EPI_ISL_16943985
74	Homo sapiens	2021-05-25	Tunisia	B.1.1.7	EPI_ISL_16944025
74	Homo sapiens	2021-05-26	Tunisia	B.1.1.7	EPI_ISL_16944050
64	Homo sapiens	2021-03-18	Tunisia	B.1.1.7	EPI_ISL_16943986
74	Homo sapiens	2021-05-25	Tunisia	B.1.1.7	EPI_ISL_16943998
74	Homo sapiens	2021-05-26	Tunisia	B.1.1.7	EPI_ISL_16944052
74	Homo sapiens	2021-05-24	Tunisia	B.1.1.7	EPI_ISL_16943996
74	Homo sapiens	2021-05-26	Tunisia	B.1.1.7	EPI_ISL_16944051
74	Homo sapiens	2021-05-26	Tunisia	B.1.1.7	EPI_ISL_16944057
74	Homo sapiens	2021-05-26	Tunisia	B.1.1.7	EPI_ISL_16944058
74	Homo sapiens	2021-05-26	Tunisia	B.1.1.7	EPI_ISL_16944059
74	Homo sapiens	2021-05-26	Tunisia	B.1.1.7	EPI_ISL_16944054
74	Homo sapiens	2021-05-26	Tunisia	B.1.1.7	EPI_ISL_16944055
74	Homo sapiens	2021-05-26	Tunisia	B.1.1.7	EPI_ISL_16944056
64	Homo sapiens	2021-03-20	Tunisia	B.1.1.7	EPI_ISL_16943987
74	Homo sapiens	2021-05-26	Tunisia	B.1.1.7	EPI_ISL_16944039
74	Homo sapiens	2021-05-26	Tunisia	B.1.1.7	EPI_ISL_16944043
65	Homo sapiens	2021-03-23	Tunisia	B.1.1.7	EPI_ISL_16943989
65	Homo sapiens	2021-03-22	Tunisia	B.1.1.7	EPI_ISL_16943988
74	Homo sapiens	2021-05-26	Tunisia	B.1.1.7	EPI_ISL_16944040
74	Homo sapiens	2021-05-26	Tunisia	B.1.1.7	EPI_ISL_16944041
68	Homo sapiens	2021-04-12	Tunisia	B.1.1.7	EPI_ISL_16943990
74	Homo sapiens	2021-05-26	Tunisia	B.1.1.7	EPI_ISL_16944049
74	Homo sapiens	2021-05-26	Tunisia	B.1.1.7	EPI_ISL_16944064
74	Homo sapiens	2021-05-26	Tunisia	B.1.1.7	EPI_ISL_16944046
74	Homo sapiens	2021-05-26	Tunisia	B.1.1.7	EPI_ISL_16944048
74	Homo sapiens	2021-05-26	Tunisia	B.1.1.7	EPI_ISL_16944042
68	Homo sapiens	2021-04-15	Tunisia	B.1.1.7	EPI_ISL_16943993
68	Homo sapiens	2021-04-15	Tunisia	B.1.1.7	EPI_ISL_16943992
74	Homo sapiens	2021-05-26	Tunisia	B.1.1.7	EPI_ISL_16944044
74	Homo sapiens	2021-05-26	Tunisia	B.1.1.7	EPI_ISL_16944045
74	Homo sapiens	2021-05-26	Tunisia	B.1.1.7	EPI_ISL_16944065
74	Homo sapiens	2021-05-26	Tunisia	B.1.1.7	EPI_ISL_16944060
74	Homo sapiens	2021-05-25	Tunisia	B.1.1.7	EPI_ISL_16944012
71	Homo sapiens	2021-05-07	Tunisia	B.1.1.7	EPI_ISL_16944274
71	Homo sapiens	2021-05-07	Tunisia	B.1.1.7	EPI_ISL_16944270
71	Homo sapiens	2021-05-07	Tunisia	B.1.1.7	EPI_ISL_16944279
74	Homo sapiens	2021-05-25	Tunisia	B.1.1.7	EPI_ISL_16944017
74	Homo sapiens	2021-05-25	Tunisia	B.1.1.7	EPI_ISL_16944018
74	Homo sapiens	2021-05-25	Tunisia	B.1.1.7	EPI_ISL_16944022
78	Homo sapiens	2021-06-24	Tunisia	B.1.1.7	EPI_ISL_16944325
74	Homo sapiens	2021-05-25	Tunisia	B.1.1.7	EPI_ISL_16944020
74	Homo sapiens	2021-05-25	Tunisia	B.1.1.7	EPI_ISL_16944021
74	Homo sapiens	2021-05-25	Tunisia	B.1.1.7	EPI_ISL_16944023
74	Homo sapiens	2021-05-25	Tunisia	B.1.1.7	EPI_ISL_16943999
74	Homo sapiens	2021-05-27	Tunisia	B.1.1.7	EPI_ISL_16944073
74	Homo sapiens	2021-05-27	Tunisia	B.1.1.7	EPI_ISL_16944070
74	Homo sapiens	2021-05-27	Tunisia	B.1.1.7	EPI_ISL_16944071
74	Homo sapiens	2021-05-27	Tunisia	B.1.1.7	EPI_ISL_16944072
74	Homo sapiens	2021-05-27	Tunisia	B.1.1.7	EPI_ISL_16944079
74	Homo sapiens	2021-05-27	Tunisia	B.1.1.7	EPI_ISL_16944074
74	Homo sapiens	2021-05-27	Tunisia	B.1.1.7	EPI_ISL_16944078
74	Homo sapiens	2021-05-27	Tunisia	B.1.1.7	EPI_ISL_16944075
74	Homo sapiens	2021-05-27	Tunisia	B.1.1.7	EPI_ISL_16944076
74	Homo sapiens	2021-05-25	Tunisia	B.1.1.7	EPI_ISL_16944014
74	Homo sapiens	2021-05-25	Tunisia	B.1.1.7	EPI_ISL_16944015
74	Homo sapiens	2021-05-27	Tunisia	B.1.1.7	EPI_ISL_16944077
74	Homo sapiens	2021-05-26	Tunisia	B.1.1.7	EPI_ISL_16944068
74	Homo sapiens	2021-05-27	Tunisia	B.1.1.7	EPI_ISL_16944069
74	Homo sapiens	2021-05-27	Tunisia	B.1.1.7	EPI_ISL_16944080
74	Homo sapiens	2021-05-25	Tunisia	B.1.1.7	EPI_ISL_16944002
74	Homo sapiens	2021-05-25	Tunisia	B.1.1.7	EPI_ISL_16944004
74	Homo sapiens	2021-05-25	Tunisia	B.1.1.7	EPI_ISL_16944005
74	Homo sapiens	2021-05-25	Tunisia	B.1.1.7	EPI_ISL_16944001
74	Homo sapiens	2021-05-27	Tunisia	B.1.1.7	EPI_ISL_16944095
74	Homo sapiens	2021-05-27	Tunisia	B.1.1.7	EPI_ISL_16944083
74	Homo sapiens	2021-05-27	Tunisia	B.1.1.7	EPI_ISL_16944097
74	Homo sapiens	2021-05-27	Tunisia	B.1.1.7	EPI_ISL_16944093
74	Homo sapiens	2021-05-27	Tunisia	B.1.1.7	EPI_ISL_16944094
74	Homo sapiens	2021-05-27	Tunisia	B.1.1.7	EPI_ISL_16944082
74	Homo sapiens	2021-05-27	Tunisia	B.1.1.7	EPI_ISL_16944096
71	Homo sapiens	2021-05-07	Tunisia	B.1.1.7	EPI_ISL_16944277
74	Homo sapiens	2021-05-27	Tunisia	B.1.1.7	EPI_ISL_16944090
74	Homo sapiens	2021-05-27	Tunisia	B.1.1.7	EPI_ISL_16944081
74	Homo sapiens	2021-05-27	Tunisia	B.1.1.7	EPI_ISL_16944091
74	Homo sapiens	2021-05-27	Tunisia	B.1.1.7	EPI_ISL_16944092
74	Homo sapiens	2021-05-27	Tunisia	B.1.1.7	EPI_ISL_16944085
74	Homo sapiens	2021-05-27	Tunisia	B.1.1.7	EPI_ISL_16944098
74	Homo sapiens	2021-05-27	Tunisia	B.1.1.7	EPI_ISL_16944099
74	Homo sapiens	2021-05-27	Tunisia	B.1.1.7	EPI_ISL_16944084
71	Homo sapiens	2021-05-07	Tunisia	B.1.1.7	EPI_ISL_16944276
74	Homo sapiens	2021-05-27	Tunisia	B.1.1.7	EPI_ISL_16944088
71	Homo sapiens	2021-05-07	Tunisia	B.1.1.7	EPI_ISL_16944275
74	Homo sapiens	2021-05-27	Tunisia	B.1.1.7	EPI_ISL_16944089
75	Homo sapiens	2021-06-01	Tunisia	B.1.1.7	EPI_ISL_16944149
71	Homo sapiens	2021-05-07	Tunisia	B.1.1.7	EPI_ISL_16944271
75	Homo sapiens	2021-06-01	Tunisia	B.1.1.7	EPI_ISL_16944156
75	Homo sapiens	2021-06-01	Tunisia	B.1.1.7	EPI_ISL_16944157
75	Homo sapiens	2021-06-01	Tunisia	B.1.1.7	EPI_ISL_16944154
71	Homo sapiens	2021-05-07	Tunisia	B.1.1.7	EPI_ISL_16944272
71	Homo sapiens	2021-05-07	Tunisia	B.1.1.7	EPI_ISL_16944278
75	Homo sapiens	2021-06-01	Tunisia	B.1.1.7	EPI_ISL_16944158
71	Homo sapiens	2021-05-07	Tunisia	B.1.1.7	EPI_ISL_16944273
75	Homo sapiens	2021-06-01	Tunisia	B.1.1.7	EPI_ISL_16944153
75	Homo sapiens	2021-06-01	Tunisia	B.1.1.7	EPI_ISL_16944155
75	Homo sapiens	2021-06-01	Tunisia	B.1.1.7	EPI_ISL_16944138
75	Homo sapiens	2021-06-01	Tunisia	B.1.1.7	EPI_ISL_16944139
75	Homo sapiens	2021-06-01	Tunisia	B.1.1.7	EPI_ISL_16944140
75	Homo sapiens	2021-06-01	Tunisia	B.1.1.7	EPI_ISL_16944146
75	Homo sapiens	2021-06-01	Tunisia	B.1.1.7	EPI_ISL_16944145
75	Homo sapiens	2021-06-01	Tunisia	B.1.1.7	EPI_ISL_16944148
75	Homo sapiens	2021-06-01	Tunisia	B.1.1.7	EPI_ISL_16944142
67	Homo sapiens	2021-04-05	Tunisia	B.1.1.7	EPI_ISL_16944291
66	Homo sapiens	2021-04-01	Tunisia	B.1.1.7	EPI_ISL_16944293
74	Homo sapiens	2021-05-27	Tunisia	B.1.1.7	EPI_ISL_16944106
74	Homo sapiens	2021-05-27	Tunisia	B.1.1.7	EPI_ISL_16944107
74	Homo sapiens	2021-05-28	Tunisia	B.1.1.7	EPI_ISL_16944110
74	Homo sapiens	2021-05-28	Tunisia	B.1.1.7	EPI_ISL_16944113
74	Homo sapiens	2021-05-28	Tunisia	B.1.1.7	EPI_ISL_16944115
74	Homo sapiens	2021-05-27	Tunisia	B.1.1.7	EPI_ISL_16944102
74	Homo sapiens	2021-05-28	Tunisia	B.1.1.7	EPI_ISL_16944111
74	Homo sapiens	2021-05-27	Tunisia	B.1.1.7	EPI_ISL_16944104
75	Homo sapiens	2021-06-01	Tunisia	B.1.1.7	EPI_ISL_16944129
74	Homo sapiens	2021-05-27	Tunisia	B.1.1.7	EPI_ISL_16944103
75	Homo sapiens	2021-06-01	Tunisia	B.1.1.7	EPI_ISL_16944131
75	Homo sapiens	2021-06-01	Tunisia	B.1.1.7	EPI_ISL_16944128
75	Homo sapiens	2021-06-01	Tunisia	B.1.1.7	EPI_ISL_16944134
75	Homo sapiens	2021-06-01	Tunisia	B.1.1.7	EPI_ISL_16944137
75	Homo sapiens	2021-06-01	Tunisia	B.1.1.7	EPI_ISL_16944135
74	Homo sapiens	2021-05-28	Tunisia	B.1.1.7	EPI_ISL_16944116
75	Homo sapiens	2021-06-01	Tunisia	B.1.1.7	EPI_ISL_16944130
75	Homo sapiens	2021-06-01	Tunisia	B.1.1.7	EPI_ISL_16944133
74	Homo sapiens	2021-05-28	Tunisia	B.1.1.7	EPI_ISL_16944118
74	Homo sapiens	2021-05-28	Tunisia	B.1.1.7	EPI_ISL_16944117
74	Homo sapiens	2021-05-28	Tunisia	B.1.1.7	EPI_ISL_16944119
75	Homo sapiens	2021-06-01	Tunisia	B.1.1.7	EPI_ISL_16944126
74	Homo sapiens	2021-05-28	Tunisia	B.1.1.7	EPI_ISL_16944123
74	Homo sapiens	2021-05-28	Tunisia	B.1.1.7	EPI_ISL_16944124
74	Homo sapiens	2021-05-28	Tunisia	B.1.1.7	EPI_ISL_16944120
74	Homo sapiens	2021-05-28	Tunisia	B.1.1.7	EPI_ISL_16944121
74	Homo sapiens	2021-05-28	Tunisia	B.1.1.7	EPI_ISL_16944122
76	Homo sapiens	2021-06-09	Tunisia	B.1.1.7	EPI_ISL_16944307
73	Homo sapiens	2021-05-17	Tunisia	B.1.1.7	EPI_ISL_16944313
77	Homo sapiens	2021-06-16	Tunisia	B.1.1.7	EPI_ISL_16944309
71	Homo sapiens	2021-05-06	Tunisia	B.1.1.7	EPI_ISL_16944303
71	Homo sapiens	2021-05-07	Tunisia	B.1.1.7	EPI_ISL_16944259
76	Homo sapiens	2021-06-08	Tunisia	B.1.1.7	EPI_ISL_16944306
73	Homo sapiens	2021-05-17	Tunisia	B.1.1.7	EPI_ISL_16944310
65	Homo sapiens	2021-03-25	Tunisia	B.1.1.7	EPI_ISL_16944311
73	Homo sapiens	2021-05-21	Tunisia	B.1.1.7	EPI_ISL_16944312
71	Homo sapiens	2021-05-07	Tunisia	B.1.1.7	EPI_ISL_16944260
71	Homo sapiens	2021-05-07	Tunisia	B.1.1.7	EPI_ISL_16944266
71	Homo sapiens	2021-05-05	Tunisia	B.1.1.7	EPI_ISL_16944300
71	Homo sapiens	2021-05-07	Tunisia	B.1.1.7	EPI_ISL_16944267
71	Homo sapiens	2021-05-07	Tunisia	B.1.1.7	EPI_ISL_16944268
71	Homo sapiens	2021-05-07	Tunisia	B.1.1.7	EPI_ISL_16944269
62	Homo sapiens	2021-03-06	Tunisia	B.1.1.7	EPI_ISL_16944209
71	Homo sapiens	2021-05-07	Tunisia	B.1.1.7	EPI_ISL_16944262
76	Homo sapiens	2021-06-07	Tunisia	B.1.1.7	EPI_ISL_16944175
71	Homo sapiens	2021-05-07	Tunisia	B.1.1.7	EPI_ISL_16944264
71	Homo sapiens	2021-05-07	Tunisia	B.1.1.7	EPI_ISL_16944265
65	Homo sapiens	2021-03-23	Tunisia	B.1.1.7	EPI_ISL_16944205
65	Homo sapiens	2021-03-23	Tunisia	B.1.1.7	EPI_ISL_16944204
65	Homo sapiens	2021-03-23	Tunisia	B.1.1.7	EPI_ISL_16944206
76	Homo sapiens	2021-06-07	Tunisia	B.1.1.7	EPI_ISL_16944170
76	Homo sapiens	2021-06-07	Tunisia	B.1.1.7	EPI_ISL_16944171
76	Homo sapiens	2021-06-07	Tunisia	B.1.1.7	EPI_ISL_16944172
76	Homo sapiens	2021-06-07	Tunisia	B.1.1.7	EPI_ISL_16944178
66	Homo sapiens	2021-03-30	Tunisia	B.1.1.7	EPI_ISL_16944294
76	Homo sapiens	2021-06-07	Tunisia	B.1.1.7	EPI_ISL_16944173
67	Homo sapiens	2021-04-05	Tunisia	B.1.1.7	EPI_ISL_16944290
76	Homo sapiens	2021-06-07	Tunisia	B.1.1.7	EPI_ISL_16944299
73	Homo sapiens	2021-05-18	Tunisia	B.1.1.7	EPI_ISL_16944297
63	Homo sapiens	2021-03-11	Tunisia	B.1.1.7	EPI_ISL_16944211
65	Homo sapiens	2021-03-22	Tunisia	B.1.1.7	EPI_ISL_16944212
76	Homo sapiens	2021-06-07	Tunisia	B.1.1.7	EPI_ISL_16944179
63	Homo sapiens	2021-03-12	Tunisia	B.1.1.7	EPI_ISL_16944213
76	Homo sapiens	2021-06-07	Tunisia	B.1.1.7	EPI_ISL_16944174
66	Homo sapiens	2021-04-02	Tunisia	B.1.1.7	EPI_ISL_16944295
71	Homo sapiens	2021-05-08	Tunisia	B.1.1.7	EPI_ISL_16944296
76	Homo sapiens	2021-06-07	Tunisia	B.1.1.7	EPI_ISL_16944176
70	Homo sapiens	2021-04-28	Tunisia	B.1.1.7	EPI_ISL_16944289
73	Homo sapiens	2021-05-18	Tunisia	B.1.1.7	EPI_ISL_16944298
76	Homo sapiens	2021-06-07	Tunisia	B.1.1.7	EPI_ISL_16944177
71	Homo sapiens	2021-05-07	Tunisia	B.1.1.7	EPI_ISL_16944282
75	Homo sapiens	2021-06-01	Tunisia	B.1.1.7	EPI_ISL_16944161
62	Homo sapiens	2021-03-07	Tunisia	B.1.1.7	EPI_ISL_16944210
71	Homo sapiens	2021-05-07	Tunisia	B.1.1.7	EPI_ISL_16944283
71	Homo sapiens	2021-05-07	Tunisia	B.1.1.7	EPI_ISL_16944280
71	Homo sapiens	2021-05-07	Tunisia	B.1.1.7	EPI_ISL_16944281
63	Homo sapiens	2021-03-11	Tunisia	B.1.1.7	EPI_ISL_16944201
75	Homo sapiens	2021-06-01	Tunisia	B.1.1.7	EPI_ISL_16944160
75	Homo sapiens	2021-06-01	Tunisia	B.1.1.7	EPI_ISL_16944164
75	Homo sapiens	2021-06-01	Tunisia	B.1.1.7	EPI_ISL_16944162
54	Homo sapiens	2021-01-05	Tunisia	B.1.1.7	EPI_ISL_16944288
76	Homo sapiens	2021-06-07	Tunisia	B.1.1.7	EPI_ISL_16944169
75	Homo sapiens	2021-06-01	Tunisia	B.1.1.7	EPI_ISL_16944167
71	Homo sapiens	2021-05-07	Tunisia	B.1.1.7	EPI_ISL_16944284
63	Homo sapiens	2021-03-11	Tunisia	B.1.1.7	EPI_ISL_16944200
75	Homo sapiens	2021-06-01	Tunisia	B.1.1.7	EPI_ISL_16944163
65	Homo sapiens	2021-03-27	Tunisia	B.1.1.7	EPI_ISL_16944234
66	Homo sapiens	2021-03-30	Tunisia	B.1.1.7	EPI_ISL_16944236
69	Homo sapiens	2021-04-24	Tunisia	B.1.1.7	EPI_ISL_16944285
66	Homo sapiens	2021-03-29	Tunisia	B.1.1.7	EPI_ISL_16944226
70	Homo sapiens	2021-04-28	Tunisia	B.1.1.7	EPI_ISL_16944286
76	Homo sapiens	2021-06-08	Tunisia	B.1.1.7	EPI_ISL_16944195
75	Homo sapiens	2021-06-01	Tunisia	B.1.1.7	EPI_ISL_16944165
62	Homo sapiens	2021-03-05	Tunisia	B.1.1.7	EPI_ISL_16944287
66	Homo sapiens	2021-03-29	Tunisia	B.1.1.7	EPI_ISL_16944229
66	Homo sapiens	2021-03-29	Tunisia	B.1.1.7	EPI_ISL_16944227
64	Homo sapiens	2021-03-18	Tunisia	B.1.1.7	EPI_ISL_16944233
66	Homo sapiens	2021-03-29	Tunisia	B.1.1.7	EPI_ISL_16944228
76	Homo sapiens	2021-06-08	Tunisia	B.1.1.7	EPI_ISL_16944192
76	Homo sapiens	2021-06-08	Tunisia	B.1.1.7	EPI_ISL_16944193
76	Homo sapiens	2021-06-08	Tunisia	B.1.1.7	EPI_ISL_16944190
76	Homo sapiens	2021-06-08	Tunisia	B.1.1.7	EPI_ISL_16944191
66	Homo sapiens	2021-04-01	Tunisia	B.1.1.7	EPI_ISL_16944230
64	Homo sapiens	2021-03-18	Tunisia	B.1.1.7	EPI_ISL_16944235
64	Homo sapiens	2021-03-19	Tunisia	B.1.1.7	EPI_ISL_16944232
76	Homo sapiens	2021-06-08	Tunisia	B.1.1.7	EPI_ISL_16944196
76	Homo sapiens	2021-06-08	Tunisia	B.1.1.7	EPI_ISL_16944197
66	Homo sapiens	2021-04-01	Tunisia	B.1.1.7	EPI_ISL_16944231
76	Homo sapiens	2021-06-07	Tunisia	B.1.1.7	EPI_ISL_16944186
63	Homo sapiens	2021-03-11	Tunisia	B.1.1.7	EPI_ISL_16944199
76	Homo sapiens	2021-06-07	Tunisia	B.1.1.7	EPI_ISL_16944180
66	Homo sapiens	2021-03-29	Tunisia	B.1.1.7	EPI_ISL_16944219
76	Homo sapiens	2021-06-07	Tunisia	B.1.1.7	EPI_ISL_16944181
66	Homo sapiens	2021-03-30	Tunisia	B.1.1.7	EPI_ISL_16944215
66	Homo sapiens	2021-03-29	Tunisia	B.1.1.7	EPI_ISL_16944216
76	Homo sapiens	2021-06-07	Tunisia	B.1.1.7	EPI_ISL_16944182
66	Homo sapiens	2021-03-29	Tunisia	B.1.1.7	EPI_ISL_16944217
66	Homo sapiens	2021-03-29	Tunisia	B.1.1.7	EPI_ISL_16944218
76	Homo sapiens	2021-06-07	Tunisia	B.1.1.7	EPI_ISL_16944183
67	Homo sapiens	2021-04-08	Tunisia	B.1.1.7	EPI_ISL_16944244
66	Homo sapiens	2021-03-29	Tunisia	B.1.1.7	EPI_ISL_16944222
76	Homo sapiens	2021-06-07	Tunisia	B.1.1.7	EPI_ISL_16944185
76	Homo sapiens	2021-06-07	Tunisia	B.1.1.7	EPI_ISL_16944189
66	Homo sapiens	2021-03-29	Tunisia	B.1.1.7	EPI_ISL_16944223
66	Homo sapiens	2021-03-29	Tunisia	B.1.1.7	EPI_ISL_16944224
67	Homo sapiens	2021-04-08	Tunisia	B.1.1.7	EPI_ISL_16944248
66	Homo sapiens	2021-03-29	Tunisia	B.1.1.7	EPI_ISL_16944225
67	Homo sapiens	2021-04-07	Tunisia	B.1.1.7	EPI_ISL_16944249
76	Homo sapiens	2021-06-07	Tunisia	B.1.1.7	EPI_ISL_16944187
71	Homo sapiens	2021-05-07	Tunisia	B.1.1.7	EPI_ISL_16944254
66	Homo sapiens	2021-03-29	Tunisia	B.1.1.7	EPI_ISL_16944221
68	Homo sapiens	2021-04-15	Tunisia	B.1.1.7	EPI_ISL_16944251
66	Homo sapiens	2021-04-04	Tunisia	B.1.1.7	EPI_ISL_16944240
76	Homo sapiens	2021-06-07	Tunisia	B.1.1.7	EPI_ISL_16944188
68	Homo sapiens	2021-04-15	Tunisia	B.1.1.7	EPI_ISL_16944250
70	Homo sapiens	2021-04-30	Tunisia	B.1.1.7	EPI_ISL_16944252
71	Homo sapiens	2021-05-07	Tunisia	B.1.1.7	EPI_ISL_16944255
66	Homo sapiens	2021-04-01	Tunisia	B.1.1.7	EPI_ISL_16944238
71	Homo sapiens	2021-05-07	Tunisia	B.1.1.7	EPI_ISL_16944256
71	Homo sapiens	2021-05-07	Tunisia	B.1.1.7	EPI_ISL_16944257
68	Homo sapiens	2021-04-17	Tunisia	B.1.1.7	EPI_ISL_16944253
65	Homo sapiens	2021-03-27	Tunisia	B.1.1.7	EPI_ISL_16944237
66	Homo sapiens	2021-04-04	Tunisia	B.1.1.7	EPI_ISL_16944239
66	Homo sapiens	2021-04-01	Tunisia	B.1.1.7	EPI_ISL_16944245
65	Homo sapiens	2021-03-26	Tunisia	B.1.1.7	EPI_ISL_16944246
66	Homo sapiens	2021-04-03	Tunisia	B.1.1.7	EPI_ISL_16944247
71	Homo sapiens	2021-05-08	Tunisia	B.1.1.7	EPI_ISL_16944350
68	Homo sapiens	2021-04-14	Tunisia	B.1.1.7	EPI_ISL_16944241
68	Homo sapiens	2021-04-12	Tunisia	B.1.1.7	EPI_ISL_16944242
88	Homo sapiens	2021-08-30	Tunisia	B.1.1.7	EPI_ISL_16944348
68	Homo sapiens	2021-04-16	Tunisia	B.1.1.7	EPI_ISL_16944243
78	Homo sapiens	2021-06-24	Tunisia	B.1.1.7	EPI_ISL_16944327
78	Homo sapiens	2021-06-24	Tunisia	B.1.1.7	EPI_ISL_16944329
71	Homo sapiens	2021-05-05	Tunisia	B.1.1.7	EPI_ISL_16944347
79	Homo sapiens	2021-06-30	Tunisia	B.1.1.7	EPI_ISL_16944349
78	Homo sapiens	2021-06-24	Tunisia	B.1.1.7	EPI_ISL_16944328
78	Homo sapiens	2021-06-24	Tunisia	B.1.1.7	EPI_ISL_16944332
93	Homo sapiens	2021-10-09	Tunisia	B.1.1.7	EPI_ISL_16944354
74	Homo sapiens	2021-05-25	Tunisia	B.1.1.7	EPI_ISL_16944333
93	Homo sapiens	2021-10-09	Tunisia	B.1.1.7	EPI_ISL_16944355
65	Homo sapiens	2021-03-25	Tunisia	B.1.1.7	EPI_ISL_16944334
93	Homo sapiens	2021-10-09	Tunisia	B.1.1.7	EPI_ISL_16944356
73	Homo sapiens	2021-05-18	Tunisia	B.1.1.7	EPI_ISL_16944314
63	Homo sapiens	2021-03-14	Tunisia	B.1.1.7	EPI_ISL_16944335
74	Homo sapiens	2021-05-27	Tunisia	B.1.1.7	EPI_ISL_16944346
71	Homo sapiens	2021-05-08	Tunisia	B.1.1.7	EPI_ISL_16944351
69	Homo sapiens	2021-04-20	Tunisia	B.1.1.7	EPI_ISL_16944318
78	Homo sapiens	2021-06-24	Tunisia	B.1.1.7	EPI_ISL_16944330
73	Homo sapiens	2021-05-17	Tunisia	B.1.1.7	EPI_ISL_16944319
88	Homo sapiens	2021-08-30	Tunisia	B.1.1.7	EPI_ISL_16944353
78	Homo sapiens	2021-06-24	Tunisia	B.1.1.7	EPI_ISL_16944322
78	Homo sapiens	2021-06-26	Tunisia	B.1.1.7	EPI_ISL_16944336
68	Homo sapiens	2021-04-12	Tunisia	B.1.1.7	EPI_ISL_16944315
68	Homo sapiens	2021-04-15	Tunisia	B.1.1.7	EPI_ISL_16944317
77	Homo sapiens	2021-06-17	Tunisia	B.1.1.7	EPI_ISL_16944341
66	Homo sapiens	2021-04-01	Tunisia	B.1.1.7	EPI_ISL_16944337
68	Homo sapiens	2021-04-15	Tunisia	B.1.1.7	EPI_ISL_16944316
76	Homo sapiens	2021-06-07	Tunisia	B.1.1.7	EPI_ISL_16944342
71	Homo sapiens	2021-05-06	Tunisia	B.1.1.7	EPI_ISL_16944338
72	Homo sapiens	2021-05-10	Tunisia	B.1.1.7	EPI_ISL_16944321
79	Homo sapiens	2021-06-29	Tunisia	B.1.1.7	EPI_ISL_16944343
78	Homo sapiens	2021-06-24	Tunisia	B.1.1.7	EPI_ISL_16944324
75	Homo sapiens	2021-06-01	Tunisia	B.1.1.7	EPI_ISL_16944344
74	Homo sapiens	2021-05-27	Tunisia	B.1.1.7	EPI_ISL_16944345
78	Homo sapiens	2021-06-22	Tunisia	B.1.1.7	EPI_ISL_16955531
71	Homo sapiens	2021-05-04	Tunisia	B.1.1.7	EPI_ISL_16955530
75	Homo sapiens	2021-06-01	Tunisia	B.1.1.7	EPI_ISL_16955522
93	Homo sapiens	2021-10-09	Tunisia	B.1.1.7	EPI_ISL_16955532
66	Homo sapiens	2021-04-03	Tunisia	B.1.1.7	EPI_ISL_16955525
74	Homo sapiens	2021-05-27	Tunisia	B.1.1.7	EPI_ISL_16955519
71	Homo sapiens	2021-05-07	Tunisia	B.1.1.7	EPI_ISL_16955527
75	Homo sapiens	2021-06-01	Tunisia	B.1.1.7	EPI_ISL_16955521
74	Homo sapiens	2021-05-27	Tunisia	B.1.1.7	EPI_ISL_16955520
72	Homo sapiens	2021-05-14	Tunisia	B.1.1.7	EPI_ISL_16955526
63	Homo sapiens	2021-03-14	Tunisia	B.1.1.7	EPI_ISL_16955524
74	Homo sapiens	2021-05-26	Tunisia	B.1.1.7	EPI_ISL_16955518
71	Homo sapiens	2021-05-04	Tunisia	B.1.1.7	EPI_ISL_16955529
73	Homo sapiens	2021-05-21	Tunisia	B.1.1.7	EPI_ISL_16967979
72	Homo sapiens	2021-05-10	Tunisia	B.1.1.7	EPI_ISL_16967981
74	Homo sapiens	2021-05-27	Tunisia	B.1.1.7	EPI_ISL_16981072
74	Homo sapiens	2021-05-27	Tunisia	B.1.1.7	EPI_ISL_16981071
76	Homo sapiens	2021-06-08	Tunisia	B.1.160.28	EPI_ISL_17018821
62	Homo sapiens	2021-03-01	Tunisia	B.1.160	EPI_ISL_17018828
69	Homo sapiens	2021-04-24	Tunisia	B.1.525	EPI_ISL_17018829
79	Homo sapiens	2021-06-29	Tunisia	B.1.177	EPI_ISL_17018820
62	Homo sapiens	2021-03-01	Tunisia	B.1.243	EPI_ISL_17018813
64	Homo sapiens	2021-03-18	Tunisia	B.1.160	EPI_ISL_17018811
63	Homo sapiens	2021-03-08	Tunisia	B.1.160	EPI_ISL_17018819
70	Homo sapiens	2021-04-28	Tunisia	B.1.525	EPI_ISL_17018825
67	Homo sapiens	2021-04-11	Tunisia	AY.122	EPI_ISL_17018823
63	Homo sapiens	2021-03-09	Tunisia	B.1.160	EPI_ISL_17018809
64	Homo sapiens	2021-03-19	Tunisia	B.1.160	EPI_ISL_17018827
79	Homo sapiens	2021-06-29	Tunisia	AY.122	EPI_ISL_17018826
64	Homo sapiens	2021-03-18	Tunisia	B.1.177	EPI_ISL_17018810
65	Homo sapiens	2021-03-23	Tunisia	B.1.525	EPI_ISL_17018832
70	Homo sapiens	2021-04-28	Tunisia	B.1.525	EPI_ISL_17018830
63	Homo sapiens	2021-03-08	Tunisia	B.1.160	EPI_ISL_17018818
65	Homo sapiens	2021-03-22	Tunisia	A.23.1	EPI_ISL_17018817
62	Homo sapiens	2021-03-04	Tunisia	B.1.160	EPI_ISL_17018814
62	Homo sapiens	2021-03-04	Tunisia	B.1.160	EPI_ISL_17018815
63	Homo sapiens	2021-03-11	Tunisia	B.1.160	EPI_ISL_17018816
63	Homo sapiens	2021-03-11	Tunisia	B.1.160	EPI_ISL_17018831
64	Homo sapiens	2021-03-18	Tunisia	B.1.160	EPI_ISL_17036498
63	Homo sapiens	2021-03-08	Tunisia	B.1.160	EPI_ISL_17036516
63	Homo sapiens	2021-03-08	Tunisia	B.1.160	EPI_ISL_17036515
70	Homo sapiens	2021-04-28	Tunisia	B.1.525	EPI_ISL_17036511
64	Homo sapiens	2021-03-18	Tunisia	B.1.177	EPI_ISL_17036497
65	Homo sapiens	2021-03-22	Tunisia	A.23.1	EPI_ISL_17036508
63	Homo sapiens	2021-03-09	Tunisia	B.1.160	EPI_ISL_17036495
79	Homo sapiens	2021-06-29	Tunisia	B.1.177	EPI_ISL_17036518
70	Homo sapiens	2021-04-28	Tunisia	B.1.525	EPI_ISL_17036510
67	Homo sapiens	2021-04-11	Tunisia	AY.122	EPI_ISL_17036513
65	Homo sapiens	2021-03-23	Tunisia	B.1.525	EPI_ISL_17036517
79	Homo sapiens	2021-06-29	Tunisia	AY.122	EPI_ISL_17036519
76	Homo sapiens	2021-06-08	Tunisia	B.1.160.28	EPI_ISL_17036520
62	Homo sapiens	2021-03-01	Tunisia	B.1.160	EPI_ISL_17036501
62	Homo sapiens	2021-03-04	Tunisia	B.1.160	EPI_ISL_17036503
62	Homo sapiens	2021-03-04	Tunisia	B.1.160	EPI_ISL_17036502
63	Homo sapiens	2021-03-11	Tunisia	B.1.160	EPI_ISL_17036505
63	Homo sapiens	2021-03-11	Tunisia	B.1.160	EPI_ISL_17036504
64	Homo sapiens	2021-03-19	Tunisia	B.1.160	EPI_ISL_17036507
69	Homo sapiens	2021-04-24	Tunisia	B.1.525	EPI_ISL_17036509
62	Homo sapiens	2021-03-01	Tunisia	B.1.243	EPI_ISL_17036536
