13	Homo sapiens	2020-03-25	Uganda	A	EPI_ISL_451183
13	Homo sapiens	2020-03-26	Uganda	A	EPI_ISL_451184
13	Homo sapiens	2020-03-27	Uganda	B.1.1.369	EPI_ISL_451186
14	Homo sapiens	2020-03-30	Uganda	B.1.1.369	EPI_ISL_451189
14	Homo sapiens	2020-03-30	Uganda	B.1.1.369	EPI_ISL_451190
14	Homo sapiens	2020-03-30	Uganda	B.1.1.369	EPI_ISL_451192
14	Homo sapiens	2020-03-30	Uganda	B.4.7	EPI_ISL_451193
18	Homo sapiens	2020-04-27	Uganda	B.1	EPI_ISL_451198
17	Homo sapiens	2020-04-20	Uganda	A	EPI_ISL_451199
18	Homo sapiens	2020-04-30	Uganda	B.1	EPI_ISL_451201
18	Homo sapiens	2020-05-01	Uganda	B.1	EPI_ISL_451202
14	Homo sapiens	2020-04-02	Uganda	B.4.7	EPI_ISL_737935
29	Homo sapiens	2020-07-15	Uganda	A.25	EPI_ISL_737939
35	Homo sapiens	2020-08-27	Uganda	A.25	EPI_ISL_737940
35	Homo sapiens	2020-08-26	Uganda	B.1.393	EPI_ISL_737941
35	Homo sapiens	2020-08-24	Uganda	B.1.393	EPI_ISL_737942
35	Homo sapiens	2020-08-24	Uganda	B.1.393	EPI_ISL_737943
35	Homo sapiens	2020-08-24	Uganda	B.1.393	EPI_ISL_737944
33	Homo sapiens	2020-08-14	Uganda	A.25	EPI_ISL_737945
19	Homo sapiens	2020-05-04	Uganda	B.1	EPI_ISL_737946
18	Homo sapiens	2020-05-01	Uganda	B.1	EPI_ISL_737948
18	Homo sapiens	2020-05-02	Uganda	B.1	EPI_ISL_737949
14	Homo sapiens	2020-04-04	Uganda	A	EPI_ISL_737951
19	Homo sapiens	2020-05-07	Uganda	B.31	EPI_ISL_737953
12	Homo sapiens	2020-03-21	Uganda	A.22	EPI_ISL_737954
13	Homo sapiens	2020-03-27	Uganda	B.1.1.369	EPI_ISL_737955
14	Homo sapiens	2020-03-30	Uganda	B	EPI_ISL_737956
13	Homo sapiens	2020-03-25	Uganda	B	EPI_ISL_737957
13	Homo sapiens	2020-03-26	Uganda	B	EPI_ISL_737958
13	Homo sapiens	2020-03-27	Uganda	B.4.7	EPI_ISL_737959
19	Homo sapiens	2020-05-07	Uganda	B.1	EPI_ISL_737960
19	Homo sapiens	2020-05-07	Uganda	B.31	EPI_ISL_737961
18	Homo sapiens	2020-05-02	Uganda	A	EPI_ISL_737962
19	Homo sapiens	2020-05-04	Uganda	B.1	EPI_ISL_737963
19	Homo sapiens	2020-05-07	Uganda	B.1	EPI_ISL_737964
30	Homo sapiens	2020-07-24	Uganda	B.1.393	EPI_ISL_737965
19	Homo sapiens	2020-05-06	Uganda	B.1	EPI_ISL_737966
19	Homo sapiens	2020-05-07	Uganda	B.1	EPI_ISL_737968
19	Homo sapiens	2020-05-07	Uganda	B.31	EPI_ISL_737969
20	Homo sapiens	2020-05-11	Uganda	A	EPI_ISL_737970
32	Homo sapiens	2020-08-08	Uganda	B.1.393	EPI_ISL_737971
30	Homo sapiens	2020-07-21	Uganda	B.1	EPI_ISL_737972
29	Homo sapiens	2020-07-16	Uganda	B.1.214	EPI_ISL_737973
30	Homo sapiens	2020-07-24	Uganda	A.25	EPI_ISL_737974
31	Homo sapiens	2020-07-27	Uganda	A.25	EPI_ISL_737975
30	Homo sapiens	2020-07-22	Uganda	B.1.398	EPI_ISL_737977
30	Homo sapiens	2020-07-21	Uganda	B.1	EPI_ISL_737978
30	Homo sapiens	2020-07-21	Uganda	B.1	EPI_ISL_737979
35	Homo sapiens	2020-08-26	Uganda	A.25	EPI_ISL_737980
35	Homo sapiens	2020-08-26	Uganda	B.1.393	EPI_ISL_737981
35	Homo sapiens	2020-08-27	Uganda	B.1.393	EPI_ISL_737982
35	Homo sapiens	2020-08-26	Uganda	B.1.393	EPI_ISL_737983
35	Homo sapiens	2020-08-26	Uganda	A	EPI_ISL_737985
35	Homo sapiens	2020-08-24	Uganda	A.23	EPI_ISL_737986
35	Homo sapiens	2020-08-26	Uganda	B.1.393	EPI_ISL_737987
35	Homo sapiens	2020-08-30	Uganda	B.1.393	EPI_ISL_737988
36	Homo sapiens	2020-09-05	Uganda	A.25	EPI_ISL_737990
33	Homo sapiens	2020-08-15	Uganda	A.23	EPI_ISL_737991
33	Homo sapiens	2020-08-15	Uganda	A.23	EPI_ISL_737992
33	Homo sapiens	2020-08-15	Uganda	A.23	EPI_ISL_737993
33	Homo sapiens	2020-08-15	Uganda	A.23	EPI_ISL_737994
33	Homo sapiens	2020-08-15	Uganda	A.23	EPI_ISL_737995
35	Homo sapiens	2020-08-24	Uganda	A.25	EPI_ISL_737997
35	Homo sapiens	2020-08-25	Uganda	B.1.1.1	EPI_ISL_737998
34	Homo sapiens	2020-08-22	Uganda	B.1.214	EPI_ISL_737999
35	Homo sapiens	2020-08-25	Uganda	A.25	EPI_ISL_738000
33	Homo sapiens	2020-08-15	Uganda	A.23	EPI_ISL_738001
33	Homo sapiens	2020-08-15	Uganda	A.23	EPI_ISL_738002
35	Homo sapiens	2020-08-26	Uganda	B.1.393	EPI_ISL_738004
33	Homo sapiens	2020-08-15	Uganda	A.23	EPI_ISL_738005
35	Homo sapiens	2020-08-26	Uganda	A.25	EPI_ISL_738006
33	Homo sapiens	2020-08-15	Uganda	A.23	EPI_ISL_738007
33	Homo sapiens	2020-08-16	Uganda	A.23	EPI_ISL_738008
27	Homo sapiens	2020-07-04	Uganda	B.1.393	EPI_ISL_738009
27	Homo sapiens	2020-07-04	Uganda	A.25	EPI_ISL_738010
27	Homo sapiens	2020-07-04	Uganda	A.25	EPI_ISL_738011
27	Homo sapiens	2020-07-04	Uganda	B.1.393	EPI_ISL_738012
32	Homo sapiens	2020-08-06	Uganda	B.1	EPI_ISL_738013
32	Homo sapiens	2020-08-08	Uganda	B.1	EPI_ISL_738014
32	Homo sapiens	2020-08-08	Uganda	B.1	EPI_ISL_738015
33	Homo sapiens	2020-08-14	Uganda	A.23	EPI_ISL_738016
33	Homo sapiens	2020-08-11	Uganda	B.1.393	EPI_ISL_738017
34	Homo sapiens	2020-08-17	Uganda	B.1.1.1	EPI_ISL_738018
34	Homo sapiens	2020-08-17	Uganda	B.1.380	EPI_ISL_738019
33	Homo sapiens	2020-08-15	Uganda	B.1	EPI_ISL_738021
34	Homo sapiens	2020-08-21	Uganda	A.25	EPI_ISL_738022
34	Homo sapiens	2020-08-21	Uganda	B.1	EPI_ISL_738023
36	Homo sapiens	2020-09-01	Uganda	A.23	EPI_ISL_738025
36	Homo sapiens	2020-09-01	Uganda	A.23	EPI_ISL_738026
36	Homo sapiens	2020-09-01	Uganda	A.23	EPI_ISL_738027
36	Homo sapiens	2020-09-01	Uganda	A.23	EPI_ISL_738028
36	Homo sapiens	2020-09-01	Uganda	A.23	EPI_ISL_738029
33	Homo sapiens	2020-08-15	Uganda	A.23	EPI_ISL_738030
36	Homo sapiens	2020-09-01	Uganda	A.23	EPI_ISL_738031
36	Homo sapiens	2020-09-01	Uganda	A.23	EPI_ISL_738032
36	Homo sapiens	2020-09-01	Uganda	A.23	EPI_ISL_738033
36	Homo sapiens	2020-09-01	Uganda	A.23	EPI_ISL_738034
36	Homo sapiens	2020-09-01	Uganda	A.23	EPI_ISL_738035
36	Homo sapiens	2020-09-01	Uganda	A.23	EPI_ISL_738036
36	Homo sapiens	2020-09-01	Uganda	A.23	EPI_ISL_738037
40	Homo sapiens	2020-10-01	Uganda	B.1.1.27	EPI_ISL_738038
40	Homo sapiens	2020-10-01	Uganda	B.1.1.27	EPI_ISL_738039
40	Homo sapiens	2020-10-01	Uganda	B.1.1.27	EPI_ISL_738040
40	Homo sapiens	2020-10-01	Uganda	B.1.1.27	EPI_ISL_738041
40	Homo sapiens	2020-10-01	Uganda	B.1.1.27	EPI_ISL_738042
40	Homo sapiens	2020-10-01	Uganda	B.1.1.27	EPI_ISL_738043
53	Homo sapiens	2021-01-02	Uganda	A.23.1	EPI_ISL_954226
53	Homo sapiens	2020-12-28	Uganda	A.23.1	EPI_ISL_954227
33	Homo sapiens	2020-08-15	Uganda	A.23	EPI_ISL_954228
52	Homo sapiens	2020-12-26	Uganda	A.23.1	EPI_ISL_954229
53	Homo sapiens	2020-12-28	Uganda	B.1.393	EPI_ISL_954230
33	Homo sapiens	2020-08-15	Uganda	A.23	EPI_ISL_954231
33	Homo sapiens	2020-08-15	Uganda	A.23	EPI_ISL_954232
33	Homo sapiens	2020-08-15	Uganda	A.23	EPI_ISL_954233
33	Homo sapiens	2020-08-15	Uganda	A.23	EPI_ISL_954234
33	Homo sapiens	2020-08-15	Uganda	A.23	EPI_ISL_954235
33	Homo sapiens	2020-08-15	Uganda	A.23	EPI_ISL_954236
33	Homo sapiens	2020-08-15	Uganda	A.23	EPI_ISL_954237
33	Homo sapiens	2020-08-15	Uganda	A.23	EPI_ISL_954238
33	Homo sapiens	2020-08-15	Uganda	A.23	EPI_ISL_954239
33	Homo sapiens	2020-08-16	Uganda	A.23	EPI_ISL_954240
34	Homo sapiens	2020-08-19	Uganda	A.25	EPI_ISL_954241
36	Homo sapiens	2020-09-01	Uganda	B.1	EPI_ISL_954242
36	Homo sapiens	2020-09-01	Uganda	A.23	EPI_ISL_954243
36	Homo sapiens	2020-09-01	Uganda	A.23	EPI_ISL_954244
36	Homo sapiens	2020-09-01	Uganda	A.23	EPI_ISL_954245
36	Homo sapiens	2020-09-01	Uganda	A.23	EPI_ISL_954246
36	Homo sapiens	2020-09-01	Uganda	A.23	EPI_ISL_954247
36	Homo sapiens	2020-09-01	Uganda	A.23	EPI_ISL_954248
36	Homo sapiens	2020-09-01	Uganda	A.23	EPI_ISL_954249
36	Homo sapiens	2020-09-01	Uganda	A.23	EPI_ISL_954250
36	Homo sapiens	2020-09-01	Uganda	A.23	EPI_ISL_954251
36	Homo sapiens	2020-09-01	Uganda	A.23	EPI_ISL_954252
36	Homo sapiens	2020-09-01	Uganda	A.23	EPI_ISL_954253
36	Homo sapiens	2020-09-02	Uganda	A.23	EPI_ISL_954254
52	Homo sapiens	2020-12-26	Uganda	A.23.1	EPI_ISL_954255
52	Homo sapiens	2020-12-27	Uganda	A.23	EPI_ISL_954256
52	Homo sapiens	2020-12-27	Uganda	A.23.1	EPI_ISL_954257
52	Homo sapiens	2020-12-27	Uganda	A.23.1	EPI_ISL_954258
52	Homo sapiens	2020-12-27	Uganda	A.23.1	EPI_ISL_954260
52	Homo sapiens	2020-12-27	Uganda	A.23.1	EPI_ISL_954261
52	Homo sapiens	2020-12-27	Uganda	A.23.1	EPI_ISL_954262
52	Homo sapiens	2020-12-27	Uganda	A.23.1	EPI_ISL_954263
52	Homo sapiens	2020-12-27	Uganda	A.23.1	EPI_ISL_954264
52	Homo sapiens	2020-12-27	Uganda	A.23.1	EPI_ISL_954266
52	Homo sapiens	2020-12-27	Uganda	A.23.1	EPI_ISL_954267
53	Homo sapiens	2020-12-28	Uganda	A.23.1	EPI_ISL_954268
53	Homo sapiens	2020-12-28	Uganda	A.23.1	EPI_ISL_954269
53	Homo sapiens	2020-12-28	Uganda	A.23.1	EPI_ISL_954270
53	Homo sapiens	2020-12-28	Uganda	A.23.1	EPI_ISL_954271
53	Homo sapiens	2020-12-28	Uganda	A.23.1	EPI_ISL_954272
53	Homo sapiens	2020-12-28	Uganda	A.23.1	EPI_ISL_954273
53	Homo sapiens	2020-12-28	Uganda	A.23.1	EPI_ISL_954274
53	Homo sapiens	2020-12-28	Uganda	A.23.1	EPI_ISL_954275
53	Homo sapiens	2020-12-28	Uganda	A.23.1	EPI_ISL_954276
53	Homo sapiens	2020-12-28	Uganda	A.23.1	EPI_ISL_954277
53	Homo sapiens	2020-12-28	Uganda	A.23.1	EPI_ISL_954278
53	Homo sapiens	2020-12-28	Uganda	A.23.1	EPI_ISL_954279
53	Homo sapiens	2020-12-28	Uganda	A.23.1	EPI_ISL_954280
53	Homo sapiens	2020-12-29	Uganda	A.23.1	EPI_ISL_954281
53	Homo sapiens	2020-12-29	Uganda	A.23.1	EPI_ISL_954282
53	Homo sapiens	2020-12-29	Uganda	A.23.1	EPI_ISL_954283
53	Homo sapiens	2020-12-30	Uganda	A.23.1	EPI_ISL_954284
53	Homo sapiens	2020-12-30	Uganda	A.23.1	EPI_ISL_954285
53	Homo sapiens	2020-12-30	Uganda	A.23.1	EPI_ISL_954286
53	Homo sapiens	2020-12-30	Uganda	A.23.1	EPI_ISL_954287
53	Homo sapiens	2020-12-31	Uganda	A.23.1	EPI_ISL_954288
53	Homo sapiens	2020-12-31	Uganda	A.23.1	EPI_ISL_954289
53	Homo sapiens	2020-12-31	Uganda	A.23.1	EPI_ISL_954290
53	Homo sapiens	2020-12-31	Uganda	A.23.1	EPI_ISL_954291
53	Homo sapiens	2020-12-31	Uganda	A.23.1	EPI_ISL_954292
53	Homo sapiens	2020-12-31	Uganda	A.23.1	EPI_ISL_954293
53	Homo sapiens	2020-12-31	Uganda	A.23.1	EPI_ISL_954294
53	Homo sapiens	2020-12-31	Uganda	A.23.1	EPI_ISL_954295
53	Homo sapiens	2020-12-31	Uganda	A.23.1	EPI_ISL_954296
53	Homo sapiens	2021-01-01	Uganda	A.23.1	EPI_ISL_954297
53	Homo sapiens	2021-01-01	Uganda	A.23.1	EPI_ISL_954298
53	Homo sapiens	2021-01-01	Uganda	A.23.1	EPI_ISL_954299
53	Homo sapiens	2021-01-02	Uganda	A.23.1	EPI_ISL_954300
53	Homo sapiens	2020-12-29	Uganda	A.23.1	EPI_ISL_955136
18	Homo sapiens	2020-04-27	Uganda	B.1	EPI_ISL_451197
56	Homo sapiens	2021-01-21	Uganda	A.23.1	EPI_ISL_1469313
56	Homo sapiens	2021-01-22	Uganda	A.23.1	EPI_ISL_1469314
56	Homo sapiens	2021-01-22	Uganda	A.23.1	EPI_ISL_1469315
56	Homo sapiens	2021-01-23	Uganda	A.23.1	EPI_ISL_1469316
56	Homo sapiens	2021-01-19	Uganda	A.23.1	EPI_ISL_1469317
56	Homo sapiens	2021-01-19	Uganda	A.23.1	EPI_ISL_1469318
56	Homo sapiens	2021-01-19	Uganda	A.23.1	EPI_ISL_1469319
56	Homo sapiens	2021-01-19	Uganda	A.23.1	EPI_ISL_1469320
56	Homo sapiens	2021-01-19	Uganda	A.23.1	EPI_ISL_1469321
56	Homo sapiens	2021-01-18	Uganda	A.23.1	EPI_ISL_1469322
56	Homo sapiens	2021-01-19	Uganda	A.23.1	EPI_ISL_1469323
56	Homo sapiens	2021-01-20	Uganda	A.23.1	EPI_ISL_1469324
56	Homo sapiens	2021-01-21	Uganda	A.23.1	EPI_ISL_1469325
36	Homo sapiens	2020-09-01	Uganda	A.23	EPI_ISL_1469326
36	Homo sapiens	2020-09-06	Uganda	B.1.1.1	EPI_ISL_1469327
36	Homo sapiens	2020-09-06	Uganda	B.1.1.1	EPI_ISL_1469328
37	Homo sapiens	2020-09-07	Uganda	A.25	EPI_ISL_1469329
37	Homo sapiens	2020-09-07	Uganda	B.1.1.1	EPI_ISL_1469330
33	Homo sapiens	2020-08-15	Uganda	A.23	EPI_ISL_1469331
45	Homo sapiens	2020-11-08	Uganda	B.1.393	EPI_ISL_1469332
45	Homo sapiens	2020-11-08	Uganda	A.23	EPI_ISL_1469333
45	Homo sapiens	2020-11-08	Uganda	A.23	EPI_ISL_1469334
45	Homo sapiens	2020-11-08	Uganda	A.23	EPI_ISL_1469335
46	Homo sapiens	2020-11-09	Uganda	A.23	EPI_ISL_1469336
46	Homo sapiens	2020-11-09	Uganda	A.23	EPI_ISL_1469337
46	Homo sapiens	2020-11-09	Uganda	A.23	EPI_ISL_1469338
46	Homo sapiens	2020-11-09	Uganda	A.25	EPI_ISL_1469339
46	Homo sapiens	2020-11-11	Uganda	B.1.393	EPI_ISL_1469340
46	Homo sapiens	2020-11-11	Uganda	A.23	EPI_ISL_1469341
46	Homo sapiens	2020-11-11	Uganda	A.23	EPI_ISL_1469342
46	Homo sapiens	2020-11-11	Uganda	A.23.1	EPI_ISL_1469343
49	Homo sapiens	2020-12-03	Uganda	A.25	EPI_ISL_1469344
50	Homo sapiens	2020-12-08	Uganda	A.25	EPI_ISL_1469345
50	Homo sapiens	2020-12-08	Uganda	B.1	EPI_ISL_1469346
50	Homo sapiens	2020-12-08	Uganda	A.23.1	EPI_ISL_1469347
36	Homo sapiens	2020-09-01	Uganda	A.23	EPI_ISL_1469349
36	Homo sapiens	2020-09-01	Uganda	A.23	EPI_ISL_1469350
36	Homo sapiens	2020-09-01	Uganda	A.23	EPI_ISL_1469351
36	Homo sapiens	2020-09-01	Uganda	B.1.1.1	EPI_ISL_1469352
45	Homo sapiens	2020-11-06	Uganda	A.23.1	EPI_ISL_1469353
45	Homo sapiens	2020-11-06	Uganda	A.23.1	EPI_ISL_1469354
45	Homo sapiens	2020-11-08	Uganda	A.23	EPI_ISL_1469355
46	Homo sapiens	2020-11-11	Uganda	A.23.1	EPI_ISL_1469356
46	Homo sapiens	2020-11-11	Uganda	A.23.1	EPI_ISL_1469357
46	Homo sapiens	2020-11-11	Uganda	A.23.1	EPI_ISL_1469358
46	Homo sapiens	2020-11-13	Uganda	A.23.1	EPI_ISL_1469359
46	Homo sapiens	2020-11-13	Uganda	A.23.1	EPI_ISL_1469360
46	Homo sapiens	2020-11-13	Uganda	A.23.1	EPI_ISL_1469361
46	Homo sapiens	2020-11-13	Uganda	A.23.1	EPI_ISL_1469362
46	Homo sapiens	2020-11-14	Uganda	A.23.1	EPI_ISL_1469363
46	Homo sapiens	2020-11-14	Uganda	A.23.1	EPI_ISL_1469364
46	Homo sapiens	2020-11-14	Uganda	A.23	EPI_ISL_1469365
47	Homo sapiens	2020-11-17	Uganda	A.23.1	EPI_ISL_1469366
50	Homo sapiens	2020-12-08	Uganda	A.23.1	EPI_ISL_1469367
50	Homo sapiens	2020-12-08	Uganda	A.23.1	EPI_ISL_1469368
50	Homo sapiens	2020-12-08	Uganda	A.23.1	EPI_ISL_1469369
49	Homo sapiens	2020-12-06	Uganda	A.23.1	EPI_ISL_1469370
50	Homo sapiens	2020-12-08	Uganda	B.1.222	EPI_ISL_1469371
50	Homo sapiens	2020-12-08	Uganda	A.23.1	EPI_ISL_1469372
50	Homo sapiens	2020-12-08	Uganda	A.23.1	EPI_ISL_1469373
50	Homo sapiens	2020-12-08	Uganda	B.1.222	EPI_ISL_1469374
50	Homo sapiens	2020-12-08	Uganda	A.23	EPI_ISL_1469375
50	Homo sapiens	2020-12-08	Uganda	A.23.1	EPI_ISL_1469376
50	Homo sapiens	2020-12-08	Uganda	A.23.1	EPI_ISL_1469377
50	Homo sapiens	2020-12-08	Uganda	A.23.1	EPI_ISL_1469378
46	Homo sapiens	2020-11-13	Uganda	B.1.222	EPI_ISL_1469379
50	Homo sapiens	2020-12-09	Uganda	A.23.1	EPI_ISL_1469380
50	Homo sapiens	2020-12-09	Uganda	A.23.1	EPI_ISL_1469381
50	Homo sapiens	2020-12-09	Uganda	A.23.1	EPI_ISL_1469382
50	Homo sapiens	2020-12-11	Uganda	A.23.1	EPI_ISL_1469383
50	Homo sapiens	2020-12-11	Uganda	A.23.1	EPI_ISL_1469384
50	Homo sapiens	2020-12-09	Uganda	A.23.1	EPI_ISL_1469385
50	Homo sapiens	2020-12-10	Uganda	A.23.1	EPI_ISL_1469386
50	Homo sapiens	2020-12-10	Uganda	A.23.1	EPI_ISL_1469387
50	Homo sapiens	2020-12-11	Uganda	A.23.1	EPI_ISL_1469388
50	Homo sapiens	2020-12-11	Uganda	A.23.1	EPI_ISL_1469389
50	Homo sapiens	2020-12-11	Uganda	A.23.1	EPI_ISL_1469391
50	Homo sapiens	2020-12-11	Uganda	A.23.1	EPI_ISL_1469392
50	Homo sapiens	2020-12-11	Uganda	A.23.1	EPI_ISL_1469393
50	Homo sapiens	2020-12-11	Uganda	A.23.1	EPI_ISL_1469394
50	Homo sapiens	2020-12-13	Uganda	A.23.1	EPI_ISL_1469395
51	Homo sapiens	2020-12-20	Uganda	A.23	EPI_ISL_1469397
52	Homo sapiens	2020-12-22	Uganda	A.23.1	EPI_ISL_1469398
52	Homo sapiens	2020-12-21	Uganda	A.23.1	EPI_ISL_1469399
52	Homo sapiens	2020-12-21	Uganda	A.23	EPI_ISL_1469400
51	Homo sapiens	2020-12-18	Uganda	A.23.1	EPI_ISL_1469401
52	Homo sapiens	2020-12-22	Uganda	A.23.1	EPI_ISL_1469402
51	Homo sapiens	2020-12-20	Uganda	A.23.1	EPI_ISL_1469403
52	Homo sapiens	2020-12-22	Uganda	A.23.1	EPI_ISL_1469404
52	Homo sapiens	2020-12-22	Uganda	A.23.1	EPI_ISL_1469405
52	Homo sapiens	2020-12-22	Uganda	A.23.1	EPI_ISL_1469406
52	Homo sapiens	2020-12-24	Uganda	A.23.1	EPI_ISL_1469407
51	Homo sapiens	2020-12-20	Uganda	A.23.1	EPI_ISL_1469408
52	Homo sapiens	2020-12-22	Uganda	A.23.1	EPI_ISL_1469409
51	Homo sapiens	2020-12-20	Uganda	A.23.1	EPI_ISL_1469410
51	Homo sapiens	2020-12-20	Uganda	A.23.1	EPI_ISL_1469411
51	Homo sapiens	2020-12-20	Uganda	A.23.1	EPI_ISL_1469412
51	Homo sapiens	2020-12-20	Uganda	A.23.1	EPI_ISL_1469413
44	Homo sapiens	2020-10-29	Uganda	A.23	EPI_ISL_1469414
46	Homo sapiens	2020-11-13	Uganda	A.23.1	EPI_ISL_1469415
46	Homo sapiens	2020-11-13	Uganda	B.1.393	EPI_ISL_1469416
43	Homo sapiens	2020-10-22	Uganda	B.1.393	EPI_ISL_1469417
44	Homo sapiens	2020-10-29	Uganda	A.23.1	EPI_ISL_1469418
44	Homo sapiens	2020-10-27	Uganda	B.1.393	EPI_ISL_1469419
44	Homo sapiens	2020-10-29	Uganda	B.1.214	EPI_ISL_1469420
44	Homo sapiens	2020-10-29	Uganda	B.1	EPI_ISL_1469421
44	Homo sapiens	2020-10-28	Uganda	A.23	EPI_ISL_1469422
44	Homo sapiens	2020-10-29	Uganda	A.23	EPI_ISL_1469423
44	Homo sapiens	2020-10-26	Uganda	A.23	EPI_ISL_1469424
44	Homo sapiens	2020-10-28	Uganda	B.1	EPI_ISL_1469425
44	Homo sapiens	2020-10-29	Uganda	A.23	EPI_ISL_1469426
44	Homo sapiens	2020-11-01	Uganda	B.1	EPI_ISL_1469427
45	Homo sapiens	2020-11-08	Uganda	B.1.214	EPI_ISL_1469428
44	Homo sapiens	2020-10-29	Uganda	A.23.1	EPI_ISL_1469429
44	Homo sapiens	2020-10-28	Uganda	A.23.1	EPI_ISL_1469430
45	Homo sapiens	2020-11-04	Uganda	B.1	EPI_ISL_1469431
45	Homo sapiens	2020-11-06	Uganda	B.1.393	EPI_ISL_1469432
45	Homo sapiens	2020-11-04	Uganda	A.23.1	MZ287347.1
60	Homo sapiens	2021-02-19	Uganda	B.1.393	MZ287361.1
55	Homo sapiens	2021-01-13	Uganda	A.23.1	MZ287367.1
55	Homo sapiens	2021-01-15	Uganda	A.23.1	MZ287359.1
55	Homo sapiens	2021-01-13	Uganda	A.23.1	MZ287352.1
70	Homo sapiens	2021-04-26	Uganda	B.1.617.2	EPI_ISL_1970565
69	Homo sapiens	2021-04-25	Uganda	B.1.617.2	EPI_ISL_1970566
69	Homo sapiens	2021-04-21	Uganda	B.1.617.2	EPI_ISL_1970568
69	Homo sapiens	2021-04-20	Uganda	B.1.617.2	EPI_ISL_1970567
65	Homo sapiens	2021-03-26	Uganda	B.1.617.1	EPI_ISL_1970564
70	Homo sapiens	2021-04-27	Uganda	B.1.525	EPI_ISL_2346433
70	Homo sapiens	2021-04-27	Uganda	B.1.525	EPI_ISL_2346434
70	Homo sapiens	2021-04-27	Uganda	B.1.525	EPI_ISL_2346435
68	Homo sapiens	2021-04-17	Uganda	B.1.525	EPI_ISL_2346426
68	Homo sapiens	2021-04-17	Uganda	B.1.525	EPI_ISL_2346427
68	Homo sapiens	2021-04-17	Uganda	B.1.525	EPI_ISL_2346428
68	Homo sapiens	2021-04-17	Uganda	B.1.525	EPI_ISL_2346429
68	Homo sapiens	2021-04-16	Uganda	B.1.525	EPI_ISL_2346425
66	Homo sapiens	2021-04-02	Uganda	B.1.351	EPI_ISL_2346430
66	Homo sapiens	2021-04-02	Uganda	B.1.351	EPI_ISL_2346432
66	Homo sapiens	2021-04-01	Uganda	B.1.351	EPI_ISL_2346431
65	Homo sapiens	2021-03-28	Uganda	B.1.1.7	EPI_ISL_2346405
65	Homo sapiens	2021-03-28	Uganda	B.1.525	EPI_ISL_2346406
65	Homo sapiens	2021-03-28	Uganda	B.1.1.7	EPI_ISL_2346407
65	Homo sapiens	2021-03-28	Uganda	B.1.351	EPI_ISL_2346415
65	Homo sapiens	2021-03-28	Uganda	B.1.525	EPI_ISL_2346416
65	Homo sapiens	2021-03-28	Uganda	B.1.525	EPI_ISL_2346417
65	Homo sapiens	2021-03-28	Uganda	B.1.1.7	EPI_ISL_2346418
65	Homo sapiens	2021-03-28	Uganda	B.1.1.7	EPI_ISL_2346419
65	Homo sapiens	2021-03-28	Uganda	B.1.1.7	EPI_ISL_2346420
65	Homo sapiens	2021-03-28	Uganda	B.1.351	EPI_ISL_2346424
65	Homo sapiens	2021-03-27	Uganda	B.1.1.7	EPI_ISL_2346421
65	Homo sapiens	2021-03-27	Uganda	B.1.1.7	EPI_ISL_2346422
65	Homo sapiens	2021-03-27	Uganda	B.1.1.7	EPI_ISL_2346423
65	Homo sapiens	2021-03-26	Uganda	B.1.1.7	EPI_ISL_2346408
65	Homo sapiens	2021-03-26	Uganda	B.1.1.7	EPI_ISL_2346409
65	Homo sapiens	2021-03-26	Uganda	B.1.525	EPI_ISL_2346414
65	Homo sapiens	2021-03-25	Uganda	B.1.351	EPI_ISL_2346403
65	Homo sapiens	2021-03-25	Uganda	B.1.351	EPI_ISL_2346412
65	Homo sapiens	2021-03-25	Uganda	B.1.1.7	EPI_ISL_2346413
64	Homo sapiens	2021-03-16	Uganda	A.23.1	EPI_ISL_2348644
64	Homo sapiens	2021-03-15	Uganda	B.1.351	EPI_ISL_2348643
63	Homo sapiens	2021-03-09	Uganda	A.23.1	EPI_ISL_2348637
63	Homo sapiens	2021-03-09	Uganda	A.23.1	EPI_ISL_2348638
63	Homo sapiens	2021-03-09	Uganda	B.1.351	EPI_ISL_2348639
63	Homo sapiens	2021-03-08	Uganda	B.1.351	EPI_ISL_2348636
62	Homo sapiens	2021-03-05	Uganda	B.1.525	EPI_ISL_2346382
62	Homo sapiens	2021-03-05	Uganda	B.1.525	EPI_ISL_2346383
62	Homo sapiens	2021-03-03	Uganda	A.23.1	EPI_ISL_2348645
62	Homo sapiens	2021-03-02	Uganda	A.23.1	EPI_ISL_2348635
62	Homo sapiens	2021-03-01	Uganda	B.1.351	EPI_ISL_2346381
61	Homo sapiens	2021-02-27	Uganda	A.23.1	EPI_ISL_2346388
61	Homo sapiens	2021-02-23	Uganda	B.1.1.318	EPI_ISL_2346385
61	Homo sapiens	2021-02-23	Uganda	B.1.1.318	EPI_ISL_2346387
60	Homo sapiens	2021-02-20	Uganda	A.23.1	EPI_ISL_2348642
60	Homo sapiens	2021-02-16	Uganda	B.1.351	EPI_ISL_2348646
59	Homo sapiens	2021-02-13	Uganda	B.1.351	EPI_ISL_2348641
59	Homo sapiens	2021-02-10	Uganda	A.23.1	EPI_ISL_2348632
38	Homo sapiens	2020-09-17	Uganda	B.1.1	EPI_ISL_2346390
38	Homo sapiens	2020-09-17	Uganda	B.1.214	EPI_ISL_2346391
38	Homo sapiens	2020-09-17	Uganda	B.1.214	EPI_ISL_2346392
38	Homo sapiens	2020-09-17	Uganda	B.1.214	EPI_ISL_2346393
38	Homo sapiens	2020-09-17	Uganda	A.25	EPI_ISL_2346394
38	Homo sapiens	2020-09-17	Uganda	A.25	EPI_ISL_2346395
38	Homo sapiens	2020-09-17	Uganda	A.25	EPI_ISL_2346396
38	Homo sapiens	2020-09-17	Uganda	B.1.1.101	EPI_ISL_2346398
38	Homo sapiens	2020-09-16	Uganda	B.1.398	EPI_ISL_2346397
38	Homo sapiens	2020-09-15	Uganda	B.1.393	EPI_ISL_2348511
37	Homo sapiens	2020-09-12	Uganda	A.25	EPI_ISL_2346389
77	Homo sapiens	2021-06-15	Uganda	AY.46	EPI_ISL_2690494
77	Homo sapiens	2021-06-15	Uganda	B.1.617.2	EPI_ISL_2690495
77	Homo sapiens	2021-06-15	Uganda	AY.46	EPI_ISL_2690496
77	Homo sapiens	2021-06-15	Uganda	AY.46	EPI_ISL_2690497
77	Homo sapiens	2021-06-15	Uganda	AY.46	EPI_ISL_2690498
77	Homo sapiens	2021-06-15	Uganda	AY.46	EPI_ISL_2690499
77	Homo sapiens	2021-06-15	Uganda	AY.46	EPI_ISL_2690500
77	Homo sapiens	2021-06-15	Uganda	B.1.1.7	EPI_ISL_2690501
77	Homo sapiens	2021-06-15	Uganda	AY.46	EPI_ISL_2690502
77	Homo sapiens	2021-06-15	Uganda	AY.46	EPI_ISL_2690503
77	Homo sapiens	2021-06-15	Uganda	AY.46	EPI_ISL_2690504
77	Homo sapiens	2021-06-15	Uganda	AY.46	EPI_ISL_2690509
77	Homo sapiens	2021-06-15	Uganda	AY.46	EPI_ISL_2690510
77	Homo sapiens	2021-06-15	Uganda	AY.46	EPI_ISL_2690511
77	Homo sapiens	2021-06-15	Uganda	AY.46	EPI_ISL_2690512
77	Homo sapiens	2021-06-15	Uganda	B.1.617.2	EPI_ISL_2690513
77	Homo sapiens	2021-06-14	Uganda	AY.46	EPI_ISL_2690505
77	Homo sapiens	2021-06-14	Uganda	AY.46	EPI_ISL_2690507
77	Homo sapiens	2021-06-14	Uganda	AY.46	EPI_ISL_2690508
76	Homo sapiens	2021-06-09	Uganda	AY.46	EPI_ISL_2690488
76	Homo sapiens	2021-06-08	Uganda	AY.46	EPI_ISL_2690479
76	Homo sapiens	2021-06-08	Uganda	AY.46	EPI_ISL_2690480
76	Homo sapiens	2021-06-08	Uganda	AY.16	EPI_ISL_2690481
76	Homo sapiens	2021-06-08	Uganda	AY.46	EPI_ISL_2690482
76	Homo sapiens	2021-06-08	Uganda	B.1.617.2	EPI_ISL_2690483
76	Homo sapiens	2021-06-08	Uganda	AY.46	EPI_ISL_2690484
76	Homo sapiens	2021-06-08	Uganda	AY.46	EPI_ISL_2690485
76	Homo sapiens	2021-06-08	Uganda	B.1.617.2	EPI_ISL_2690486
76	Homo sapiens	2021-06-08	Uganda	AY.46	EPI_ISL_2690490
76	Homo sapiens	2021-06-08	Uganda	AY.46	EPI_ISL_2690491
76	Homo sapiens	2021-06-08	Uganda	AY.46	EPI_ISL_2690492
76	Homo sapiens	2021-06-08	Uganda	AY.46.4	EPI_ISL_2690489
76	Homo sapiens	2021-06-07	Uganda	AY.46	EPI_ISL_2690487
76	Homo sapiens	2021-06-07	Uganda	B.1.617.2	EPI_ISL_2690493
75	Homo sapiens	2021-06-04	Uganda	AY.46	EPI_ISL_2690506
72	Homo sapiens	2021-05-15	Uganda	A.23.1	EPI_ISL_2690462
72	Homo sapiens	2021-05-12	Uganda	B.1.525	EPI_ISL_2690468
72	Homo sapiens	2021-05-12	Uganda	B.1.525	EPI_ISL_2690469
72	Homo sapiens	2021-05-12	Uganda	B.1.525	EPI_ISL_2690475
72	Homo sapiens	2021-05-12	Uganda	B.1.525	EPI_ISL_2690476
72	Homo sapiens	2021-05-12	Uganda	B.1.525	EPI_ISL_2690477
72	Homo sapiens	2021-05-12	Uganda	B.1.525	EPI_ISL_2690478
72	Homo sapiens	2021-05-12	Uganda	B.1.525	EPI_ISL_2690471
72	Homo sapiens	2021-05-11	Uganda	A.23.1	EPI_ISL_2690463
71	Homo sapiens	2021-05-09	Uganda	B.1.1.7	EPI_ISL_2690450
71	Homo sapiens	2021-05-09	Uganda	B.1.1.7	EPI_ISL_2690451
71	Homo sapiens	2021-05-09	Uganda	B.1.1.7	EPI_ISL_2690460
71	Homo sapiens	2021-05-09	Uganda	B.1.1.7	EPI_ISL_2690461
71	Homo sapiens	2021-05-05	Uganda	B.1.525	EPI_ISL_2690470
71	Homo sapiens	2021-05-05	Uganda	B.1.525	EPI_ISL_2690472
71	Homo sapiens	2021-05-05	Uganda	B.1.525	EPI_ISL_2690473
71	Homo sapiens	2021-05-05	Uganda	B.1.525	EPI_ISL_2690474
70	Homo sapiens	2021-04-27	Uganda	B.1.525	EPI_ISL_2690465
69	Homo sapiens	2021-04-20	Uganda	B.1.525	EPI_ISL_2690459
68	Homo sapiens	2021-04-16	Uganda	B.1.1.318	EPI_ISL_2690458
68	Homo sapiens	2021-04-15	Uganda	A.23.1	EPI_ISL_2690447
68	Homo sapiens	2021-04-15	Uganda	A.23.1	EPI_ISL_2690448
68	Homo sapiens	2021-04-14	Uganda	B.1.525	EPI_ISL_2690456
68	Homo sapiens	2021-04-14	Uganda	B.1.525	EPI_ISL_2690457
68	Homo sapiens	2021-04-13	Uganda	A.25	EPI_ISL_2690455
68	Homo sapiens	2021-04-13	Uganda	A.23.1	EPI_ISL_2690449
67	Homo sapiens	2021-04-10	Uganda	A.23.1	EPI_ISL_2690464
67	Homo sapiens	2021-04-09	Uganda	B.1.1.318	EPI_ISL_2690453
67	Homo sapiens	2021-04-09	Uganda	B.1.1.7	EPI_ISL_2690454
67	Homo sapiens	2021-04-07	Uganda	A.23.1	EPI_ISL_2690446
67	Homo sapiens	2021-04-07	Uganda	A.23.1	EPI_ISL_2690452
79	Homo sapiens	2021-07-02	Uganda	AY.46	EPI_ISL_3149360
79	Homo sapiens	2021-07-02	Uganda	AY.46	EPI_ISL_3149361
79	Homo sapiens	2021-07-01	Uganda	AY.46	EPI_ISL_3149363
79	Homo sapiens	2021-07-01	Uganda	B.1.617.2	EPI_ISL_3149362
78	Homo sapiens	2021-06-24	Uganda	AY.46	EPI_ISL_3149359
78	Homo sapiens	2021-06-24	Uganda	AY.46.4	EPI_ISL_3149370
78	Homo sapiens	2021-06-24	Uganda	AY.46	EPI_ISL_3149371
78	Homo sapiens	2021-06-24	Uganda	AY.46.4	EPI_ISL_3149369
78	Homo sapiens	2021-06-24	Uganda	AY.46	EPI_ISL_3149356
78	Homo sapiens	2021-06-24	Uganda	B.1.617.2	EPI_ISL_3149357
78	Homo sapiens	2021-06-24	Uganda	AY.46	EPI_ISL_3149372
78	Homo sapiens	2021-06-24	Uganda	AY.46.4	EPI_ISL_3149358
78	Homo sapiens	2021-06-23	Uganda	AY.46	EPI_ISL_3149364
78	Homo sapiens	2021-06-23	Uganda	AY.46	EPI_ISL_3149355
78	Homo sapiens	2021-06-23	Uganda	AY.46	EPI_ISL_3149354
78	Homo sapiens	2021-06-23	Uganda	AY.46	EPI_ISL_3149352
78	Homo sapiens	2021-06-23	Uganda	AY.46	EPI_ISL_3149368
78	Homo sapiens	2021-06-23	Uganda	AY.46	EPI_ISL_3149367
78	Homo sapiens	2021-06-23	Uganda	AY.46	EPI_ISL_3149365
78	Homo sapiens	2021-06-23	Uganda	AY.46	EPI_ISL_3149353
77	Homo sapiens	2021-06-17	Uganda	AY.46	EPI_ISL_3149420
77	Homo sapiens	2021-06-16	Uganda	AY.46	EPI_ISL_3149414
77	Homo sapiens	2021-06-16	Uganda	AY.46.4	EPI_ISL_3149405
77	Homo sapiens	2021-06-16	Uganda	AY.46	EPI_ISL_3149425
77	Homo sapiens	2021-06-15	Uganda	AY.46	EPI_ISL_3149407
77	Homo sapiens	2021-06-14	Uganda	AY.46	EPI_ISL_3149443
77	Homo sapiens	2021-06-14	Uganda	AY.46	EPI_ISL_3149437
77	Homo sapiens	2021-06-14	Uganda	AY.46	EPI_ISL_3149440
77	Homo sapiens	2021-06-14	Uganda	AY.46.4	EPI_ISL_3149411
77	Homo sapiens	2021-06-14	Uganda	AY.46	EPI_ISL_3149428
77	Homo sapiens	2021-06-14	Uganda	AY.46	EPI_ISL_3149441
77	Homo sapiens	2021-06-14	Uganda	B.1.525	EPI_ISL_3149439
77	Homo sapiens	2021-06-14	Uganda	AY.46	EPI_ISL_3149430
77	Homo sapiens	2021-06-14	Uganda	AY.46	EPI_ISL_3149436
77	Homo sapiens	2021-06-14	Uganda	AY.46	EPI_ISL_3149438
77	Homo sapiens	2021-06-14	Uganda	B.1.617.2	EPI_ISL_3149434
77	Homo sapiens	2021-06-14	Uganda	B.1.351	EPI_ISL_3149433
76	Homo sapiens	2021-06-13	Uganda	AY.46	EPI_ISL_3149413
76	Homo sapiens	2021-06-13	Uganda	AY.46	EPI_ISL_3149424
76	Homo sapiens	2021-06-13	Uganda	AY.46	EPI_ISL_3149416
76	Homo sapiens	2021-06-12	Uganda	AY.46	EPI_ISL_3149410
76	Homo sapiens	2021-06-12	Uganda	AY.46	EPI_ISL_3149444
76	Homo sapiens	2021-06-12	Uganda	AY.46	EPI_ISL_3149419
76	Homo sapiens	2021-06-11	Uganda	AY.46	EPI_ISL_3149415
76	Homo sapiens	2021-06-11	Uganda	AY.46	EPI_ISL_3149406
76	Homo sapiens	2021-06-11	Uganda	AY.46	EPI_ISL_3149409
76	Homo sapiens	2021-06-10	Uganda	AY.46	EPI_ISL_3149412
76	Homo sapiens	2021-06-10	Uganda	B.1.617.2	EPI_ISL_3149429
76	Homo sapiens	2021-06-10	Uganda	A.23.1	EPI_ISL_3149408
76	Homo sapiens	2021-06-10	Uganda	A.23.1	EPI_ISL_3149422
76	Homo sapiens	2021-06-10	Uganda	AY.46	EPI_ISL_3149418
76	Homo sapiens	2021-06-10	Uganda	AY.46.4	EPI_ISL_3149445
76	Homo sapiens	2021-06-10	Uganda	B.1.617.2	EPI_ISL_3149426
76	Homo sapiens	2021-06-10	Uganda	B.1.351	EPI_ISL_3149435
76	Homo sapiens	2021-06-10	Uganda	AY.46	EPI_ISL_3149404
76	Homo sapiens	2021-06-10	Uganda	AY.46	EPI_ISL_3149395
76	Homo sapiens	2021-06-10	Uganda	AY.46	EPI_ISL_3149423
76	Homo sapiens	2021-06-10	Uganda	AY.46	EPI_ISL_3149421
76	Homo sapiens	2021-06-10	Uganda	AY.46	EPI_ISL_3149432
76	Homo sapiens	2021-06-10	Uganda	AY.46	EPI_ISL_3149431
76	Homo sapiens	2021-06-09	Uganda	AY.46	EPI_ISL_3149442
76	Homo sapiens	2021-06-09	Uganda	AY.46	EPI_ISL_3149427
76	Homo sapiens	2021-06-09	Uganda	AY.46.4	EPI_ISL_3149417
76	Homo sapiens	2021-06-08	Uganda	AY.46.4	EPI_ISL_3149344
76	Homo sapiens	2021-06-08	Uganda	AY.46.4	EPI_ISL_3149347
76	Homo sapiens	2021-06-08	Uganda	AY.46	EPI_ISL_3149373
76	Homo sapiens	2021-06-08	Uganda	AY.46	EPI_ISL_3149374
76	Homo sapiens	2021-06-08	Uganda	AY.46	EPI_ISL_3149348
76	Homo sapiens	2021-06-07	Uganda	AY.46	EPI_ISL_3149376
76	Homo sapiens	2021-06-07	Uganda	AY.46	EPI_ISL_3149375
76	Homo sapiens	2021-06-07	Uganda	AY.46	EPI_ISL_3149394
75	Homo sapiens	2021-06-06	Uganda	AY.46	EPI_ISL_3149396
75	Homo sapiens	2021-06-06	Uganda	B.1.617.2	EPI_ISL_3149399
75	Homo sapiens	2021-06-06	Uganda	AY.46	EPI_ISL_3149398
75	Homo sapiens	2021-06-06	Uganda	AY.46	EPI_ISL_3149397
75	Homo sapiens	2021-06-04	Uganda	AY.46	EPI_ISL_3149351
75	Homo sapiens	2021-06-04	Uganda	AY.46.4	EPI_ISL_3149346
75	Homo sapiens	2021-06-04	Uganda	AY.46.4	EPI_ISL_3149345
75	Homo sapiens	2021-06-03	Uganda	AY.46	EPI_ISL_3149385
75	Homo sapiens	2021-06-03	Uganda	AY.46	EPI_ISL_3149378
75	Homo sapiens	2021-06-03	Uganda	AY.46	EPI_ISL_3149377
75	Homo sapiens	2021-06-03	Uganda	AY.46	EPI_ISL_3149391
75	Homo sapiens	2021-06-03	Uganda	AY.46	EPI_ISL_3149384
75	Homo sapiens	2021-06-03	Uganda	AY.46	EPI_ISL_3149382
75	Homo sapiens	2021-06-03	Uganda	AY.46	EPI_ISL_3149390
75	Homo sapiens	2021-06-03	Uganda	AY.46	EPI_ISL_3149388
75	Homo sapiens	2021-06-03	Uganda	AY.46	EPI_ISL_3149393
75	Homo sapiens	2021-06-03	Uganda	AY.46	EPI_ISL_3149381
75	Homo sapiens	2021-06-03	Uganda	AY.46	EPI_ISL_3149380
75	Homo sapiens	2021-06-03	Uganda	AY.46	EPI_ISL_3149389
75	Homo sapiens	2021-06-03	Uganda	AY.46	EPI_ISL_3149383
75	Homo sapiens	2021-06-03	Uganda	AY.46	EPI_ISL_3149386
75	Homo sapiens	2021-06-03	Uganda	AY.46	EPI_ISL_3149387
75	Homo sapiens	2021-06-03	Uganda	AY.46	EPI_ISL_3149379
75	Homo sapiens	2021-06-02	Uganda	AY.46	EPI_ISL_3149349
75	Homo sapiens	2021-06-02	Uganda	AY.46	EPI_ISL_3149350
74	Homo sapiens	2021-05-30	Uganda	AY.46	EPI_ISL_3149401
74	Homo sapiens	2021-05-30	Uganda	AY.46.4	EPI_ISL_3149403
74	Homo sapiens	2021-05-29	Uganda	AY.46	EPI_ISL_3149400
74	Homo sapiens	2021-05-28	Uganda	AY.46.4	EPI_ISL_3149402
75	Homo sapiens	2021-06-04	Uganda	AY.46.4	EPI_ISL_3546295
80	Homo sapiens	2021-07-05	Uganda	AY.46	EPI_ISL_3546296
80	Homo sapiens	2021-07-05	Uganda	AY.46	EPI_ISL_3546297
80	Homo sapiens	2021-07-08	Uganda	AY.46	EPI_ISL_3546299
80	Homo sapiens	2021-07-10	Uganda	AY.46	EPI_ISL_3546300
80	Homo sapiens	2021-07-10	Uganda	AY.46	EPI_ISL_3546301
81	Homo sapiens	2021-07-13	Uganda	AY.46	EPI_ISL_3546302
81	Homo sapiens	2021-07-13	Uganda	AY.46	EPI_ISL_3546303
81	Homo sapiens	2021-07-13	Uganda	AY.46	EPI_ISL_3546304
81	Homo sapiens	2021-07-15	Uganda	AY.46	EPI_ISL_3546305
80	Homo sapiens	2021-07-10	Uganda	AY.46	EPI_ISL_3546306
80	Homo sapiens	2021-07-11	Uganda	AY.46	EPI_ISL_3546307
81	Homo sapiens	2021-07-15	Uganda	AY.46	EPI_ISL_3546308
81	Homo sapiens	2021-07-14	Uganda	AY.46	EPI_ISL_3546309
81	Homo sapiens	2021-07-15	Uganda	AY.46	EPI_ISL_3546310
81	Homo sapiens	2021-07-18	Uganda	AY.46.4	EPI_ISL_3546311
74	Homo sapiens	2021-05-30	Uganda	AY.46	EPI_ISL_3546312
75	Homo sapiens	2021-05-31	Uganda	AY.46	EPI_ISL_3546313
75	Homo sapiens	2021-05-31	Uganda	AY.46	EPI_ISL_3546314
74	Homo sapiens	2021-05-30	Uganda	AY.46	EPI_ISL_3546315
74	Homo sapiens	2021-05-30	Uganda	AY.46	EPI_ISL_3546316
74	Homo sapiens	2021-05-30	Uganda	AY.46	EPI_ISL_3546317
74	Homo sapiens	2021-05-30	Uganda	AY.46	EPI_ISL_3546318
74	Homo sapiens	2021-05-30	Uganda	AY.46	EPI_ISL_3546319
74	Homo sapiens	2021-05-28	Uganda	AY.46	EPI_ISL_3546320
75	Homo sapiens	2021-05-31	Uganda	AY.46	EPI_ISL_3546321
75	Homo sapiens	2021-05-31	Uganda	AY.46	EPI_ISL_3546322
75	Homo sapiens	2021-05-31	Uganda	AY.46	EPI_ISL_3546323
85	Homo sapiens	2021-08-09	Uganda	AY.46.4	EPI_ISL_4548521
84	Homo sapiens	2021-08-02	Uganda	AY.46	EPI_ISL_4548514
77	Homo sapiens	2021-06-15	Uganda	AY.46	EPI_ISL_4548513
53	Homo sapiens	2020-12-28	Uganda	A.23.1	OL442161.1
75	Homo sapiens	2021-06-02	Uganda	AY.46	EPI_ISL_6332951
75	Homo sapiens	2021-06-02	Uganda	AY.46	EPI_ISL_6332962
75	Homo sapiens	2021-06-01	Uganda	AY.46	EPI_ISL_6332950
75	Homo sapiens	2021-06-01	Uganda	AY.46	EPI_ISL_6332952
75	Homo sapiens	2021-06-01	Uganda	AY.46	EPI_ISL_6332956
75	Homo sapiens	2021-06-01	Uganda	AY.46	EPI_ISL_6332958
75	Homo sapiens	2021-06-01	Uganda	AY.46	EPI_ISL_6332959
75	Homo sapiens	2021-06-01	Uganda	AY.46	EPI_ISL_6332960
75	Homo sapiens	2021-06-01	Uganda	AY.46	EPI_ISL_6332961
75	Homo sapiens	2021-05-31	Uganda	AY.46	EPI_ISL_6332913
75	Homo sapiens	2021-05-31	Uganda	AY.46	EPI_ISL_6332920
75	Homo sapiens	2021-05-31	Uganda	AY.46	EPI_ISL_6332921
75	Homo sapiens	2021-05-31	Uganda	AY.46	EPI_ISL_6332922
75	Homo sapiens	2021-05-31	Uganda	AY.46	EPI_ISL_6332923
75	Homo sapiens	2021-05-31	Uganda	AY.46	EPI_ISL_6332924
75	Homo sapiens	2021-05-31	Uganda	AY.46	EPI_ISL_6332925
75	Homo sapiens	2021-05-31	Uganda	AY.46	EPI_ISL_6332926
75	Homo sapiens	2021-05-31	Uganda	AY.46	EPI_ISL_6332927
75	Homo sapiens	2021-05-31	Uganda	AY.46	EPI_ISL_6332928
75	Homo sapiens	2021-05-31	Uganda	AY.46	EPI_ISL_6332929
75	Homo sapiens	2021-05-31	Uganda	AY.46	EPI_ISL_6332930
75	Homo sapiens	2021-05-31	Uganda	AY.46	EPI_ISL_6332931
75	Homo sapiens	2021-05-31	Uganda	AY.46	EPI_ISL_6332932
75	Homo sapiens	2021-05-31	Uganda	AY.46	EPI_ISL_6332933
75	Homo sapiens	2021-05-31	Uganda	AY.46	EPI_ISL_6332934
75	Homo sapiens	2021-05-31	Uganda	AY.46	EPI_ISL_6332935
75	Homo sapiens	2021-05-31	Uganda	AY.46	EPI_ISL_6332936
75	Homo sapiens	2021-05-31	Uganda	AY.46	EPI_ISL_6332937
75	Homo sapiens	2021-05-31	Uganda	AY.46	EPI_ISL_6332938
75	Homo sapiens	2021-05-31	Uganda	AY.46	EPI_ISL_6332939
75	Homo sapiens	2021-05-31	Uganda	AY.46	EPI_ISL_6332940
75	Homo sapiens	2021-05-31	Uganda	AY.46	EPI_ISL_6332941
75	Homo sapiens	2021-05-31	Uganda	AY.46	EPI_ISL_6332942
75	Homo sapiens	2021-05-31	Uganda	AY.46	EPI_ISL_6332943
75	Homo sapiens	2021-05-31	Uganda	AY.46	EPI_ISL_6332944
75	Homo sapiens	2021-05-31	Uganda	AY.46	EPI_ISL_6332945
75	Homo sapiens	2021-05-31	Uganda	AY.46	EPI_ISL_6332946
75	Homo sapiens	2021-05-31	Uganda	AY.46	EPI_ISL_6332948
75	Homo sapiens	2021-05-31	Uganda	AY.46	EPI_ISL_6332949
75	Homo sapiens	2021-05-31	Uganda	AY.46	EPI_ISL_6332953
75	Homo sapiens	2021-05-31	Uganda	AY.46	EPI_ISL_6332954
75	Homo sapiens	2021-05-31	Uganda	AY.46	EPI_ISL_6332955
75	Homo sapiens	2021-05-31	Uganda	AY.46	EPI_ISL_6332957
75	Homo sapiens	2021-05-31	Uganda	B.1.617.2	EPI_ISL_6332972
74	Homo sapiens	2021-05-30	Uganda	AY.46	EPI_ISL_6332947
74	Homo sapiens	2021-05-28	Uganda	AY.46	EPI_ISL_6332971
74	Homo sapiens	2021-05-27	Uganda	AY.46.4	EPI_ISL_6332970
74	Homo sapiens	2021-05-26	Uganda	AY.46	EPI_ISL_6332969
74	Homo sapiens	2021-05-25	Uganda	AY.46	EPI_ISL_6332968
74	Homo sapiens	2021-05-24	Uganda	AY.46	EPI_ISL_6332967
73	Homo sapiens	2021-05-23	Uganda	AY.46	EPI_ISL_6332966
73	Homo sapiens	2021-05-22	Uganda	AY.46	EPI_ISL_6332965
73	Homo sapiens	2021-05-21	Uganda	AY.46	EPI_ISL_6332964
73	Homo sapiens	2021-05-20	Uganda	AY.46	EPI_ISL_6332963
101	Homo sapiens	2021-12-02	Uganda	BA.1.13	EPI_ISL_7823398
99	Homo sapiens	2021-11-15	Uganda	AY.46.4	EPI_ISL_8307303
99	Homo sapiens	2021-11-15	Uganda	AY.46	EPI_ISL_8307304
99	Homo sapiens	2021-11-15	Uganda	AY.46.4	EPI_ISL_8307317
99	Homo sapiens	2021-11-15	Uganda	AY.46	EPI_ISL_8307302
99	Homo sapiens	2021-11-15	Uganda	AY.46	EPI_ISL_8307300
99	Homo sapiens	2021-11-15	Uganda	AY.46	EPI_ISL_8307305
99	Homo sapiens	2021-11-15	Uganda	AY.46	EPI_ISL_8307312
99	Homo sapiens	2021-11-15	Uganda	AY.46	EPI_ISL_8307310
99	Homo sapiens	2021-11-15	Uganda	AY.46.4	EPI_ISL_8307319
99	Homo sapiens	2021-11-15	Uganda	AY.106	EPI_ISL_8307285
101	Homo sapiens	2021-11-29	Uganda	AY.122.6	EPI_ISL_8307326
99	Homo sapiens	2021-11-15	Uganda	AY.46	EPI_ISL_8307286
99	Homo sapiens	2021-11-15	Uganda	AY.26	EPI_ISL_8307288
99	Homo sapiens	2021-11-15	Uganda	AY.120	EPI_ISL_8307293
99	Homo sapiens	2021-11-15	Uganda	AY.4.8	EPI_ISL_8307291
99	Homo sapiens	2021-11-15	Uganda	AY.112	EPI_ISL_8307295
99	Homo sapiens	2021-11-15	Uganda	AY.127	EPI_ISL_8307292
85	Homo sapiens	2021-08-13	Uganda	AY.46	EPI_ISL_8307337
99	Homo sapiens	2021-11-15	Uganda	AY.46	EPI_ISL_8307299
99	Homo sapiens	2021-11-15	Uganda	AY.46	EPI_ISL_8307297
88	Homo sapiens	2021-08-31	Uganda	AY.46	EPI_ISL_8307347
87	Homo sapiens	2021-08-27	Uganda	AY.46	EPI_ISL_8307352
93	Homo sapiens	2021-10-07	Uganda	AY.46	EPI_ISL_8307354
103	Homo sapiens	2021-12-18	Uganda	BA.1.15	EPI_ISL_8917335
41	Homo sapiens	2020-10-07	Uganda	B.1.393	OM811351.1
48	Homo sapiens	2020-11-25	Uganda	A.23.1	OM811352.1
49	Homo sapiens	2020-12-01	Uganda	A.23.1	OM811353.1
57	Homo sapiens	2021-01-27	Uganda	A.23.1	OM811354.1
45	Homo sapiens	2020-11-04	Uganda	A.23.1	OM811355.1
48	Homo sapiens	2020-11-23	Uganda	A.23.1	OM811356.1
44	Homo sapiens	2020-10-31	Uganda	B.1.393	OM811357.1
51	Homo sapiens	2020-12-15	Uganda	A.23.1	OM811358.1
47	Homo sapiens	2020-11-20	Uganda	A.23	OM811359.1
47	Homo sapiens	2020-11-18	Uganda	A.23.1	OM811360.1
47	Homo sapiens	2020-11-16	Uganda	A.23.1	OM811361.1
48	Homo sapiens	2020-11-27	Uganda	A.23.1	OM811362.1
47	Homo sapiens	2020-11-16	Uganda	A.23	OM811363.1
47	Homo sapiens	2020-11-16	Uganda	B.1.214	OM811364.1
50	Homo sapiens	2020-12-08	Uganda	A.23.1	OM811365.1
50	Homo sapiens	2020-12-08	Uganda	A.23.1	OM811366.1
46	Homo sapiens	2020-11-11	Uganda	A.23.1	OM811367.1
45	Homo sapiens	2020-11-02	Uganda	A.23.1	OM811368.1
45	Homo sapiens	2020-11-04	Uganda	A.23.1	OM811369.1
36	Homo sapiens	2020-09-02	Uganda	B.1.1.1	OM811370.1
39	Homo sapiens	2020-09-27	Uganda	B.1.393	OM811371.1
50	Homo sapiens	2020-12-09	Uganda	A.23.1	OM811372.1
50	Homo sapiens	2020-12-12	Uganda	A.23.1	OM811373.1
49	Homo sapiens	2020-11-30	Uganda	A.23.1	OM811374.1
31	Homo sapiens	2020-07-31	Uganda	A.25	OM811375.1
35	Homo sapiens	2020-08-26	Uganda	B.1	OM811376.1
48	Homo sapiens	2020-11-23	Uganda	A.23.1	OM811377.1
35	Homo sapiens	2020-08-28	Uganda	B.1.393	OM811378.1
37	Homo sapiens	2020-09-08	Uganda	B.1.393	OM811379.1
40	Homo sapiens	2020-09-30	Uganda	A.23	MZ287350.1
55	Homo sapiens	2021-01-17	Uganda	A.23.1	MZ287354.1
43	Homo sapiens	2020-10-22	Uganda	B.1.214	MZ287360.1
40	Homo sapiens	2020-09-30	Uganda	A.23	MZ287363.1
46	Homo sapiens	2020-11-13	Uganda	A.23.1	MZ287364.1
46	Homo sapiens	2020-11-14	Uganda	A.23.1	MZ287368.1
112	Homo sapiens	2022-02-14	Uganda	AY.46	EPI_ISL_13101778
73	Homo sapiens	2021-05-18	Uganda	AY.46	ON703254.1
76	Homo sapiens	2021-06-10	Uganda	AY.46	ON703255.1
75	Homo sapiens	2021-06-01	Uganda	AY.46	ON703256.1
75	Homo sapiens	2021-06-01	Uganda	AY.46	ON703257.1
76	Homo sapiens	2021-06-09	Uganda	AY.46.4	ON703258.1
74	Homo sapiens	2021-05-26	Uganda	AY.46	ON703259.1
75	Homo sapiens	2021-06-04	Uganda	AY.46	ON703260.1
75	Homo sapiens	2021-05-31	Uganda	AY.46	ON703267.1
75	Homo sapiens	2021-06-03	Uganda	AY.46	ON703268.1
75	Homo sapiens	2021-05-31	Uganda	AY.46	ON703269.1
75	Homo sapiens	2021-06-01	Uganda	AY.46	ON703270.1
76	Homo sapiens	2021-06-09	Uganda	AY.46	ON703271.1
75	Homo sapiens	2021-06-02	Uganda	AY.46.4	ON703272.1
74	Homo sapiens	2021-05-27	Uganda	AY.46	ON703273.1
75	Homo sapiens	2021-06-01	Uganda	AY.46	ON703274.1
75	Homo sapiens	2021-06-02	Uganda	AY.46	ON703275.1
76	Homo sapiens	2021-06-10	Uganda	AY.46	ON703276.1
76	Homo sapiens	2021-06-07	Uganda	AY.46.4	ON703277.1
76	Homo sapiens	2021-06-10	Uganda	AY.46	ON703278.1
75	Homo sapiens	2021-06-06	Uganda	AY.46.4	ON703279.1
74	Homo sapiens	2021-05-25	Uganda	AY.46.4	ON703280.1
76	Homo sapiens	2021-06-10	Uganda	AY.46.4	ON703281.1
73	Homo sapiens	2021-05-18	Uganda	AY.46	ON703282.1
75	Homo sapiens	2021-06-03	Uganda	AY.46	ON703283.1
75	Homo sapiens	2021-06-04	Uganda	AY.46	ON703284.1
75	Homo sapiens	2021-06-04	Uganda	AY.46	ON703285.1
75	Homo sapiens	2021-06-06	Uganda	AY.46	ON703286.1
75	Homo sapiens	2021-06-04	Uganda	AY.46.4	ON703287.1
76	Homo sapiens	2021-06-07	Uganda	AY.46	ON703288.1
75	Homo sapiens	2021-06-04	Uganda	AY.46	ON703289.1
128	Homo sapiens	2022-06-07	Uganda	BA.5.2.1	EPI_ISL_13332775
128	Homo sapiens	2022-06-07	Uganda	BA.5.2.1	EPI_ISL_13332773
128	Homo sapiens	2022-06-07	Uganda	BA.2.31.1	EPI_ISL_13332772
128	Homo sapiens	2022-06-07	Uganda	BA.5.2.1	EPI_ISL_13332774
128	Homo sapiens	2022-06-06	Uganda	BA.5.2.1	EPI_ISL_13332769
128	Homo sapiens	2022-06-07	Uganda	BA.5.2.1	EPI_ISL_13332771
128	Homo sapiens	2022-06-07	Uganda	BA.5.2.1	EPI_ISL_13332770
129	Homo sapiens	2022-06-18	Uganda	BA.5	EPI_ISL_13611551
77	Homo sapiens	2021-06-16	Uganda	AY.46	ON979388.1
77	Homo sapiens	2021-06-16	Uganda	AY.46	ON979389.1
77	Homo sapiens	2021-06-16	Uganda	AY.46	ON979390.1
83	Homo sapiens	2021-07-26	Uganda	AY.46	ON979391.1
76	Homo sapiens	2021-06-12	Uganda	AY.46.4	ON979392.1
77	Homo sapiens	2021-06-18	Uganda	AY.46	ON979393.1
77	Homo sapiens	2021-06-18	Uganda	AY.46	ON979394.1
94	Homo sapiens	2021-10-12	Uganda	AY.46	ON979395.1
82	Homo sapiens	2021-07-22	Uganda	AY.46	ON979396.1
76	Homo sapiens	2021-06-13	Uganda	AY.46	ON979397.1
77	Homo sapiens	2021-06-17	Uganda	AY.46	ON979404.1
91	Homo sapiens	2021-09-24	Uganda	AY.46	ON979405.1
91	Homo sapiens	2021-09-23	Uganda	AY.46.4	ON979406.1
81	Homo sapiens	2021-07-12	Uganda	AY.46	ON979407.1
76	Homo sapiens	2021-06-12	Uganda	AY.46	ON979408.1
95	Homo sapiens	2021-10-19	Uganda	AY.46	ON979409.1
77	Homo sapiens	2021-06-16	Uganda	AY.46	ON979411.1
78	Homo sapiens	2021-06-23	Uganda	AY.46.4	ON979412.1
77	Homo sapiens	2021-06-14	Uganda	AY.46	ON979413.1
77	Homo sapiens	2021-06-17	Uganda	AY.46	ON979414.1
76	Homo sapiens	2021-06-12	Uganda	AY.46	ON979415.1
77	Homo sapiens	2021-06-16	Uganda	AY.46	ON979416.1
77	Homo sapiens	2021-06-16	Uganda	AY.46	ON979417.1
76	Homo sapiens	2021-06-11	Uganda	AY.46	ON979418.1
76	Homo sapiens	2021-06-12	Uganda	AY.46.4	ON979419.1
95	Homo sapiens	2021-10-19	Uganda	AY.46.4	ON979420.1
49	Homo sapiens	2020-12-02	Uganda	B.1.617.1	EPI_ISL_13860448
46	Homo sapiens	2020-11-15	Uganda	AY.46	EPI_ISL_13860442
133	Homo sapiens	2022-07-11	Uganda	BE.1.1	EPI_ISL_13952162
132	Homo sapiens	2022-07-05	Uganda	BA.5.2.1	EPI_ISL_13952151
130	Homo sapiens	2022-06-23	Uganda	BA.5.2.1	EPI_ISL_15005216
130	Homo sapiens	2022-06-20	Uganda	BA.5.2.1	EPI_ISL_15005215
76	Homo sapiens	2021-06-12	Uganda	AY.46	OP714173.1
144	Homo sapiens	2022-09-27	Uganda	BA.5.2.1	EPI_ISL_15718856
145	Homo sapiens	2022-10-05	Uganda	BQ.1.1	EPI_ISL_15718862
146	Homo sapiens	2022-10-11	Uganda	BA.5.2.1	EPI_ISL_15718865
146	Homo sapiens	2022-10-12	Uganda	BQ.1	EPI_ISL_15718872
146	Homo sapiens	2022-10-12	Uganda	BQ.1.8	EPI_ISL_15718867
145	Homo sapiens	2022-10-04	Uganda	BQ.1.1	EPI_ISL_15718861
145	Homo sapiens	2022-10-03	Uganda	BA.5.2	EPI_ISL_15909060
154	Homo sapiens	2022-12-05	Uganda	BQ.1.1	EPI_ISL_16359874
154	Homo sapiens	2022-12-05	Uganda	XBB.3.2	EPI_ISL_16359872
154	Homo sapiens	2022-12-05	Uganda	XBB.1	EPI_ISL_16359870
154	Homo sapiens	2022-12-05	Uganda	BA.4.6.3	EPI_ISL_16359869
154	Homo sapiens	2022-12-05	Uganda	XBB.1	EPI_ISL_16359867
154	Homo sapiens	2022-12-05	Uganda	BQ.1	EPI_ISL_16359860
133	Homo sapiens	2022-07-12	Uganda	BA.4.1	EPI_ISL_16549309
129	Homo sapiens	2022-06-16	Uganda	BA.5.2.1	EPI_ISL_16613320
156	Homo sapiens	2022-12-25	Uganda	BQ.1.23	EPI_ISL_16613332
156	Homo sapiens	2022-12-24	Uganda	BA.2.10.1	EPI_ISL_16613321
153	Homo sapiens	2022-11-29	Uganda	XBB.3.2	EPI_ISL_16613317
147	Homo sapiens	2022-10-22	Uganda	BA.2	EPI_ISL_16613348
153	Homo sapiens	2022-12-02	Uganda	BQ.1.1.30	EPI_ISL_16844975
159	Homo sapiens	2023-01-10	Uganda	BQ.1	EPI_ISL_16844983
131	Homo sapiens	2022-07-01	Uganda	BA.4	EPI_ISL_17292869
131	Homo sapiens	2022-07-01	Uganda	BA.4.1	EPI_ISL_17292865
132	Homo sapiens	2022-07-07	Uganda	BA.4	EPI_ISL_17292866
133	Homo sapiens	2022-07-17	Uganda	BA.5.2.1	EPI_ISL_17292870
98	Homo sapiens	2021-11-12	Uganda	AY.46	EPI_ISL_17292983
98	Homo sapiens	2021-11-10	Uganda	AY.46	EPI_ISL_17292979
97	Homo sapiens	2021-11-01	Uganda	AY.46	EPI_ISL_17292973
96	Homo sapiens	2021-10-28	Uganda	AY.46.6	EPI_ISL_17292972
122	Homo sapiens	2022-04-26	Uganda	BA.2.31.1	EPI_ISL_17292848
133	Homo sapiens	2022-07-12	Uganda	BA.2.31.1	EPI_ISL_17292868
166	Homo sapiens	2023-02-28	Uganda	XBB.3.2	EPI_ISL_17293053
132	Homo sapiens	2022-07-07	Uganda	BA.2.31.1	EPI_ISL_17292859
125	Homo sapiens	2022-05-16	Uganda	BA.2.31.1	EPI_ISL_17292852
