15	Homo sapiens	2020-04-09	Venezuela	B.1.111	EPI_ISL_476704
12	Homo sapiens	2020-03-16	Venezuela	A.2	MT907515.1
15	Homo sapiens	2020-04-10	Venezuela	B.1	MT907516.1
12	Homo sapiens	2020-03-18	Venezuela	B.1.1	MT907517.1
21	Homo sapiens	2020-05-23	Venezuela	B.1.1	MT907518.1
11	Homo sapiens	2020-03-15	Venezuela	B.1	MT907519.1
21	Homo sapiens	2020-05-22	Venezuela	B.1.111	MT907520.2
74	Homo sapiens	2021-05-26	Venezuela	P.1	MZ611970.1
74	Homo sapiens	2021-05-24	Venezuela	P.1	MZ611960.1
74	Homo sapiens	2021-05-24	Venezuela	P.1	MZ611965.1
72	Homo sapiens	2021-05-13	Venezuela	P.1	MZ611972.1
72	Homo sapiens	2021-05-10	Venezuela	P.1	MZ611971.1
71	Homo sapiens	2021-05-08	Venezuela	B.1.625	MZ611975.1
71	Homo sapiens	2021-05-05	Venezuela	P.1	MZ611962.1
69	Homo sapiens	2021-04-19	Venezuela	P.1	MZ611968.1
68	Homo sapiens	2021-04-18	Venezuela	P.1	MZ611969.1
68	Homo sapiens	2021-04-17	Venezuela	P.1	MZ611967.1
67	Homo sapiens	2021-04-08	Venezuela	P.1	MZ611966.1
64	Homo sapiens	2021-03-19	Venezuela	P.1	MZ611961.1
63	Homo sapiens	2021-03-12	Venezuela	B.1.111	MZ611974.1
61	Homo sapiens	2021-02-28	Venezuela	B.1	MZ611973.1
59	Homo sapiens	2021-02-10	Venezuela	P.1	MZ611959.1
56	Homo sapiens	2021-01-23	Venezuela	P.1	MZ611963.1
56	Homo sapiens	2021-01-21	Venezuela	P.1	MZ611958.1
56	Homo sapiens	2021-01-21	Venezuela	P.1	MZ611957.1
53	Homo sapiens	2021-01-01	Venezuela	P.1	MZ611956.1
80	Homo sapiens	2021-07-07	Venezuela	B.1.617.2	EPI_ISL_3298770
71	Homo sapiens	2021-05-08	Venezuela	B.1.621	EPI_ISL_3298689
71	Homo sapiens	2021-05-07	Venezuela	B.1.1.7	EPI_ISL_3298684
71	Homo sapiens	2021-05-06	Venezuela	B.1.1.7	EPI_ISL_3298683
69	Homo sapiens	2021-04-23	Venezuela	B.1.111	EPI_ISL_3298764
67	Homo sapiens	2021-04-05	Venezuela	C.37	EPI_ISL_3298380
60	Homo sapiens	2021-02-21	Venezuela	B.1.111	EPI_ISL_3298378
57	Homo sapiens	2021-01-31	Venezuela	B.1.1.462	EPI_ISL_3298386
55	Homo sapiens	2021-01-14	Venezuela	B.1.1	EPI_ISL_3281605
54	Homo sapiens	2021-01-09	Venezuela	B.1.1.519	EPI_ISL_3281604
71	Homo sapiens	2021-05-08	Venezuela	B.1.621	EPI_ISL_3298687
79	Homo sapiens	2021-07-03	Venezuela	B.1.621	EPI_ISL_3507369
79	Homo sapiens	2021-07-03	Venezuela	B.1.1.7	EPI_ISL_3507375
75	Homo sapiens	2021-06-06	Venezuela	B.1.1.7	EPI_ISL_3507374
56	Homo sapiens	2021-01-21	Venezuela	B.1.621	EPI_ISL_3507370
71	Homo sapiens	2021-05-05	Venezuela	C.37	EPI_ISL_3507372
75	Homo sapiens	2021-06-06	Venezuela	B.1.1.7	EPI_ISL_3507373
73	Homo sapiens	2021-05-19	Venezuela	B.1.621	EPI_ISL_3507367
79	Homo sapiens	2021-07-03	Venezuela	B.1.625	EPI_ISL_4027141
63	Homo sapiens	2021-03-13	Venezuela	P.1	EPI_ISL_6973792
83	Homo sapiens	2021-07-29	Venezuela	B.1.621	EPI_ISL_6976265
64	Homo sapiens	2021-03-18	Venezuela	B.1	EPI_ISL_6980455
61	Homo sapiens	2021-02-22	Venezuela	B.1.1.348	EPI_ISL_6982431
76	Homo sapiens	2021-06-13	Venezuela	P.1	EPI_ISL_6988645
80	Homo sapiens	2021-07-11	Venezuela	AY.43	EPI_ISL_6989445
73	Homo sapiens	2021-05-22	Venezuela	B.1.621	EPI_ISL_6989642
79	Homo sapiens	2021-06-29	Venezuela	C.37	EPI_ISL_6989644
85	Homo sapiens	2021-08-10	Venezuela	AY.117	EPI_ISL_6989659
85	Homo sapiens	2021-08-12	Venezuela	AY.43	EPI_ISL_6989661
82	Homo sapiens	2021-07-24	Venezuela	P.1	EPI_ISL_6989672
84	Homo sapiens	2021-08-08	Venezuela	P.1	EPI_ISL_6989934
81	Homo sapiens	2021-07-13	Venezuela	B.1.621	EPI_ISL_6990137
86	Homo sapiens	2021-08-16	Venezuela	B.1.621	EPI_ISL_6990142
84	Homo sapiens	2021-08-02	Venezuela	P.1	EPI_ISL_7831411
83	Homo sapiens	2021-07-29	Venezuela	P.1	EPI_ISL_7831412
83	Homo sapiens	2021-07-27	Venezuela	C.37	EPI_ISL_7831652
83	Homo sapiens	2021-07-26	Venezuela	B.1.621	EPI_ISL_7829658
83	Homo sapiens	2021-07-26	Venezuela	P.1	EPI_ISL_7829659
81	Homo sapiens	2021-07-15	Venezuela	P.1	EPI_ISL_7829513
80	Homo sapiens	2021-07-10	Venezuela	P.1	EPI_ISL_7829514
80	Homo sapiens	2021-07-07	Venezuela	P.1	EPI_ISL_7829668
79	Homo sapiens	2021-07-04	Venezuela	P.1	EPI_ISL_7829547
79	Homo sapiens	2021-07-03	Venezuela	B.1.621	EPI_ISL_7831409
79	Homo sapiens	2021-07-03	Venezuela	B.1.1.7	EPI_ISL_7831408
79	Homo sapiens	2021-07-03	Venezuela	B.1.621	EPI_ISL_7829649
79	Homo sapiens	2021-07-03	Venezuela	P.1	EPI_ISL_7829548
79	Homo sapiens	2021-06-30	Venezuela	P.1	EPI_ISL_7832175
78	Homo sapiens	2021-06-27	Venezuela	C.37	EPI_ISL_7831415
78	Homo sapiens	2021-06-27	Venezuela	B.1.1.7	EPI_ISL_7830812
78	Homo sapiens	2021-06-27	Venezuela	B.1.1.7	EPI_ISL_7829809
78	Homo sapiens	2021-06-27	Venezuela	C.37	EPI_ISL_7831996
78	Homo sapiens	2021-06-26	Venezuela	B.1.1.7	EPI_ISL_7831378
77	Homo sapiens	2021-06-19	Venezuela	P.1	EPI_ISL_7831361
77	Homo sapiens	2021-06-15	Venezuela	P.1	EPI_ISL_7829671
76	Homo sapiens	2021-06-13	Venezuela	P.1	EPI_ISL_7829510
76	Homo sapiens	2021-06-12	Venezuela	P.1	EPI_ISL_7829670
74	Homo sapiens	2021-05-29	Venezuela	P.1	EPI_ISL_7831127
73	Homo sapiens	2021-05-23	Venezuela	P.1	EPI_ISL_7829808
73	Homo sapiens	2021-05-19	Venezuela	P.1	EPI_ISL_7832122
73	Homo sapiens	2021-05-19	Venezuela	B.1.621	EPI_ISL_7831126
73	Homo sapiens	2021-05-19	Venezuela	P.1	EPI_ISL_7831413
73	Homo sapiens	2021-05-19	Venezuela	P.1	EPI_ISL_7831414
73	Homo sapiens	2021-05-17	Venezuela	P.1	EPI_ISL_7831128
73	Homo sapiens	2021-05-17	Venezuela	B.1.1.7	EPI_ISL_7831382
72	Homo sapiens	2021-05-16	Venezuela	P.1	EPI_ISL_7829511
72	Homo sapiens	2021-05-15	Venezuela	C.37	EPI_ISL_7829512
72	Homo sapiens	2021-05-11	Venezuela	P.1	EPI_ISL_7831410
71	Homo sapiens	2021-05-04	Venezuela	B.1.621	EPI_ISL_7831406
69	Homo sapiens	2021-04-25	Venezuela	P.1	EPI_ISL_7831129
69	Homo sapiens	2021-04-23	Venezuela	P.1	EPI_ISL_7829672
103	Homo sapiens	2021-12-14	Venezuela	BA.1.1	EPI_ISL_8063574
103	Homo sapiens	2021-12-13	Venezuela	BA.1.1	EPI_ISL_8063663
101	Homo sapiens	2021-12-01	Venezuela	AY.122	EPI_ISL_8804697
101	Homo sapiens	2021-12-01	Venezuela	AY.33	EPI_ISL_8805061
98	Homo sapiens	2021-11-14	Venezuela	AY.100	EPI_ISL_8809971
98	Homo sapiens	2021-11-14	Venezuela	P.1	EPI_ISL_8810933
96	Homo sapiens	2021-10-25	Venezuela	AY.43	EPI_ISL_8805276
95	Homo sapiens	2021-10-21	Venezuela	AY.122	EPI_ISL_8810347
95	Homo sapiens	2021-10-21	Venezuela	AY.122	EPI_ISL_8808444
95	Homo sapiens	2021-10-21	Venezuela	AY.122	EPI_ISL_8806248
95	Homo sapiens	2021-10-21	Venezuela	AY.122	EPI_ISL_8806397
95	Homo sapiens	2021-10-21	Venezuela	AY.122	EPI_ISL_8806733
92	Homo sapiens	2021-10-03	Venezuela	AY.122	EPI_ISL_8808443
90	Homo sapiens	2021-09-17	Venezuela	AY.122	EPI_ISL_8808609
89	Homo sapiens	2021-09-10	Venezuela	B.1.621	EPI_ISL_8805771
103	Homo sapiens	2021-12-15	Venezuela	AY.44	EPI_ISL_9345977
99	Homo sapiens	2021-11-17	Venezuela	B.1.621	EPI_ISL_9345658
99	Homo sapiens	2021-11-15	Venezuela	AY.43	EPI_ISL_9377161
97	Homo sapiens	2021-11-06	Venezuela	AY.122	EPI_ISL_9377166
95	Homo sapiens	2021-10-21	Venezuela	AY.25.1	EPI_ISL_9377157
95	Homo sapiens	2021-10-21	Venezuela	AY.25.1	EPI_ISL_9377163
95	Homo sapiens	2021-10-18	Venezuela	AY.122	EPI_ISL_9377167
94	Homo sapiens	2021-10-13	Venezuela	AY.24	EPI_ISL_9377160
91	Homo sapiens	2021-09-25	Venezuela	AY.43	EPI_ISL_9377154
91	Homo sapiens	2021-09-24	Venezuela	AY.122	EPI_ISL_9377155
91	Homo sapiens	2021-09-21	Venezuela	AY.122	EPI_ISL_9377156
89	Homo sapiens	2021-09-06	Venezuela	B.1.617.2	EPI_ISL_9377152
88	Homo sapiens	2021-09-03	Venezuela	AY.122.4	EPI_ISL_9377165
87	Homo sapiens	2021-08-24	Venezuela	AY.122	EPI_ISL_9377158
81	Homo sapiens	2021-07-17	Venezuela	P.1	EPI_ISL_9377162
80	Homo sapiens	2021-07-10	Venezuela	P.1	EPI_ISL_9377153
74	Homo sapiens	2021-05-29	Venezuela	P.1	EPI_ISL_9377164
103	Homo sapiens	2021-12-17	Venezuela	AY.122	EPI_ISL_9396354
98	Homo sapiens	2021-11-12	Venezuela	B.1.621	EPI_ISL_9396351
94	Homo sapiens	2021-10-13	Venezuela	B.1.621	EPI_ISL_9396359
93	Homo sapiens	2021-10-07	Venezuela	B.1.621	EPI_ISL_9396356
89	Homo sapiens	2021-09-10	Venezuela	B.1.621	EPI_ISL_9396358
87	Homo sapiens	2021-08-27	Venezuela	B.1.621	EPI_ISL_9396352
87	Homo sapiens	2021-08-25	Venezuela	B.1.621	EPI_ISL_9486882
86	Homo sapiens	2021-08-20	Venezuela	B.1.621	EPI_ISL_9396355
86	Homo sapiens	2021-08-20	Venezuela	B.1.621	EPI_ISL_9396357
86	Homo sapiens	2021-08-19	Venezuela	B.1.621	EPI_ISL_9486887
86	Homo sapiens	2021-08-16	Venezuela	B.1.621	EPI_ISL_9486889
86	Homo sapiens	2021-08-16	Venezuela	AY.122	EPI_ISL_9486877
85	Homo sapiens	2021-08-13	Venezuela	AY.43	EPI_ISL_9486875
85	Homo sapiens	2021-08-13	Venezuela	AY.43	EPI_ISL_9486876
84	Homo sapiens	2021-08-08	Venezuela	AY.43	EPI_ISL_9486878
84	Homo sapiens	2021-08-08	Venezuela	B.1.621	EPI_ISL_9486885
84	Homo sapiens	2021-08-02	Venezuela	B.1.621	EPI_ISL_9396353
83	Homo sapiens	2021-07-29	Venezuela	B.1.621	EPI_ISL_9486886
81	Homo sapiens	2021-07-16	Venezuela	B.1.621	EPI_ISL_9486890
81	Homo sapiens	2021-07-14	Venezuela	B.1.625	EPI_ISL_9486891
81	Homo sapiens	2021-07-12	Venezuela	B.1.621	EPI_ISL_9486879
80	Homo sapiens	2021-07-09	Venezuela	AY.122	EPI_ISL_9486884
80	Homo sapiens	2021-07-07	Venezuela	B.1.621	EPI_ISL_9486880
79	Homo sapiens	2021-06-30	Venezuela	P.1	EPI_ISL_9486874
78	Homo sapiens	2021-06-27	Venezuela	B.1.621	EPI_ISL_9486881
78	Homo sapiens	2021-06-27	Venezuela	P.1	EPI_ISL_9486888
78	Homo sapiens	2021-06-26	Venezuela	B.1.621	EPI_ISL_9486883
73	Homo sapiens	2021-05-19	Venezuela	B.1.621	EPI_ISL_9486873
73	Homo sapiens	2021-05-19	Venezuela	C.37	EPI_ISL_9486870
73	Homo sapiens	2021-05-19	Venezuela	B.1.621	EPI_ISL_9486872
102	Homo sapiens	2021-12-09	Venezuela	B.1.621	EPI_ISL_9763927
83	Homo sapiens	2021-07-26	Venezuela	P.1	EPI_ISL_9761344
102	Homo sapiens	2021-12-09	Venezuela	AY.122.4	EPI_ISL_10239578
102	Homo sapiens	2021-12-09	Venezuela	AY.122.4	EPI_ISL_10239581
102	Homo sapiens	2021-12-09	Venezuela	AY.5	EPI_ISL_10239579
105	Homo sapiens	2021-12-27	Venezuela	AY.122.4	EPI_ISL_10239639
107	Homo sapiens	2022-01-15	Venezuela	AY.25.1	EPI_ISL_10239593
108	Homo sapiens	2022-01-21	Venezuela	AY.25.1	EPI_ISL_10239618
100	Homo sapiens	2021-11-27	Venezuela	AY.42	EPI_ISL_10239600
100	Homo sapiens	2021-11-28	Venezuela	AY.5	EPI_ISL_10239602
106	Homo sapiens	2022-01-09	Venezuela	AY.43	EPI_ISL_10239603
106	Homo sapiens	2022-01-07	Venezuela	BA.1.1	EPI_ISL_10239610
106	Homo sapiens	2022-01-06	Venezuela	AY.43	EPI_ISL_10239606
106	Homo sapiens	2022-01-06	Venezuela	AY.43	EPI_ISL_10239605
102	Homo sapiens	2021-12-09	Venezuela	AY.122.4	EPI_ISL_10239577
96	Homo sapiens	2021-10-26	Venezuela	B.1.621	EPI_ISL_10239638
101	Homo sapiens	2021-12-04	Venezuela	AY.5	EPI_ISL_10239644
89	Homo sapiens	2021-09-11	Venezuela	P.1	EPI_ISL_10239619
98	Homo sapiens	2021-11-12	Venezuela	AY.122.4	EPI_ISL_10239624
102	Homo sapiens	2021-12-09	Venezuela	AY.122.4	EPI_ISL_10239580
98	Homo sapiens	2021-11-12	Venezuela	AY.122.4	EPI_ISL_10239623
107	Homo sapiens	2022-01-15	Venezuela	AY.122	EPI_ISL_10239594
108	Homo sapiens	2022-01-17	Venezuela	AY.122.4	EPI_ISL_10239589
108	Homo sapiens	2022-01-17	Venezuela	AY.122.4	EPI_ISL_10239588
107	Homo sapiens	2022-01-15	Venezuela	AY.25.1	EPI_ISL_10239592
92	Homo sapiens	2021-09-27	Venezuela	B.1.621	EPI_ISL_10239620
92	Homo sapiens	2021-09-28	Venezuela	B.1.621	EPI_ISL_10239621
100	Homo sapiens	2021-11-27	Venezuela	AY.100	EPI_ISL_10239632
107	Homo sapiens	2022-01-15	Venezuela	AY.25.1	EPI_ISL_10239590
100	Homo sapiens	2021-11-27	Venezuela	AY.100	EPI_ISL_10239631
93	Homo sapiens	2021-10-05	Venezuela	AY.122	EPI_ISL_10239596
98	Homo sapiens	2021-11-12	Venezuela	AY.43	EPI_ISL_10239633
107	Homo sapiens	2022-01-15	Venezuela	BA.1.1	EPI_ISL_10239595
98	Homo sapiens	2021-11-12	Venezuela	AY.122	EPI_ISL_10239634
93	Homo sapiens	2021-10-07	Venezuela	AY.43	EPI_ISL_10728873
78	Homo sapiens	2021-06-25	Venezuela	B.1.621	EPI_ISL_10728893
93	Homo sapiens	2021-10-06	Venezuela	AY.44	EPI_ISL_10728879
86	Homo sapiens	2021-08-20	Venezuela	AY.43	EPI_ISL_10728877
93	Homo sapiens	2021-10-05	Venezuela	B.1.621	EPI_ISL_10728894
88	Homo sapiens	2021-09-02	Venezuela	AY.122	EPI_ISL_10728870
92	Homo sapiens	2021-09-29	Venezuela	AY.44	EPI_ISL_10728878
78	Homo sapiens	2021-06-27	Venezuela	B.1.621	EPI_ISL_10728897
92	Homo sapiens	2021-09-27	Venezuela	AY.122	EPI_ISL_10728882
93	Homo sapiens	2021-10-06	Venezuela	AY.43	EPI_ISL_10728880
81	Homo sapiens	2021-07-12	Venezuela	B.1.621	EPI_ISL_10728891
92	Homo sapiens	2021-09-29	Venezuela	B.1.621	EPI_ISL_10728892
80	Homo sapiens	2021-07-11	Venezuela	B.1.621	EPI_ISL_10728887
91	Homo sapiens	2021-09-24	Venezuela	AY.122	EPI_ISL_10728884
84	Homo sapiens	2021-08-03	Venezuela	AY.26	EPI_ISL_10728875
87	Homo sapiens	2021-08-27	Venezuela	B.1.621	EPI_ISL_10728890
94	Homo sapiens	2021-10-13	Venezuela	B.1.621	EPI_ISL_10728888
93	Homo sapiens	2021-10-05	Venezuela	AY.122	EPI_ISL_10728876
95	Homo sapiens	2021-10-21	Venezuela	AY.122	EPI_ISL_10728874
94	Homo sapiens	2021-10-13	Venezuela	AY.24	EPI_ISL_10728883
79	Homo sapiens	2021-06-30	Venezuela	B.1.621	EPI_ISL_10728885
86	Homo sapiens	2021-08-20	Venezuela	B.1.621	EPI_ISL_10728895
93	Homo sapiens	2021-10-04	Venezuela	AY.122	EPI_ISL_10728881
79	Homo sapiens	2021-07-04	Venezuela	B.1.621	EPI_ISL_10728886
87	Homo sapiens	2021-08-26	Venezuela	B.1.621	EPI_ISL_10728901
92	Homo sapiens	2021-09-29	Venezuela	B.1.621	EPI_ISL_10728900
85	Homo sapiens	2021-08-10	Venezuela	B.1.621	EPI_ISL_10728896
92	Homo sapiens	2021-09-27	Venezuela	B.1.621	EPI_ISL_10728898
87	Homo sapiens	2021-08-25	Venezuela	B.1.621	EPI_ISL_10728902
90	Homo sapiens	2021-09-15	Venezuela	AY.43	EPI_ISL_10728903
108	Homo sapiens	2022-01-21	Venezuela	AY.25.1	EPI_ISL_10239629
54	Homo sapiens	2021-01-07	Venezuela	P.1	EPI_ISL_11629630
105	Homo sapiens	2021-12-27	Venezuela	BA.1.1	EPI_ISL_11629635
104	Homo sapiens	2021-12-21	Venezuela	AY.122	EPI_ISL_11629592
83	Homo sapiens	2021-07-26	Venezuela	P.1	EPI_ISL_11629633
93	Homo sapiens	2021-10-07	Venezuela	AY.122	EPI_ISL_11629590
98	Homo sapiens	2021-11-14	Venezuela	AY.43	EPI_ISL_11629591
54	Homo sapiens	2021-01-07	Venezuela	AY.26	EPI_ISL_11629632
107	Homo sapiens	2022-01-15	Venezuela	BA.1.1	EPI_ISL_11629631
83	Homo sapiens	2021-07-28	Venezuela	B.1.621	EPI_ISL_11629597
89	Homo sapiens	2021-09-10	Venezuela	AY.122.4	EPI_ISL_11629598
100	Homo sapiens	2021-11-24	Venezuela	B.1.621	EPI_ISL_11629599
102	Homo sapiens	2021-12-09	Venezuela	AY.122.4	EPI_ISL_11629593
104	Homo sapiens	2021-12-23	Venezuela	BA.1.1	EPI_ISL_11629625
111	Homo sapiens	2022-02-07	Venezuela	AY.100	EPI_ISL_11629594
99	Homo sapiens	2021-11-17	Venezuela	AY.122.4	EPI_ISL_11629595
87	Homo sapiens	2021-08-25	Venezuela	P.1	EPI_ISL_11629629
103	Homo sapiens	2021-12-15	Venezuela	BA.1.1	EPI_ISL_11629623
104	Homo sapiens	2021-12-21	Venezuela	BA.1.17	EPI_ISL_11629624
104	Homo sapiens	2021-12-23	Venezuela	BA.1.1	EPI_ISL_11629609
109	Homo sapiens	2022-01-24	Venezuela	BA.1.1	EPI_ISL_11629626
105	Homo sapiens	2021-12-27	Venezuela	BA.1.1	EPI_ISL_11629614
106	Homo sapiens	2022-01-04	Venezuela	BA.1.1	EPI_ISL_11629615
111	Homo sapiens	2022-02-07	Venezuela	BA.1.15	EPI_ISL_11629621
105	Homo sapiens	2021-12-29	Venezuela	BA.1.1	EPI_ISL_11629622
94	Homo sapiens	2021-10-16	Venezuela	AY.122	EPI_ISL_11629589
105	Homo sapiens	2021-12-27	Venezuela	BA.1.1	EPI_ISL_11629613
111	Homo sapiens	2022-02-07	Venezuela	BA.1.1	EPI_ISL_11629617
111	Homo sapiens	2022-02-07	Venezuela	BA.1.1	EPI_ISL_11629618
111	Homo sapiens	2022-02-07	Venezuela	BA.1.1	EPI_ISL_11629619
105	Homo sapiens	2021-12-27	Venezuela	BA.1.1	EPI_ISL_11629612
106	Homo sapiens	2022-01-03	Venezuela	BA.1	EPI_ISL_11629610
105	Homo sapiens	2021-12-27	Venezuela	BA.1.1	EPI_ISL_11629611
106	Homo sapiens	2022-01-06	Venezuela	BA.1.1	EPI_ISL_11629605
106	Homo sapiens	2022-01-06	Venezuela	BA.1.1	EPI_ISL_11629606
106	Homo sapiens	2022-01-06	Venezuela	BA.1.1	EPI_ISL_11629607
95	Homo sapiens	2021-10-24	Venezuela	B.1.621	EPI_ISL_11629601
106	Homo sapiens	2022-01-06	Venezuela	BA.1	EPI_ISL_11629603
96	Homo sapiens	2021-10-26	Venezuela	B.1.621	EPI_ISL_11629600
107	Homo sapiens	2022-01-14	Venezuela	BA.1.1	EPI_ISL_11629627
107	Homo sapiens	2022-01-15	Venezuela	BA.1.1	EPI_ISL_11629628
109	Homo sapiens	2022-01-27	Venezuela	BA.1.1	EPI_ISL_11629636
93	Homo sapiens	2021-10-06	Venezuela	AY.43	EPI_ISL_12437754
89	Homo sapiens	2021-09-06	Venezuela	AY.43	EPI_ISL_12437733
88	Homo sapiens	2021-09-01	Venezuela	AY.43	EPI_ISL_12437717
96	Homo sapiens	2021-10-25	Venezuela	AY.25.1	EPI_ISL_12437790
88	Homo sapiens	2021-09-01	Venezuela	AY.122	EPI_ISL_12437711
88	Homo sapiens	2021-09-01	Venezuela	AY.43	EPI_ISL_12437713
93	Homo sapiens	2021-10-06	Venezuela	AY.122	EPI_ISL_12437752
93	Homo sapiens	2021-10-06	Venezuela	AY.43	EPI_ISL_12437750
90	Homo sapiens	2021-09-13	Venezuela	P.1	EPI_ISL_12437745
88	Homo sapiens	2021-09-01	Venezuela	AY.122	EPI_ISL_12437707
90	Homo sapiens	2021-09-13	Venezuela	B.1.621	EPI_ISL_12437743
96	Homo sapiens	2021-10-25	Venezuela	AY.25.1	EPI_ISL_12437787
95	Homo sapiens	2021-10-19	Venezuela	AY.43	EPI_ISL_12437779
90	Homo sapiens	2021-09-13	Venezuela	B.1.621	EPI_ISL_12437736
92	Homo sapiens	2021-10-01	Venezuela	AY.122	EPI_ISL_12437748
93	Homo sapiens	2021-10-06	Venezuela	AY.43	EPI_ISL_12437755
93	Homo sapiens	2021-10-06	Venezuela	AY.122	EPI_ISL_12437753
88	Homo sapiens	2021-09-04	Venezuela	P.1	EPI_ISL_12437729
93	Homo sapiens	2021-10-09	Venezuela	AY.5	EPI_ISL_12437765
95	Homo sapiens	2021-10-19	Venezuela	AY.122	EPI_ISL_12437777
88	Homo sapiens	2021-09-04	Venezuela	AY.43	EPI_ISL_12437730
88	Homo sapiens	2021-09-03	Venezuela	AY.122	EPI_ISL_12437725
93	Homo sapiens	2021-10-09	Venezuela	AY.122.4	EPI_ISL_12437769
94	Homo sapiens	2021-10-13	Venezuela	AY.43	EPI_ISL_12437773
94	Homo sapiens	2021-10-13	Venezuela	AY.43	EPI_ISL_12437774
94	Homo sapiens	2021-10-13	Venezuela	AY.43	EPI_ISL_12437771
94	Homo sapiens	2021-10-13	Venezuela	AY.43	EPI_ISL_12437772
88	Homo sapiens	2021-09-03	Venezuela	AY.122	EPI_ISL_12437726
88	Homo sapiens	2021-09-03	Venezuela	AY.122	EPI_ISL_12437727
93	Homo sapiens	2021-10-09	Venezuela	AY.43	EPI_ISL_12437768
93	Homo sapiens	2021-10-09	Venezuela	AY.122.4	EPI_ISL_12437761
93	Homo sapiens	2021-10-09	Venezuela	AY.122	EPI_ISL_12437766
93	Homo sapiens	2021-10-09	Venezuela	AY.122.4	EPI_ISL_12437762
88	Homo sapiens	2021-09-01	Venezuela	AY.122.4	EPI_ISL_12437714
96	Homo sapiens	2021-10-25	Venezuela	AY.25.1	EPI_ISL_12437792
88	Homo sapiens	2021-09-01	Venezuela	P.1	EPI_ISL_12437705
93	Homo sapiens	2021-10-09	Venezuela	AY.43	EPI_ISL_12437770
95	Homo sapiens	2021-10-20	Venezuela	AY.122	EPI_ISL_12437780
95	Homo sapiens	2021-10-20	Venezuela	AY.122	EPI_ISL_12437781
95	Homo sapiens	2021-10-19	Venezuela	B.1.621	EPI_ISL_12437776
96	Homo sapiens	2021-10-25	Venezuela	AY.122.4	EPI_ISL_12437793
89	Homo sapiens	2021-09-06	Venezuela	AY.43	EPI_ISL_12437734
95	Homo sapiens	2021-10-19	Venezuela	AY.43	EPI_ISL_12437778
88	Homo sapiens	2021-09-04	Venezuela	P.1	EPI_ISL_12437728
93	Homo sapiens	2021-10-06	Venezuela	AY.43	EPI_ISL_12437756
89	Homo sapiens	2021-09-06	Venezuela	B.1.621	EPI_ISL_12437732
88	Homo sapiens	2021-09-03	Venezuela	P.1	EPI_ISL_12437724
93	Homo sapiens	2021-10-09	Venezuela	AY.122	EPI_ISL_12437763
88	Homo sapiens	2021-09-02	Venezuela	B.1.621	EPI_ISL_12437719
96	Homo sapiens	2021-10-25	Venezuela	AY.25.1	EPI_ISL_12437791
96	Homo sapiens	2021-10-25	Venezuela	AY.25.1	EPI_ISL_12437785
88	Homo sapiens	2021-09-02	Venezuela	B.1.621	EPI_ISL_12437722
93	Homo sapiens	2021-10-09	Venezuela	AY.122	EPI_ISL_12437767
88	Homo sapiens	2021-09-02	Venezuela	B.1.621	EPI_ISL_12437721
88	Homo sapiens	2021-09-01	Venezuela	AY.20	EPI_ISL_12437716
88	Homo sapiens	2021-09-02	Venezuela	B.1.621	EPI_ISL_12437723
93	Homo sapiens	2021-10-09	Venezuela	AY.43	EPI_ISL_12437764
88	Homo sapiens	2021-09-01	Venezuela	AY.43	EPI_ISL_12437718
88	Homo sapiens	2021-09-01	Venezuela	P.1	EPI_ISL_12437715
88	Homo sapiens	2021-09-02	Venezuela	P.1	EPI_ISL_12437720
88	Homo sapiens	2021-09-01	Venezuela	AY.5	EPI_ISL_12437709
96	Homo sapiens	2021-10-25	Venezuela	AY.25.1	EPI_ISL_12437788
88	Homo sapiens	2021-09-01	Venezuela	P.1	EPI_ISL_12437701
93	Homo sapiens	2021-10-09	Venezuela	AY.122	EPI_ISL_12437760
93	Homo sapiens	2021-10-06	Venezuela	AY.122	EPI_ISL_12437757
93	Homo sapiens	2021-10-06	Venezuela	AY.122	EPI_ISL_12437758
88	Homo sapiens	2021-09-01	Venezuela	P.1	EPI_ISL_12437712
88	Homo sapiens	2021-09-01	Venezuela	AY.44	EPI_ISL_12437704
92	Homo sapiens	2021-10-01	Venezuela	AY.25.1	EPI_ISL_12437749
90	Homo sapiens	2021-09-13	Venezuela	AY.43	EPI_ISL_12437744
96	Homo sapiens	2021-10-25	Venezuela	AY.122	EPI_ISL_12437786
93	Homo sapiens	2021-10-06	Venezuela	AY.44	EPI_ISL_12437751
88	Homo sapiens	2021-09-01	Venezuela	AY.43	EPI_ISL_12437706
90	Homo sapiens	2021-09-13	Venezuela	B.1.621	EPI_ISL_12437746
95	Homo sapiens	2021-10-20	Venezuela	AY.122	EPI_ISL_12437783
88	Homo sapiens	2021-09-01	Venezuela	B.1.621	EPI_ISL_12437708
96	Homo sapiens	2021-10-25	Venezuela	AY.5	EPI_ISL_12437789
95	Homo sapiens	2021-10-20	Venezuela	AY.122	EPI_ISL_12437784
96	Homo sapiens	2021-10-25	Venezuela	AY.122	EPI_ISL_12437794
90	Homo sapiens	2021-09-13	Venezuela	B.1.621	EPI_ISL_12437741
90	Homo sapiens	2021-09-13	Venezuela	P.1	EPI_ISL_12437737
90	Homo sapiens	2021-09-13	Venezuela	P.1	EPI_ISL_12437738
129	Homo sapiens	2022-06-13	Venezuela	BA.5.2.9	EPI_ISL_13985242
129	Homo sapiens	2022-06-18	Venezuela	BA.2.12.1	EPI_ISL_13985246
124	Homo sapiens	2022-05-15	Venezuela	BA.2.12.1	EPI_ISL_13985249
125	Homo sapiens	2022-05-18	Venezuela	BF.1	EPI_ISL_13985247
128	Homo sapiens	2022-06-10	Venezuela	BA.2.9.7	EPI_ISL_13985237
124	Homo sapiens	2022-05-15	Venezuela	BA.2	EPI_ISL_13985250
128	Homo sapiens	2022-06-10	Venezuela	BA.2	EPI_ISL_13985252
124	Homo sapiens	2022-05-12	Venezuela	BA.2.9	EPI_ISL_13985245
130	Homo sapiens	2022-06-20	Venezuela	BE.1	EPI_ISL_13985226
130	Homo sapiens	2022-06-20	Venezuela	BE.1	EPI_ISL_13985221
128	Homo sapiens	2022-06-10	Venezuela	BA.2.9.7	EPI_ISL_13985238
130	Homo sapiens	2022-06-20	Venezuela	BA.2	EPI_ISL_13985220
127	Homo sapiens	2022-06-04	Venezuela	BA.2.9.7	EPI_ISL_13985243
128	Homo sapiens	2022-06-08	Venezuela	BA.2.9.7	EPI_ISL_13985231
129	Homo sapiens	2022-06-16	Venezuela	BA.2.9.7	EPI_ISL_13985240
129	Homo sapiens	2022-06-16	Venezuela	BA.2	EPI_ISL_13985241
130	Homo sapiens	2022-06-20	Venezuela	BE.1	EPI_ISL_13985224
130	Homo sapiens	2022-06-20	Venezuela	BE.1	EPI_ISL_13985225
130	Homo sapiens	2022-06-20	Venezuela	BA.5.2.1	EPI_ISL_13985222
130	Homo sapiens	2022-06-20	Venezuela	BE.1.1	EPI_ISL_13985223
128	Homo sapiens	2022-06-10	Venezuela	BA.2.9.7	EPI_ISL_13985228
130	Homo sapiens	2022-06-21	Venezuela	BA.2.9.7	EPI_ISL_13985227
128	Homo sapiens	2022-06-06	Venezuela	BA.2.9.7	EPI_ISL_13985232
126	Homo sapiens	2022-05-26	Venezuela	BA.2	EPI_ISL_13985230
129	Homo sapiens	2022-06-13	Venezuela	BA.2.12.1	EPI_ISL_13985235
128	Homo sapiens	2022-06-07	Venezuela	BA.2.9	EPI_ISL_13985236
127	Homo sapiens	2022-06-01	Venezuela	BA.2.9.7	EPI_ISL_13985233
124	Homo sapiens	2022-05-11	Venezuela	BA.2.12.1	EPI_ISL_13985234
129	Homo sapiens	2022-06-17	Venezuela	BA.2.9	EPI_ISL_13985251
130	Homo sapiens	2022-06-20	Venezuela	BE.1	EPI_ISL_14818623
128	Homo sapiens	2022-06-08	Venezuela	BA.2.9.7	EPI_ISL_14818627
132	Homo sapiens	2022-07-08	Venezuela	BA.2.9.7	EPI_ISL_14818644
132	Homo sapiens	2022-07-08	Venezuela	BA.2.9.7	EPI_ISL_14818641
127	Homo sapiens	2022-05-30	Venezuela	BA.2.9	EPI_ISL_14818634
133	Homo sapiens	2022-07-13	Venezuela	BA.2.12.1	EPI_ISL_14818639
128	Homo sapiens	2022-06-08	Venezuela	BA.2.9.7	EPI_ISL_14818625
130	Homo sapiens	2022-06-20	Venezuela	BA.2	EPI_ISL_14818622
133	Homo sapiens	2022-07-15	Venezuela	BE.1	EPI_ISL_14818640
128	Homo sapiens	2022-06-11	Venezuela	BA.2.9.7	EPI_ISL_14818624
132	Homo sapiens	2022-07-08	Venezuela	BA.2	EPI_ISL_14818646
131	Homo sapiens	2022-06-30	Venezuela	BA.2.12.1	EPI_ISL_14818649
133	Homo sapiens	2022-07-12	Venezuela	BA.5.1	EPI_ISL_14818647
131	Homo sapiens	2022-07-01	Venezuela	BA.2.9.7	EPI_ISL_14818645
132	Homo sapiens	2022-07-08	Venezuela	BA.2.9	EPI_ISL_14818643
127	Homo sapiens	2022-06-01	Venezuela	BA.2.9.7	EPI_ISL_14818628
131	Homo sapiens	2022-06-30	Venezuela	BA.2.12.1	EPI_ISL_14818648
125	Homo sapiens	2022-05-18	Venezuela	BA.2.9	EPI_ISL_14818637
128	Homo sapiens	2022-06-11	Venezuela	BA.2.12.1	EPI_ISL_14818629
127	Homo sapiens	2022-05-30	Venezuela	BA.2	EPI_ISL_14818633
128	Homo sapiens	2022-06-07	Venezuela	BA.2.9	EPI_ISL_14818638
128	Homo sapiens	2022-06-07	Venezuela	BA.2.9.7	EPI_ISL_14818631
127	Homo sapiens	2022-06-01	Venezuela	BA.2.9.7	EPI_ISL_14818626
126	Homo sapiens	2022-05-24	Venezuela	BA.2	EPI_ISL_14818635
127	Homo sapiens	2022-05-31	Venezuela	BA.2.9	EPI_ISL_14818630
130	Homo sapiens	2022-06-20	Venezuela	BA.2	EPI_ISL_14818620
125	Homo sapiens	2022-05-19	Venezuela	BA.2	EPI_ISL_14818636
129	Homo sapiens	2022-06-18	Venezuela	BE.1	EPI_ISL_14818632
132	Homo sapiens	2022-07-06	Venezuela	BA.2.12.1	EPI_ISL_14818655
131	Homo sapiens	2022-06-30	Venezuela	BA.2.12.1	EPI_ISL_14818650
133	Homo sapiens	2022-07-14	Venezuela	BA.4.1	EPI_ISL_14818657
133	Homo sapiens	2022-07-13	Venezuela	BA.2.9	EPI_ISL_14818658
132	Homo sapiens	2022-07-07	Venezuela	BE.1	EPI_ISL_14818656
133	Homo sapiens	2022-07-15	Venezuela	BA.2.12.1	EPI_ISL_14818652
128	Homo sapiens	2022-06-07	Venezuela	BA.2.9	EPI_ISL_14818659
133	Homo sapiens	2022-07-15	Venezuela	BA.2.12.1	EPI_ISL_14818654
133	Homo sapiens	2022-07-15	Venezuela	BA.2	EPI_ISL_14818653
132	Homo sapiens	2022-07-08	Venezuela	BA.4.1	EPI_ISL_14818651
134	Homo sapiens	2022-07-22	Venezuela	BA.2.12.1	EPI_ISL_15014562
134	Homo sapiens	2022-07-22	Venezuela	BE.1	EPI_ISL_15014567
134	Homo sapiens	2022-07-19	Venezuela	BE.1	EPI_ISL_15014569
135	Homo sapiens	2022-07-27	Venezuela	BE.1	EPI_ISL_15014551
135	Homo sapiens	2022-07-25	Venezuela	BA.2.12.1	EPI_ISL_15014554
135	Homo sapiens	2022-07-25	Venezuela	BA.5.1	EPI_ISL_15014555
135	Homo sapiens	2022-07-25	Venezuela	BA.5.1	EPI_ISL_15014556
48	Homo sapiens	2020-11-25	Venezuela	B.1.111	EPI_ISL_15104847
66	Homo sapiens	2021-03-29	Venezuela	P.1.14	EPI_ISL_15104840
48	Homo sapiens	2020-11-25	Venezuela	B.1.1.33	EPI_ISL_15104848
40	Homo sapiens	2020-10-01	Venezuela	B.1.111	EPI_ISL_15104878
56	Homo sapiens	2021-01-18	Venezuela	B.1.111	EPI_ISL_15104882
66	Homo sapiens	2021-04-02	Venezuela	P.1.14	EPI_ISL_15104863
40	Homo sapiens	2020-10-01	Venezuela	B.1.111	EPI_ISL_15104901
40	Homo sapiens	2020-10-01	Venezuela	B.1.1	EPI_ISL_15104902
49	Homo sapiens	2020-12-04	Venezuela	B.1.111	EPI_ISL_15104853
66	Homo sapiens	2021-04-02	Venezuela	P.1	EPI_ISL_15104844
65	Homo sapiens	2021-03-27	Venezuela	P.1	EPI_ISL_15104858
66	Homo sapiens	2021-04-01	Venezuela	P.1	EPI_ISL_15104857
21	Homo sapiens	2020-05-23	Venezuela	B.1.111	EPI_ISL_15104871
66	Homo sapiens	2021-03-31	Venezuela	P.1.14	EPI_ISL_15104860
66	Homo sapiens	2021-04-02	Venezuela	P.1	EPI_ISL_15104835
67	Homo sapiens	2021-04-07	Venezuela	P.1	EPI_ISL_15104834
66	Homo sapiens	2021-04-01	Venezuela	P.1	EPI_ISL_15104856
21	Homo sapiens	2020-05-22	Venezuela	B.1.111	EPI_ISL_15104870
65	Homo sapiens	2021-03-24	Venezuela	P.1	EPI_ISL_15104855
67	Homo sapiens	2021-04-07	Venezuela	P.1.14	EPI_ISL_15104851
65	Homo sapiens	2021-03-27	Venezuela	P.1	EPI_ISL_15104854
40	Homo sapiens	2020-10-03	Venezuela	B.1	EPI_ISL_15104869
66	Homo sapiens	2021-04-02	Venezuela	P.1.14	EPI_ISL_15104866
67	Homo sapiens	2021-04-07	Venezuela	P.1	EPI_ISL_15104837
67	Homo sapiens	2021-04-06	Venezuela	P.1	EPI_ISL_15104819
67	Homo sapiens	2021-04-06	Venezuela	P.1.14	EPI_ISL_15104868
65	Homo sapiens	2021-03-26	Venezuela	P.1.14	EPI_ISL_15104839
67	Homo sapiens	2021-04-06	Venezuela	P.1	EPI_ISL_15104867
66	Homo sapiens	2021-04-01	Venezuela	P.1.14	EPI_ISL_15104862
66	Homo sapiens	2021-04-02	Venezuela	P.1	EPI_ISL_15104849
67	Homo sapiens	2021-04-06	Venezuela	P.1	EPI_ISL_15104864
66	Homo sapiens	2021-04-01	Venezuela	P.1	EPI_ISL_15104861
65	Homo sapiens	2021-03-26	Venezuela	P.1	EPI_ISL_15104838
54	Homo sapiens	2021-01-04	Venezuela	P.1	EPI_ISL_15104836
66	Homo sapiens	2021-04-03	Venezuela	P.1	EPI_ISL_15104832
43	Homo sapiens	2020-10-22	Venezuela	B.1	EPI_ISL_15104833
67	Homo sapiens	2021-04-06	Venezuela	P.1	EPI_ISL_15104818
67	Homo sapiens	2021-04-05	Venezuela	P.1.14	EPI_ISL_15104831
66	Homo sapiens	2021-03-31	Venezuela	P.1.14	EPI_ISL_15104830
66	Homo sapiens	2021-04-03	Venezuela	P.1.14	EPI_ISL_15104846
66	Homo sapiens	2021-04-04	Venezuela	P.1	EPI_ISL_15104843
66	Homo sapiens	2021-04-01	Venezuela	P.1	EPI_ISL_15104823
72	Homo sapiens	2021-05-16	Venezuela	P.1	EPI_ISL_15104841
66	Homo sapiens	2021-03-31	Venezuela	P.1	EPI_ISL_15104817
60	Homo sapiens	2021-02-15	Venezuela	P.1	EPI_ISL_15104816
12	Homo sapiens	2020-03-18	Venezuela	A.5	EPI_ISL_15104875
40	Homo sapiens	2020-10-02	Venezuela	B.1.1	EPI_ISL_15104891
60	Homo sapiens	2021-02-15	Venezuela	B.1.621	EPI_ISL_15104813
60	Homo sapiens	2021-02-15	Venezuela	B.1.621	EPI_ISL_15104812
40	Homo sapiens	2020-10-01	Venezuela	B.1.111	EPI_ISL_15104900
40	Homo sapiens	2020-09-28	Venezuela	B.1.111	EPI_ISL_15104896
39	Homo sapiens	2020-09-24	Venezuela	B.1.1.33	EPI_ISL_15104872
60	Homo sapiens	2021-02-15	Venezuela	B.1.621	EPI_ISL_15104811
65	Homo sapiens	2021-03-26	Venezuela	P.1.14	EPI_ISL_15104829
66	Homo sapiens	2021-03-29	Venezuela	P.1	EPI_ISL_15104821
37	Homo sapiens	2020-09-12	Venezuela	B.1.111	EPI_ISL_15104895
67	Homo sapiens	2021-04-06	Venezuela	P.1	EPI_ISL_15104820
56	Homo sapiens	2021-01-24	Venezuela	B.1.1.348	EPI_ISL_15104879
66	Homo sapiens	2021-04-01	Venezuela	P.1	EPI_ISL_15104824
38	Homo sapiens	2020-09-17	Venezuela	B.1.111	EPI_ISL_15104894
40	Homo sapiens	2020-10-01	Venezuela	B.1.111	EPI_ISL_15104877
40	Homo sapiens	2020-10-01	Venezuela	B.1	EPI_ISL_15104873
66	Homo sapiens	2021-03-30	Venezuela	P.1.14	EPI_ISL_15104822
38	Homo sapiens	2020-09-19	Venezuela	B.1.1	EPI_ISL_15104898
40	Homo sapiens	2020-09-29	Venezuela	B.1	EPI_ISL_15104897
40	Homo sapiens	2020-10-01	Venezuela	B.1.111	EPI_ISL_15104876
40	Homo sapiens	2020-09-30	Venezuela	B.1.111	EPI_ISL_15104899
40	Homo sapiens	2020-09-29	Venezuela	B.1.111	EPI_ISL_15104893
38	Homo sapiens	2020-09-16	Venezuela	B.1.111	EPI_ISL_15104888
40	Homo sapiens	2020-10-02	Venezuela	B.1.111	EPI_ISL_15104885
40	Homo sapiens	2020-10-03	Venezuela	B.1	EPI_ISL_15104874
40	Homo sapiens	2020-10-02	Venezuela	B.1.420	EPI_ISL_15104890
40	Homo sapiens	2020-10-02	Venezuela	B.1.111	EPI_ISL_15104892
37	Homo sapiens	2020-09-08	Venezuela	B.1.1.33	EPI_ISL_15104887
38	Homo sapiens	2020-09-16	Venezuela	B.1.111	EPI_ISL_15104886
38	Homo sapiens	2020-09-15	Venezuela	B.1.111	EPI_ISL_15104889
38	Homo sapiens	2020-09-18	Venezuela	B.1.111	EPI_ISL_15104883
40	Homo sapiens	2020-10-02	Venezuela	B.1.1	EPI_ISL_15104884
95	Homo sapiens	2021-10-21	Venezuela	AY.25.1	EPI_ISL_15165694
86	Homo sapiens	2021-08-20	Venezuela	AY.122	EPI_ISL_15165693
73	Homo sapiens	2021-05-18	Venezuela	P.1	EPI_ISL_15165730
79	Homo sapiens	2021-07-04	Venezuela	P.1	EPI_ISL_15165731
108	Homo sapiens	2022-01-21	Venezuela	AY.122	EPI_ISL_15165691
76	Homo sapiens	2021-06-13	Venezuela	P.1	EPI_ISL_15165697
96	Homo sapiens	2021-10-25	Venezuela	AY.122	EPI_ISL_15165696
105	Homo sapiens	2022-01-02	Venezuela	BA.1.1	EPI_ISL_15165699
81	Homo sapiens	2021-07-13	Venezuela	P.1	EPI_ISL_15165733
73	Homo sapiens	2021-05-23	Venezuela	P.1	EPI_ISL_15165734
87	Homo sapiens	2021-08-26	Venezuela	B.1.621	EPI_ISL_15165687
17	Homo sapiens	2020-04-26	Venezuela	P.1	EPI_ISL_15165686
117	Homo sapiens	2022-03-26	Venezuela	BA.2	EPI_ISL_15165707
108	Homo sapiens	2022-01-21	Venezuela	BA.1.1	EPI_ISL_15165706
119	Homo sapiens	2022-04-04	Venezuela	BA.2	EPI_ISL_15165705
109	Homo sapiens	2022-01-24	Venezuela	BA.1.1	EPI_ISL_15165704
139	Homo sapiens	2022-08-23	Venezuela	BA.5.1.25	EPI_ISL_15975703
79	Homo sapiens	2021-07-04	Venezuela	P.1	EPI_ISL_15975699
82	Homo sapiens	2021-07-23	Venezuela	P.1	EPI_ISL_15975697
141	Homo sapiens	2022-09-05	Venezuela	BA.4.1.1	EPI_ISL_15975688
80	Homo sapiens	2021-07-10	Venezuela	P.1	EPI_ISL_15975676
79	Homo sapiens	2021-07-01	Venezuela	B.1.1.7	EPI_ISL_15975686
73	Homo sapiens	2021-05-19	Venezuela	P.1	EPI_ISL_15975672
73	Homo sapiens	2021-05-19	Venezuela	P.1	EPI_ISL_15975673
80	Homo sapiens	2021-07-10	Venezuela	P.1	EPI_ISL_15975675
134	Homo sapiens	2022-07-18	Venezuela	BA.2	EPI_ISL_15975677
128	Homo sapiens	2022-06-08	Venezuela	BA.2.9.7	EPI_ISL_15975680
128	Homo sapiens	2022-06-07	Venezuela	BA.2.9.7	EPI_ISL_15975681
128	Homo sapiens	2022-06-07	Venezuela	BA.2.9.7	EPI_ISL_15975682
137	Homo sapiens	2022-08-08	Venezuela	BA.2.3.10	EPI_ISL_15975702
151	Homo sapiens	2022-11-16	Venezuela	BA.2.75.2	EPI_ISL_16359005
148	Homo sapiens	2022-10-25	Venezuela	BF.5	EPI_ISL_16377429
133	Homo sapiens	2022-07-13	Venezuela	BA.5.6	EPI_ISL_16613301
132	Homo sapiens	2022-07-07	Venezuela	BA.5.1	EPI_ISL_16613300
141	Homo sapiens	2022-09-06	Venezuela	BA.5.11	EPI_ISL_16613314
140	Homo sapiens	2022-09-01	Venezuela	BA.4.1.1	EPI_ISL_16613313
136	Homo sapiens	2022-08-07	Venezuela	BA.5.5	EPI_ISL_16613296
132	Homo sapiens	2022-07-08	Venezuela	BA.4.1.1	EPI_ISL_16613295
140	Homo sapiens	2022-09-01	Venezuela	BA.5.6	EPI_ISL_16613312
139	Homo sapiens	2022-08-27	Venezuela	BE.1	EPI_ISL_16613311
138	Homo sapiens	2022-08-19	Venezuela	BA.5.2	EPI_ISL_16613291
139	Homo sapiens	2022-08-22	Venezuela	BA.4.6	EPI_ISL_16613290
139	Homo sapiens	2022-08-26	Venezuela	BA.4.1	EPI_ISL_16613305
139	Homo sapiens	2022-08-26	Venezuela	BA.4.1	EPI_ISL_16613304
139	Homo sapiens	2022-08-26	Venezuela	BA.4.1	EPI_ISL_16613303
139	Homo sapiens	2022-08-27	Venezuela	BA.5.5	EPI_ISL_16613309
139	Homo sapiens	2022-08-23	Venezuela	BA.4.1	EPI_ISL_16613307
139	Homo sapiens	2022-08-23	Venezuela	BA.5.1	EPI_ISL_16613306
130	Homo sapiens	2022-06-23	Venezuela	BA.2.12.1	EPI_ISL_16613297
129	Homo sapiens	2022-06-15	Venezuela	BA.2.12.1	EPI_ISL_16613289
129	Homo sapiens	2022-06-16	Venezuela	BA.2	EPI_ISL_16613288
136	Homo sapiens	2022-08-07	Venezuela	BA.2.12.1	EPI_ISL_16613299
108	Homo sapiens	2022-01-22	Venezuela	BA.2	EPI_ISL_16613298
132	Homo sapiens	2022-07-07	Venezuela	BA.2.12.1	EPI_ISL_16613293
126	Homo sapiens	2022-05-24	Venezuela	BA.2	EPI_ISL_16613292
139	Homo sapiens	2022-08-26	Venezuela	BA.2.9.7	EPI_ISL_16613308
157	Homo sapiens	2022-12-27	Venezuela	BQ.1.1.4	EPI_ISL_16958019
155	Homo sapiens	2022-12-15	Venezuela	BQ.1.1	EPI_ISL_16958074
156	Homo sapiens	2022-12-23	Venezuela	BA.2.75.2	EPI_ISL_16958042
157	Homo sapiens	2022-12-27	Venezuela	BQ.1.1.4	EPI_ISL_16958014
157	Homo sapiens	2022-12-27	Venezuela	BQ.1.1.4	EPI_ISL_16958016
157	Homo sapiens	2022-12-27	Venezuela	BQ.1.1.4	EPI_ISL_16958017
157	Homo sapiens	2022-12-27	Venezuela	BQ.1.1.4	EPI_ISL_16958018
155	Homo sapiens	2022-12-14	Venezuela	BQ.1.1	EPI_ISL_16958070
157	Homo sapiens	2022-12-27	Venezuela	BQ.1.1	EPI_ISL_16958015
154	Homo sapiens	2022-12-05	Venezuela	CA.1	EPI_ISL_16958063
155	Homo sapiens	2022-12-13	Venezuela	BQ.1.1	EPI_ISL_16958031
156	Homo sapiens	2022-12-21	Venezuela	BQ.1.1	EPI_ISL_16958075
157	Homo sapiens	2022-12-26	Venezuela	BQ.1.1	EPI_ISL_16958076
156	Homo sapiens	2022-12-24	Venezuela	BQ.1.1.4	EPI_ISL_16958077
155	Homo sapiens	2022-12-14	Venezuela	BQ.1.1	EPI_ISL_16958036
155	Homo sapiens	2022-12-14	Venezuela	BQ.1.1.6	EPI_ISL_16958035
153	Homo sapiens	2022-12-02	Venezuela	BA.5.1	EPI_ISL_16958078
154	Homo sapiens	2022-12-05	Venezuela	BQ.1.1	EPI_ISL_16958064
156	Homo sapiens	2022-12-19	Venezuela	BQ.1.1.16	EPI_ISL_16958065
154	Homo sapiens	2022-12-05	Venezuela	BQ.1.5	EPI_ISL_16958061
156	Homo sapiens	2022-12-21	Venezuela	BQ.1.1	EPI_ISL_16958067
154	Homo sapiens	2022-12-09	Venezuela	BQ.1.1	EPI_ISL_16958027
154	Homo sapiens	2022-12-09	Venezuela	BQ.1.1	EPI_ISL_16958029
154	Homo sapiens	2022-12-07	Venezuela	BQ.1.1	EPI_ISL_16958025
156	Homo sapiens	2022-12-22	Venezuela	BQ.1.1	EPI_ISL_16958093
157	Homo sapiens	2022-12-29	Venezuela	BQ.1.1	EPI_ISL_16958050
156	Homo sapiens	2022-12-22	Venezuela	BQ.1.1	EPI_ISL_16958094
157	Homo sapiens	2022-12-29	Venezuela	BQ.1.1	EPI_ISL_16958051
153	Homo sapiens	2022-11-28	Venezuela	BA.4.1	EPI_ISL_16958057
157	Homo sapiens	2022-12-29	Venezuela	BQ.1.1.4	EPI_ISL_16958095
153	Homo sapiens	2022-11-28	Venezuela	CA.1	EPI_ISL_16958058
153	Homo sapiens	2022-11-28	Venezuela	BA.5.2.9	EPI_ISL_16958059
156	Homo sapiens	2022-12-22	Venezuela	BQ.1.1	EPI_ISL_16958090
156	Homo sapiens	2022-12-23	Venezuela	BQ.1.1	EPI_ISL_16958043
156	Homo sapiens	2022-12-22	Venezuela	BQ.1.1	EPI_ISL_16958087
157	Homo sapiens	2022-12-26	Venezuela	BQ.1.1.11	EPI_ISL_16958082
156	Homo sapiens	2022-12-22	Venezuela	BQ.1.1	EPI_ISL_16958089
156	Homo sapiens	2022-12-22	Venezuela	BQ.1.1	EPI_ISL_16958080
159	Homo sapiens	2023-01-09	Venezuela	XBB.2	EPI_ISL_16958049
155	Homo sapiens	2022-12-15	Venezuela	BA.2.75.2	EPI_ISL_16958068
159	Homo sapiens	2023-01-13	Venezuela	BQ.1.1.13	EPI_ISL_17283556
72	Homo sapiens	2021-05-14	Venezuela	B.1.621	EPI_ISL_17283572
73	Homo sapiens	2021-05-21	Venezuela	B.1.621	EPI_ISL_17283574
73	Homo sapiens	2021-05-21	Venezuela	B.1.621	EPI_ISL_17283577
75	Homo sapiens	2021-06-02	Venezuela	P.1	EPI_ISL_17283618
71	Homo sapiens	2021-05-08	Venezuela	B.1.621	EPI_ISL_17283571
