12	Homo sapiens	2020-03-16	Zambia	B.1.1	MT790522.1
24	Homo sapiens	2020-06-12	Zambia	B.1.1.111	EPI_ISL_977293
13	Homo sapiens	2020-03-24	Zambia	B.4.7	EPI_ISL_977294
24	Homo sapiens	2020-06-12	Zambia	B.1	EPI_ISL_977312
28	Homo sapiens	2020-07-06	Zambia	B.1.1.306	EPI_ISL_977313
28	Homo sapiens	2020-07-07	Zambia	AE.1	EPI_ISL_977314
29	Homo sapiens	2020-07-19	Zambia	AE.1	EPI_ISL_977316
29	Homo sapiens	2020-07-19	Zambia	AE.1	EPI_ISL_977317
31	Homo sapiens	2020-07-28	Zambia	AE.1	EPI_ISL_977318
31	Homo sapiens	2020-07-28	Zambia	AE.1	EPI_ISL_977319
31	Homo sapiens	2020-07-28	Zambia	AE.1	EPI_ISL_977320
24	Homo sapiens	2020-06-12	Zambia	C.1	EPI_ISL_977321
24	Homo sapiens	2020-06-13	Zambia	B.1.1.1	EPI_ISL_977322
25	Homo sapiens	2020-06-15	Zambia	C.1	EPI_ISL_977323
25	Homo sapiens	2020-06-19	Zambia	C.1	EPI_ISL_977324
27	Homo sapiens	2020-06-29	Zambia	C.1	EPI_ISL_977325
27	Homo sapiens	2020-06-29	Zambia	C.1	EPI_ISL_977326
27	Homo sapiens	2020-07-05	Zambia	C.1	EPI_ISL_977327
28	Homo sapiens	2020-07-06	Zambia	C.1	EPI_ISL_977328
28	Homo sapiens	2020-07-10	Zambia	C.1	EPI_ISL_977329
28	Homo sapiens	2020-07-10	Zambia	C.1	EPI_ISL_977330
32	Homo sapiens	2020-08-06	Zambia	B.1.1.111	EPI_ISL_977331
32	Homo sapiens	2020-08-06	Zambia	AE.3	EPI_ISL_977332
28	Homo sapiens	2020-07-10	Zambia	B.1.1	EPI_ISL_977333
56	Homo sapiens	2021-01-18	Zambia	B.1.351	EPI_ISL_977334
26	Homo sapiens	2020-06-26	Zambia	B.1.1	EPI_ISL_977335
51	Homo sapiens	2020-12-14	Zambia	B.1.351	EPI_ISL_977336
51	Homo sapiens	2020-12-16	Zambia	B.1.351	EPI_ISL_977337
51	Homo sapiens	2020-12-18	Zambia	B.1.351	EPI_ISL_977338
51	Homo sapiens	2020-12-18	Zambia	B.1.351	EPI_ISL_977339
51	Homo sapiens	2020-12-18	Zambia	B.1.351	EPI_ISL_977340
52	Homo sapiens	2020-12-21	Zambia	B.1.351	EPI_ISL_977341
52	Homo sapiens	2020-12-21	Zambia	B.1.351	EPI_ISL_977342
52	Homo sapiens	2020-12-21	Zambia	B.1.351	EPI_ISL_977343
52	Homo sapiens	2020-12-22	Zambia	B.1.351	EPI_ISL_977344
52	Homo sapiens	2020-12-23	Zambia	B.1.351	EPI_ISL_977345
55	Homo sapiens	2021-01-11	Zambia	B.1.351	EPI_ISL_977346
54	Homo sapiens	2021-01-10	Zambia	B.1.351	EPI_ISL_977347
55	Homo sapiens	2021-01-14	Zambia	B.1.351	EPI_ISL_977348
55	Homo sapiens	2021-01-14	Zambia	B.1.351	EPI_ISL_977349
56	Homo sapiens	2021-01-18	Zambia	B.1.351	EPI_ISL_977350
56	Homo sapiens	2021-01-18	Zambia	B.1.351	EPI_ISL_977351
33	Homo sapiens	2020-08-12	Zambia	AE.1	EPI_ISL_977355
13	Homo sapiens	2020-03-23	Zambia	B.6	EPI_ISL_977356
15	Homo sapiens	2020-04-07	Zambia	A	EPI_ISL_977357
13	Homo sapiens	2020-03-23	Zambia	B.6	EPI_ISL_977358
23	Homo sapiens	2020-06-02	Zambia	B.1.1.306	EPI_ISL_977359
23	Homo sapiens	2020-06-02	Zambia	B.1.1.306	EPI_ISL_977360
23	Homo sapiens	2020-06-03	Zambia	B.1.1.111	EPI_ISL_977361
23	Homo sapiens	2020-06-04	Zambia	B.1	EPI_ISL_977362
23	Homo sapiens	2020-06-04	Zambia	B.1	EPI_ISL_977363
13	Homo sapiens	2020-03-25	Zambia	B.1	EPI_ISL_977364
23	Homo sapiens	2020-06-07	Zambia	B.1.1.111	EPI_ISL_977365
13	Homo sapiens	2020-03-25	Zambia	A.22	EPI_ISL_977366
13	Homo sapiens	2020-03-25	Zambia	B.1	EPI_ISL_977367
24	Homo sapiens	2020-06-10	Zambia	B.1.1.111	EPI_ISL_977368
24	Homo sapiens	2020-06-10	Zambia	B.1.1.111	EPI_ISL_977369
24	Homo sapiens	2020-06-10	Zambia	A	EPI_ISL_977370
24	Homo sapiens	2020-06-10	Zambia	B.1.1.111	EPI_ISL_977371
24	Homo sapiens	2020-06-10	Zambia	B.1.1.111	EPI_ISL_977372
23	Homo sapiens	2020-06-04	Zambia	AE.3	EPI_ISL_977373
23	Homo sapiens	2020-06-04	Zambia	AE.1	EPI_ISL_977374
23	Homo sapiens	2020-06-04	Zambia	AE.1	EPI_ISL_977375
13	Homo sapiens	2020-03-25	Zambia	B.6	EPI_ISL_977376
23	Homo sapiens	2020-06-04	Zambia	AE.1	EPI_ISL_977377
23	Homo sapiens	2020-06-04	Zambia	AE.3	EPI_ISL_977378
24	Homo sapiens	2020-06-11	Zambia	AE.1	EPI_ISL_977379
24	Homo sapiens	2020-06-12	Zambia	B.1.1.448	EPI_ISL_977380
25	Homo sapiens	2020-06-15	Zambia	AE.1	EPI_ISL_977381
25	Homo sapiens	2020-06-16	Zambia	B.1.1.306	EPI_ISL_977382
25	Homo sapiens	2020-06-19	Zambia	B.1.1	EPI_ISL_977383
25	Homo sapiens	2020-06-19	Zambia	A	EPI_ISL_977384
26	Homo sapiens	2020-06-22	Zambia	B.1.1.448	EPI_ISL_977385
26	Homo sapiens	2020-06-25	Zambia	B.1.1	EPI_ISL_977386
26	Homo sapiens	2020-06-26	Zambia	B.1.1.306	EPI_ISL_977387
26	Homo sapiens	2020-06-26	Zambia	B.1.1.306	EPI_ISL_977388
26	Homo sapiens	2020-06-27	Zambia	B.1.1.62	EPI_ISL_977389
26	Homo sapiens	2020-06-27	Zambia	B.1	EPI_ISL_977390
26	Homo sapiens	2020-06-27	Zambia	B.1.1	EPI_ISL_977391
26	Homo sapiens	2020-06-28	Zambia	AE.5	EPI_ISL_977392
27	Homo sapiens	2020-07-03	Zambia	AE.5	EPI_ISL_977393
27	Homo sapiens	2020-06-29	Zambia	C.1	EPI_ISL_977394
27	Homo sapiens	2020-06-29	Zambia	B.1.1	EPI_ISL_977395
27	Homo sapiens	2020-06-29	Zambia	B.1.1.99	EPI_ISL_977396
27	Homo sapiens	2020-06-29	Zambia	B.1.1	EPI_ISL_977397
27	Homo sapiens	2020-06-29	Zambia	B.1.1	EPI_ISL_977398
27	Homo sapiens	2020-06-29	Zambia	B.1.1.99	EPI_ISL_977399
27	Homo sapiens	2020-07-03	Zambia	B.1.1.306	EPI_ISL_977400
27	Homo sapiens	2020-07-03	Zambia	B.1.1.448	EPI_ISL_977401
27	Homo sapiens	2020-07-03	Zambia	B.1.1	EPI_ISL_977402
27	Homo sapiens	2020-07-03	Zambia	AE.1	EPI_ISL_977403
28	Homo sapiens	2020-07-06	Zambia	B.1.1.448	EPI_ISL_977404
28	Homo sapiens	2020-07-06	Zambia	B.1.1.448	EPI_ISL_977405
28	Homo sapiens	2020-07-06	Zambia	B.1.1.273	EPI_ISL_977406
28	Homo sapiens	2020-07-06	Zambia	AE.3	EPI_ISL_977407
28	Homo sapiens	2020-07-06	Zambia	B.1.1	EPI_ISL_977408
28	Homo sapiens	2020-07-06	Zambia	AE.3	EPI_ISL_977409
28	Homo sapiens	2020-07-10	Zambia	B.1.1	EPI_ISL_977410
13	Homo sapiens	2020-03-26	Zambia	B.1	EPI_ISL_977411
28	Homo sapiens	2020-07-07	Zambia	B.1.1.306	EPI_ISL_977412
28	Homo sapiens	2020-07-10	Zambia	B.1	EPI_ISL_977413
28	Homo sapiens	2020-07-10	Zambia	B.1.1.111	EPI_ISL_977414
28	Homo sapiens	2020-07-10	Zambia	B.1.1.111	EPI_ISL_977415
28	Homo sapiens	2020-07-12	Zambia	AE.1	EPI_ISL_977416
28	Homo sapiens	2020-07-12	Zambia	AE.5	EPI_ISL_977418
29	Homo sapiens	2020-07-13	Zambia	AE.5	EPI_ISL_977419
29	Homo sapiens	2020-07-13	Zambia	AE.1	EPI_ISL_977420
13	Homo sapiens	2020-03-27	Zambia	B.6	EPI_ISL_977422
29	Homo sapiens	2020-07-17	Zambia	AE.5	EPI_ISL_977423
29	Homo sapiens	2020-07-17	Zambia	AE.5	EPI_ISL_977424
29	Homo sapiens	2020-07-17	Zambia	AE.5	EPI_ISL_977425
29	Homo sapiens	2020-07-17	Zambia	B.1.1.111	EPI_ISL_977426
29	Homo sapiens	2020-07-17	Zambia	B.1.84	EPI_ISL_977427
29	Homo sapiens	2020-07-19	Zambia	B.1.1.306	EPI_ISL_977428
29	Homo sapiens	2020-07-19	Zambia	AE.3	EPI_ISL_977429
29	Homo sapiens	2020-07-19	Zambia	AE.5	EPI_ISL_977430
31	Homo sapiens	2020-07-28	Zambia	B.1.1.306	EPI_ISL_977431
30	Homo sapiens	2020-07-21	Zambia	AE.5	EPI_ISL_977432
30	Homo sapiens	2020-07-21	Zambia	AE.5	EPI_ISL_977433
30	Homo sapiens	2020-07-21	Zambia	B.1.1.111	EPI_ISL_977434
30	Homo sapiens	2020-07-21	Zambia	AE.5	EPI_ISL_977435
30	Homo sapiens	2020-07-21	Zambia	AE.5	EPI_ISL_977436
30	Homo sapiens	2020-07-21	Zambia	AE.1	EPI_ISL_977437
30	Homo sapiens	2020-07-21	Zambia	AE.1	EPI_ISL_977438
30	Homo sapiens	2020-07-21	Zambia	B.1.1.111	EPI_ISL_977439
30	Homo sapiens	2020-07-21	Zambia	B.1.1.306	EPI_ISL_977440
31	Homo sapiens	2020-07-28	Zambia	AE.1	EPI_ISL_977441
31	Homo sapiens	2020-07-28	Zambia	AE.1	EPI_ISL_977442
31	Homo sapiens	2020-07-28	Zambia	AE.3	EPI_ISL_977443
31	Homo sapiens	2020-07-28	Zambia	B.1.84	EPI_ISL_977444
30	Homo sapiens	2020-07-21	Zambia	AE.1	EPI_ISL_977445
30	Homo sapiens	2020-07-21	Zambia	B.1.1.111	EPI_ISL_977446
30	Homo sapiens	2020-07-21	Zambia	B.1.1.111	EPI_ISL_977447
30	Homo sapiens	2020-07-21	Zambia	B.1.1.111	EPI_ISL_977448
30	Homo sapiens	2020-07-21	Zambia	B.1.1.111	EPI_ISL_977449
30	Homo sapiens	2020-07-21	Zambia	B.1.1.111	EPI_ISL_977450
31	Homo sapiens	2020-07-28	Zambia	B.1.1.111	EPI_ISL_977451
30	Homo sapiens	2020-07-21	Zambia	B.1.1.306	EPI_ISL_977452
30	Homo sapiens	2020-07-21	Zambia	B.1.1.306	EPI_ISL_977453
30	Homo sapiens	2020-07-21	Zambia	B.1.1.306	EPI_ISL_977454
30	Homo sapiens	2020-07-21	Zambia	AE.5	EPI_ISL_977455
30	Homo sapiens	2020-07-21	Zambia	AE.1	EPI_ISL_977456
30	Homo sapiens	2020-07-21	Zambia	AE.1	EPI_ISL_977457
31	Homo sapiens	2020-07-28	Zambia	B.1.36	EPI_ISL_977458
13	Homo sapiens	2020-03-28	Zambia	B.6	EPI_ISL_977459
32	Homo sapiens	2020-08-06	Zambia	AE.5	EPI_ISL_977460
32	Homo sapiens	2020-08-06	Zambia	AE.3	EPI_ISL_977461
32	Homo sapiens	2020-08-06	Zambia	AE.1	EPI_ISL_977462
32	Homo sapiens	2020-08-06	Zambia	AE.5	EPI_ISL_977463
32	Homo sapiens	2020-08-06	Zambia	B.1.1.111	EPI_ISL_977465
32	Homo sapiens	2020-08-05	Zambia	AE.5	EPI_ISL_977466
13	Homo sapiens	2020-03-28	Zambia	B.6	EPI_ISL_977467
56	Homo sapiens	2021-01-18	Zambia	C.16	EPI_ISL_977468
19	Homo sapiens	2020-05-06	Zambia	B.1	EPI_ISL_977469
12	Homo sapiens	2020-03-22	Zambia	B.6	EPI_ISL_977470
54	Homo sapiens	2021-01-04	Zambia	B.1.351	EPI_ISL_2625632
58	Homo sapiens	2021-02-03	Zambia	B.1.351	EPI_ISL_2638048
58	Homo sapiens	2021-02-03	Zambia	B.1.351	EPI_ISL_2678318
55	Homo sapiens	2021-01-14	Zambia	B.1.351	EPI_ISL_2678314
55	Homo sapiens	2021-01-14	Zambia	B.1.351	EPI_ISL_2678316
55	Homo sapiens	2021-01-11	Zambia	B.1.351	EPI_ISL_2678313
54	Homo sapiens	2021-01-09	Zambia	B.1.351	EPI_ISL_2678312
54	Homo sapiens	2021-01-08	Zambia	B.1.1.7	EPI_ISL_2678302
54	Homo sapiens	2021-01-08	Zambia	B.1.351	EPI_ISL_2678303
54	Homo sapiens	2021-01-08	Zambia	B.1.351	EPI_ISL_2678304
54	Homo sapiens	2021-01-08	Zambia	B.1.351	EPI_ISL_2678305
54	Homo sapiens	2021-01-08	Zambia	B.1.351	EPI_ISL_2678306
54	Homo sapiens	2021-01-07	Zambia	B.1.351	EPI_ISL_2678301
54	Homo sapiens	2021-01-06	Zambia	B.1.351	EPI_ISL_2678297
54	Homo sapiens	2021-01-06	Zambia	B.1.351	EPI_ISL_2678299
54	Homo sapiens	2021-01-05	Zambia	B.1.351	EPI_ISL_2678291
54	Homo sapiens	2021-01-04	Zambia	B.1.351	EPI_ISL_2678309
53	Homo sapiens	2020-12-30	Zambia	B.1.351	EPI_ISL_2678290
53	Homo sapiens	2020-12-28	Zambia	B.1.351	EPI_ISL_2678285
53	Homo sapiens	2020-12-28	Zambia	A	EPI_ISL_2678286
53	Homo sapiens	2020-12-28	Zambia	B.1.351	EPI_ISL_2678287
53	Homo sapiens	2020-12-28	Zambia	B.1.351	EPI_ISL_2678288
52	Homo sapiens	2020-12-23	Zambia	B.1.351	EPI_ISL_2678284
52	Homo sapiens	2020-12-21	Zambia	B.1.351	EPI_ISL_2678308
50	Homo sapiens	2020-12-09	Zambia	B.1.351	EPI_ISL_2678283
74	Homo sapiens	2021-05-29	Zambia	AY.116	EPI_ISL_2803741
74	Homo sapiens	2021-05-29	Zambia	B.1.617.2	EPI_ISL_2803742
74	Homo sapiens	2021-05-29	Zambia	B.1.617.2	EPI_ISL_2803743
74	Homo sapiens	2021-05-29	Zambia	AY.116	EPI_ISL_2803744
74	Homo sapiens	2021-05-27	Zambia	AY.116	EPI_ISL_2803671
74	Homo sapiens	2021-05-27	Zambia	B.1.617.2	EPI_ISL_2803672
74	Homo sapiens	2021-05-27	Zambia	B.1.617.2	EPI_ISL_2803673
74	Homo sapiens	2021-05-27	Zambia	B.1.617.2	EPI_ISL_2803674
74	Homo sapiens	2021-05-27	Zambia	AY.116	EPI_ISL_2803675
74	Homo sapiens	2021-05-27	Zambia	AY.116	EPI_ISL_2803676
74	Homo sapiens	2021-05-27	Zambia	B.1.617.2	EPI_ISL_2803678
74	Homo sapiens	2021-05-27	Zambia	B.1.617.2	EPI_ISL_2803679
74	Homo sapiens	2021-05-27	Zambia	B.1.617.2	EPI_ISL_2803680
74	Homo sapiens	2021-05-27	Zambia	B.1.617.2	EPI_ISL_2803681
74	Homo sapiens	2021-05-27	Zambia	AY.116	EPI_ISL_2803682
74	Homo sapiens	2021-05-27	Zambia	AY.116	EPI_ISL_2803684
74	Homo sapiens	2021-05-27	Zambia	B.1.617.2	EPI_ISL_2803685
74	Homo sapiens	2021-05-27	Zambia	AY.116	EPI_ISL_2803686
74	Homo sapiens	2021-05-27	Zambia	B.1.617.2	EPI_ISL_2803687
74	Homo sapiens	2021-05-27	Zambia	B.1.617.2	EPI_ISL_2803688
74	Homo sapiens	2021-05-27	Zambia	AY.116	EPI_ISL_2803689
74	Homo sapiens	2021-05-27	Zambia	AY.116	EPI_ISL_2803690
74	Homo sapiens	2021-05-27	Zambia	B.1.617.2	EPI_ISL_2803691
74	Homo sapiens	2021-05-27	Zambia	AY.116	EPI_ISL_2803692
74	Homo sapiens	2021-05-27	Zambia	AY.116	EPI_ISL_2803693
74	Homo sapiens	2021-05-27	Zambia	AY.116	EPI_ISL_2803694
74	Homo sapiens	2021-05-27	Zambia	AY.116	EPI_ISL_2803695
74	Homo sapiens	2021-05-27	Zambia	B.1.617.2	EPI_ISL_2803696
74	Homo sapiens	2021-05-27	Zambia	AY.116	EPI_ISL_2803697
74	Homo sapiens	2021-05-27	Zambia	AY.116	EPI_ISL_2803698
74	Homo sapiens	2021-05-27	Zambia	AY.116	EPI_ISL_2803699
74	Homo sapiens	2021-05-27	Zambia	AY.116	EPI_ISL_2803700
74	Homo sapiens	2021-05-27	Zambia	AY.116	EPI_ISL_2803701
74	Homo sapiens	2021-05-27	Zambia	AY.116	EPI_ISL_2803702
74	Homo sapiens	2021-05-27	Zambia	AY.116	EPI_ISL_2803703
74	Homo sapiens	2021-05-27	Zambia	AY.116	EPI_ISL_2803704
74	Homo sapiens	2021-05-27	Zambia	AY.116	EPI_ISL_2803705
74	Homo sapiens	2021-05-27	Zambia	AY.116	EPI_ISL_2803706
74	Homo sapiens	2021-05-27	Zambia	AY.116	EPI_ISL_2803707
74	Homo sapiens	2021-05-27	Zambia	AY.116	EPI_ISL_2803708
74	Homo sapiens	2021-05-27	Zambia	B.1.617.2	EPI_ISL_2803709
74	Homo sapiens	2021-05-27	Zambia	B.1.617.2	EPI_ISL_2803710
74	Homo sapiens	2021-05-27	Zambia	AY.116	EPI_ISL_2803711
74	Homo sapiens	2021-05-27	Zambia	AY.116	EPI_ISL_2803712
74	Homo sapiens	2021-05-27	Zambia	AY.116	EPI_ISL_2803713
74	Homo sapiens	2021-05-27	Zambia	AY.116	EPI_ISL_2803714
74	Homo sapiens	2021-05-27	Zambia	AY.116	EPI_ISL_2803715
74	Homo sapiens	2021-05-27	Zambia	AY.116	EPI_ISL_2803716
74	Homo sapiens	2021-05-27	Zambia	AY.116	EPI_ISL_2803717
74	Homo sapiens	2021-05-27	Zambia	AY.116	EPI_ISL_2803718
74	Homo sapiens	2021-05-27	Zambia	B.1.617.2	EPI_ISL_2803719
74	Homo sapiens	2021-05-27	Zambia	AY.116	EPI_ISL_2803720
74	Homo sapiens	2021-05-27	Zambia	AY.116	EPI_ISL_2803721
74	Homo sapiens	2021-05-27	Zambia	AY.116	EPI_ISL_2803722
74	Homo sapiens	2021-05-27	Zambia	AY.116	EPI_ISL_2803723
74	Homo sapiens	2021-05-27	Zambia	AY.116	EPI_ISL_2803725
74	Homo sapiens	2021-05-27	Zambia	B.1.617.2	EPI_ISL_2803726
74	Homo sapiens	2021-05-27	Zambia	AY.116	EPI_ISL_2803727
74	Homo sapiens	2021-05-27	Zambia	B.1.617.2	EPI_ISL_2803728
74	Homo sapiens	2021-05-27	Zambia	AY.116	EPI_ISL_2803729
74	Homo sapiens	2021-05-27	Zambia	B.1.617.2	EPI_ISL_2803730
74	Homo sapiens	2021-05-27	Zambia	AY.116	EPI_ISL_2803731
74	Homo sapiens	2021-05-27	Zambia	AY.116	EPI_ISL_2803732
74	Homo sapiens	2021-05-27	Zambia	AY.116	EPI_ISL_2803733
74	Homo sapiens	2021-05-27	Zambia	AY.116	EPI_ISL_2803734
74	Homo sapiens	2021-05-27	Zambia	AY.116	EPI_ISL_2803735
74	Homo sapiens	2021-05-27	Zambia	AY.116	EPI_ISL_2803736
74	Homo sapiens	2021-05-27	Zambia	AY.116	EPI_ISL_2803738
74	Homo sapiens	2021-05-27	Zambia	B.1.617.2	EPI_ISL_2803739
74	Homo sapiens	2021-05-27	Zambia	AY.116	EPI_ISL_2803740
74	Homo sapiens	2021-05-26	Zambia	B.1.617.2	EPI_ISL_2803670
74	Homo sapiens	2021-05-25	Zambia	B.1.617.2	EPI_ISL_2803666
74	Homo sapiens	2021-05-25	Zambia	AY.116	EPI_ISL_2803668
74	Homo sapiens	2021-05-25	Zambia	B.1.617.2	EPI_ISL_2803669
74	Homo sapiens	2021-05-24	Zambia	AY.116	EPI_ISL_2803661
74	Homo sapiens	2021-05-24	Zambia	AY.116	EPI_ISL_2803662
74	Homo sapiens	2021-05-24	Zambia	AY.116	EPI_ISL_2803663
74	Homo sapiens	2021-05-24	Zambia	B.1.617.2	EPI_ISL_2803665
61	Homo sapiens	2021-02-28	Zambia	B.1.351	EPI_ISL_2803607
61	Homo sapiens	2021-02-24	Zambia	B.1.351	EPI_ISL_2803360
61	Homo sapiens	2021-02-24	Zambia	B.1.351	EPI_ISL_2803587
61	Homo sapiens	2021-02-23	Zambia	B.1.351	EPI_ISL_2803657
60	Homo sapiens	2021-02-15	Zambia	B.1.351	EPI_ISL_2803616
60	Homo sapiens	2021-02-15	Zambia	B.1.351	EPI_ISL_2803350
60	Homo sapiens	2021-02-15	Zambia	B.1.351	EPI_ISL_2803454
59	Homo sapiens	2021-02-13	Zambia	B.1.351	EPI_ISL_2803348
59	Homo sapiens	2021-02-13	Zambia	B.1.351	EPI_ISL_2803359
59	Homo sapiens	2021-02-11	Zambia	B.1.351	EPI_ISL_2803599
59	Homo sapiens	2021-02-11	Zambia	B.1.351	EPI_ISL_2803600
59	Homo sapiens	2021-02-11	Zambia	B.1.351	EPI_ISL_2803601
59	Homo sapiens	2021-02-11	Zambia	B.1.351	EPI_ISL_2803602
59	Homo sapiens	2021-02-11	Zambia	B.1.351	EPI_ISL_2803604
59	Homo sapiens	2021-02-11	Zambia	B.1.351	EPI_ISL_2803605
59	Homo sapiens	2021-02-10	Zambia	B.1.351	EPI_ISL_2803595
59	Homo sapiens	2021-02-10	Zambia	B.1.351	EPI_ISL_2803596
59	Homo sapiens	2021-02-10	Zambia	B.1.351	EPI_ISL_2803598
59	Homo sapiens	2021-02-10	Zambia	B.1.351	EPI_ISL_2803570
59	Homo sapiens	2021-02-10	Zambia	B.1.351	EPI_ISL_2803574
59	Homo sapiens	2021-02-10	Zambia	B.1.351	EPI_ISL_2803608
59	Homo sapiens	2021-02-09	Zambia	A.23.1	EPI_ISL_2803585
58	Homo sapiens	2021-02-07	Zambia	B.1.351	EPI_ISL_2803573
58	Homo sapiens	2021-02-07	Zambia	B.1.351	EPI_ISL_2803575
58	Homo sapiens	2021-02-07	Zambia	B.1.351	EPI_ISL_2803576
58	Homo sapiens	2021-02-05	Zambia	B.1.351	EPI_ISL_2803577
58	Homo sapiens	2021-02-04	Zambia	B.1.351	EPI_ISL_2803609
58	Homo sapiens	2021-02-01	Zambia	B.1.351	EPI_ISL_2803563
58	Homo sapiens	2021-02-01	Zambia	B.1.351	EPI_ISL_2803564
58	Homo sapiens	2021-02-01	Zambia	B.1.351	EPI_ISL_2803565
57	Homo sapiens	2021-01-30	Zambia	B.1.351	EPI_ISL_2803591
57	Homo sapiens	2021-01-30	Zambia	B.1.351	EPI_ISL_2803593
57	Homo sapiens	2021-01-29	Zambia	B.1.351	EPI_ISL_2803592
57	Homo sapiens	2021-01-28	Zambia	A.23.1	EPI_ISL_2803588
57	Homo sapiens	2021-01-27	Zambia	B.1.351	EPI_ISL_2803514
57	Homo sapiens	2021-01-27	Zambia	B.1.351	EPI_ISL_2803515
57	Homo sapiens	2021-01-27	Zambia	B.1.351	EPI_ISL_2803516
57	Homo sapiens	2021-01-27	Zambia	B.1.351	EPI_ISL_2803517
57	Homo sapiens	2021-01-27	Zambia	B.1.351	EPI_ISL_2803518
57	Homo sapiens	2021-01-27	Zambia	B.1.351	EPI_ISL_2803519
57	Homo sapiens	2021-01-27	Zambia	B.1.351	EPI_ISL_2803520
57	Homo sapiens	2021-01-27	Zambia	B.1.351	EPI_ISL_2803521
57	Homo sapiens	2021-01-27	Zambia	B.1.351	EPI_ISL_2803522
57	Homo sapiens	2021-01-27	Zambia	B.1.351	EPI_ISL_2803523
57	Homo sapiens	2021-01-27	Zambia	B.1.351	EPI_ISL_2803524
56	Homo sapiens	2021-01-24	Zambia	B.1.351	EPI_ISL_2803581
56	Homo sapiens	2021-01-24	Zambia	B.1.351	EPI_ISL_2803583
56	Homo sapiens	2021-01-24	Zambia	A.23.1	EPI_ISL_2803586
53	Homo sapiens	2021-01-03	Zambia	B.1.351	EPI_ISL_2803566
41	Homo sapiens	2020-10-08	Zambia	AE.1	EPI_ISL_2803610
41	Homo sapiens	2020-10-05	Zambia	B.1.1.306	EPI_ISL_2803531
35	Homo sapiens	2020-08-29	Zambia	AE.5	EPI_ISL_2803439
35	Homo sapiens	2020-08-28	Zambia	B.1.1.111	EPI_ISL_2803614
35	Homo sapiens	2020-08-28	Zambia	AE.5	EPI_ISL_2803529
35	Homo sapiens	2020-08-28	Zambia	B.1.1.111	EPI_ISL_2803615
35	Homo sapiens	2020-08-28	Zambia	B.1.1.306	EPI_ISL_2803346
35	Homo sapiens	2020-08-28	Zambia	B.1.1.306	EPI_ISL_2803580
35	Homo sapiens	2020-08-28	Zambia	AE.5	EPI_ISL_2803525
34	Homo sapiens	2020-08-22	Zambia	AE.5	EPI_ISL_2803431
34	Homo sapiens	2020-08-22	Zambia	AE.1	EPI_ISL_2803432
34	Homo sapiens	2020-08-22	Zambia	B.1.1.254	EPI_ISL_2803433
34	Homo sapiens	2020-08-22	Zambia	B.1.1.111	EPI_ISL_2803511
34	Homo sapiens	2020-08-22	Zambia	B.1.1.111	EPI_ISL_2803512
34	Homo sapiens	2020-08-22	Zambia	B.1.1.111	EPI_ISL_2803513
34	Homo sapiens	2020-08-19	Zambia	B.1.1.306	EPI_ISL_2803527
33	Homo sapiens	2020-08-16	Zambia	AE.1	EPI_ISL_2803491
33	Homo sapiens	2020-08-16	Zambia	AE.1	EPI_ISL_2803371
33	Homo sapiens	2020-08-16	Zambia	B.1.1.111	EPI_ISL_2803372
33	Homo sapiens	2020-08-15	Zambia	B.1.1.306	EPI_ISL_2803373
33	Homo sapiens	2020-08-15	Zambia	B.1.1.306	EPI_ISL_2803499
33	Homo sapiens	2020-08-14	Zambia	AE.1	EPI_ISL_2803530
33	Homo sapiens	2020-08-13	Zambia	B.1.1.306	EPI_ISL_2803562
33	Homo sapiens	2020-08-13	Zambia	AE.1	EPI_ISL_2803440
33	Homo sapiens	2020-08-12	Zambia	AE.3	EPI_ISL_2803619
33	Homo sapiens	2020-08-12	Zambia	AE.3	EPI_ISL_2803620
33	Homo sapiens	2020-08-11	Zambia	AE.1	EPI_ISL_2803423
33	Homo sapiens	2020-08-11	Zambia	AE.1	EPI_ISL_2803560
32	Homo sapiens	2020-08-09	Zambia	B.1.1.111	EPI_ISL_2803345
32	Homo sapiens	2020-08-09	Zambia	AE.5	EPI_ISL_2803649
32	Homo sapiens	2020-08-07	Zambia	B.1.1.306	EPI_ISL_2803492
31	Homo sapiens	2020-08-01	Zambia	AE.1	EPI_ISL_2803618
31	Homo sapiens	2020-07-29	Zambia	B.1.1.111	EPI_ISL_2803326
31	Homo sapiens	2020-07-29	Zambia	B.1.1.306	EPI_ISL_2803330
31	Homo sapiens	2020-07-29	Zambia	B.1.1.111	EPI_ISL_2803319
31	Homo sapiens	2020-07-29	Zambia	AE.5	EPI_ISL_2803495
31	Homo sapiens	2020-07-27	Zambia	AE.3	EPI_ISL_2803537
31	Homo sapiens	2020-07-27	Zambia	AE.1	EPI_ISL_2803538
31	Homo sapiens	2020-07-27	Zambia	AE.5	EPI_ISL_2803612
31	Homo sapiens	2020-07-27	Zambia	B.1.1.111	EPI_ISL_2803393
31	Homo sapiens	2020-07-27	Zambia	AE.3	EPI_ISL_2803539
31	Homo sapiens	2020-07-27	Zambia	AE.1	EPI_ISL_2803543
31	Homo sapiens	2020-07-27	Zambia	AE.1	EPI_ISL_2803394
31	Homo sapiens	2020-07-27	Zambia	B.1.1.111	EPI_ISL_2803395
31	Homo sapiens	2020-07-27	Zambia	B.1.1.111	EPI_ISL_2803542
31	Homo sapiens	2020-07-27	Zambia	AE.3	EPI_ISL_2803532
31	Homo sapiens	2020-07-27	Zambia	AE.3	EPI_ISL_2803544
31	Homo sapiens	2020-07-27	Zambia	AE.1	EPI_ISL_2803545
31	Homo sapiens	2020-07-27	Zambia	AE.1	EPI_ISL_2803547
31	Homo sapiens	2020-07-27	Zambia	AE.5	EPI_ISL_2803548
31	Homo sapiens	2020-07-27	Zambia	AE.1	EPI_ISL_2803549
31	Homo sapiens	2020-07-27	Zambia	AE.5	EPI_ISL_2803613
31	Homo sapiens	2020-07-27	Zambia	AE.5	EPI_ISL_2803399
31	Homo sapiens	2020-07-27	Zambia	AE.5	EPI_ISL_2803400
31	Homo sapiens	2020-07-27	Zambia	AE.5	EPI_ISL_2803397
31	Homo sapiens	2020-07-27	Zambia	B.1.1.111	EPI_ISL_2803331
31	Homo sapiens	2020-07-27	Zambia	B.1.1.306	EPI_ISL_2803332
31	Homo sapiens	2020-07-27	Zambia	AE.5	EPI_ISL_2803342
31	Homo sapiens	2020-07-27	Zambia	B.1.1.306	EPI_ISL_2803343
31	Homo sapiens	2020-07-27	Zambia	AE.1	EPI_ISL_2803344
30	Homo sapiens	2020-07-24	Zambia	B.1.1.111	EPI_ISL_2803376
30	Homo sapiens	2020-07-24	Zambia	AE.5	EPI_ISL_2803335
30	Homo sapiens	2020-07-21	Zambia	B.1.84	EPI_ISL_2803380
29	Homo sapiens	2020-07-17	Zambia	AE.3	EPI_ISL_2803438
28	Homo sapiens	2020-07-06	Zambia	B.1.1.111	EPI_ISL_2803624
28	Homo sapiens	2020-07-06	Zambia	AE.3	EPI_ISL_2803625
28	Homo sapiens	2020-07-06	Zambia	C.1	EPI_ISL_2803369
26	Homo sapiens	2020-06-28	Zambia	B.1.1.111	EPI_ISL_2803366
25	Homo sapiens	2020-06-19	Zambia	B.1.1.99	EPI_ISL_2803447
25	Homo sapiens	2020-06-19	Zambia	B.1.1.99	EPI_ISL_2803446
24	Homo sapiens	2020-06-08	Zambia	B.1.1.111	EPI_ISL_2803535
24	Homo sapiens	2020-06-08	Zambia	AE.1	EPI_ISL_2803536
19	Homo sapiens	2020-05-08	Zambia	B.1.1.111	EPI_ISL_2803558
19	Homo sapiens	2020-05-08	Zambia	AE.1	EPI_ISL_2803559
14	Homo sapiens	2020-04-01	Zambia	B.6	EPI_ISL_2803449
13	Homo sapiens	2020-03-26	Zambia	B.6	EPI_ISL_2803448
13	Homo sapiens	2020-03-23	Zambia	B.1.1	EPI_ISL_2803647
88	Homo sapiens	2021-09-02	Zambia	AY.116	EPI_ISL_4513781
88	Homo sapiens	2021-09-02	Zambia	AY.116	EPI_ISL_4513783
88	Homo sapiens	2021-09-02	Zambia	AY.116	EPI_ISL_4513785
88	Homo sapiens	2021-08-31	Zambia	AY.116	EPI_ISL_4513780
87	Homo sapiens	2021-08-25	Zambia	AY.116	EPI_ISL_4513762
87	Homo sapiens	2021-08-25	Zambia	B.1.617.2	EPI_ISL_4513764
87	Homo sapiens	2021-08-25	Zambia	AY.116	EPI_ISL_4513765
87	Homo sapiens	2021-08-25	Zambia	B.1.617.2	EPI_ISL_4513767
87	Homo sapiens	2021-08-25	Zambia	AY.116	EPI_ISL_4513770
87	Homo sapiens	2021-08-25	Zambia	AY.116	EPI_ISL_4513772
87	Homo sapiens	2021-08-25	Zambia	AY.116	EPI_ISL_4513773
87	Homo sapiens	2021-08-25	Zambia	AY.116	EPI_ISL_4513774
87	Homo sapiens	2021-08-25	Zambia	AY.116	EPI_ISL_4513776
87	Homo sapiens	2021-08-25	Zambia	AY.116	EPI_ISL_4513778
87	Homo sapiens	2021-08-25	Zambia	AY.116	EPI_ISL_4513779
87	Homo sapiens	2021-08-24	Zambia	AY.116	EPI_ISL_4513756
87	Homo sapiens	2021-08-23	Zambia	AY.116	EPI_ISL_4513755
86	Homo sapiens	2021-08-18	Zambia	AY.116	EPI_ISL_4513786
84	Homo sapiens	2021-08-06	Zambia	AY.116	EPI_ISL_4513726
84	Homo sapiens	2021-08-03	Zambia	AY.116	EPI_ISL_4513738
84	Homo sapiens	2021-08-03	Zambia	AY.116	EPI_ISL_4513739
84	Homo sapiens	2021-08-03	Zambia	AY.116	EPI_ISL_4513740
84	Homo sapiens	2021-08-03	Zambia	AY.116	EPI_ISL_4513741
83	Homo sapiens	2021-07-30	Zambia	AY.116	EPI_ISL_4513719
83	Homo sapiens	2021-07-30	Zambia	AY.112	EPI_ISL_4513720
83	Homo sapiens	2021-07-30	Zambia	AY.116	EPI_ISL_4513721
83	Homo sapiens	2021-07-30	Zambia	AY.116	EPI_ISL_4513722
83	Homo sapiens	2021-07-30	Zambia	AY.116	EPI_ISL_4513723
83	Homo sapiens	2021-07-30	Zambia	B.1.617.2	EPI_ISL_4513724
83	Homo sapiens	2021-07-30	Zambia	AY.116	EPI_ISL_4513725
82	Homo sapiens	2021-07-25	Zambia	AY.116	EPI_ISL_4513706
82	Homo sapiens	2021-07-25	Zambia	AY.116	EPI_ISL_4513707
82	Homo sapiens	2021-07-24	Zambia	AY.116	EPI_ISL_4513705
82	Homo sapiens	2021-07-22	Zambia	AY.116	EPI_ISL_4513718
82	Homo sapiens	2021-07-21	Zambia	AY.116	EPI_ISL_4513711
82	Homo sapiens	2021-07-21	Zambia	AY.116	EPI_ISL_4513715
82	Homo sapiens	2021-07-21	Zambia	AY.116	EPI_ISL_4513716
82	Homo sapiens	2021-07-21	Zambia	AY.116	EPI_ISL_4513708
82	Homo sapiens	2021-07-21	Zambia	AY.116	EPI_ISL_4513709
81	Homo sapiens	2021-07-16	Zambia	AY.116	EPI_ISL_4513688
81	Homo sapiens	2021-07-16	Zambia	AY.116	EPI_ISL_4513691
81	Homo sapiens	2021-07-16	Zambia	AY.116	EPI_ISL_4513692
81	Homo sapiens	2021-07-16	Zambia	AY.116	EPI_ISL_4513695
81	Homo sapiens	2021-07-16	Zambia	AY.116	EPI_ISL_4513687
81	Homo sapiens	2021-07-16	Zambia	AY.116	EPI_ISL_4513697
81	Homo sapiens	2021-07-16	Zambia	AY.116	EPI_ISL_4513698
81	Homo sapiens	2021-07-16	Zambia	AY.116	EPI_ISL_4513699
81	Homo sapiens	2021-07-16	Zambia	AY.116	EPI_ISL_4513702
81	Homo sapiens	2021-07-16	Zambia	AY.116	EPI_ISL_4513703
81	Homo sapiens	2021-07-14	Zambia	AY.45	EPI_ISL_4513731
81	Homo sapiens	2021-07-14	Zambia	AY.116	EPI_ISL_4513732
81	Homo sapiens	2021-07-14	Zambia	AY.116	EPI_ISL_4513701
81	Homo sapiens	2021-07-13	Zambia	AY.116	EPI_ISL_4513736
81	Homo sapiens	2021-07-13	Zambia	AY.116	EPI_ISL_4513737
81	Homo sapiens	2021-07-13	Zambia	AY.116	EPI_ISL_4513700
81	Homo sapiens	2021-07-12	Zambia	AY.116	EPI_ISL_4513733
81	Homo sapiens	2021-07-12	Zambia	AY.116	EPI_ISL_4513734
81	Homo sapiens	2021-07-12	Zambia	AY.116	EPI_ISL_4513735
80	Homo sapiens	2021-07-09	Zambia	AY.116	EPI_ISL_4513681
80	Homo sapiens	2021-07-09	Zambia	AY.116	EPI_ISL_4513682
80	Homo sapiens	2021-07-09	Zambia	AY.116	EPI_ISL_4513704
80	Homo sapiens	2021-07-08	Zambia	AY.116	EPI_ISL_4513678
80	Homo sapiens	2021-07-08	Zambia	AY.116	EPI_ISL_4513729
80	Homo sapiens	2021-07-08	Zambia	AY.116	EPI_ISL_4513730
80	Homo sapiens	2021-07-07	Zambia	AY.116	EPI_ISL_4513672
80	Homo sapiens	2021-07-07	Zambia	AY.116	EPI_ISL_4513673
80	Homo sapiens	2021-07-07	Zambia	AY.116	EPI_ISL_4513676
80	Homo sapiens	2021-07-07	Zambia	AY.116	EPI_ISL_4513664
80	Homo sapiens	2021-07-07	Zambia	AY.116	EPI_ISL_4513665
80	Homo sapiens	2021-07-07	Zambia	AY.116	EPI_ISL_4513666
80	Homo sapiens	2021-07-07	Zambia	B.1.617.2	EPI_ISL_4513667
80	Homo sapiens	2021-07-07	Zambia	AY.116	EPI_ISL_4513668
80	Homo sapiens	2021-07-07	Zambia	AY.116	EPI_ISL_4513669
80	Homo sapiens	2021-07-07	Zambia	AY.116	EPI_ISL_4513670
80	Homo sapiens	2021-07-07	Zambia	AY.116	EPI_ISL_4513671
80	Homo sapiens	2021-07-07	Zambia	AY.116	EPI_ISL_4513674
80	Homo sapiens	2021-07-07	Zambia	AY.116	EPI_ISL_4513675
80	Homo sapiens	2021-07-06	Zambia	AY.116	EPI_ISL_4513663
80	Homo sapiens	2021-07-05	Zambia	AY.116	EPI_ISL_4513640
80	Homo sapiens	2021-07-05	Zambia	AY.116	EPI_ISL_4513641
80	Homo sapiens	2021-07-05	Zambia	AY.116	EPI_ISL_4513642
80	Homo sapiens	2021-07-05	Zambia	AY.116	EPI_ISL_4513643
80	Homo sapiens	2021-07-05	Zambia	AY.116	EPI_ISL_4513644
80	Homo sapiens	2021-07-05	Zambia	AY.116	EPI_ISL_4513645
80	Homo sapiens	2021-07-05	Zambia	AY.116	EPI_ISL_4513646
80	Homo sapiens	2021-07-05	Zambia	AY.116	EPI_ISL_4513647
80	Homo sapiens	2021-07-05	Zambia	AY.116	EPI_ISL_4513648
80	Homo sapiens	2021-07-05	Zambia	AY.116	EPI_ISL_4513650
80	Homo sapiens	2021-07-05	Zambia	AY.116	EPI_ISL_4513651
80	Homo sapiens	2021-07-05	Zambia	AY.116	EPI_ISL_4513652
80	Homo sapiens	2021-07-05	Zambia	AY.116	EPI_ISL_4513653
80	Homo sapiens	2021-07-05	Zambia	AY.116	EPI_ISL_4513654
80	Homo sapiens	2021-07-05	Zambia	AY.116	EPI_ISL_4513655
80	Homo sapiens	2021-07-05	Zambia	AY.116	EPI_ISL_4513656
80	Homo sapiens	2021-07-05	Zambia	AY.116	EPI_ISL_4513657
80	Homo sapiens	2021-07-05	Zambia	AY.116	EPI_ISL_4513658
80	Homo sapiens	2021-07-05	Zambia	AY.116	EPI_ISL_4513659
80	Homo sapiens	2021-07-05	Zambia	AY.116	EPI_ISL_4513660
79	Homo sapiens	2021-07-04	Zambia	AY.116	EPI_ISL_4513623
79	Homo sapiens	2021-07-04	Zambia	AY.116	EPI_ISL_4513626
79	Homo sapiens	2021-07-04	Zambia	AY.116	EPI_ISL_4513628
79	Homo sapiens	2021-07-04	Zambia	AY.116	EPI_ISL_4513629
79	Homo sapiens	2021-07-04	Zambia	AY.91	EPI_ISL_4513630
79	Homo sapiens	2021-07-01	Zambia	AY.116	EPI_ISL_4513639
79	Homo sapiens	2021-06-30	Zambia	AY.116	EPI_ISL_4513631
79	Homo sapiens	2021-06-30	Zambia	AY.116	EPI_ISL_4513632
79	Homo sapiens	2021-06-30	Zambia	AY.116	EPI_ISL_4513635
79	Homo sapiens	2021-06-30	Zambia	AY.116	EPI_ISL_4513636
79	Homo sapiens	2021-06-30	Zambia	AY.116	EPI_ISL_4513637
79	Homo sapiens	2021-06-30	Zambia	AY.116	EPI_ISL_4513638
76	Homo sapiens	2021-06-08	Zambia	AY.116	EPI_ISL_4513540
76	Homo sapiens	2021-06-08	Zambia	AY.116	EPI_ISL_4513544
76	Homo sapiens	2021-06-08	Zambia	AY.116	EPI_ISL_4513679
76	Homo sapiens	2021-06-07	Zambia	AY.116	EPI_ISL_4513539
75	Homo sapiens	2021-06-06	Zambia	AY.116	EPI_ISL_4513543
75	Homo sapiens	2021-06-05	Zambia	B.1.617.2	EPI_ISL_4513529
75	Homo sapiens	2021-06-05	Zambia	AY.116	EPI_ISL_4513530
75	Homo sapiens	2021-06-05	Zambia	AY.116	EPI_ISL_4513531
75	Homo sapiens	2021-06-05	Zambia	AY.116	EPI_ISL_4513532
75	Homo sapiens	2021-06-05	Zambia	AY.116	EPI_ISL_4513533
75	Homo sapiens	2021-06-05	Zambia	AY.116	EPI_ISL_4513534
75	Homo sapiens	2021-06-05	Zambia	AY.116	EPI_ISL_4513535
75	Homo sapiens	2021-06-05	Zambia	AY.116	EPI_ISL_4513536
75	Homo sapiens	2021-06-05	Zambia	AY.116	EPI_ISL_4513537
75	Homo sapiens	2021-06-05	Zambia	AY.116	EPI_ISL_4513538
75	Homo sapiens	2021-06-04	Zambia	AY.116	EPI_ISL_4513541
75	Homo sapiens	2021-06-03	Zambia	AY.116	EPI_ISL_4513555
75	Homo sapiens	2021-06-03	Zambia	AY.116	EPI_ISL_4513546
75	Homo sapiens	2021-06-03	Zambia	AY.116	EPI_ISL_4513547
75	Homo sapiens	2021-06-03	Zambia	AY.116	EPI_ISL_4513548
75	Homo sapiens	2021-06-03	Zambia	AY.116	EPI_ISL_4513549
75	Homo sapiens	2021-06-03	Zambia	AY.116	EPI_ISL_4513551
75	Homo sapiens	2021-06-03	Zambia	AY.116	EPI_ISL_4513552
64	Homo sapiens	2021-03-19	Zambia	B.1.351	EPI_ISL_4513684
63	Homo sapiens	2021-03-09	Zambia	B.1.351	EPI_ISL_4513686
60	Homo sapiens	2021-02-18	Zambia	B.1.351	EPI_ISL_4513685
60	Homo sapiens	2021-02-16	Zambia	B.1.351	EPI_ISL_4513517
59	Homo sapiens	2021-02-13	Zambia	B.1.351	EPI_ISL_4513512
29	Homo sapiens	2020-07-14	Zambia	AE.3	EPI_ISL_4513519
28	Homo sapiens	2020-07-12	Zambia	AE.3	EPI_ISL_4513520
23	Homo sapiens	2020-06-06	Zambia	B.1.1.111	EPI_ISL_4513524
23	Homo sapiens	2020-06-03	Zambia	B.1.1.111	EPI_ISL_4513523
15	Homo sapiens	2020-04-11	Zambia	A	EPI_ISL_4513522
58	Homo sapiens	2021-02-04	Zambia	B.1.351	EPI_ISL_6182094
55	Homo sapiens	2021-01-15	Zambia	B.1.351	EPI_ISL_6182093
55	Homo sapiens	2021-01-14	Zambia	B.1.351	EPI_ISL_6182091
55	Homo sapiens	2021-01-14	Zambia	B.1.351	EPI_ISL_6182092
55	Homo sapiens	2021-01-13	Zambia	B.1.351	EPI_ISL_6182088
55	Homo sapiens	2021-01-13	Zambia	B.1.351	EPI_ISL_6182089
55	Homo sapiens	2021-01-13	Zambia	B.1.351	EPI_ISL_6182090
77	Homo sapiens	2021-06-15	Zambia	AY.116	EPI_ISL_6776311
77	Homo sapiens	2021-06-15	Zambia	B.1.617.2	EPI_ISL_6776312
77	Homo sapiens	2021-06-15	Zambia	B.1.617.2	EPI_ISL_6776317
77	Homo sapiens	2021-06-14	Zambia	AY.116	EPI_ISL_6776310
77	Homo sapiens	2021-06-14	Zambia	AY.116	EPI_ISL_6795157
77	Homo sapiens	2021-06-14	Zambia	AY.116	EPI_ISL_6814838
77	Homo sapiens	2021-06-14	Zambia	AY.116	EPI_ISL_6814842
76	Homo sapiens	2021-06-13	Zambia	AY.116	EPI_ISL_6832241
76	Homo sapiens	2021-06-13	Zambia	AY.116	EPI_ISL_6832176
76	Homo sapiens	2021-06-13	Zambia	AY.116	EPI_ISL_6832189
76	Homo sapiens	2021-06-12	Zambia	AY.116	EPI_ISL_6831768
76	Homo sapiens	2021-06-12	Zambia	AY.116	EPI_ISL_6831771
76	Homo sapiens	2021-06-12	Zambia	AY.116	EPI_ISL_6831822
76	Homo sapiens	2021-06-09	Zambia	AY.116	EPI_ISL_6795155
76	Homo sapiens	2021-06-09	Zambia	AY.116	EPI_ISL_6838050
76	Homo sapiens	2021-06-08	Zambia	AY.116	EPI_ISL_6814833
76	Homo sapiens	2021-06-08	Zambia	AY.116	EPI_ISL_6795152
75	Homo sapiens	2021-06-05	Zambia	AY.116	EPI_ISL_6831763
75	Homo sapiens	2021-06-04	Zambia	AY.116	EPI_ISL_6831758
75	Homo sapiens	2021-06-02	Zambia	AY.116	EPI_ISL_6775945
75	Homo sapiens	2021-06-02	Zambia	AY.116	EPI_ISL_6814828
75	Homo sapiens	2021-05-31	Zambia	AY.116	EPI_ISL_6775941
75	Homo sapiens	2021-05-31	Zambia	B.1.617.2	EPI_ISL_6795082
75	Homo sapiens	2021-05-31	Zambia	AY.116	EPI_ISL_6814827
73	Homo sapiens	2021-05-23	Zambia	AY.116	EPI_ISL_6837264
68	Homo sapiens	2021-04-14	Zambia	AE.1	EPI_ISL_6814822
66	Homo sapiens	2021-03-31	Zambia	B.1.351	EPI_ISL_6776308
66	Homo sapiens	2021-03-29	Zambia	B.1.351	EPI_ISL_6814818
65	Homo sapiens	2021-03-26	Zambia	B.1.351	EPI_ISL_6831755
65	Homo sapiens	2021-03-26	Zambia	B.1.351	EPI_ISL_6831545
65	Homo sapiens	2021-03-26	Zambia	AY.116	EPI_ISL_6831757
64	Homo sapiens	2021-03-19	Zambia	B.1.351	EPI_ISL_6831171
63	Homo sapiens	2021-03-12	Zambia	B.1.351	EPI_ISL_6830399
63	Homo sapiens	2021-03-09	Zambia	B.1.351	EPI_ISL_6775637
61	Homo sapiens	2021-02-23	Zambia	B.1.351	EPI_ISL_6814817
61	Homo sapiens	2021-02-23	Zambia	B.1.351	EPI_ISL_6795029
61	Homo sapiens	2021-02-22	Zambia	B.1.351	EPI_ISL_6795034
60	Homo sapiens	2021-02-21	Zambia	B.1.351	EPI_ISL_6775184
60	Homo sapiens	2021-02-20	Zambia	B.1.351	EPI_ISL_6829632
60	Homo sapiens	2021-02-19	Zambia	B.1.351	EPI_ISL_6794948
60	Homo sapiens	2021-02-18	Zambia	B.1.351	EPI_ISL_6794911
60	Homo sapiens	2021-02-16	Zambia	B.1.351	EPI_ISL_6774098
60	Homo sapiens	2021-02-16	Zambia	B.1.351	EPI_ISL_6832993
60	Homo sapiens	2021-02-15	Zambia	B.1.351	EPI_ISL_6774460
59	Homo sapiens	2021-02-13	Zambia	B.1.351	EPI_ISL_6829629
59	Homo sapiens	2021-02-10	Zambia	B.1.351	EPI_ISL_6814786
59	Homo sapiens	2021-02-09	Zambia	B.1.351	EPI_ISL_6832992
58	Homo sapiens	2021-02-07	Zambia	B.1.351	EPI_ISL_6774094
58	Homo sapiens	2021-02-06	Zambia	B.1.351	EPI_ISL_6795418
58	Homo sapiens	2021-02-04	Zambia	B.1.351	EPI_ISL_6795415
58	Homo sapiens	2021-02-03	Zambia	B.1.1.306	EPI_ISL_6773898
58	Homo sapiens	2021-02-02	Zambia	B.1.351	EPI_ISL_6777155
58	Homo sapiens	2021-02-01	Zambia	B.1.351	EPI_ISL_6777153
57	Homo sapiens	2021-01-27	Zambia	B.1.351	EPI_ISL_6795410
57	Homo sapiens	2021-01-26	Zambia	C.16	EPI_ISL_6832989
57	Homo sapiens	2021-01-25	Zambia	B.1.351	EPI_ISL_6777073
56	Homo sapiens	2021-01-24	Zambia	B.1.351	EPI_ISL_6829580
56	Homo sapiens	2021-01-23	Zambia	B.1.351	EPI_ISL_6814914
56	Homo sapiens	2021-01-23	Zambia	B.1.351	EPI_ISL_6814915
56	Homo sapiens	2021-01-23	Zambia	B.1.351	EPI_ISL_6814919
55	Homo sapiens	2021-01-16	Zambia	B.1.351	EPI_ISL_6814843
55	Homo sapiens	2021-01-15	Zambia	B.1.351	EPI_ISL_6776889
55	Homo sapiens	2021-01-12	Zambia	B.1.351	EPI_ISL_6776322
55	Homo sapiens	2021-01-12	Zambia	B.1.351	EPI_ISL_6795401
54	Homo sapiens	2021-01-08	Zambia	B.1.351	EPI_ISL_6776320
54	Homo sapiens	2021-01-05	Zambia	B.1.1.306	EPI_ISL_6773573
40	Homo sapiens	2020-09-30	Zambia	AE.1	EPI_ISL_6832959
36	Homo sapiens	2020-09-02	Zambia	AE.3	EPI_ISL_6840041
34	Homo sapiens	2020-08-20	Zambia	AE.1	EPI_ISL_6832742
33	Homo sapiens	2020-08-14	Zambia	AE.1	EPI_ISL_6835277
33	Homo sapiens	2020-08-14	Zambia	B.1.351	EPI_ISL_6838995
31	Homo sapiens	2020-07-29	Zambia	AE.1	EPI_ISL_6832727
30	Homo sapiens	2020-07-24	Zambia	B.1.1.306	EPI_ISL_6832720
30	Homo sapiens	2020-07-23	Zambia	AE.1	EPI_ISL_6833727
30	Homo sapiens	2020-07-21	Zambia	B.1.1.111	EPI_ISL_6832662
27	Homo sapiens	2020-07-03	Zambia	AE.5	EPI_ISL_6832357
26	Homo sapiens	2020-06-26	Zambia	B.1.1.306	EPI_ISL_6832249
26	Homo sapiens	2020-06-26	Zambia	AE.1	EPI_ISL_6833032
103	Homo sapiens	2021-12-14	Zambia	BA.1.19	EPI_ISL_7988190
103	Homo sapiens	2021-12-13	Zambia	BA.1.21	EPI_ISL_7988187
103	Homo sapiens	2021-12-13	Zambia	BA.1.14	EPI_ISL_7988189
101	Homo sapiens	2021-11-30	Zambia	BA.1.17.2	EPI_ISL_7988149
101	Homo sapiens	2021-11-30	Zambia	BA.1	EPI_ISL_7988150
101	Homo sapiens	2021-11-30	Zambia	BA.1.19	EPI_ISL_7988152
102	Homo sapiens	2021-12-09	Zambia	BA.1.14	EPI_ISL_7988159
77	Homo sapiens	2021-06-15	Zambia	AY.116	EPI_ISL_8025554
65	Homo sapiens	2021-03-27	Zambia	B.1.351	EPI_ISL_8025549
65	Homo sapiens	2021-03-23	Zambia	B.1.351	EPI_ISL_8057384
101	Homo sapiens	2021-12-02	Zambia	BA.1	EPI_ISL_7988145
101	Homo sapiens	2021-12-02	Zambia	BA.1	EPI_ISL_7988146
56	Homo sapiens	2021-01-20	Zambia	B.1.351	EPI_ISL_8025561
56	Homo sapiens	2021-01-20	Zambia	B.1.351	EPI_ISL_8025552
55	Homo sapiens	2021-01-16	Zambia	B.1.351	EPI_ISL_8025555
101	Homo sapiens	2021-12-01	Zambia	BA.1	EPI_ISL_7988148
31	Homo sapiens	2020-07-27	Zambia	AE.1	EPI_ISL_8057382
30	Homo sapiens	2020-07-24	Zambia	AE.5	EPI_ISL_8057383
103	Homo sapiens	2021-12-17	Zambia	BA.1	EPI_ISL_9818416
103	Homo sapiens	2021-12-17	Zambia	BA.1.14	EPI_ISL_9827345
60	Homo sapiens	2021-02-18	Zambia	B.1.351	EPI_ISL_10113817
60	Homo sapiens	2021-02-18	Zambia	B.1.351	EPI_ISL_10113819
60	Homo sapiens	2021-02-18	Zambia	B.1.351	EPI_ISL_10113813
60	Homo sapiens	2021-02-18	Zambia	B.1.351	EPI_ISL_10113816
60	Homo sapiens	2021-02-18	Zambia	B.1.351	EPI_ISL_10113815
60	Homo sapiens	2021-02-18	Zambia	B.1.351	EPI_ISL_10113814
60	Homo sapiens	2021-02-18	Zambia	B.1.351	EPI_ISL_10113818
60	Homo sapiens	2021-02-18	Zambia	B.1.351	EPI_ISL_10113812
60	Homo sapiens	2021-02-18	Zambia	B.1.351	EPI_ISL_10113810
60	Homo sapiens	2021-02-18	Zambia	B.1.351	EPI_ISL_10113811
107	Homo sapiens	2022-01-13	Zambia	BA.2	EPI_ISL_10141897
108	Homo sapiens	2022-01-18	Zambia	BA.1.14	EPI_ISL_10141902
108	Homo sapiens	2022-01-20	Zambia	BA.2	EPI_ISL_10141864
108	Homo sapiens	2022-01-20	Zambia	BA.2	EPI_ISL_10141876
108	Homo sapiens	2022-01-20	Zambia	BA.2	EPI_ISL_10141865
108	Homo sapiens	2022-01-20	Zambia	BA.2	EPI_ISL_10141862
108	Homo sapiens	2022-01-20	Zambia	BA.2	EPI_ISL_10141866
108	Homo sapiens	2022-01-20	Zambia	B.1.1.529	EPI_ISL_10141863
108	Homo sapiens	2022-01-20	Zambia	BA.2	EPI_ISL_10141869
108	Homo sapiens	2022-01-20	Zambia	BA.2	EPI_ISL_10141867
108	Homo sapiens	2022-01-20	Zambia	BA.2	EPI_ISL_10141868
108	Homo sapiens	2022-01-20	Zambia	BA.2	EPI_ISL_10141874
108	Homo sapiens	2022-01-20	Zambia	BA.1.14	EPI_ISL_10141875
108	Homo sapiens	2022-01-20	Zambia	BA.2	EPI_ISL_10141872
108	Homo sapiens	2022-01-20	Zambia	BA.2	EPI_ISL_10141890
108	Homo sapiens	2022-01-20	Zambia	BA.2	EPI_ISL_10141878
108	Homo sapiens	2022-01-20	Zambia	BA.2	EPI_ISL_10141891
108	Homo sapiens	2022-01-20	Zambia	BA.2	EPI_ISL_10141870
108	Homo sapiens	2022-01-20	Zambia	BA.2	EPI_ISL_10141871
108	Homo sapiens	2022-01-20	Zambia	BA.2	EPI_ISL_10141879
108	Homo sapiens	2022-01-20	Zambia	BA.2	EPI_ISL_10141882
108	Homo sapiens	2022-01-17	Zambia	BA.2	EPI_ISL_10141898
108	Homo sapiens	2022-01-20	Zambia	BA.2	EPI_ISL_10141887
108	Homo sapiens	2022-01-20	Zambia	BA.2	EPI_ISL_10141885
108	Homo sapiens	2022-01-20	Zambia	BA.2	EPI_ISL_10141884
108	Homo sapiens	2022-01-17	Zambia	BA.1.21	EPI_ISL_10141899
107	Homo sapiens	2022-01-14	Zambia	BA.1.14	EPI_ISL_10141896
104	Homo sapiens	2021-12-21	Zambia	BA.1.17	EPI_ISL_10222406
104	Homo sapiens	2021-12-21	Zambia	BA.1	EPI_ISL_10222424
104	Homo sapiens	2021-12-21	Zambia	BA.1	EPI_ISL_10222423
104	Homo sapiens	2021-12-21	Zambia	BA.1	EPI_ISL_10222419
104	Homo sapiens	2021-12-21	Zambia	BA.1	EPI_ISL_10222414
104	Homo sapiens	2021-12-21	Zambia	BA.1	EPI_ISL_10222413
102	Homo sapiens	2021-12-10	Zambia	BA.1	EPI_ISL_7988172
102	Homo sapiens	2021-12-11	Zambia	BA.1.14	EPI_ISL_7988176
102	Homo sapiens	2021-12-10	Zambia	BA.1	EPI_ISL_7988183
75	Homo sapiens	2021-06-02	Zambia	AY.116	EPI_ISL_8025550
66	Homo sapiens	2021-04-01	Zambia	B.1.351	EPI_ISL_8025557
67	Homo sapiens	2021-04-11	Zambia	B.1.351	EPI_ISL_8025562
32	Homo sapiens	2020-08-05	Zambia	AE.1	EPI_ISL_8025564
12	Homo sapiens	2020-03-17	Zambia	B.1.1	EPI_ISL_856695
29	Homo sapiens	2020-07-14	Zambia	AE.5	EPI_ISL_977421
103	Homo sapiens	2021-12-14	Zambia	BA.1	EPI_ISL_12363673
113	Homo sapiens	2022-02-24	Zambia	BA.2	EPI_ISL_12363657
104	Homo sapiens	2021-12-20	Zambia	BA.1	EPI_ISL_12363680
103	Homo sapiens	2021-12-14	Zambia	BA.1	EPI_ISL_12363667
103	Homo sapiens	2021-12-14	Zambia	BA.2	EPI_ISL_12363658
102	Homo sapiens	2021-12-07	Zambia	BA.1	EPI_ISL_12363660
78	Homo sapiens	2021-06-26	Zambia	AY.116	EPI_ISL_6761088
59	Homo sapiens	2021-02-14	Zambia	B.1.351	EPI_ISL_6766495
60	Homo sapiens	2021-02-15	Zambia	B.1.1.7	EPI_ISL_6761015
88	Homo sapiens	2021-09-02	Zambia	B.1.1.7	EPI_ISL_6761052
58	Homo sapiens	2021-02-02	Zambia	B.1.351	EPI_ISL_6773844
60	Homo sapiens	2021-02-18	Zambia	B.1.351	EPI_ISL_6768069
60	Homo sapiens	2021-02-15	Zambia	B.1.351	EPI_ISL_6764745
49	Homo sapiens	2020-12-01	Zambia	B.1.1.7	EPI_ISL_6761027
57	Homo sapiens	2021-01-25	Zambia	B.1.351	EPI_ISL_7283557
57	Homo sapiens	2021-01-28	Zambia	B.1.351	EPI_ISL_6760707
58	Homo sapiens	2021-02-03	Zambia	B.1.351	EPI_ISL_6760905
60	Homo sapiens	2021-02-18	Zambia	B.1.351	EPI_ISL_6760998
89	Homo sapiens	2021-09-08	Zambia	AY.116	EPI_ISL_6761106
86	Homo sapiens	2021-08-19	Zambia	AY.116	EPI_ISL_6761100
77	Homo sapiens	2021-06-17	Zambia	AY.116	EPI_ISL_6762977
58	Homo sapiens	2021-02-05	Zambia	B.1.351	EPI_ISL_6760973
60	Homo sapiens	2021-02-17	Zambia	B.1.351	EPI_ISL_7283618
49	Homo sapiens	2020-12-01	Zambia	B.1.351	EPI_ISL_977352
49	Homo sapiens	2020-12-01	Zambia	B.1.351	EPI_ISL_977353
49	Homo sapiens	2020-12-01	Zambia	B.1.351	EPI_ISL_977354
126	Homo sapiens	2022-05-24	Zambia	BE.1	EPI_ISL_13053240
120	Homo sapiens	2022-04-13	Zambia	BA.2	EPI_ISL_13228476
106	Homo sapiens	2022-01-04	Zambia	BA.1	EPI_ISL_13228461
110	Homo sapiens	2022-02-03	Zambia	BA.1	EPI_ISL_13228448
106	Homo sapiens	2022-01-04	Zambia	BA.1	EPI_ISL_13228456
105	Homo sapiens	2021-12-31	Zambia	BA.1	EPI_ISL_13228438
105	Homo sapiens	2021-12-31	Zambia	BA.1.21	EPI_ISL_13228437
105	Homo sapiens	2022-01-01	Zambia	BA.1	EPI_ISL_13228439
121	Homo sapiens	2022-04-23	Zambia	BE.1	EPI_ISL_13228472
106	Homo sapiens	2022-01-04	Zambia	BA.1	EPI_ISL_13228447
106	Homo sapiens	2022-01-07	Zambia	BA.1	EPI_ISL_13228440
106	Homo sapiens	2022-01-04	Zambia	BA.1	EPI_ISL_13228443
106	Homo sapiens	2022-01-04	Zambia	BA.1	EPI_ISL_13228442
121	Homo sapiens	2022-04-23	Zambia	BA.2	EPI_ISL_13228473
55	Homo sapiens	2021-01-11	Zambia	B.1.351	EPI_ISL_13955503
55	Homo sapiens	2021-01-13	Zambia	B.1.351	EPI_ISL_13955505
105	Homo sapiens	2021-12-27	Zambia	BA.1.14	EPI_ISL_14005184
107	Homo sapiens	2022-01-13	Zambia	BA.4.1.9	EPI_ISL_14005186
127	Homo sapiens	2022-05-30	Zambia	BA.4.1	EPI_ISL_14005182
132	Homo sapiens	2022-07-09	Zambia	BA.4.1.9	EPI_ISL_14005145
132	Homo sapiens	2022-07-07	Zambia	BA.4	EPI_ISL_14005181
133	Homo sapiens	2022-07-15	Zambia	BA.4	EPI_ISL_14005143
130	Homo sapiens	2022-06-24	Zambia	BA.4.1.9	EPI_ISL_14005188
110	Homo sapiens	2022-02-01	Zambia	BA.4.1	EPI_ISL_14005183
103	Homo sapiens	2021-12-17	Zambia	BA.1	EPI_ISL_14005191
130	Homo sapiens	2022-06-24	Zambia	BA.4.1.9	EPI_ISL_14005157
128	Homo sapiens	2022-06-07	Zambia	BA.4.1	EPI_ISL_14005151
103	Homo sapiens	2021-12-17	Zambia	BA.1.21	EPI_ISL_14005165
103	Homo sapiens	2021-12-17	Zambia	BA.1	EPI_ISL_14005160
122	Homo sapiens	2022-04-29	Zambia	BA.2	EPI_ISL_14005161
130	Homo sapiens	2022-06-23	Zambia	BA.4.1.9	EPI_ISL_14005164
133	Homo sapiens	2022-07-11	Zambia	BA.4.1.9	EPI_ISL_14005178
132	Homo sapiens	2022-07-09	Zambia	BA.4.1	EPI_ISL_14005179
104	Homo sapiens	2021-12-20	Zambia	BA.1	EPI_ISL_14005172
132	Homo sapiens	2022-07-09	Zambia	BA.4.1.9	EPI_ISL_14005175
129	Homo sapiens	2022-06-18	Zambia	BA.4	EPI_ISL_14005174
127	Homo sapiens	2022-06-05	Zambia	BA.4.1.9	EPI_ISL_14012300
122	Homo sapiens	2022-05-01	Zambia	BE.2	EPI_ISL_14214858
126	Homo sapiens	2022-05-27	Zambia	BA.2	EPI_ISL_14217243
130	Homo sapiens	2022-06-20	Zambia	BA.4.1	EPI_ISL_14229010
130	Homo sapiens	2022-06-20	Zambia	BA.4.1	EPI_ISL_14229740
130	Homo sapiens	2022-06-20	Zambia	BA.2.38.2	EPI_ISL_14232946
130	Homo sapiens	2022-06-20	Zambia	BA.4.1.9	EPI_ISL_14231908
130	Homo sapiens	2022-06-20	Zambia	BA.4.1	EPI_ISL_14231017
129	Homo sapiens	2022-06-19	Zambia	BA.4.1	EPI_ISL_14227220
134	Homo sapiens	2022-07-20	Zambia	BA.4.1.9	EPI_ISL_15233881
136	Homo sapiens	2022-08-03	Zambia	BA.4.1	EPI_ISL_15233883
158	Homo sapiens	2023-01-07	Zambia	BQ.1.1.2	EPI_ISL_17064228
158	Homo sapiens	2023-01-07	Zambia	BQ.1.1.2	EPI_ISL_17064226
158	Homo sapiens	2023-01-08	Zambia	BQ.1.1.2	EPI_ISL_17064260
158	Homo sapiens	2023-01-07	Zambia	BQ.1.1.2	EPI_ISL_17064227
159	Homo sapiens	2023-01-11	Zambia	BQ.1.1	EPI_ISL_17162469
160	Homo sapiens	2023-01-18	Zambia	CH.1.1.3	EPI_ISL_17162467
