18	Homo sapiens	2020-05-01	Zimbabwe	B.1.1.111	LR963458.1
31	Homo sapiens	2020-07-27	Zimbabwe	B.1.1	EPI_ISL_1191782
31	Homo sapiens	2020-07-27	Zimbabwe	B.1.1	EPI_ISL_1191783
31	Homo sapiens	2020-07-27	Zimbabwe	B.1	EPI_ISL_1191784
31	Homo sapiens	2020-07-27	Zimbabwe	B.1	EPI_ISL_1191786
31	Homo sapiens	2020-07-27	Zimbabwe	B.1.1	EPI_ISL_1191787
31	Homo sapiens	2020-07-27	Zimbabwe	B.1.1	EPI_ISL_1191789
31	Homo sapiens	2020-07-27	Zimbabwe	B.1.1	EPI_ISL_1191790
31	Homo sapiens	2020-07-27	Zimbabwe	B.1.1.62	EPI_ISL_1191791
31	Homo sapiens	2020-07-27	Zimbabwe	B.1.1	EPI_ISL_1191792
31	Homo sapiens	2020-07-27	Zimbabwe	B.1.1	EPI_ISL_1191793
31	Homo sapiens	2020-07-27	Zimbabwe	B.1.1	EPI_ISL_1191794
31	Homo sapiens	2020-07-28	Zimbabwe	B.1.1.306	EPI_ISL_1191795
31	Homo sapiens	2020-07-28	Zimbabwe	B.1.1	EPI_ISL_1191799
31	Homo sapiens	2020-07-28	Zimbabwe	B.1.1	EPI_ISL_1191800
31	Homo sapiens	2020-07-28	Zimbabwe	B.1	EPI_ISL_1191801
31	Homo sapiens	2020-07-28	Zimbabwe	B.1.1	EPI_ISL_1191802
31	Homo sapiens	2020-07-28	Zimbabwe	B.1.1	EPI_ISL_1191803
31	Homo sapiens	2020-07-28	Zimbabwe	B.1.1	EPI_ISL_1191804
33	Homo sapiens	2020-08-14	Zimbabwe	B.1	EPI_ISL_1191805
33	Homo sapiens	2020-08-13	Zimbabwe	B.1	EPI_ISL_1191806
33	Homo sapiens	2020-08-13	Zimbabwe	B.1.1	EPI_ISL_1191807
33	Homo sapiens	2020-08-13	Zimbabwe	B.1.1	EPI_ISL_1191809
34	Homo sapiens	2020-08-17	Zimbabwe	B.1.1	EPI_ISL_1191812
34	Homo sapiens	2020-08-17	Zimbabwe	B.1.381	EPI_ISL_1191815
36	Homo sapiens	2020-09-01	Zimbabwe	B.1.1.111	EPI_ISL_1191818
40	Homo sapiens	2020-10-01	Zimbabwe	B.1.1	EPI_ISL_1191824
41	Homo sapiens	2020-10-06	Zimbabwe	B.1.1	EPI_ISL_1191828
43	Homo sapiens	2020-10-19	Zimbabwe	B.1.1	EPI_ISL_1191831
43	Homo sapiens	2020-10-19	Zimbabwe	B.1.1	EPI_ISL_1191832
45	Homo sapiens	2020-11-07	Zimbabwe	B.1.1	EPI_ISL_1191833
51	Homo sapiens	2020-12-20	Zimbabwe	B.1.351	EPI_ISL_1191843
52	Homo sapiens	2020-12-21	Zimbabwe	B.1.1	EPI_ISL_1191849
52	Homo sapiens	2020-12-22	Zimbabwe	C.2	EPI_ISL_1191854
52	Homo sapiens	2020-12-24	Zimbabwe	C.2	EPI_ISL_1191860
52	Homo sapiens	2020-12-24	Zimbabwe	C.2	EPI_ISL_1191866
52	Homo sapiens	2020-12-25	Zimbabwe	C.2	EPI_ISL_1191873
52	Homo sapiens	2020-12-27	Zimbabwe	C.2	EPI_ISL_1191875
52	Homo sapiens	2020-12-27	Zimbabwe	B.1.351	EPI_ISL_1191876
52	Homo sapiens	2020-12-27	Zimbabwe	B.1.351	EPI_ISL_1191883
52	Homo sapiens	2020-12-27	Zimbabwe	A	EPI_ISL_1191885
52	Homo sapiens	2020-12-27	Zimbabwe	A.23.1	EPI_ISL_1191887
53	Homo sapiens	2020-12-28	Zimbabwe	A.23.1	EPI_ISL_1191888
53	Homo sapiens	2020-12-28	Zimbabwe	B.1.1.1	EPI_ISL_1191898
53	Homo sapiens	2020-12-28	Zimbabwe	C.2	EPI_ISL_1191901
53	Homo sapiens	2020-12-28	Zimbabwe	C.2	EPI_ISL_1191902
53	Homo sapiens	2020-12-28	Zimbabwe	B.1	EPI_ISL_1191909
53	Homo sapiens	2020-12-28	Zimbabwe	C.2	EPI_ISL_1191930
53	Homo sapiens	2020-12-29	Zimbabwe	C.2	EPI_ISL_1191934
53	Homo sapiens	2020-12-30	Zimbabwe	B.1.1	EPI_ISL_1191935
53	Homo sapiens	2020-12-29	Zimbabwe	B.1.351	EPI_ISL_1191936
53	Homo sapiens	2020-12-29	Zimbabwe	B.1.351	EPI_ISL_1191937
53	Homo sapiens	2020-12-29	Zimbabwe	B.1.351	EPI_ISL_1191939
53	Homo sapiens	2020-12-29	Zimbabwe	C.2	EPI_ISL_1191945
53	Homo sapiens	2020-12-30	Zimbabwe	B.1.1	EPI_ISL_1191947
52	Homo sapiens	2020-12-21	Zimbabwe	B.1.1	EPI_ISL_1191950
53	Homo sapiens	2020-12-30	Zimbabwe	B.1.351	EPI_ISL_1191959
53	Homo sapiens	2020-12-30	Zimbabwe	B.1.351	EPI_ISL_1191965
54	Homo sapiens	2021-01-08	Zimbabwe	C.2	EPI_ISL_1191991
54	Homo sapiens	2021-01-07	Zimbabwe	B.1.351	EPI_ISL_1192019
54	Homo sapiens	2021-01-08	Zimbabwe	B.1.351	EPI_ISL_1192023
54	Homo sapiens	2021-01-08	Zimbabwe	B.1.351	EPI_ISL_1192030
55	Homo sapiens	2021-01-13	Zimbabwe	B.1.351	EPI_ISL_1192040
55	Homo sapiens	2021-01-11	Zimbabwe	B.1.351	EPI_ISL_2493061
54	Homo sapiens	2021-01-08	Zimbabwe	B.1.351	EPI_ISL_2493064
54	Homo sapiens	2021-01-07	Zimbabwe	B.1.351	EPI_ISL_2493046
80	Homo sapiens	2021-07-11	Zimbabwe	AY.116	EPI_ISL_3722305
93	Homo sapiens	2021-10-04	Zimbabwe	AY.122	EPI_ISL_6699693
93	Homo sapiens	2021-10-04	Zimbabwe	AY.116	EPI_ISL_6699694
93	Homo sapiens	2021-10-04	Zimbabwe	AY.112	EPI_ISL_6699696
92	Homo sapiens	2021-09-28	Zimbabwe	AY.116	EPI_ISL_6699690
92	Homo sapiens	2021-09-28	Zimbabwe	AY.116	EPI_ISL_6699691
88	Homo sapiens	2021-09-02	Zimbabwe	AY.122	EPI_ISL_6699670
88	Homo sapiens	2021-08-31	Zimbabwe	AY.122	EPI_ISL_6699665
86	Homo sapiens	2021-08-18	Zimbabwe	B.1.617.2	EPI_ISL_6699655
86	Homo sapiens	2021-08-18	Zimbabwe	B.1.617.2	EPI_ISL_6699656
86	Homo sapiens	2021-08-18	Zimbabwe	AY.112	EPI_ISL_6699657
86	Homo sapiens	2021-08-18	Zimbabwe	AY.116	EPI_ISL_6699660
86	Homo sapiens	2021-08-18	Zimbabwe	AY.122	EPI_ISL_6699663
86	Homo sapiens	2021-08-17	Zimbabwe	AY.45	EPI_ISL_6699649
96	Homo sapiens	2021-10-25	Zimbabwe	AY.116	EPI_ISL_6795211
95	Homo sapiens	2021-10-24	Zimbabwe	AY.45	EPI_ISL_6795209
96	Homo sapiens	2021-10-25	Zimbabwe	AY.45	EPI_ISL_6829563
102	Homo sapiens	2021-12-08	Zimbabwe	BA.1.17	EPI_ISL_8559267
102	Homo sapiens	2021-12-07	Zimbabwe	BA.1	EPI_ISL_8559270
102	Homo sapiens	2021-12-07	Zimbabwe	BA.1.17	EPI_ISL_8559248
100	Homo sapiens	2021-11-28	Zimbabwe	BA.1	EPI_ISL_8559238
23	Homo sapiens	2020-06-01	Zimbabwe	B.1	LR963368.1
18	Homo sapiens	2020-05-01	Zimbabwe	B.1.1.111	LR963374.1
14	Homo sapiens	2020-04-01	Zimbabwe	B.1	LR963377.1
23	Homo sapiens	2020-06-01	Zimbabwe	B.1.1	LR963378.1
18	Homo sapiens	2020-05-01	Zimbabwe	B.1.1.111	LR963382.1
18	Homo sapiens	2020-05-01	Zimbabwe	B.1.1.111	LR963387.1
18	Homo sapiens	2020-05-01	Zimbabwe	B.1.1.111	LR963389.1
18	Homo sapiens	2020-05-01	Zimbabwe	B.1.1.111	LR963392.1
18	Homo sapiens	2020-05-01	Zimbabwe	B.1.1.111	LR963399.1
23	Homo sapiens	2020-06-01	Zimbabwe	B.1.1	LR963436.1
18	Homo sapiens	2020-05-01	Zimbabwe	B.1.1.111	LR963455.1
